stimulus_id,argmax_category,max_category_score,video_path
1,interest,0.4166699945926666,C:\Users\kragh\OneDrive\Documents\HrudayCodingProjects\TribeV2WebAnalyzer\TribeV2\scout_data\horikawaCode\videos\0001.mp4
2,nostalgia,0.5,C:\Users\kragh\OneDrive\Documents\HrudayCodingProjects\TribeV2WebAnalyzer\TribeV2\scout_data\horikawaCode\videos\0002.mp4
3,amusement,0.666670024394989,C:\Users\kragh\OneDrive\Documents\HrudayCodingProjects\TribeV2WebAnalyzer\TribeV2\scout_data\horikawaCode\videos\0003.mp4
4,amusement,0.75,C:\Users\kragh\OneDrive\Documents\HrudayCodingProjects\TribeV2WebAnalyzer\TribeV2\scout_data\horikawaCode\videos\0004.mp4
5,confusion,0.4166699945926666,C:\Users\kragh\OneDrive\Documents\HrudayCodingProjects\TribeV2WebAnalyzer\TribeV2\scout_data\horikawaCode\videos\0005.mp4
6,nostalgia,0.666670024394989,C:\Users\kragh\OneDrive\Documents\HrudayCodingProjects\TribeV2WebAnalyzer\TribeV2\scout_data\horikawaCode\videos\0006.mp4
7,aesthetic_appreciation,0.4166699945926666,C:\Users\kragh\OneDrive\Documents\HrudayCodingProjects\TribeV2WebAnalyzer\TribeV2\scout_data\horikawaCode\videos\0007.mp4
8,aesthetic_appreciation,0.666670024394989,C:\Users\kragh\OneDrive\Documents\HrudayCodingProjects\TribeV2WebAnalyzer\TribeV2\scout_data\horikawaCode\videos\0008.mp4
9,sadness,0.666670024394989,C:\Users\kragh\OneDrive\Documents\HrudayCodingProjects\TribeV2WebAnalyzer\TribeV2\scout_data\horikawaCode\videos\0009.mp4
10,sexual_desire,0.916670024394989,C:\Users\kragh\OneDrive\Documents\HrudayCodingProjects\TribeV2WebAnalyzer\TribeV2\scout_data\horikawaCode\videos\0010.mp4
11,amusement,0.5,C:\Users\kragh\OneDrive\Documents\HrudayCodingProjects\TribeV2WebAnalyzer\TribeV2\scout_data\horikawaCode\videos\0011.mp4
12,amusement,0.3333300054073334,C:\Users\kragh\OneDrive\Documents\HrudayCodingProjects\TribeV2WebAnalyzer\TribeV2\scout_data\horikawaCode\videos\0012.mp4
13,amusement,0.583329975605011,C:\Users\kragh\OneDrive\Documents\HrudayCodingProjects\TribeV2WebAnalyzer\TribeV2\scout_data\horikawaCode\videos\0013.mp4
14,sympathy,0.4166699945926666,C:\Users\kragh\OneDrive\Documents\HrudayCodingProjects\TribeV2WebAnalyzer\TribeV2\scout_data\horikawaCode\videos\0014.mp4
15,fear,0.583329975605011,C:\Users\kragh\OneDrive\Documents\HrudayCodingProjects\TribeV2WebAnalyzer\TribeV2\scout_data\horikawaCode\videos\0015.mp4
16,aesthetic_appreciation,0.583329975605011,C:\Users\kragh\OneDrive\Documents\HrudayCodingProjects\TribeV2WebAnalyzer\TribeV2\scout_data\horikawaCode\videos\0016.mp4
17,confusion,0.25,C:\Users\kragh\OneDrive\Documents\HrudayCodingProjects\TribeV2WebAnalyzer\TribeV2\scout_data\horikawaCode\videos\0017.mp4
18,sexual_desire,0.5,C:\Users\kragh\OneDrive\Documents\HrudayCodingProjects\TribeV2WebAnalyzer\TribeV2\scout_data\horikawaCode\videos\0018.mp4
19,craving,0.4166699945926666,C:\Users\kragh\OneDrive\Documents\HrudayCodingProjects\TribeV2WebAnalyzer\TribeV2\scout_data\horikawaCode\videos\0019.mp4
20,aesthetic_appreciation,0.583329975605011,C:\Users\kragh\OneDrive\Documents\HrudayCodingProjects\TribeV2WebAnalyzer\TribeV2\scout_data\horikawaCode\videos\0020.mp4
21,disgust,0.4166699945926666,C:\Users\kragh\OneDrive\Documents\HrudayCodingProjects\TribeV2WebAnalyzer\TribeV2\scout_data\horikawaCode\videos\0021.mp4
22,triumph,0.3333300054073334,C:\Users\kragh\OneDrive\Documents\HrudayCodingProjects\TribeV2WebAnalyzer\TribeV2\scout_data\horikawaCode\videos\0022.mp4
23,aesthetic_appreciation,0.4166699945926666,C:\Users\kragh\OneDrive\Documents\HrudayCodingProjects\TribeV2WebAnalyzer\TribeV2\scout_data\horikawaCode\videos\0023.mp4
24,confusion,0.25,C:\Users\kragh\OneDrive\Documents\HrudayCodingProjects\TribeV2WebAnalyzer\TribeV2\scout_data\horikawaCode\videos\0024.mp4
25,fear,0.75,C:\Users\kragh\OneDrive\Documents\HrudayCodingProjects\TribeV2WebAnalyzer\TribeV2\scout_data\horikawaCode\videos\0025.mp4
26,aesthetic_appreciation,0.666670024394989,C:\Users\kragh\OneDrive\Documents\HrudayCodingProjects\TribeV2WebAnalyzer\TribeV2\scout_data\horikawaCode\videos\0026.mp4
27,amusement,0.583329975605011,C:\Users\kragh\OneDrive\Documents\HrudayCodingProjects\TribeV2WebAnalyzer\TribeV2\scout_data\horikawaCode\videos\0027.mp4
28,disgust,0.833329975605011,C:\Users\kragh\OneDrive\Documents\HrudayCodingProjects\TribeV2WebAnalyzer\TribeV2\scout_data\horikawaCode\videos\0028.mp4
29,awe,0.5,C:\Users\kragh\OneDrive\Documents\HrudayCodingProjects\TribeV2WebAnalyzer\TribeV2\scout_data\horikawaCode\videos\0029.mp4
30,disgust,0.833329975605011,C:\Users\kragh\OneDrive\Documents\HrudayCodingProjects\TribeV2WebAnalyzer\TribeV2\scout_data\horikawaCode\videos\0030.mp4
31,anxiety,0.30000001192092896,C:\Users\kragh\OneDrive\Documents\HrudayCodingProjects\TribeV2WebAnalyzer\TribeV2\scout_data\horikawaCode\videos\0031.mp4
32,amusement,0.4000000059604645,C:\Users\kragh\OneDrive\Documents\HrudayCodingProjects\TribeV2WebAnalyzer\TribeV2\scout_data\horikawaCode\videos\0032.mp4
33,interest,0.5,C:\Users\kragh\OneDrive\Documents\HrudayCodingProjects\TribeV2WebAnalyzer\TribeV2\scout_data\horikawaCode\videos\0033.mp4
34,interest,0.6000000238418579,C:\Users\kragh\OneDrive\Documents\HrudayCodingProjects\TribeV2WebAnalyzer\TribeV2\scout_data\horikawaCode\videos\0034.mp4
35,adoration,0.699999988079071,C:\Users\kragh\OneDrive\Documents\HrudayCodingProjects\TribeV2WebAnalyzer\TribeV2\scout_data\horikawaCode\videos\0035.mp4
36,romance,0.800000011920929,C:\Users\kragh\OneDrive\Documents\HrudayCodingProjects\TribeV2WebAnalyzer\TribeV2\scout_data\horikawaCode\videos\0036.mp4
37,amusement,0.6000000238418579,C:\Users\kragh\OneDrive\Documents\HrudayCodingProjects\TribeV2WebAnalyzer\TribeV2\scout_data\horikawaCode\videos\0037.mp4
38,amusement,0.30000001192092896,C:\Users\kragh\OneDrive\Documents\HrudayCodingProjects\TribeV2WebAnalyzer\TribeV2\scout_data\horikawaCode\videos\0038.mp4
39,awe,0.4000000059604645,C:\Users\kragh\OneDrive\Documents\HrudayCodingProjects\TribeV2WebAnalyzer\TribeV2\scout_data\horikawaCode\videos\0039.mp4
40,amusement,0.4000000059604645,C:\Users\kragh\OneDrive\Documents\HrudayCodingProjects\TribeV2WebAnalyzer\TribeV2\scout_data\horikawaCode\videos\0040.mp4
41,awe,0.4000000059604645,C:\Users\kragh\OneDrive\Documents\HrudayCodingProjects\TribeV2WebAnalyzer\TribeV2\scout_data\horikawaCode\videos\0041.mp4
42,aesthetic_appreciation,0.4000000059604645,C:\Users\kragh\OneDrive\Documents\HrudayCodingProjects\TribeV2WebAnalyzer\TribeV2\scout_data\horikawaCode\videos\0042.mp4
43,joy,0.6000000238418579,C:\Users\kragh\OneDrive\Documents\HrudayCodingProjects\TribeV2WebAnalyzer\TribeV2\scout_data\horikawaCode\videos\0043.mp4
44,romance,0.800000011920929,C:\Users\kragh\OneDrive\Documents\HrudayCodingProjects\TribeV2WebAnalyzer\TribeV2\scout_data\horikawaCode\videos\0044.mp4
45,anxiety,0.6000000238418579,C:\Users\kragh\OneDrive\Documents\HrudayCodingProjects\TribeV2WebAnalyzer\TribeV2\scout_data\horikawaCode\videos\0045.mp4
46,anxiety,0.699999988079071,C:\Users\kragh\OneDrive\Documents\HrudayCodingProjects\TribeV2WebAnalyzer\TribeV2\scout_data\horikawaCode\videos\0046.mp4
47,amusement,0.800000011920929,C:\Users\kragh\OneDrive\Documents\HrudayCodingProjects\TribeV2WebAnalyzer\TribeV2\scout_data\horikawaCode\videos\0047.mp4
48,disgust,0.8999999761581421,C:\Users\kragh\OneDrive\Documents\HrudayCodingProjects\TribeV2WebAnalyzer\TribeV2\scout_data\horikawaCode\videos\0048.mp4
49,nostalgia,0.6000000238418579,C:\Users\kragh\OneDrive\Documents\HrudayCodingProjects\TribeV2WebAnalyzer\TribeV2\scout_data\horikawaCode\videos\0049.mp4
50,amusement,0.6000000238418579,C:\Users\kragh\OneDrive\Documents\HrudayCodingProjects\TribeV2WebAnalyzer\TribeV2\scout_data\horikawaCode\videos\0050.mp4
51,sadness,0.800000011920929,C:\Users\kragh\OneDrive\Documents\HrudayCodingProjects\TribeV2WebAnalyzer\TribeV2\scout_data\horikawaCode\videos\0051.mp4
52,awkwardness,0.6000000238418579,C:\Users\kragh\OneDrive\Documents\HrudayCodingProjects\TribeV2WebAnalyzer\TribeV2\scout_data\horikawaCode\videos\0052.mp4
53,disgust,0.6000000238418579,C:\Users\kragh\OneDrive\Documents\HrudayCodingProjects\TribeV2WebAnalyzer\TribeV2\scout_data\horikawaCode\videos\0053.mp4
54,anger,0.30000001192092896,C:\Users\kragh\OneDrive\Documents\HrudayCodingProjects\TribeV2WebAnalyzer\TribeV2\scout_data\horikawaCode\videos\0054.mp4
55,aesthetic_appreciation,0.699999988079071,C:\Users\kragh\OneDrive\Documents\HrudayCodingProjects\TribeV2WebAnalyzer\TribeV2\scout_data\horikawaCode\videos\0055.mp4
56,amusement,0.699999988079071,C:\Users\kragh\OneDrive\Documents\HrudayCodingProjects\TribeV2WebAnalyzer\TribeV2\scout_data\horikawaCode\videos\0056.mp4
57,sexual_desire,0.8999999761581421,C:\Users\kragh\OneDrive\Documents\HrudayCodingProjects\TribeV2WebAnalyzer\TribeV2\scout_data\horikawaCode\videos\0057.mp4
58,aesthetic_appreciation,0.6000000238418579,C:\Users\kragh\OneDrive\Documents\HrudayCodingProjects\TribeV2WebAnalyzer\TribeV2\scout_data\horikawaCode\videos\0058.mp4
59,sadness,0.800000011920929,C:\Users\kragh\OneDrive\Documents\HrudayCodingProjects\TribeV2WebAnalyzer\TribeV2\scout_data\horikawaCode\videos\0059.mp4
60,awe,0.6000000238418579,C:\Users\kragh\OneDrive\Documents\HrudayCodingProjects\TribeV2WebAnalyzer\TribeV2\scout_data\horikawaCode\videos\0060.mp4
61,aesthetic_appreciation,0.5555599927902222,C:\Users\kragh\OneDrive\Documents\HrudayCodingProjects\TribeV2WebAnalyzer\TribeV2\scout_data\horikawaCode\videos\0061.mp4
62,horror,0.666670024394989,C:\Users\kragh\OneDrive\Documents\HrudayCodingProjects\TribeV2WebAnalyzer\TribeV2\scout_data\horikawaCode\videos\0062.mp4
63,interest,0.44444000720977783,C:\Users\kragh\OneDrive\Documents\HrudayCodingProjects\TribeV2WebAnalyzer\TribeV2\scout_data\horikawaCode\videos\0063.mp4
64,aesthetic_appreciation,0.44444000720977783,C:\Users\kragh\OneDrive\Documents\HrudayCodingProjects\TribeV2WebAnalyzer\TribeV2\scout_data\horikawaCode\videos\0064.mp4
65,fear,0.3333300054073334,C:\Users\kragh\OneDrive\Documents\HrudayCodingProjects\TribeV2WebAnalyzer\TribeV2\scout_data\horikawaCode\videos\0065.mp4
66,amusement,0.833329975605011,C:\Users\kragh\OneDrive\Documents\HrudayCodingProjects\TribeV2WebAnalyzer\TribeV2\scout_data\horikawaCode\videos\0066.mp4
67,sadness,0.7777799963951111,C:\Users\kragh\OneDrive\Documents\HrudayCodingProjects\TribeV2WebAnalyzer\TribeV2\scout_data\horikawaCode\videos\0067.mp4
68,fear,0.3333300054073334,C:\Users\kragh\OneDrive\Documents\HrudayCodingProjects\TribeV2WebAnalyzer\TribeV2\scout_data\horikawaCode\videos\0068.mp4
69,amusement,0.3333300054073334,C:\Users\kragh\OneDrive\Documents\HrudayCodingProjects\TribeV2WebAnalyzer\TribeV2\scout_data\horikawaCode\videos\0069.mp4
70,amusement,0.666670024394989,C:\Users\kragh\OneDrive\Documents\HrudayCodingProjects\TribeV2WebAnalyzer\TribeV2\scout_data\horikawaCode\videos\0070.mp4
71,amusement,0.44444000720977783,C:\Users\kragh\OneDrive\Documents\HrudayCodingProjects\TribeV2WebAnalyzer\TribeV2\scout_data\horikawaCode\videos\0071.mp4
72,amusement,0.666670024394989,C:\Users\kragh\OneDrive\Documents\HrudayCodingProjects\TribeV2WebAnalyzer\TribeV2\scout_data\horikawaCode\videos\0072.mp4
73,disgust,0.5555599927902222,C:\Users\kragh\OneDrive\Documents\HrudayCodingProjects\TribeV2WebAnalyzer\TribeV2\scout_data\horikawaCode\videos\0073.mp4
74,amusement,0.8888900279998779,C:\Users\kragh\OneDrive\Documents\HrudayCodingProjects\TribeV2WebAnalyzer\TribeV2\scout_data\horikawaCode\videos\0074.mp4
75,romance,0.38888999819755554,C:\Users\kragh\OneDrive\Documents\HrudayCodingProjects\TribeV2WebAnalyzer\TribeV2\scout_data\horikawaCode\videos\0075.mp4
76,interest,0.22222000360488892,C:\Users\kragh\OneDrive\Documents\HrudayCodingProjects\TribeV2WebAnalyzer\TribeV2\scout_data\horikawaCode\videos\0076.mp4
77,interest,0.2777799963951111,C:\Users\kragh\OneDrive\Documents\HrudayCodingProjects\TribeV2WebAnalyzer\TribeV2\scout_data\horikawaCode\videos\0077.mp4
78,aesthetic_appreciation,0.44444000720977783,C:\Users\kragh\OneDrive\Documents\HrudayCodingProjects\TribeV2WebAnalyzer\TribeV2\scout_data\horikawaCode\videos\0078.mp4
79,disgust,0.44444000720977783,C:\Users\kragh\OneDrive\Documents\HrudayCodingProjects\TribeV2WebAnalyzer\TribeV2\scout_data\horikawaCode\videos\0079.mp4
80,amusement,0.8888900279998779,C:\Users\kragh\OneDrive\Documents\HrudayCodingProjects\TribeV2WebAnalyzer\TribeV2\scout_data\horikawaCode\videos\0080.mp4
81,disgust,0.5555599927902222,C:\Users\kragh\OneDrive\Documents\HrudayCodingProjects\TribeV2WebAnalyzer\TribeV2\scout_data\horikawaCode\videos\0081.mp4
82,amusement,0.666670024394989,C:\Users\kragh\OneDrive\Documents\HrudayCodingProjects\TribeV2WebAnalyzer\TribeV2\scout_data\horikawaCode\videos\0082.mp4
83,amusement,0.5555599927902222,C:\Users\kragh\OneDrive\Documents\HrudayCodingProjects\TribeV2WebAnalyzer\TribeV2\scout_data\horikawaCode\videos\0083.mp4
84,aesthetic_appreciation,0.44444000720977783,C:\Users\kragh\OneDrive\Documents\HrudayCodingProjects\TribeV2WebAnalyzer\TribeV2\scout_data\horikawaCode\videos\0084.mp4
85,interest,0.44444000720977783,C:\Users\kragh\OneDrive\Documents\HrudayCodingProjects\TribeV2WebAnalyzer\TribeV2\scout_data\horikawaCode\videos\0085.mp4
86,amusement,0.44444000720977783,C:\Users\kragh\OneDrive\Documents\HrudayCodingProjects\TribeV2WebAnalyzer\TribeV2\scout_data\horikawaCode\videos\0086.mp4
87,amusement,0.5555599927902222,C:\Users\kragh\OneDrive\Documents\HrudayCodingProjects\TribeV2WebAnalyzer\TribeV2\scout_data\horikawaCode\videos\0087.mp4
88,amusement,0.5555599927902222,C:\Users\kragh\OneDrive\Documents\HrudayCodingProjects\TribeV2WebAnalyzer\TribeV2\scout_data\horikawaCode\videos\0088.mp4
89,empathic_pain,0.5555599927902222,C:\Users\kragh\OneDrive\Documents\HrudayCodingProjects\TribeV2WebAnalyzer\TribeV2\scout_data\horikawaCode\videos\0089.mp4
90,aesthetic_appreciation,0.5555599927902222,C:\Users\kragh\OneDrive\Documents\HrudayCodingProjects\TribeV2WebAnalyzer\TribeV2\scout_data\horikawaCode\videos\0090.mp4
91,amusement,0.3846200108528137,C:\Users\kragh\OneDrive\Documents\HrudayCodingProjects\TribeV2WebAnalyzer\TribeV2\scout_data\horikawaCode\videos\0091.mp4
92,entrancement,0.3846200108528137,C:\Users\kragh\OneDrive\Documents\HrudayCodingProjects\TribeV2WebAnalyzer\TribeV2\scout_data\horikawaCode\videos\0092.mp4
93,surprise,0.3846200108528137,C:\Users\kragh\OneDrive\Documents\HrudayCodingProjects\TribeV2WebAnalyzer\TribeV2\scout_data\horikawaCode\videos\0093.mp4
94,amusement,0.5384600162506104,C:\Users\kragh\OneDrive\Documents\HrudayCodingProjects\TribeV2WebAnalyzer\TribeV2\scout_data\horikawaCode\videos\0094.mp4
95,empathic_pain,0.3846200108528137,C:\Users\kragh\OneDrive\Documents\HrudayCodingProjects\TribeV2WebAnalyzer\TribeV2\scout_data\horikawaCode\videos\0095.mp4
96,anxiety,0.5384600162506104,C:\Users\kragh\OneDrive\Documents\HrudayCodingProjects\TribeV2WebAnalyzer\TribeV2\scout_data\horikawaCode\videos\0096.mp4
97,anxiety,0.6153799891471863,C:\Users\kragh\OneDrive\Documents\HrudayCodingProjects\TribeV2WebAnalyzer\TribeV2\scout_data\horikawaCode\videos\0097.mp4
98,adoration,0.5384600162506104,C:\Users\kragh\OneDrive\Documents\HrudayCodingProjects\TribeV2WebAnalyzer\TribeV2\scout_data\horikawaCode\videos\0098.mp4
99,amusement,0.30768999457359314,C:\Users\kragh\OneDrive\Documents\HrudayCodingProjects\TribeV2WebAnalyzer\TribeV2\scout_data\horikawaCode\videos\0099.mp4
100,joy,0.46154001355171204,C:\Users\kragh\OneDrive\Documents\HrudayCodingProjects\TribeV2WebAnalyzer\TribeV2\scout_data\horikawaCode\videos\0100.mp4
101,amusement,0.6923099756240845,C:\Users\kragh\OneDrive\Documents\HrudayCodingProjects\TribeV2WebAnalyzer\TribeV2\scout_data\horikawaCode\videos\0101.mp4
102,amusement,0.7692300081253052,C:\Users\kragh\OneDrive\Documents\HrudayCodingProjects\TribeV2WebAnalyzer\TribeV2\scout_data\horikawaCode\videos\0102.mp4
103,confusion,0.23077000677585602,C:\Users\kragh\OneDrive\Documents\HrudayCodingProjects\TribeV2WebAnalyzer\TribeV2\scout_data\horikawaCode\videos\0103.mp4
104,empathic_pain,0.3846200108528137,C:\Users\kragh\OneDrive\Documents\HrudayCodingProjects\TribeV2WebAnalyzer\TribeV2\scout_data\horikawaCode\videos\0104.mp4
105,amusement,0.3846200108528137,C:\Users\kragh\OneDrive\Documents\HrudayCodingProjects\TribeV2WebAnalyzer\TribeV2\scout_data\horikawaCode\videos\0105.mp4
106,disgust,0.46154001355171204,C:\Users\kragh\OneDrive\Documents\HrudayCodingProjects\TribeV2WebAnalyzer\TribeV2\scout_data\horikawaCode\videos\0106.mp4
107,horror,0.46154001355171204,C:\Users\kragh\OneDrive\Documents\HrudayCodingProjects\TribeV2WebAnalyzer\TribeV2\scout_data\horikawaCode\videos\0107.mp4
108,awkwardness,0.6153799891471863,C:\Users\kragh\OneDrive\Documents\HrudayCodingProjects\TribeV2WebAnalyzer\TribeV2\scout_data\horikawaCode\videos\0108.mp4
109,fear,0.3846200108528137,C:\Users\kragh\OneDrive\Documents\HrudayCodingProjects\TribeV2WebAnalyzer\TribeV2\scout_data\horikawaCode\videos\0109.mp4
110,craving,0.8461499810218811,C:\Users\kragh\OneDrive\Documents\HrudayCodingProjects\TribeV2WebAnalyzer\TribeV2\scout_data\horikawaCode\videos\0110.mp4
111,romance,0.5384600162506104,C:\Users\kragh\OneDrive\Documents\HrudayCodingProjects\TribeV2WebAnalyzer\TribeV2\scout_data\horikawaCode\videos\0111.mp4
112,sexual_desire,0.8461499810218811,C:\Users\kragh\OneDrive\Documents\HrudayCodingProjects\TribeV2WebAnalyzer\TribeV2\scout_data\horikawaCode\videos\0112.mp4
113,adoration,0.46154001355171204,C:\Users\kragh\OneDrive\Documents\HrudayCodingProjects\TribeV2WebAnalyzer\TribeV2\scout_data\horikawaCode\videos\0113.mp4
114,amusement,0.3846200108528137,C:\Users\kragh\OneDrive\Documents\HrudayCodingProjects\TribeV2WebAnalyzer\TribeV2\scout_data\horikawaCode\videos\0114.mp4
115,amusement,0.30768999457359314,C:\Users\kragh\OneDrive\Documents\HrudayCodingProjects\TribeV2WebAnalyzer\TribeV2\scout_data\horikawaCode\videos\0115.mp4
116,romance,0.8461499810218811,C:\Users\kragh\OneDrive\Documents\HrudayCodingProjects\TribeV2WebAnalyzer\TribeV2\scout_data\horikawaCode\videos\0116.mp4
117,boredom,0.30768999457359314,C:\Users\kragh\OneDrive\Documents\HrudayCodingProjects\TribeV2WebAnalyzer\TribeV2\scout_data\horikawaCode\videos\0117.mp4
118,aesthetic_appreciation,0.23077000677585602,C:\Users\kragh\OneDrive\Documents\HrudayCodingProjects\TribeV2WebAnalyzer\TribeV2\scout_data\horikawaCode\videos\0118.mp4
119,disgust,0.30768999457359314,C:\Users\kragh\OneDrive\Documents\HrudayCodingProjects\TribeV2WebAnalyzer\TribeV2\scout_data\horikawaCode\videos\0119.mp4
120,amusement,0.3846200108528137,C:\Users\kragh\OneDrive\Documents\HrudayCodingProjects\TribeV2WebAnalyzer\TribeV2\scout_data\horikawaCode\videos\0120.mp4
121,joy,0.26666998863220215,C:\Users\kragh\OneDrive\Documents\HrudayCodingProjects\TribeV2WebAnalyzer\TribeV2\scout_data\horikawaCode\videos\0121.mp4
122,amusement,0.3333300054073334,C:\Users\kragh\OneDrive\Documents\HrudayCodingProjects\TribeV2WebAnalyzer\TribeV2\scout_data\horikawaCode\videos\0122.mp4
123,amusement,0.4666700065135956,C:\Users\kragh\OneDrive\Documents\HrudayCodingProjects\TribeV2WebAnalyzer\TribeV2\scout_data\horikawaCode\videos\0123.mp4
124,disgust,0.4000000059604645,C:\Users\kragh\OneDrive\Documents\HrudayCodingProjects\TribeV2WebAnalyzer\TribeV2\scout_data\horikawaCode\videos\0124.mp4
125,romance,0.6000000238418579,C:\Users\kragh\OneDrive\Documents\HrudayCodingProjects\TribeV2WebAnalyzer\TribeV2\scout_data\horikawaCode\videos\0125.mp4
126,joy,0.5333300232887268,C:\Users\kragh\OneDrive\Documents\HrudayCodingProjects\TribeV2WebAnalyzer\TribeV2\scout_data\horikawaCode\videos\0126.mp4
127,empathic_pain,0.4000000059604645,C:\Users\kragh\OneDrive\Documents\HrudayCodingProjects\TribeV2WebAnalyzer\TribeV2\scout_data\horikawaCode\videos\0127.mp4
128,empathic_pain,0.5333300232887268,C:\Users\kragh\OneDrive\Documents\HrudayCodingProjects\TribeV2WebAnalyzer\TribeV2\scout_data\horikawaCode\videos\0128.mp4
129,fear,0.3333300054073334,C:\Users\kragh\OneDrive\Documents\HrudayCodingProjects\TribeV2WebAnalyzer\TribeV2\scout_data\horikawaCode\videos\0129.mp4
130,sexual_desire,0.666670024394989,C:\Users\kragh\OneDrive\Documents\HrudayCodingProjects\TribeV2WebAnalyzer\TribeV2\scout_data\horikawaCode\videos\0130.mp4
131,amusement,0.26666998863220215,C:\Users\kragh\OneDrive\Documents\HrudayCodingProjects\TribeV2WebAnalyzer\TribeV2\scout_data\horikawaCode\videos\0131.mp4
132,empathic_pain,0.3333300054073334,C:\Users\kragh\OneDrive\Documents\HrudayCodingProjects\TribeV2WebAnalyzer\TribeV2\scout_data\horikawaCode\videos\0132.mp4
133,fear,0.4000000059604645,C:\Users\kragh\OneDrive\Documents\HrudayCodingProjects\TribeV2WebAnalyzer\TribeV2\scout_data\horikawaCode\videos\0133.mp4
134,amusement,0.3333300054073334,C:\Users\kragh\OneDrive\Documents\HrudayCodingProjects\TribeV2WebAnalyzer\TribeV2\scout_data\horikawaCode\videos\0134.mp4
135,disgust,0.5333300232887268,C:\Users\kragh\OneDrive\Documents\HrudayCodingProjects\TribeV2WebAnalyzer\TribeV2\scout_data\horikawaCode\videos\0135.mp4
136,awe,0.3333300054073334,C:\Users\kragh\OneDrive\Documents\HrudayCodingProjects\TribeV2WebAnalyzer\TribeV2\scout_data\horikawaCode\videos\0136.mp4
137,fear,0.7333300113677979,C:\Users\kragh\OneDrive\Documents\HrudayCodingProjects\TribeV2WebAnalyzer\TribeV2\scout_data\horikawaCode\videos\0137.mp4
138,sexual_desire,0.666670024394989,C:\Users\kragh\OneDrive\Documents\HrudayCodingProjects\TribeV2WebAnalyzer\TribeV2\scout_data\horikawaCode\videos\0138.mp4
139,sexual_desire,0.5333300232887268,C:\Users\kragh\OneDrive\Documents\HrudayCodingProjects\TribeV2WebAnalyzer\TribeV2\scout_data\horikawaCode\videos\0139.mp4
140,sexual_desire,0.6000000238418579,C:\Users\kragh\OneDrive\Documents\HrudayCodingProjects\TribeV2WebAnalyzer\TribeV2\scout_data\horikawaCode\videos\0140.mp4
141,disgust,0.5333300232887268,C:\Users\kragh\OneDrive\Documents\HrudayCodingProjects\TribeV2WebAnalyzer\TribeV2\scout_data\horikawaCode\videos\0141.mp4
142,nostalgia,0.4666700065135956,C:\Users\kragh\OneDrive\Documents\HrudayCodingProjects\TribeV2WebAnalyzer\TribeV2\scout_data\horikawaCode\videos\0142.mp4
143,fear,0.3333300054073334,C:\Users\kragh\OneDrive\Documents\HrudayCodingProjects\TribeV2WebAnalyzer\TribeV2\scout_data\horikawaCode\videos\0143.mp4
144,craving,0.4666700065135956,C:\Users\kragh\OneDrive\Documents\HrudayCodingProjects\TribeV2WebAnalyzer\TribeV2\scout_data\horikawaCode\videos\0144.mp4
145,fear,0.4666700065135956,C:\Users\kragh\OneDrive\Documents\HrudayCodingProjects\TribeV2WebAnalyzer\TribeV2\scout_data\horikawaCode\videos\0145.mp4
146,awe,0.4666700065135956,C:\Users\kragh\OneDrive\Documents\HrudayCodingProjects\TribeV2WebAnalyzer\TribeV2\scout_data\horikawaCode\videos\0146.mp4
147,aesthetic_appreciation,0.3333300054073334,C:\Users\kragh\OneDrive\Documents\HrudayCodingProjects\TribeV2WebAnalyzer\TribeV2\scout_data\horikawaCode\videos\0147.mp4
148,awe,0.4666700065135956,C:\Users\kragh\OneDrive\Documents\HrudayCodingProjects\TribeV2WebAnalyzer\TribeV2\scout_data\horikawaCode\videos\0148.mp4
149,aesthetic_appreciation,0.666670024394989,C:\Users\kragh\OneDrive\Documents\HrudayCodingProjects\TribeV2WebAnalyzer\TribeV2\scout_data\horikawaCode\videos\0149.mp4
150,adoration,0.3333300054073334,C:\Users\kragh\OneDrive\Documents\HrudayCodingProjects\TribeV2WebAnalyzer\TribeV2\scout_data\horikawaCode\videos\0150.mp4
151,amusement,0.5384600162506104,C:\Users\kragh\OneDrive\Documents\HrudayCodingProjects\TribeV2WebAnalyzer\TribeV2\scout_data\horikawaCode\videos\0151.mp4
152,craving,0.6923099756240845,C:\Users\kragh\OneDrive\Documents\HrudayCodingProjects\TribeV2WebAnalyzer\TribeV2\scout_data\horikawaCode\videos\0152.mp4
153,horror,0.3846200108528137,C:\Users\kragh\OneDrive\Documents\HrudayCodingProjects\TribeV2WebAnalyzer\TribeV2\scout_data\horikawaCode\videos\0153.mp4
154,surprise,0.3846200108528137,C:\Users\kragh\OneDrive\Documents\HrudayCodingProjects\TribeV2WebAnalyzer\TribeV2\scout_data\horikawaCode\videos\0154.mp4
155,confusion,0.3846200108528137,C:\Users\kragh\OneDrive\Documents\HrudayCodingProjects\TribeV2WebAnalyzer\TribeV2\scout_data\horikawaCode\videos\0155.mp4
156,excitement,0.3846200108528137,C:\Users\kragh\OneDrive\Documents\HrudayCodingProjects\TribeV2WebAnalyzer\TribeV2\scout_data\horikawaCode\videos\0156.mp4
157,interest,0.5384600162506104,C:\Users\kragh\OneDrive\Documents\HrudayCodingProjects\TribeV2WebAnalyzer\TribeV2\scout_data\horikawaCode\videos\0157.mp4
158,sadness,0.3846200108528137,C:\Users\kragh\OneDrive\Documents\HrudayCodingProjects\TribeV2WebAnalyzer\TribeV2\scout_data\horikawaCode\videos\0158.mp4
159,amusement,0.3846200108528137,C:\Users\kragh\OneDrive\Documents\HrudayCodingProjects\TribeV2WebAnalyzer\TribeV2\scout_data\horikawaCode\videos\0159.mp4
160,amusement,0.3846200108528137,C:\Users\kragh\OneDrive\Documents\HrudayCodingProjects\TribeV2WebAnalyzer\TribeV2\scout_data\horikawaCode\videos\0160.mp4
161,amusement,0.3846200108528137,C:\Users\kragh\OneDrive\Documents\HrudayCodingProjects\TribeV2WebAnalyzer\TribeV2\scout_data\horikawaCode\videos\0161.mp4
162,sexual_desire,0.9230800271034241,C:\Users\kragh\OneDrive\Documents\HrudayCodingProjects\TribeV2WebAnalyzer\TribeV2\scout_data\horikawaCode\videos\0162.mp4
163,amusement,0.3846200108528137,C:\Users\kragh\OneDrive\Documents\HrudayCodingProjects\TribeV2WebAnalyzer\TribeV2\scout_data\horikawaCode\videos\0163.mp4
164,joy,0.30768999457359314,C:\Users\kragh\OneDrive\Documents\HrudayCodingProjects\TribeV2WebAnalyzer\TribeV2\scout_data\horikawaCode\videos\0164.mp4
165,joy,0.6153799891471863,C:\Users\kragh\OneDrive\Documents\HrudayCodingProjects\TribeV2WebAnalyzer\TribeV2\scout_data\horikawaCode\videos\0165.mp4
166,fear,0.46154001355171204,C:\Users\kragh\OneDrive\Documents\HrudayCodingProjects\TribeV2WebAnalyzer\TribeV2\scout_data\horikawaCode\videos\0166.mp4
167,amusement,0.46154001355171204,C:\Users\kragh\OneDrive\Documents\HrudayCodingProjects\TribeV2WebAnalyzer\TribeV2\scout_data\horikawaCode\videos\0167.mp4
168,amusement,0.5384600162506104,C:\Users\kragh\OneDrive\Documents\HrudayCodingProjects\TribeV2WebAnalyzer\TribeV2\scout_data\horikawaCode\videos\0168.mp4
169,interest,0.30768999457359314,C:\Users\kragh\OneDrive\Documents\HrudayCodingProjects\TribeV2WebAnalyzer\TribeV2\scout_data\horikawaCode\videos\0169.mp4
170,surprise,0.3846200108528137,C:\Users\kragh\OneDrive\Documents\HrudayCodingProjects\TribeV2WebAnalyzer\TribeV2\scout_data\horikawaCode\videos\0170.mp4
171,aesthetic_appreciation,0.5384600162506104,C:\Users\kragh\OneDrive\Documents\HrudayCodingProjects\TribeV2WebAnalyzer\TribeV2\scout_data\horikawaCode\videos\0171.mp4
172,amusement,0.5384600162506104,C:\Users\kragh\OneDrive\Documents\HrudayCodingProjects\TribeV2WebAnalyzer\TribeV2\scout_data\horikawaCode\videos\0172.mp4
173,triumph,0.30768999457359314,C:\Users\kragh\OneDrive\Documents\HrudayCodingProjects\TribeV2WebAnalyzer\TribeV2\scout_data\horikawaCode\videos\0173.mp4
174,amusement,0.3846200108528137,C:\Users\kragh\OneDrive\Documents\HrudayCodingProjects\TribeV2WebAnalyzer\TribeV2\scout_data\horikawaCode\videos\0174.mp4
175,aesthetic_appreciation,0.5384600162506104,C:\Users\kragh\OneDrive\Documents\HrudayCodingProjects\TribeV2WebAnalyzer\TribeV2\scout_data\horikawaCode\videos\0175.mp4
176,nostalgia,0.6153799891471863,C:\Users\kragh\OneDrive\Documents\HrudayCodingProjects\TribeV2WebAnalyzer\TribeV2\scout_data\horikawaCode\videos\0176.mp4
177,amusement,0.6153799891471863,C:\Users\kragh\OneDrive\Documents\HrudayCodingProjects\TribeV2WebAnalyzer\TribeV2\scout_data\horikawaCode\videos\0177.mp4
178,amusement,0.3846200108528137,C:\Users\kragh\OneDrive\Documents\HrudayCodingProjects\TribeV2WebAnalyzer\TribeV2\scout_data\horikawaCode\videos\0178.mp4
179,disgust,0.6153799891471863,C:\Users\kragh\OneDrive\Documents\HrudayCodingProjects\TribeV2WebAnalyzer\TribeV2\scout_data\horikawaCode\videos\0179.mp4
180,aesthetic_appreciation,0.6923099756240845,C:\Users\kragh\OneDrive\Documents\HrudayCodingProjects\TribeV2WebAnalyzer\TribeV2\scout_data\horikawaCode\videos\0180.mp4
181,sadness,0.7142900228500366,C:\Users\kragh\OneDrive\Documents\HrudayCodingProjects\TribeV2WebAnalyzer\TribeV2\scout_data\horikawaCode\videos\0181.mp4
182,amusement,0.4285700023174286,C:\Users\kragh\OneDrive\Documents\HrudayCodingProjects\TribeV2WebAnalyzer\TribeV2\scout_data\horikawaCode\videos\0182.mp4
183,amusement,0.6428599953651428,C:\Users\kragh\OneDrive\Documents\HrudayCodingProjects\TribeV2WebAnalyzer\TribeV2\scout_data\horikawaCode\videos\0183.mp4
184,adoration,0.5,C:\Users\kragh\OneDrive\Documents\HrudayCodingProjects\TribeV2WebAnalyzer\TribeV2\scout_data\horikawaCode\videos\0184.mp4
185,awe,0.3571400046348572,C:\Users\kragh\OneDrive\Documents\HrudayCodingProjects\TribeV2WebAnalyzer\TribeV2\scout_data\horikawaCode\videos\0185.mp4
186,disgust,0.4285700023174286,C:\Users\kragh\OneDrive\Documents\HrudayCodingProjects\TribeV2WebAnalyzer\TribeV2\scout_data\horikawaCode\videos\0186.mp4
187,disgust,1.0,C:\Users\kragh\OneDrive\Documents\HrudayCodingProjects\TribeV2WebAnalyzer\TribeV2\scout_data\horikawaCode\videos\0187.mp4
188,amusement,0.6428599953651428,C:\Users\kragh\OneDrive\Documents\HrudayCodingProjects\TribeV2WebAnalyzer\TribeV2\scout_data\horikawaCode\videos\0188.mp4
189,amusement,0.21428999304771423,C:\Users\kragh\OneDrive\Documents\HrudayCodingProjects\TribeV2WebAnalyzer\TribeV2\scout_data\horikawaCode\videos\0189.mp4
190,fear,0.7142900228500366,C:\Users\kragh\OneDrive\Documents\HrudayCodingProjects\TribeV2WebAnalyzer\TribeV2\scout_data\horikawaCode\videos\0190.mp4
191,amusement,0.21428999304771423,C:\Users\kragh\OneDrive\Documents\HrudayCodingProjects\TribeV2WebAnalyzer\TribeV2\scout_data\horikawaCode\videos\0191.mp4
192,adoration,0.3571400046348572,C:\Users\kragh\OneDrive\Documents\HrudayCodingProjects\TribeV2WebAnalyzer\TribeV2\scout_data\horikawaCode\videos\0192.mp4
193,nostalgia,0.6428599953651428,C:\Users\kragh\OneDrive\Documents\HrudayCodingProjects\TribeV2WebAnalyzer\TribeV2\scout_data\horikawaCode\videos\0193.mp4
194,amusement,0.7142900228500366,C:\Users\kragh\OneDrive\Documents\HrudayCodingProjects\TribeV2WebAnalyzer\TribeV2\scout_data\horikawaCode\videos\0194.mp4
195,horror,0.5,C:\Users\kragh\OneDrive\Documents\HrudayCodingProjects\TribeV2WebAnalyzer\TribeV2\scout_data\horikawaCode\videos\0195.mp4
196,craving,0.28571000695228577,C:\Users\kragh\OneDrive\Documents\HrudayCodingProjects\TribeV2WebAnalyzer\TribeV2\scout_data\horikawaCode\videos\0196.mp4
197,disgust,0.7857099771499634,C:\Users\kragh\OneDrive\Documents\HrudayCodingProjects\TribeV2WebAnalyzer\TribeV2\scout_data\horikawaCode\videos\0197.mp4
198,aesthetic_appreciation,0.7142900228500366,C:\Users\kragh\OneDrive\Documents\HrudayCodingProjects\TribeV2WebAnalyzer\TribeV2\scout_data\horikawaCode\videos\0198.mp4
199,aesthetic_appreciation,0.28571000695228577,C:\Users\kragh\OneDrive\Documents\HrudayCodingProjects\TribeV2WebAnalyzer\TribeV2\scout_data\horikawaCode\videos\0199.mp4
200,amusement,0.5714300274848938,C:\Users\kragh\OneDrive\Documents\HrudayCodingProjects\TribeV2WebAnalyzer\TribeV2\scout_data\horikawaCode\videos\0200.mp4
201,nostalgia,0.5,C:\Users\kragh\OneDrive\Documents\HrudayCodingProjects\TribeV2WebAnalyzer\TribeV2\scout_data\horikawaCode\videos\0201.mp4
202,amusement,0.4285700023174286,C:\Users\kragh\OneDrive\Documents\HrudayCodingProjects\TribeV2WebAnalyzer\TribeV2\scout_data\horikawaCode\videos\0202.mp4
203,boredom,0.6428599953651428,C:\Users\kragh\OneDrive\Documents\HrudayCodingProjects\TribeV2WebAnalyzer\TribeV2\scout_data\horikawaCode\videos\0203.mp4
204,romance,0.8571400046348572,C:\Users\kragh\OneDrive\Documents\HrudayCodingProjects\TribeV2WebAnalyzer\TribeV2\scout_data\horikawaCode\videos\0204.mp4
205,interest,0.5714300274848938,C:\Users\kragh\OneDrive\Documents\HrudayCodingProjects\TribeV2WebAnalyzer\TribeV2\scout_data\horikawaCode\videos\0205.mp4
206,pride,0.28571000695228577,C:\Users\kragh\OneDrive\Documents\HrudayCodingProjects\TribeV2WebAnalyzer\TribeV2\scout_data\horikawaCode\videos\0206.mp4
207,joy,0.5,C:\Users\kragh\OneDrive\Documents\HrudayCodingProjects\TribeV2WebAnalyzer\TribeV2\scout_data\horikawaCode\videos\0207.mp4
208,sadness,0.6428599953651428,C:\Users\kragh\OneDrive\Documents\HrudayCodingProjects\TribeV2WebAnalyzer\TribeV2\scout_data\horikawaCode\videos\0208.mp4
209,amusement,0.28571000695228577,C:\Users\kragh\OneDrive\Documents\HrudayCodingProjects\TribeV2WebAnalyzer\TribeV2\scout_data\horikawaCode\videos\0209.mp4
210,amusement,0.5,C:\Users\kragh\OneDrive\Documents\HrudayCodingProjects\TribeV2WebAnalyzer\TribeV2\scout_data\horikawaCode\videos\0210.mp4
211,empathic_pain,0.46154001355171204,C:\Users\kragh\OneDrive\Documents\HrudayCodingProjects\TribeV2WebAnalyzer\TribeV2\scout_data\horikawaCode\videos\0211.mp4
212,craving,0.6153799891471863,C:\Users\kragh\OneDrive\Documents\HrudayCodingProjects\TribeV2WebAnalyzer\TribeV2\scout_data\horikawaCode\videos\0212.mp4
213,horror,0.4230799973011017,C:\Users\kragh\OneDrive\Documents\HrudayCodingProjects\TribeV2WebAnalyzer\TribeV2\scout_data\horikawaCode\videos\0213.mp4
214,disgust,0.8461499810218811,C:\Users\kragh\OneDrive\Documents\HrudayCodingProjects\TribeV2WebAnalyzer\TribeV2\scout_data\horikawaCode\videos\0214.mp4
215,amusement,0.5384600162506104,C:\Users\kragh\OneDrive\Documents\HrudayCodingProjects\TribeV2WebAnalyzer\TribeV2\scout_data\horikawaCode\videos\0215.mp4
216,disgust,0.6153799891471863,C:\Users\kragh\OneDrive\Documents\HrudayCodingProjects\TribeV2WebAnalyzer\TribeV2\scout_data\horikawaCode\videos\0216.mp4
217,awe,0.46154001355171204,C:\Users\kragh\OneDrive\Documents\HrudayCodingProjects\TribeV2WebAnalyzer\TribeV2\scout_data\horikawaCode\videos\0217.mp4
218,disgust,0.6538500189781189,C:\Users\kragh\OneDrive\Documents\HrudayCodingProjects\TribeV2WebAnalyzer\TribeV2\scout_data\horikawaCode\videos\0218.mp4
219,aesthetic_appreciation,0.5769199728965759,C:\Users\kragh\OneDrive\Documents\HrudayCodingProjects\TribeV2WebAnalyzer\TribeV2\scout_data\horikawaCode\videos\0219.mp4
220,awe,0.46154001355171204,C:\Users\kragh\OneDrive\Documents\HrudayCodingProjects\TribeV2WebAnalyzer\TribeV2\scout_data\horikawaCode\videos\0220.mp4
221,amusement,0.46154001355171204,C:\Users\kragh\OneDrive\Documents\HrudayCodingProjects\TribeV2WebAnalyzer\TribeV2\scout_data\horikawaCode\videos\0221.mp4
222,amusement,0.46154001355171204,C:\Users\kragh\OneDrive\Documents\HrudayCodingProjects\TribeV2WebAnalyzer\TribeV2\scout_data\horikawaCode\videos\0222.mp4
223,disgust,0.5384600162506104,C:\Users\kragh\OneDrive\Documents\HrudayCodingProjects\TribeV2WebAnalyzer\TribeV2\scout_data\horikawaCode\videos\0223.mp4
224,amusement,0.3846200108528137,C:\Users\kragh\OneDrive\Documents\HrudayCodingProjects\TribeV2WebAnalyzer\TribeV2\scout_data\horikawaCode\videos\0224.mp4
225,disgust,0.6923099756240845,C:\Users\kragh\OneDrive\Documents\HrudayCodingProjects\TribeV2WebAnalyzer\TribeV2\scout_data\horikawaCode\videos\0225.mp4
226,sadness,0.7692300081253052,C:\Users\kragh\OneDrive\Documents\HrudayCodingProjects\TribeV2WebAnalyzer\TribeV2\scout_data\horikawaCode\videos\0226.mp4
227,amusement,0.4230799973011017,C:\Users\kragh\OneDrive\Documents\HrudayCodingProjects\TribeV2WebAnalyzer\TribeV2\scout_data\horikawaCode\videos\0227.mp4
228,awe,0.5384600162506104,C:\Users\kragh\OneDrive\Documents\HrudayCodingProjects\TribeV2WebAnalyzer\TribeV2\scout_data\horikawaCode\videos\0228.mp4
229,awe,0.46154001355171204,C:\Users\kragh\OneDrive\Documents\HrudayCodingProjects\TribeV2WebAnalyzer\TribeV2\scout_data\horikawaCode\videos\0229.mp4
230,awe,0.46154001355171204,C:\Users\kragh\OneDrive\Documents\HrudayCodingProjects\TribeV2WebAnalyzer\TribeV2\scout_data\horikawaCode\videos\0230.mp4
231,interest,0.30768999457359314,C:\Users\kragh\OneDrive\Documents\HrudayCodingProjects\TribeV2WebAnalyzer\TribeV2\scout_data\horikawaCode\videos\0231.mp4
232,amusement,0.30768999457359314,C:\Users\kragh\OneDrive\Documents\HrudayCodingProjects\TribeV2WebAnalyzer\TribeV2\scout_data\horikawaCode\videos\0232.mp4
233,entrancement,0.4230799973011017,C:\Users\kragh\OneDrive\Documents\HrudayCodingProjects\TribeV2WebAnalyzer\TribeV2\scout_data\horikawaCode\videos\0233.mp4
234,horror,0.8461499810218811,C:\Users\kragh\OneDrive\Documents\HrudayCodingProjects\TribeV2WebAnalyzer\TribeV2\scout_data\horikawaCode\videos\0234.mp4
235,disgust,1.0,C:\Users\kragh\OneDrive\Documents\HrudayCodingProjects\TribeV2WebAnalyzer\TribeV2\scout_data\horikawaCode\videos\0235.mp4
236,horror,0.5769199728965759,C:\Users\kragh\OneDrive\Documents\HrudayCodingProjects\TribeV2WebAnalyzer\TribeV2\scout_data\horikawaCode\videos\0236.mp4
237,amusement,0.7692300081253052,C:\Users\kragh\OneDrive\Documents\HrudayCodingProjects\TribeV2WebAnalyzer\TribeV2\scout_data\horikawaCode\videos\0237.mp4
238,horror,0.5384600162506104,C:\Users\kragh\OneDrive\Documents\HrudayCodingProjects\TribeV2WebAnalyzer\TribeV2\scout_data\horikawaCode\videos\0238.mp4
239,admiration,0.2692300081253052,C:\Users\kragh\OneDrive\Documents\HrudayCodingProjects\TribeV2WebAnalyzer\TribeV2\scout_data\horikawaCode\videos\0239.mp4
240,horror,0.5769199728965759,C:\Users\kragh\OneDrive\Documents\HrudayCodingProjects\TribeV2WebAnalyzer\TribeV2\scout_data\horikawaCode\videos\0240.mp4
241,amusement,0.6071400046348572,C:\Users\kragh\OneDrive\Documents\HrudayCodingProjects\TribeV2WebAnalyzer\TribeV2\scout_data\horikawaCode\videos\0241.mp4
242,sexual_desire,0.5714300274848938,C:\Users\kragh\OneDrive\Documents\HrudayCodingProjects\TribeV2WebAnalyzer\TribeV2\scout_data\horikawaCode\videos\0242.mp4
243,disgust,0.6428599953651428,C:\Users\kragh\OneDrive\Documents\HrudayCodingProjects\TribeV2WebAnalyzer\TribeV2\scout_data\horikawaCode\videos\0243.mp4
244,disgust,0.8571400046348572,C:\Users\kragh\OneDrive\Documents\HrudayCodingProjects\TribeV2WebAnalyzer\TribeV2\scout_data\horikawaCode\videos\0244.mp4
245,amusement,0.6785699725151062,C:\Users\kragh\OneDrive\Documents\HrudayCodingProjects\TribeV2WebAnalyzer\TribeV2\scout_data\horikawaCode\videos\0245.mp4
246,interest,0.3928599953651428,C:\Users\kragh\OneDrive\Documents\HrudayCodingProjects\TribeV2WebAnalyzer\TribeV2\scout_data\horikawaCode\videos\0246.mp4
247,amusement,0.6428599953651428,C:\Users\kragh\OneDrive\Documents\HrudayCodingProjects\TribeV2WebAnalyzer\TribeV2\scout_data\horikawaCode\videos\0247.mp4
248,interest,0.46428999304771423,C:\Users\kragh\OneDrive\Documents\HrudayCodingProjects\TribeV2WebAnalyzer\TribeV2\scout_data\horikawaCode\videos\0248.mp4
249,fear,0.5,C:\Users\kragh\OneDrive\Documents\HrudayCodingProjects\TribeV2WebAnalyzer\TribeV2\scout_data\horikawaCode\videos\0249.mp4
250,interest,0.4285700023174286,C:\Users\kragh\OneDrive\Documents\HrudayCodingProjects\TribeV2WebAnalyzer\TribeV2\scout_data\horikawaCode\videos\0250.mp4
251,interest,0.5,C:\Users\kragh\OneDrive\Documents\HrudayCodingProjects\TribeV2WebAnalyzer\TribeV2\scout_data\horikawaCode\videos\0251.mp4
252,empathic_pain,0.28571000695228577,C:\Users\kragh\OneDrive\Documents\HrudayCodingProjects\TribeV2WebAnalyzer\TribeV2\scout_data\horikawaCode\videos\0252.mp4
253,interest,0.5,C:\Users\kragh\OneDrive\Documents\HrudayCodingProjects\TribeV2WebAnalyzer\TribeV2\scout_data\horikawaCode\videos\0253.mp4
254,amusement,0.3928599953651428,C:\Users\kragh\OneDrive\Documents\HrudayCodingProjects\TribeV2WebAnalyzer\TribeV2\scout_data\horikawaCode\videos\0254.mp4
255,adoration,0.28571000695228577,C:\Users\kragh\OneDrive\Documents\HrudayCodingProjects\TribeV2WebAnalyzer\TribeV2\scout_data\horikawaCode\videos\0255.mp4
256,amusement,0.6071400046348572,C:\Users\kragh\OneDrive\Documents\HrudayCodingProjects\TribeV2WebAnalyzer\TribeV2\scout_data\horikawaCode\videos\0256.mp4
257,amusement,0.5,C:\Users\kragh\OneDrive\Documents\HrudayCodingProjects\TribeV2WebAnalyzer\TribeV2\scout_data\horikawaCode\videos\0257.mp4
258,amusement,0.8571400046348572,C:\Users\kragh\OneDrive\Documents\HrudayCodingProjects\TribeV2WebAnalyzer\TribeV2\scout_data\horikawaCode\videos\0258.mp4
259,horror,0.3571400046348572,C:\Users\kragh\OneDrive\Documents\HrudayCodingProjects\TribeV2WebAnalyzer\TribeV2\scout_data\horikawaCode\videos\0259.mp4
260,amusement,0.5714300274848938,C:\Users\kragh\OneDrive\Documents\HrudayCodingProjects\TribeV2WebAnalyzer\TribeV2\scout_data\horikawaCode\videos\0260.mp4
261,amusement,0.5,C:\Users\kragh\OneDrive\Documents\HrudayCodingProjects\TribeV2WebAnalyzer\TribeV2\scout_data\horikawaCode\videos\0261.mp4
262,fear,0.28571000695228577,C:\Users\kragh\OneDrive\Documents\HrudayCodingProjects\TribeV2WebAnalyzer\TribeV2\scout_data\horikawaCode\videos\0262.mp4
263,nostalgia,0.4285700023174286,C:\Users\kragh\OneDrive\Documents\HrudayCodingProjects\TribeV2WebAnalyzer\TribeV2\scout_data\horikawaCode\videos\0263.mp4
264,admiration,0.3928599953651428,C:\Users\kragh\OneDrive\Documents\HrudayCodingProjects\TribeV2WebAnalyzer\TribeV2\scout_data\horikawaCode\videos\0264.mp4
265,amusement,0.4285700023174286,C:\Users\kragh\OneDrive\Documents\HrudayCodingProjects\TribeV2WebAnalyzer\TribeV2\scout_data\horikawaCode\videos\0265.mp4
266,disgust,0.75,C:\Users\kragh\OneDrive\Documents\HrudayCodingProjects\TribeV2WebAnalyzer\TribeV2\scout_data\horikawaCode\videos\0266.mp4
267,romance,0.4285700023174286,C:\Users\kragh\OneDrive\Documents\HrudayCodingProjects\TribeV2WebAnalyzer\TribeV2\scout_data\horikawaCode\videos\0267.mp4
268,disgust,0.28571000695228577,C:\Users\kragh\OneDrive\Documents\HrudayCodingProjects\TribeV2WebAnalyzer\TribeV2\scout_data\horikawaCode\videos\0268.mp4
269,fear,0.5,C:\Users\kragh\OneDrive\Documents\HrudayCodingProjects\TribeV2WebAnalyzer\TribeV2\scout_data\horikawaCode\videos\0269.mp4
270,amusement,0.6428599953651428,C:\Users\kragh\OneDrive\Documents\HrudayCodingProjects\TribeV2WebAnalyzer\TribeV2\scout_data\horikawaCode\videos\0270.mp4
271,disgust,0.916670024394989,C:\Users\kragh\OneDrive\Documents\HrudayCodingProjects\TribeV2WebAnalyzer\TribeV2\scout_data\horikawaCode\videos\0271.mp4
272,confusion,0.4166699945926666,C:\Users\kragh\OneDrive\Documents\HrudayCodingProjects\TribeV2WebAnalyzer\TribeV2\scout_data\horikawaCode\videos\0272.mp4
273,amusement,0.5,C:\Users\kragh\OneDrive\Documents\HrudayCodingProjects\TribeV2WebAnalyzer\TribeV2\scout_data\horikawaCode\videos\0273.mp4
274,awe,0.666670024394989,C:\Users\kragh\OneDrive\Documents\HrudayCodingProjects\TribeV2WebAnalyzer\TribeV2\scout_data\horikawaCode\videos\0274.mp4
275,excitement,0.3333300054073334,C:\Users\kragh\OneDrive\Documents\HrudayCodingProjects\TribeV2WebAnalyzer\TribeV2\scout_data\horikawaCode\videos\0275.mp4
276,sadness,0.583329975605011,C:\Users\kragh\OneDrive\Documents\HrudayCodingProjects\TribeV2WebAnalyzer\TribeV2\scout_data\horikawaCode\videos\0276.mp4
277,amusement,0.583329975605011,C:\Users\kragh\OneDrive\Documents\HrudayCodingProjects\TribeV2WebAnalyzer\TribeV2\scout_data\horikawaCode\videos\0277.mp4
278,horror,0.3333300054073334,C:\Users\kragh\OneDrive\Documents\HrudayCodingProjects\TribeV2WebAnalyzer\TribeV2\scout_data\horikawaCode\videos\0278.mp4
279,fear,0.583329975605011,C:\Users\kragh\OneDrive\Documents\HrudayCodingProjects\TribeV2WebAnalyzer\TribeV2\scout_data\horikawaCode\videos\0279.mp4
280,awe,0.4166699945926666,C:\Users\kragh\OneDrive\Documents\HrudayCodingProjects\TribeV2WebAnalyzer\TribeV2\scout_data\horikawaCode\videos\0280.mp4
281,amusement,0.75,C:\Users\kragh\OneDrive\Documents\HrudayCodingProjects\TribeV2WebAnalyzer\TribeV2\scout_data\horikawaCode\videos\0281.mp4
282,amusement,0.583329975605011,C:\Users\kragh\OneDrive\Documents\HrudayCodingProjects\TribeV2WebAnalyzer\TribeV2\scout_data\horikawaCode\videos\0282.mp4
283,romance,0.5,C:\Users\kragh\OneDrive\Documents\HrudayCodingProjects\TribeV2WebAnalyzer\TribeV2\scout_data\horikawaCode\videos\0283.mp4
284,craving,0.666670024394989,C:\Users\kragh\OneDrive\Documents\HrudayCodingProjects\TribeV2WebAnalyzer\TribeV2\scout_data\horikawaCode\videos\0284.mp4
285,awkwardness,0.3333300054073334,C:\Users\kragh\OneDrive\Documents\HrudayCodingProjects\TribeV2WebAnalyzer\TribeV2\scout_data\horikawaCode\videos\0285.mp4
286,awe,0.666670024394989,C:\Users\kragh\OneDrive\Documents\HrudayCodingProjects\TribeV2WebAnalyzer\TribeV2\scout_data\horikawaCode\videos\0286.mp4
287,entrancement,0.583329975605011,C:\Users\kragh\OneDrive\Documents\HrudayCodingProjects\TribeV2WebAnalyzer\TribeV2\scout_data\horikawaCode\videos\0287.mp4
288,disgust,0.666670024394989,C:\Users\kragh\OneDrive\Documents\HrudayCodingProjects\TribeV2WebAnalyzer\TribeV2\scout_data\horikawaCode\videos\0288.mp4
289,aesthetic_appreciation,0.4166699945926666,C:\Users\kragh\OneDrive\Documents\HrudayCodingProjects\TribeV2WebAnalyzer\TribeV2\scout_data\horikawaCode\videos\0289.mp4
290,amusement,0.5,C:\Users\kragh\OneDrive\Documents\HrudayCodingProjects\TribeV2WebAnalyzer\TribeV2\scout_data\horikawaCode\videos\0290.mp4
291,amusement,0.666670024394989,C:\Users\kragh\OneDrive\Documents\HrudayCodingProjects\TribeV2WebAnalyzer\TribeV2\scout_data\horikawaCode\videos\0291.mp4
292,amusement,0.75,C:\Users\kragh\OneDrive\Documents\HrudayCodingProjects\TribeV2WebAnalyzer\TribeV2\scout_data\horikawaCode\videos\0292.mp4
293,triumph,0.3333300054073334,C:\Users\kragh\OneDrive\Documents\HrudayCodingProjects\TribeV2WebAnalyzer\TribeV2\scout_data\horikawaCode\videos\0293.mp4
294,amusement,0.666670024394989,C:\Users\kragh\OneDrive\Documents\HrudayCodingProjects\TribeV2WebAnalyzer\TribeV2\scout_data\horikawaCode\videos\0294.mp4
295,surprise,0.5,C:\Users\kragh\OneDrive\Documents\HrudayCodingProjects\TribeV2WebAnalyzer\TribeV2\scout_data\horikawaCode\videos\0295.mp4
296,amusement,0.833329975605011,C:\Users\kragh\OneDrive\Documents\HrudayCodingProjects\TribeV2WebAnalyzer\TribeV2\scout_data\horikawaCode\videos\0296.mp4
297,amusement,0.4166699945926666,C:\Users\kragh\OneDrive\Documents\HrudayCodingProjects\TribeV2WebAnalyzer\TribeV2\scout_data\horikawaCode\videos\0297.mp4
298,triumph,0.4166699945926666,C:\Users\kragh\OneDrive\Documents\HrudayCodingProjects\TribeV2WebAnalyzer\TribeV2\scout_data\horikawaCode\videos\0298.mp4
299,sadness,0.583329975605011,C:\Users\kragh\OneDrive\Documents\HrudayCodingProjects\TribeV2WebAnalyzer\TribeV2\scout_data\horikawaCode\videos\0299.mp4
300,joy,0.5,C:\Users\kragh\OneDrive\Documents\HrudayCodingProjects\TribeV2WebAnalyzer\TribeV2\scout_data\horikawaCode\videos\0300.mp4
301,nostalgia,0.5384600162506104,C:\Users\kragh\OneDrive\Documents\HrudayCodingProjects\TribeV2WebAnalyzer\TribeV2\scout_data\horikawaCode\videos\0301.mp4
302,awe,0.23077000677585602,C:\Users\kragh\OneDrive\Documents\HrudayCodingProjects\TribeV2WebAnalyzer\TribeV2\scout_data\horikawaCode\videos\0302.mp4
303,boredom,0.46154001355171204,C:\Users\kragh\OneDrive\Documents\HrudayCodingProjects\TribeV2WebAnalyzer\TribeV2\scout_data\horikawaCode\videos\0303.mp4
304,aesthetic_appreciation,0.3846200108528137,C:\Users\kragh\OneDrive\Documents\HrudayCodingProjects\TribeV2WebAnalyzer\TribeV2\scout_data\horikawaCode\videos\0304.mp4
305,amusement,0.3846200108528137,C:\Users\kragh\OneDrive\Documents\HrudayCodingProjects\TribeV2WebAnalyzer\TribeV2\scout_data\horikawaCode\videos\0305.mp4
306,disgust,0.3846200108528137,C:\Users\kragh\OneDrive\Documents\HrudayCodingProjects\TribeV2WebAnalyzer\TribeV2\scout_data\horikawaCode\videos\0306.mp4
307,adoration,0.46154001355171204,C:\Users\kragh\OneDrive\Documents\HrudayCodingProjects\TribeV2WebAnalyzer\TribeV2\scout_data\horikawaCode\videos\0307.mp4
308,disgust,0.46154001355171204,C:\Users\kragh\OneDrive\Documents\HrudayCodingProjects\TribeV2WebAnalyzer\TribeV2\scout_data\horikawaCode\videos\0308.mp4
309,sexual_desire,0.9230800271034241,C:\Users\kragh\OneDrive\Documents\HrudayCodingProjects\TribeV2WebAnalyzer\TribeV2\scout_data\horikawaCode\videos\0309.mp4
310,boredom,0.2692300081253052,C:\Users\kragh\OneDrive\Documents\HrudayCodingProjects\TribeV2WebAnalyzer\TribeV2\scout_data\horikawaCode\videos\0310.mp4
311,craving,0.6923099756240845,C:\Users\kragh\OneDrive\Documents\HrudayCodingProjects\TribeV2WebAnalyzer\TribeV2\scout_data\horikawaCode\videos\0311.mp4
312,horror,0.30768999457359314,C:\Users\kragh\OneDrive\Documents\HrudayCodingProjects\TribeV2WebAnalyzer\TribeV2\scout_data\horikawaCode\videos\0312.mp4
313,empathic_pain,0.46154001355171204,C:\Users\kragh\OneDrive\Documents\HrudayCodingProjects\TribeV2WebAnalyzer\TribeV2\scout_data\horikawaCode\videos\0313.mp4
314,awe,0.23077000677585602,C:\Users\kragh\OneDrive\Documents\HrudayCodingProjects\TribeV2WebAnalyzer\TribeV2\scout_data\horikawaCode\videos\0314.mp4
315,nostalgia,0.6923099756240845,C:\Users\kragh\OneDrive\Documents\HrudayCodingProjects\TribeV2WebAnalyzer\TribeV2\scout_data\horikawaCode\videos\0315.mp4
316,relief,0.2692300081253052,C:\Users\kragh\OneDrive\Documents\HrudayCodingProjects\TribeV2WebAnalyzer\TribeV2\scout_data\horikawaCode\videos\0316.mp4
317,entrancement,0.4230799973011017,C:\Users\kragh\OneDrive\Documents\HrudayCodingProjects\TribeV2WebAnalyzer\TribeV2\scout_data\horikawaCode\videos\0317.mp4
318,aesthetic_appreciation,0.3846200108528137,C:\Users\kragh\OneDrive\Documents\HrudayCodingProjects\TribeV2WebAnalyzer\TribeV2\scout_data\horikawaCode\videos\0318.mp4
319,adoration,0.46154001355171204,C:\Users\kragh\OneDrive\Documents\HrudayCodingProjects\TribeV2WebAnalyzer\TribeV2\scout_data\horikawaCode\videos\0319.mp4
320,sexual_desire,0.8461499810218811,C:\Users\kragh\OneDrive\Documents\HrudayCodingProjects\TribeV2WebAnalyzer\TribeV2\scout_data\horikawaCode\videos\0320.mp4
321,surprise,0.30768999457359314,C:\Users\kragh\OneDrive\Documents\HrudayCodingProjects\TribeV2WebAnalyzer\TribeV2\scout_data\horikawaCode\videos\0321.mp4
322,adoration,0.3846200108528137,C:\Users\kragh\OneDrive\Documents\HrudayCodingProjects\TribeV2WebAnalyzer\TribeV2\scout_data\horikawaCode\videos\0322.mp4
323,amusement,0.30768999457359314,C:\Users\kragh\OneDrive\Documents\HrudayCodingProjects\TribeV2WebAnalyzer\TribeV2\scout_data\horikawaCode\videos\0323.mp4
324,anxiety,0.30768999457359314,C:\Users\kragh\OneDrive\Documents\HrudayCodingProjects\TribeV2WebAnalyzer\TribeV2\scout_data\horikawaCode\videos\0324.mp4
325,entrancement,0.3846200108528137,C:\Users\kragh\OneDrive\Documents\HrudayCodingProjects\TribeV2WebAnalyzer\TribeV2\scout_data\horikawaCode\videos\0325.mp4
326,amusement,0.3846200108528137,C:\Users\kragh\OneDrive\Documents\HrudayCodingProjects\TribeV2WebAnalyzer\TribeV2\scout_data\horikawaCode\videos\0326.mp4
327,romance,0.5769199728965759,C:\Users\kragh\OneDrive\Documents\HrudayCodingProjects\TribeV2WebAnalyzer\TribeV2\scout_data\horikawaCode\videos\0327.mp4
328,amusement,0.46154001355171204,C:\Users\kragh\OneDrive\Documents\HrudayCodingProjects\TribeV2WebAnalyzer\TribeV2\scout_data\horikawaCode\videos\0328.mp4
329,anxiety,0.46154001355171204,C:\Users\kragh\OneDrive\Documents\HrudayCodingProjects\TribeV2WebAnalyzer\TribeV2\scout_data\horikawaCode\videos\0329.mp4
330,awe,0.4230799973011017,C:\Users\kragh\OneDrive\Documents\HrudayCodingProjects\TribeV2WebAnalyzer\TribeV2\scout_data\horikawaCode\videos\0330.mp4
331,joy,0.46154001355171204,C:\Users\kragh\OneDrive\Documents\HrudayCodingProjects\TribeV2WebAnalyzer\TribeV2\scout_data\horikawaCode\videos\0331.mp4
332,confusion,0.46154001355171204,C:\Users\kragh\OneDrive\Documents\HrudayCodingProjects\TribeV2WebAnalyzer\TribeV2\scout_data\horikawaCode\videos\0332.mp4
333,sadness,0.6153799891471863,C:\Users\kragh\OneDrive\Documents\HrudayCodingProjects\TribeV2WebAnalyzer\TribeV2\scout_data\horikawaCode\videos\0333.mp4
334,fear,0.30768999457359314,C:\Users\kragh\OneDrive\Documents\HrudayCodingProjects\TribeV2WebAnalyzer\TribeV2\scout_data\horikawaCode\videos\0334.mp4
335,disgust,0.30768999457359314,C:\Users\kragh\OneDrive\Documents\HrudayCodingProjects\TribeV2WebAnalyzer\TribeV2\scout_data\horikawaCode\videos\0335.mp4
336,amusement,0.30768999457359314,C:\Users\kragh\OneDrive\Documents\HrudayCodingProjects\TribeV2WebAnalyzer\TribeV2\scout_data\horikawaCode\videos\0336.mp4
337,sexual_desire,0.9230800271034241,C:\Users\kragh\OneDrive\Documents\HrudayCodingProjects\TribeV2WebAnalyzer\TribeV2\scout_data\horikawaCode\videos\0337.mp4
338,surprise,0.30768999457359314,C:\Users\kragh\OneDrive\Documents\HrudayCodingProjects\TribeV2WebAnalyzer\TribeV2\scout_data\horikawaCode\videos\0338.mp4
339,calmness,0.6923099756240845,C:\Users\kragh\OneDrive\Documents\HrudayCodingProjects\TribeV2WebAnalyzer\TribeV2\scout_data\horikawaCode\videos\0339.mp4
340,amusement,0.23077000677585602,C:\Users\kragh\OneDrive\Documents\HrudayCodingProjects\TribeV2WebAnalyzer\TribeV2\scout_data\horikawaCode\videos\0340.mp4
341,interest,0.30768999457359314,C:\Users\kragh\OneDrive\Documents\HrudayCodingProjects\TribeV2WebAnalyzer\TribeV2\scout_data\horikawaCode\videos\0341.mp4
342,joy,0.3846200108528137,C:\Users\kragh\OneDrive\Documents\HrudayCodingProjects\TribeV2WebAnalyzer\TribeV2\scout_data\horikawaCode\videos\0342.mp4
343,interest,0.30768999457359314,C:\Users\kragh\OneDrive\Documents\HrudayCodingProjects\TribeV2WebAnalyzer\TribeV2\scout_data\horikawaCode\videos\0343.mp4
344,adoration,0.7692300081253052,C:\Users\kragh\OneDrive\Documents\HrudayCodingProjects\TribeV2WebAnalyzer\TribeV2\scout_data\horikawaCode\videos\0344.mp4
345,disgust,0.8461499810218811,C:\Users\kragh\OneDrive\Documents\HrudayCodingProjects\TribeV2WebAnalyzer\TribeV2\scout_data\horikawaCode\videos\0345.mp4
346,amusement,0.3846200108528137,C:\Users\kragh\OneDrive\Documents\HrudayCodingProjects\TribeV2WebAnalyzer\TribeV2\scout_data\horikawaCode\videos\0346.mp4
347,amusement,0.46154001355171204,C:\Users\kragh\OneDrive\Documents\HrudayCodingProjects\TribeV2WebAnalyzer\TribeV2\scout_data\horikawaCode\videos\0347.mp4
348,calmness,0.6923099756240845,C:\Users\kragh\OneDrive\Documents\HrudayCodingProjects\TribeV2WebAnalyzer\TribeV2\scout_data\horikawaCode\videos\0348.mp4
349,aesthetic_appreciation,0.6153799891471863,C:\Users\kragh\OneDrive\Documents\HrudayCodingProjects\TribeV2WebAnalyzer\TribeV2\scout_data\horikawaCode\videos\0349.mp4
350,romance,0.6153799891471863,C:\Users\kragh\OneDrive\Documents\HrudayCodingProjects\TribeV2WebAnalyzer\TribeV2\scout_data\horikawaCode\videos\0350.mp4
351,boredom,0.23077000677585602,C:\Users\kragh\OneDrive\Documents\HrudayCodingProjects\TribeV2WebAnalyzer\TribeV2\scout_data\horikawaCode\videos\0351.mp4
352,interest,0.3846200108528137,C:\Users\kragh\OneDrive\Documents\HrudayCodingProjects\TribeV2WebAnalyzer\TribeV2\scout_data\horikawaCode\videos\0352.mp4
353,surprise,0.3846200108528137,C:\Users\kragh\OneDrive\Documents\HrudayCodingProjects\TribeV2WebAnalyzer\TribeV2\scout_data\horikawaCode\videos\0353.mp4
354,nostalgia,0.6923099756240845,C:\Users\kragh\OneDrive\Documents\HrudayCodingProjects\TribeV2WebAnalyzer\TribeV2\scout_data\horikawaCode\videos\0354.mp4
355,disgust,0.9230800271034241,C:\Users\kragh\OneDrive\Documents\HrudayCodingProjects\TribeV2WebAnalyzer\TribeV2\scout_data\horikawaCode\videos\0355.mp4
356,nostalgia,0.6923099756240845,C:\Users\kragh\OneDrive\Documents\HrudayCodingProjects\TribeV2WebAnalyzer\TribeV2\scout_data\horikawaCode\videos\0356.mp4
357,awe,0.46154001355171204,C:\Users\kragh\OneDrive\Documents\HrudayCodingProjects\TribeV2WebAnalyzer\TribeV2\scout_data\horikawaCode\videos\0357.mp4
358,amusement,0.3846200108528137,C:\Users\kragh\OneDrive\Documents\HrudayCodingProjects\TribeV2WebAnalyzer\TribeV2\scout_data\horikawaCode\videos\0358.mp4
359,sexual_desire,0.8461499810218811,C:\Users\kragh\OneDrive\Documents\HrudayCodingProjects\TribeV2WebAnalyzer\TribeV2\scout_data\horikawaCode\videos\0359.mp4
360,aesthetic_appreciation,0.3846200108528137,C:\Users\kragh\OneDrive\Documents\HrudayCodingProjects\TribeV2WebAnalyzer\TribeV2\scout_data\horikawaCode\videos\0360.mp4
361,amusement,0.833329975605011,C:\Users\kragh\OneDrive\Documents\HrudayCodingProjects\TribeV2WebAnalyzer\TribeV2\scout_data\horikawaCode\videos\0361.mp4
362,sexual_desire,0.708329975605011,C:\Users\kragh\OneDrive\Documents\HrudayCodingProjects\TribeV2WebAnalyzer\TribeV2\scout_data\horikawaCode\videos\0362.mp4
363,relief,0.583329975605011,C:\Users\kragh\OneDrive\Documents\HrudayCodingProjects\TribeV2WebAnalyzer\TribeV2\scout_data\horikawaCode\videos\0363.mp4
364,fear,0.583329975605011,C:\Users\kragh\OneDrive\Documents\HrudayCodingProjects\TribeV2WebAnalyzer\TribeV2\scout_data\horikawaCode\videos\0364.mp4
365,craving,0.708329975605011,C:\Users\kragh\OneDrive\Documents\HrudayCodingProjects\TribeV2WebAnalyzer\TribeV2\scout_data\horikawaCode\videos\0365.mp4
366,adoration,0.708329975605011,C:\Users\kragh\OneDrive\Documents\HrudayCodingProjects\TribeV2WebAnalyzer\TribeV2\scout_data\horikawaCode\videos\0366.mp4
367,confusion,0.666670024394989,C:\Users\kragh\OneDrive\Documents\HrudayCodingProjects\TribeV2WebAnalyzer\TribeV2\scout_data\horikawaCode\videos\0367.mp4
368,nostalgia,0.791670024394989,C:\Users\kragh\OneDrive\Documents\HrudayCodingProjects\TribeV2WebAnalyzer\TribeV2\scout_data\horikawaCode\videos\0368.mp4
369,romance,0.833329975605011,C:\Users\kragh\OneDrive\Documents\HrudayCodingProjects\TribeV2WebAnalyzer\TribeV2\scout_data\horikawaCode\videos\0369.mp4
370,anxiety,0.583329975605011,C:\Users\kragh\OneDrive\Documents\HrudayCodingProjects\TribeV2WebAnalyzer\TribeV2\scout_data\horikawaCode\videos\0370.mp4
371,amusement,0.75,C:\Users\kragh\OneDrive\Documents\HrudayCodingProjects\TribeV2WebAnalyzer\TribeV2\scout_data\horikawaCode\videos\0371.mp4
372,anxiety,0.625,C:\Users\kragh\OneDrive\Documents\HrudayCodingProjects\TribeV2WebAnalyzer\TribeV2\scout_data\horikawaCode\videos\0372.mp4
373,sexual_desire,0.3333300054073334,C:\Users\kragh\OneDrive\Documents\HrudayCodingProjects\TribeV2WebAnalyzer\TribeV2\scout_data\horikawaCode\videos\0373.mp4
374,fear,0.666670024394989,C:\Users\kragh\OneDrive\Documents\HrudayCodingProjects\TribeV2WebAnalyzer\TribeV2\scout_data\horikawaCode\videos\0374.mp4
375,anxiety,0.583329975605011,C:\Users\kragh\OneDrive\Documents\HrudayCodingProjects\TribeV2WebAnalyzer\TribeV2\scout_data\horikawaCode\videos\0375.mp4
376,sexual_desire,0.916670024394989,C:\Users\kragh\OneDrive\Documents\HrudayCodingProjects\TribeV2WebAnalyzer\TribeV2\scout_data\horikawaCode\videos\0376.mp4
377,anxiety,0.708329975605011,C:\Users\kragh\OneDrive\Documents\HrudayCodingProjects\TribeV2WebAnalyzer\TribeV2\scout_data\horikawaCode\videos\0377.mp4
378,nostalgia,0.666670024394989,C:\Users\kragh\OneDrive\Documents\HrudayCodingProjects\TribeV2WebAnalyzer\TribeV2\scout_data\horikawaCode\videos\0378.mp4
379,fear,0.666670024394989,C:\Users\kragh\OneDrive\Documents\HrudayCodingProjects\TribeV2WebAnalyzer\TribeV2\scout_data\horikawaCode\videos\0379.mp4
380,amusement,0.666670024394989,C:\Users\kragh\OneDrive\Documents\HrudayCodingProjects\TribeV2WebAnalyzer\TribeV2\scout_data\horikawaCode\videos\0380.mp4
381,awe,0.583329975605011,C:\Users\kragh\OneDrive\Documents\HrudayCodingProjects\TribeV2WebAnalyzer\TribeV2\scout_data\horikawaCode\videos\0381.mp4
382,confusion,0.583329975605011,C:\Users\kragh\OneDrive\Documents\HrudayCodingProjects\TribeV2WebAnalyzer\TribeV2\scout_data\horikawaCode\videos\0382.mp4
383,disgust,0.666670024394989,C:\Users\kragh\OneDrive\Documents\HrudayCodingProjects\TribeV2WebAnalyzer\TribeV2\scout_data\horikawaCode\videos\0383.mp4
384,aesthetic_appreciation,0.583329975605011,C:\Users\kragh\OneDrive\Documents\HrudayCodingProjects\TribeV2WebAnalyzer\TribeV2\scout_data\horikawaCode\videos\0384.mp4
385,anxiety,0.75,C:\Users\kragh\OneDrive\Documents\HrudayCodingProjects\TribeV2WebAnalyzer\TribeV2\scout_data\horikawaCode\videos\0385.mp4
386,awe,0.4166699945926666,C:\Users\kragh\OneDrive\Documents\HrudayCodingProjects\TribeV2WebAnalyzer\TribeV2\scout_data\horikawaCode\videos\0386.mp4
387,horror,0.583329975605011,C:\Users\kragh\OneDrive\Documents\HrudayCodingProjects\TribeV2WebAnalyzer\TribeV2\scout_data\horikawaCode\videos\0387.mp4
388,amusement,0.583329975605011,C:\Users\kragh\OneDrive\Documents\HrudayCodingProjects\TribeV2WebAnalyzer\TribeV2\scout_data\horikawaCode\videos\0388.mp4
389,fear,0.583329975605011,C:\Users\kragh\OneDrive\Documents\HrudayCodingProjects\TribeV2WebAnalyzer\TribeV2\scout_data\horikawaCode\videos\0389.mp4
390,interest,0.3333300054073334,C:\Users\kragh\OneDrive\Documents\HrudayCodingProjects\TribeV2WebAnalyzer\TribeV2\scout_data\horikawaCode\videos\0390.mp4
391,aesthetic_appreciation,0.6538500189781189,C:\Users\kragh\OneDrive\Documents\HrudayCodingProjects\TribeV2WebAnalyzer\TribeV2\scout_data\horikawaCode\videos\0391.mp4
392,adoration,0.5384600162506104,C:\Users\kragh\OneDrive\Documents\HrudayCodingProjects\TribeV2WebAnalyzer\TribeV2\scout_data\horikawaCode\videos\0392.mp4
393,disgust,0.8461499810218811,C:\Users\kragh\OneDrive\Documents\HrudayCodingProjects\TribeV2WebAnalyzer\TribeV2\scout_data\horikawaCode\videos\0393.mp4
394,interest,0.5384600162506104,C:\Users\kragh\OneDrive\Documents\HrudayCodingProjects\TribeV2WebAnalyzer\TribeV2\scout_data\horikawaCode\videos\0394.mp4
395,fear,0.7692300081253052,C:\Users\kragh\OneDrive\Documents\HrudayCodingProjects\TribeV2WebAnalyzer\TribeV2\scout_data\horikawaCode\videos\0395.mp4
396,aesthetic_appreciation,0.3846200108528137,C:\Users\kragh\OneDrive\Documents\HrudayCodingProjects\TribeV2WebAnalyzer\TribeV2\scout_data\horikawaCode\videos\0396.mp4
397,aesthetic_appreciation,0.6153799891471863,C:\Users\kragh\OneDrive\Documents\HrudayCodingProjects\TribeV2WebAnalyzer\TribeV2\scout_data\horikawaCode\videos\0397.mp4
398,sadness,0.30768999457359314,C:\Users\kragh\OneDrive\Documents\HrudayCodingProjects\TribeV2WebAnalyzer\TribeV2\scout_data\horikawaCode\videos\0398.mp4
399,amusement,0.30768999457359314,C:\Users\kragh\OneDrive\Documents\HrudayCodingProjects\TribeV2WebAnalyzer\TribeV2\scout_data\horikawaCode\videos\0399.mp4
400,romance,0.7307699918746948,C:\Users\kragh\OneDrive\Documents\HrudayCodingProjects\TribeV2WebAnalyzer\TribeV2\scout_data\horikawaCode\videos\0400.mp4
401,sympathy,0.3846200108528137,C:\Users\kragh\OneDrive\Documents\HrudayCodingProjects\TribeV2WebAnalyzer\TribeV2\scout_data\horikawaCode\videos\0401.mp4
402,excitement,0.46154001355171204,C:\Users\kragh\OneDrive\Documents\HrudayCodingProjects\TribeV2WebAnalyzer\TribeV2\scout_data\horikawaCode\videos\0402.mp4
403,amusement,0.6153799891471863,C:\Users\kragh\OneDrive\Documents\HrudayCodingProjects\TribeV2WebAnalyzer\TribeV2\scout_data\horikawaCode\videos\0403.mp4
404,interest,0.4230799973011017,C:\Users\kragh\OneDrive\Documents\HrudayCodingProjects\TribeV2WebAnalyzer\TribeV2\scout_data\horikawaCode\videos\0404.mp4
405,fear,0.3846200108528137,C:\Users\kragh\OneDrive\Documents\HrudayCodingProjects\TribeV2WebAnalyzer\TribeV2\scout_data\horikawaCode\videos\0405.mp4
406,horror,0.6538500189781189,C:\Users\kragh\OneDrive\Documents\HrudayCodingProjects\TribeV2WebAnalyzer\TribeV2\scout_data\horikawaCode\videos\0406.mp4
407,amusement,0.6923099756240845,C:\Users\kragh\OneDrive\Documents\HrudayCodingProjects\TribeV2WebAnalyzer\TribeV2\scout_data\horikawaCode\videos\0407.mp4
408,fear,0.5,C:\Users\kragh\OneDrive\Documents\HrudayCodingProjects\TribeV2WebAnalyzer\TribeV2\scout_data\horikawaCode\videos\0408.mp4
409,awe,0.5,C:\Users\kragh\OneDrive\Documents\HrudayCodingProjects\TribeV2WebAnalyzer\TribeV2\scout_data\horikawaCode\videos\0409.mp4
410,nostalgia,0.46154001355171204,C:\Users\kragh\OneDrive\Documents\HrudayCodingProjects\TribeV2WebAnalyzer\TribeV2\scout_data\horikawaCode\videos\0410.mp4
411,adoration,0.46154001355171204,C:\Users\kragh\OneDrive\Documents\HrudayCodingProjects\TribeV2WebAnalyzer\TribeV2\scout_data\horikawaCode\videos\0411.mp4
412,amusement,0.4230799973011017,C:\Users\kragh\OneDrive\Documents\HrudayCodingProjects\TribeV2WebAnalyzer\TribeV2\scout_data\horikawaCode\videos\0412.mp4
413,adoration,0.5769199728965759,C:\Users\kragh\OneDrive\Documents\HrudayCodingProjects\TribeV2WebAnalyzer\TribeV2\scout_data\horikawaCode\videos\0413.mp4
414,disgust,0.5384600162506104,C:\Users\kragh\OneDrive\Documents\HrudayCodingProjects\TribeV2WebAnalyzer\TribeV2\scout_data\horikawaCode\videos\0414.mp4
415,admiration,0.4230799973011017,C:\Users\kragh\OneDrive\Documents\HrudayCodingProjects\TribeV2WebAnalyzer\TribeV2\scout_data\horikawaCode\videos\0415.mp4
416,amusement,0.7692300081253052,C:\Users\kragh\OneDrive\Documents\HrudayCodingProjects\TribeV2WebAnalyzer\TribeV2\scout_data\horikawaCode\videos\0416.mp4
417,empathic_pain,0.46154001355171204,C:\Users\kragh\OneDrive\Documents\HrudayCodingProjects\TribeV2WebAnalyzer\TribeV2\scout_data\horikawaCode\videos\0417.mp4
418,awe,0.46154001355171204,C:\Users\kragh\OneDrive\Documents\HrudayCodingProjects\TribeV2WebAnalyzer\TribeV2\scout_data\horikawaCode\videos\0418.mp4
419,anxiety,0.6538500189781189,C:\Users\kragh\OneDrive\Documents\HrudayCodingProjects\TribeV2WebAnalyzer\TribeV2\scout_data\horikawaCode\videos\0419.mp4
420,amusement,0.8076900243759155,C:\Users\kragh\OneDrive\Documents\HrudayCodingProjects\TribeV2WebAnalyzer\TribeV2\scout_data\horikawaCode\videos\0420.mp4
421,nostalgia,0.5384600162506104,C:\Users\kragh\OneDrive\Documents\HrudayCodingProjects\TribeV2WebAnalyzer\TribeV2\scout_data\horikawaCode\videos\0421.mp4
422,fear,0.6153799891471863,C:\Users\kragh\OneDrive\Documents\HrudayCodingProjects\TribeV2WebAnalyzer\TribeV2\scout_data\horikawaCode\videos\0422.mp4
423,sexual_desire,0.7692300081253052,C:\Users\kragh\OneDrive\Documents\HrudayCodingProjects\TribeV2WebAnalyzer\TribeV2\scout_data\horikawaCode\videos\0423.mp4
424,amusement,0.3461500108242035,C:\Users\kragh\OneDrive\Documents\HrudayCodingProjects\TribeV2WebAnalyzer\TribeV2\scout_data\horikawaCode\videos\0424.mp4
425,amusement,0.46154001355171204,C:\Users\kragh\OneDrive\Documents\HrudayCodingProjects\TribeV2WebAnalyzer\TribeV2\scout_data\horikawaCode\videos\0425.mp4
426,interest,0.4230799973011017,C:\Users\kragh\OneDrive\Documents\HrudayCodingProjects\TribeV2WebAnalyzer\TribeV2\scout_data\horikawaCode\videos\0426.mp4
427,sexual_desire,0.6923099756240845,C:\Users\kragh\OneDrive\Documents\HrudayCodingProjects\TribeV2WebAnalyzer\TribeV2\scout_data\horikawaCode\videos\0427.mp4
428,interest,0.3846200108528137,C:\Users\kragh\OneDrive\Documents\HrudayCodingProjects\TribeV2WebAnalyzer\TribeV2\scout_data\horikawaCode\videos\0428.mp4
429,craving,0.6923099756240845,C:\Users\kragh\OneDrive\Documents\HrudayCodingProjects\TribeV2WebAnalyzer\TribeV2\scout_data\horikawaCode\videos\0429.mp4
430,amusement,0.46154001355171204,C:\Users\kragh\OneDrive\Documents\HrudayCodingProjects\TribeV2WebAnalyzer\TribeV2\scout_data\horikawaCode\videos\0430.mp4
431,amusement,0.30768999457359314,C:\Users\kragh\OneDrive\Documents\HrudayCodingProjects\TribeV2WebAnalyzer\TribeV2\scout_data\horikawaCode\videos\0431.mp4
432,amusement,0.4230799973011017,C:\Users\kragh\OneDrive\Documents\HrudayCodingProjects\TribeV2WebAnalyzer\TribeV2\scout_data\horikawaCode\videos\0432.mp4
433,romance,0.5769199728965759,C:\Users\kragh\OneDrive\Documents\HrudayCodingProjects\TribeV2WebAnalyzer\TribeV2\scout_data\horikawaCode\videos\0433.mp4
434,disgust,0.6538500189781189,C:\Users\kragh\OneDrive\Documents\HrudayCodingProjects\TribeV2WebAnalyzer\TribeV2\scout_data\horikawaCode\videos\0434.mp4
435,anxiety,0.4230799973011017,C:\Users\kragh\OneDrive\Documents\HrudayCodingProjects\TribeV2WebAnalyzer\TribeV2\scout_data\horikawaCode\videos\0435.mp4
436,anxiety,0.46154001355171204,C:\Users\kragh\OneDrive\Documents\HrudayCodingProjects\TribeV2WebAnalyzer\TribeV2\scout_data\horikawaCode\videos\0436.mp4
437,fear,0.5384600162506104,C:\Users\kragh\OneDrive\Documents\HrudayCodingProjects\TribeV2WebAnalyzer\TribeV2\scout_data\horikawaCode\videos\0437.mp4
438,amusement,0.4230799973011017,C:\Users\kragh\OneDrive\Documents\HrudayCodingProjects\TribeV2WebAnalyzer\TribeV2\scout_data\horikawaCode\videos\0438.mp4
439,confusion,0.30768999457359314,C:\Users\kragh\OneDrive\Documents\HrudayCodingProjects\TribeV2WebAnalyzer\TribeV2\scout_data\horikawaCode\videos\0439.mp4
440,amusement,0.46154001355171204,C:\Users\kragh\OneDrive\Documents\HrudayCodingProjects\TribeV2WebAnalyzer\TribeV2\scout_data\horikawaCode\videos\0440.mp4
441,disgust,0.46154001355171204,C:\Users\kragh\OneDrive\Documents\HrudayCodingProjects\TribeV2WebAnalyzer\TribeV2\scout_data\horikawaCode\videos\0441.mp4
442,amusement,0.6153799891471863,C:\Users\kragh\OneDrive\Documents\HrudayCodingProjects\TribeV2WebAnalyzer\TribeV2\scout_data\horikawaCode\videos\0442.mp4
443,fear,0.3846200108528137,C:\Users\kragh\OneDrive\Documents\HrudayCodingProjects\TribeV2WebAnalyzer\TribeV2\scout_data\horikawaCode\videos\0443.mp4
444,disgust,0.5769199728965759,C:\Users\kragh\OneDrive\Documents\HrudayCodingProjects\TribeV2WebAnalyzer\TribeV2\scout_data\horikawaCode\videos\0444.mp4
445,sadness,0.3846200108528137,C:\Users\kragh\OneDrive\Documents\HrudayCodingProjects\TribeV2WebAnalyzer\TribeV2\scout_data\horikawaCode\videos\0445.mp4
446,aesthetic_appreciation,0.30768999457359314,C:\Users\kragh\OneDrive\Documents\HrudayCodingProjects\TribeV2WebAnalyzer\TribeV2\scout_data\horikawaCode\videos\0446.mp4
447,amusement,0.5769199728965759,C:\Users\kragh\OneDrive\Documents\HrudayCodingProjects\TribeV2WebAnalyzer\TribeV2\scout_data\horikawaCode\videos\0447.mp4
448,fear,0.30768999457359314,C:\Users\kragh\OneDrive\Documents\HrudayCodingProjects\TribeV2WebAnalyzer\TribeV2\scout_data\horikawaCode\videos\0448.mp4
449,entrancement,0.30768999457359314,C:\Users\kragh\OneDrive\Documents\HrudayCodingProjects\TribeV2WebAnalyzer\TribeV2\scout_data\horikawaCode\videos\0449.mp4
450,fear,0.46154001355171204,C:\Users\kragh\OneDrive\Documents\HrudayCodingProjects\TribeV2WebAnalyzer\TribeV2\scout_data\horikawaCode\videos\0450.mp4
451,surprise,0.5,C:\Users\kragh\OneDrive\Documents\HrudayCodingProjects\TribeV2WebAnalyzer\TribeV2\scout_data\horikawaCode\videos\0451.mp4
452,amusement,0.666670024394989,C:\Users\kragh\OneDrive\Documents\HrudayCodingProjects\TribeV2WebAnalyzer\TribeV2\scout_data\horikawaCode\videos\0452.mp4
453,confusion,0.75,C:\Users\kragh\OneDrive\Documents\HrudayCodingProjects\TribeV2WebAnalyzer\TribeV2\scout_data\horikawaCode\videos\0453.mp4
454,joy,0.4166699945926666,C:\Users\kragh\OneDrive\Documents\HrudayCodingProjects\TribeV2WebAnalyzer\TribeV2\scout_data\horikawaCode\videos\0454.mp4
455,romance,0.4166699945926666,C:\Users\kragh\OneDrive\Documents\HrudayCodingProjects\TribeV2WebAnalyzer\TribeV2\scout_data\horikawaCode\videos\0455.mp4
456,romance,0.75,C:\Users\kragh\OneDrive\Documents\HrudayCodingProjects\TribeV2WebAnalyzer\TribeV2\scout_data\horikawaCode\videos\0456.mp4
457,amusement,0.4166699945926666,C:\Users\kragh\OneDrive\Documents\HrudayCodingProjects\TribeV2WebAnalyzer\TribeV2\scout_data\horikawaCode\videos\0457.mp4
458,craving,1.0,C:\Users\kragh\OneDrive\Documents\HrudayCodingProjects\TribeV2WebAnalyzer\TribeV2\scout_data\horikawaCode\videos\0458.mp4
459,amusement,0.4166699945926666,C:\Users\kragh\OneDrive\Documents\HrudayCodingProjects\TribeV2WebAnalyzer\TribeV2\scout_data\horikawaCode\videos\0459.mp4
460,anxiety,0.583329975605011,C:\Users\kragh\OneDrive\Documents\HrudayCodingProjects\TribeV2WebAnalyzer\TribeV2\scout_data\horikawaCode\videos\0460.mp4
461,horror,0.583329975605011,C:\Users\kragh\OneDrive\Documents\HrudayCodingProjects\TribeV2WebAnalyzer\TribeV2\scout_data\horikawaCode\videos\0461.mp4
462,amusement,0.5,C:\Users\kragh\OneDrive\Documents\HrudayCodingProjects\TribeV2WebAnalyzer\TribeV2\scout_data\horikawaCode\videos\0462.mp4
463,amusement,0.4166699945926666,C:\Users\kragh\OneDrive\Documents\HrudayCodingProjects\TribeV2WebAnalyzer\TribeV2\scout_data\horikawaCode\videos\0463.mp4
464,disgust,0.666670024394989,C:\Users\kragh\OneDrive\Documents\HrudayCodingProjects\TribeV2WebAnalyzer\TribeV2\scout_data\horikawaCode\videos\0464.mp4
465,sexual_desire,0.75,C:\Users\kragh\OneDrive\Documents\HrudayCodingProjects\TribeV2WebAnalyzer\TribeV2\scout_data\horikawaCode\videos\0465.mp4
466,interest,0.4166699945926666,C:\Users\kragh\OneDrive\Documents\HrudayCodingProjects\TribeV2WebAnalyzer\TribeV2\scout_data\horikawaCode\videos\0466.mp4
467,amusement,0.583329975605011,C:\Users\kragh\OneDrive\Documents\HrudayCodingProjects\TribeV2WebAnalyzer\TribeV2\scout_data\horikawaCode\videos\0467.mp4
468,surprise,0.583329975605011,C:\Users\kragh\OneDrive\Documents\HrudayCodingProjects\TribeV2WebAnalyzer\TribeV2\scout_data\horikawaCode\videos\0468.mp4
469,amusement,0.5,C:\Users\kragh\OneDrive\Documents\HrudayCodingProjects\TribeV2WebAnalyzer\TribeV2\scout_data\horikawaCode\videos\0469.mp4
470,awe,0.25,C:\Users\kragh\OneDrive\Documents\HrudayCodingProjects\TribeV2WebAnalyzer\TribeV2\scout_data\horikawaCode\videos\0470.mp4
471,aesthetic_appreciation,0.5,C:\Users\kragh\OneDrive\Documents\HrudayCodingProjects\TribeV2WebAnalyzer\TribeV2\scout_data\horikawaCode\videos\0471.mp4
472,amusement,0.3333300054073334,C:\Users\kragh\OneDrive\Documents\HrudayCodingProjects\TribeV2WebAnalyzer\TribeV2\scout_data\horikawaCode\videos\0472.mp4
473,sexual_desire,0.3333300054073334,C:\Users\kragh\OneDrive\Documents\HrudayCodingProjects\TribeV2WebAnalyzer\TribeV2\scout_data\horikawaCode\videos\0473.mp4
474,fear,0.4166699945926666,C:\Users\kragh\OneDrive\Documents\HrudayCodingProjects\TribeV2WebAnalyzer\TribeV2\scout_data\horikawaCode\videos\0474.mp4
475,aesthetic_appreciation,0.4166699945926666,C:\Users\kragh\OneDrive\Documents\HrudayCodingProjects\TribeV2WebAnalyzer\TribeV2\scout_data\horikawaCode\videos\0475.mp4
476,aesthetic_appreciation,0.4166699945926666,C:\Users\kragh\OneDrive\Documents\HrudayCodingProjects\TribeV2WebAnalyzer\TribeV2\scout_data\horikawaCode\videos\0476.mp4
477,sadness,0.25,C:\Users\kragh\OneDrive\Documents\HrudayCodingProjects\TribeV2WebAnalyzer\TribeV2\scout_data\horikawaCode\videos\0477.mp4
478,aesthetic_appreciation,0.4166699945926666,C:\Users\kragh\OneDrive\Documents\HrudayCodingProjects\TribeV2WebAnalyzer\TribeV2\scout_data\horikawaCode\videos\0478.mp4
479,adoration,0.5,C:\Users\kragh\OneDrive\Documents\HrudayCodingProjects\TribeV2WebAnalyzer\TribeV2\scout_data\horikawaCode\videos\0479.mp4
480,joy,0.5,C:\Users\kragh\OneDrive\Documents\HrudayCodingProjects\TribeV2WebAnalyzer\TribeV2\scout_data\horikawaCode\videos\0480.mp4
481,horror,0.6499999761581421,C:\Users\kragh\OneDrive\Documents\HrudayCodingProjects\TribeV2WebAnalyzer\TribeV2\scout_data\horikawaCode\videos\0481.mp4
482,fear,0.6000000238418579,C:\Users\kragh\OneDrive\Documents\HrudayCodingProjects\TribeV2WebAnalyzer\TribeV2\scout_data\horikawaCode\videos\0482.mp4
483,adoration,0.6000000238418579,C:\Users\kragh\OneDrive\Documents\HrudayCodingProjects\TribeV2WebAnalyzer\TribeV2\scout_data\horikawaCode\videos\0483.mp4
484,boredom,0.4000000059604645,C:\Users\kragh\OneDrive\Documents\HrudayCodingProjects\TribeV2WebAnalyzer\TribeV2\scout_data\horikawaCode\videos\0484.mp4
485,interest,0.4000000059604645,C:\Users\kragh\OneDrive\Documents\HrudayCodingProjects\TribeV2WebAnalyzer\TribeV2\scout_data\horikawaCode\videos\0485.mp4
486,amusement,0.699999988079071,C:\Users\kragh\OneDrive\Documents\HrudayCodingProjects\TribeV2WebAnalyzer\TribeV2\scout_data\horikawaCode\videos\0486.mp4
487,awe,0.6000000238418579,C:\Users\kragh\OneDrive\Documents\HrudayCodingProjects\TribeV2WebAnalyzer\TribeV2\scout_data\horikawaCode\videos\0487.mp4
488,awe,0.44999998807907104,C:\Users\kragh\OneDrive\Documents\HrudayCodingProjects\TribeV2WebAnalyzer\TribeV2\scout_data\horikawaCode\videos\0488.mp4
489,anxiety,0.699999988079071,C:\Users\kragh\OneDrive\Documents\HrudayCodingProjects\TribeV2WebAnalyzer\TribeV2\scout_data\horikawaCode\videos\0489.mp4
490,sadness,0.3499999940395355,C:\Users\kragh\OneDrive\Documents\HrudayCodingProjects\TribeV2WebAnalyzer\TribeV2\scout_data\horikawaCode\videos\0490.mp4
491,amusement,0.5,C:\Users\kragh\OneDrive\Documents\HrudayCodingProjects\TribeV2WebAnalyzer\TribeV2\scout_data\horikawaCode\videos\0491.mp4
492,anxiety,0.30000001192092896,C:\Users\kragh\OneDrive\Documents\HrudayCodingProjects\TribeV2WebAnalyzer\TribeV2\scout_data\horikawaCode\videos\0492.mp4
493,aesthetic_appreciation,0.5,C:\Users\kragh\OneDrive\Documents\HrudayCodingProjects\TribeV2WebAnalyzer\TribeV2\scout_data\horikawaCode\videos\0493.mp4
494,disgust,0.5,C:\Users\kragh\OneDrive\Documents\HrudayCodingProjects\TribeV2WebAnalyzer\TribeV2\scout_data\horikawaCode\videos\0494.mp4
495,confusion,0.8999999761581421,C:\Users\kragh\OneDrive\Documents\HrudayCodingProjects\TribeV2WebAnalyzer\TribeV2\scout_data\horikawaCode\videos\0495.mp4
496,aesthetic_appreciation,0.4000000059604645,C:\Users\kragh\OneDrive\Documents\HrudayCodingProjects\TribeV2WebAnalyzer\TribeV2\scout_data\horikawaCode\videos\0496.mp4
497,amusement,0.3499999940395355,C:\Users\kragh\OneDrive\Documents\HrudayCodingProjects\TribeV2WebAnalyzer\TribeV2\scout_data\horikawaCode\videos\0497.mp4
498,amusement,0.44999998807907104,C:\Users\kragh\OneDrive\Documents\HrudayCodingProjects\TribeV2WebAnalyzer\TribeV2\scout_data\horikawaCode\videos\0498.mp4
499,entrancement,0.6000000238418579,C:\Users\kragh\OneDrive\Documents\HrudayCodingProjects\TribeV2WebAnalyzer\TribeV2\scout_data\horikawaCode\videos\0499.mp4
500,interest,0.550000011920929,C:\Users\kragh\OneDrive\Documents\HrudayCodingProjects\TribeV2WebAnalyzer\TribeV2\scout_data\horikawaCode\videos\0500.mp4
501,sexual_desire,0.8999999761581421,C:\Users\kragh\OneDrive\Documents\HrudayCodingProjects\TribeV2WebAnalyzer\TribeV2\scout_data\horikawaCode\videos\0501.mp4
502,interest,0.4000000059604645,C:\Users\kragh\OneDrive\Documents\HrudayCodingProjects\TribeV2WebAnalyzer\TribeV2\scout_data\horikawaCode\videos\0502.mp4
503,amusement,0.800000011920929,C:\Users\kragh\OneDrive\Documents\HrudayCodingProjects\TribeV2WebAnalyzer\TribeV2\scout_data\horikawaCode\videos\0503.mp4
504,fear,0.699999988079071,C:\Users\kragh\OneDrive\Documents\HrudayCodingProjects\TribeV2WebAnalyzer\TribeV2\scout_data\horikawaCode\videos\0504.mp4
505,confusion,0.699999988079071,C:\Users\kragh\OneDrive\Documents\HrudayCodingProjects\TribeV2WebAnalyzer\TribeV2\scout_data\horikawaCode\videos\0505.mp4
506,triumph,0.3499999940395355,C:\Users\kragh\OneDrive\Documents\HrudayCodingProjects\TribeV2WebAnalyzer\TribeV2\scout_data\horikawaCode\videos\0506.mp4
507,romance,0.699999988079071,C:\Users\kragh\OneDrive\Documents\HrudayCodingProjects\TribeV2WebAnalyzer\TribeV2\scout_data\horikawaCode\videos\0507.mp4
508,sexual_desire,0.5,C:\Users\kragh\OneDrive\Documents\HrudayCodingProjects\TribeV2WebAnalyzer\TribeV2\scout_data\horikawaCode\videos\0508.mp4
509,surprise,0.75,C:\Users\kragh\OneDrive\Documents\HrudayCodingProjects\TribeV2WebAnalyzer\TribeV2\scout_data\horikawaCode\videos\0509.mp4
510,confusion,0.8999999761581421,C:\Users\kragh\OneDrive\Documents\HrudayCodingProjects\TribeV2WebAnalyzer\TribeV2\scout_data\horikawaCode\videos\0510.mp4
511,sexual_desire,0.833329975605011,C:\Users\kragh\OneDrive\Documents\HrudayCodingProjects\TribeV2WebAnalyzer\TribeV2\scout_data\horikawaCode\videos\0511.mp4
512,confusion,0.583329975605011,C:\Users\kragh\OneDrive\Documents\HrudayCodingProjects\TribeV2WebAnalyzer\TribeV2\scout_data\horikawaCode\videos\0512.mp4
513,disgust,0.5,C:\Users\kragh\OneDrive\Documents\HrudayCodingProjects\TribeV2WebAnalyzer\TribeV2\scout_data\horikawaCode\videos\0513.mp4
514,disgust,0.583329975605011,C:\Users\kragh\OneDrive\Documents\HrudayCodingProjects\TribeV2WebAnalyzer\TribeV2\scout_data\horikawaCode\videos\0514.mp4
515,aesthetic_appreciation,0.583329975605011,C:\Users\kragh\OneDrive\Documents\HrudayCodingProjects\TribeV2WebAnalyzer\TribeV2\scout_data\horikawaCode\videos\0515.mp4
516,aesthetic_appreciation,0.3333300054073334,C:\Users\kragh\OneDrive\Documents\HrudayCodingProjects\TribeV2WebAnalyzer\TribeV2\scout_data\horikawaCode\videos\0516.mp4
517,fear,0.666670024394989,C:\Users\kragh\OneDrive\Documents\HrudayCodingProjects\TribeV2WebAnalyzer\TribeV2\scout_data\horikawaCode\videos\0517.mp4
518,adoration,0.5,C:\Users\kragh\OneDrive\Documents\HrudayCodingProjects\TribeV2WebAnalyzer\TribeV2\scout_data\horikawaCode\videos\0518.mp4
519,aesthetic_appreciation,0.583329975605011,C:\Users\kragh\OneDrive\Documents\HrudayCodingProjects\TribeV2WebAnalyzer\TribeV2\scout_data\horikawaCode\videos\0519.mp4
520,sexual_desire,0.833329975605011,C:\Users\kragh\OneDrive\Documents\HrudayCodingProjects\TribeV2WebAnalyzer\TribeV2\scout_data\horikawaCode\videos\0520.mp4
521,amusement,0.583329975605011,C:\Users\kragh\OneDrive\Documents\HrudayCodingProjects\TribeV2WebAnalyzer\TribeV2\scout_data\horikawaCode\videos\0521.mp4
522,empathic_pain,0.5,C:\Users\kragh\OneDrive\Documents\HrudayCodingProjects\TribeV2WebAnalyzer\TribeV2\scout_data\horikawaCode\videos\0522.mp4
523,amusement,0.3333300054073334,C:\Users\kragh\OneDrive\Documents\HrudayCodingProjects\TribeV2WebAnalyzer\TribeV2\scout_data\horikawaCode\videos\0523.mp4
524,fear,0.4166699945926666,C:\Users\kragh\OneDrive\Documents\HrudayCodingProjects\TribeV2WebAnalyzer\TribeV2\scout_data\horikawaCode\videos\0524.mp4
525,adoration,0.5,C:\Users\kragh\OneDrive\Documents\HrudayCodingProjects\TribeV2WebAnalyzer\TribeV2\scout_data\horikawaCode\videos\0525.mp4
526,sexual_desire,0.833329975605011,C:\Users\kragh\OneDrive\Documents\HrudayCodingProjects\TribeV2WebAnalyzer\TribeV2\scout_data\horikawaCode\videos\0526.mp4
527,boredom,0.25,C:\Users\kragh\OneDrive\Documents\HrudayCodingProjects\TribeV2WebAnalyzer\TribeV2\scout_data\horikawaCode\videos\0527.mp4
528,adoration,0.5,C:\Users\kragh\OneDrive\Documents\HrudayCodingProjects\TribeV2WebAnalyzer\TribeV2\scout_data\horikawaCode\videos\0528.mp4
529,disgust,0.75,C:\Users\kragh\OneDrive\Documents\HrudayCodingProjects\TribeV2WebAnalyzer\TribeV2\scout_data\horikawaCode\videos\0529.mp4
530,aesthetic_appreciation,0.666670024394989,C:\Users\kragh\OneDrive\Documents\HrudayCodingProjects\TribeV2WebAnalyzer\TribeV2\scout_data\horikawaCode\videos\0530.mp4
531,craving,0.75,C:\Users\kragh\OneDrive\Documents\HrudayCodingProjects\TribeV2WebAnalyzer\TribeV2\scout_data\horikawaCode\videos\0531.mp4
532,fear,0.5,C:\Users\kragh\OneDrive\Documents\HrudayCodingProjects\TribeV2WebAnalyzer\TribeV2\scout_data\horikawaCode\videos\0532.mp4
533,entrancement,0.4166699945926666,C:\Users\kragh\OneDrive\Documents\HrudayCodingProjects\TribeV2WebAnalyzer\TribeV2\scout_data\horikawaCode\videos\0533.mp4
534,amusement,0.4166699945926666,C:\Users\kragh\OneDrive\Documents\HrudayCodingProjects\TribeV2WebAnalyzer\TribeV2\scout_data\horikawaCode\videos\0534.mp4
535,aesthetic_appreciation,0.75,C:\Users\kragh\OneDrive\Documents\HrudayCodingProjects\TribeV2WebAnalyzer\TribeV2\scout_data\horikawaCode\videos\0535.mp4
536,relief,0.5,C:\Users\kragh\OneDrive\Documents\HrudayCodingProjects\TribeV2WebAnalyzer\TribeV2\scout_data\horikawaCode\videos\0536.mp4
537,boredom,0.4166699945926666,C:\Users\kragh\OneDrive\Documents\HrudayCodingProjects\TribeV2WebAnalyzer\TribeV2\scout_data\horikawaCode\videos\0537.mp4
538,awe,0.4166699945926666,C:\Users\kragh\OneDrive\Documents\HrudayCodingProjects\TribeV2WebAnalyzer\TribeV2\scout_data\horikawaCode\videos\0538.mp4
539,sexual_desire,0.833329975605011,C:\Users\kragh\OneDrive\Documents\HrudayCodingProjects\TribeV2WebAnalyzer\TribeV2\scout_data\horikawaCode\videos\0539.mp4
540,excitement,0.5,C:\Users\kragh\OneDrive\Documents\HrudayCodingProjects\TribeV2WebAnalyzer\TribeV2\scout_data\horikawaCode\videos\0540.mp4
541,aesthetic_appreciation,0.5384600162506104,C:\Users\kragh\OneDrive\Documents\HrudayCodingProjects\TribeV2WebAnalyzer\TribeV2\scout_data\horikawaCode\videos\0541.mp4
542,craving,0.46154001355171204,C:\Users\kragh\OneDrive\Documents\HrudayCodingProjects\TribeV2WebAnalyzer\TribeV2\scout_data\horikawaCode\videos\0542.mp4
543,romance,0.46154001355171204,C:\Users\kragh\OneDrive\Documents\HrudayCodingProjects\TribeV2WebAnalyzer\TribeV2\scout_data\horikawaCode\videos\0543.mp4
544,amusement,0.46154001355171204,C:\Users\kragh\OneDrive\Documents\HrudayCodingProjects\TribeV2WebAnalyzer\TribeV2\scout_data\horikawaCode\videos\0544.mp4
545,amusement,0.46154001355171204,C:\Users\kragh\OneDrive\Documents\HrudayCodingProjects\TribeV2WebAnalyzer\TribeV2\scout_data\horikawaCode\videos\0545.mp4
546,awe,0.5,C:\Users\kragh\OneDrive\Documents\HrudayCodingProjects\TribeV2WebAnalyzer\TribeV2\scout_data\horikawaCode\videos\0546.mp4
547,aesthetic_appreciation,0.3846200108528137,C:\Users\kragh\OneDrive\Documents\HrudayCodingProjects\TribeV2WebAnalyzer\TribeV2\scout_data\horikawaCode\videos\0547.mp4
548,fear,0.5384600162506104,C:\Users\kragh\OneDrive\Documents\HrudayCodingProjects\TribeV2WebAnalyzer\TribeV2\scout_data\horikawaCode\videos\0548.mp4
549,amusement,0.23077000677585602,C:\Users\kragh\OneDrive\Documents\HrudayCodingProjects\TribeV2WebAnalyzer\TribeV2\scout_data\horikawaCode\videos\0549.mp4
550,excitement,0.46154001355171204,C:\Users\kragh\OneDrive\Documents\HrudayCodingProjects\TribeV2WebAnalyzer\TribeV2\scout_data\horikawaCode\videos\0550.mp4
551,disgust,0.9230800271034241,C:\Users\kragh\OneDrive\Documents\HrudayCodingProjects\TribeV2WebAnalyzer\TribeV2\scout_data\horikawaCode\videos\0551.mp4
552,sexual_desire,0.3846200108528137,C:\Users\kragh\OneDrive\Documents\HrudayCodingProjects\TribeV2WebAnalyzer\TribeV2\scout_data\horikawaCode\videos\0552.mp4
553,awe,0.5,C:\Users\kragh\OneDrive\Documents\HrudayCodingProjects\TribeV2WebAnalyzer\TribeV2\scout_data\horikawaCode\videos\0553.mp4
554,fear,0.30768999457359314,C:\Users\kragh\OneDrive\Documents\HrudayCodingProjects\TribeV2WebAnalyzer\TribeV2\scout_data\horikawaCode\videos\0554.mp4
555,aesthetic_appreciation,0.46154001355171204,C:\Users\kragh\OneDrive\Documents\HrudayCodingProjects\TribeV2WebAnalyzer\TribeV2\scout_data\horikawaCode\videos\0555.mp4
556,sexual_desire,1.0,C:\Users\kragh\OneDrive\Documents\HrudayCodingProjects\TribeV2WebAnalyzer\TribeV2\scout_data\horikawaCode\videos\0556.mp4
557,disgust,0.23077000677585602,C:\Users\kragh\OneDrive\Documents\HrudayCodingProjects\TribeV2WebAnalyzer\TribeV2\scout_data\horikawaCode\videos\0557.mp4
558,fear,0.5384600162506104,C:\Users\kragh\OneDrive\Documents\HrudayCodingProjects\TribeV2WebAnalyzer\TribeV2\scout_data\horikawaCode\videos\0558.mp4
559,amusement,0.3846200108528137,C:\Users\kragh\OneDrive\Documents\HrudayCodingProjects\TribeV2WebAnalyzer\TribeV2\scout_data\horikawaCode\videos\0559.mp4
560,romance,0.7692300081253052,C:\Users\kragh\OneDrive\Documents\HrudayCodingProjects\TribeV2WebAnalyzer\TribeV2\scout_data\horikawaCode\videos\0560.mp4
561,craving,0.46154001355171204,C:\Users\kragh\OneDrive\Documents\HrudayCodingProjects\TribeV2WebAnalyzer\TribeV2\scout_data\horikawaCode\videos\0561.mp4
562,sexual_desire,0.6923099756240845,C:\Users\kragh\OneDrive\Documents\HrudayCodingProjects\TribeV2WebAnalyzer\TribeV2\scout_data\horikawaCode\videos\0562.mp4
563,fear,0.3846200108528137,C:\Users\kragh\OneDrive\Documents\HrudayCodingProjects\TribeV2WebAnalyzer\TribeV2\scout_data\horikawaCode\videos\0563.mp4
564,fear,0.6923099756240845,C:\Users\kragh\OneDrive\Documents\HrudayCodingProjects\TribeV2WebAnalyzer\TribeV2\scout_data\horikawaCode\videos\0564.mp4
565,horror,0.6923099756240845,C:\Users\kragh\OneDrive\Documents\HrudayCodingProjects\TribeV2WebAnalyzer\TribeV2\scout_data\horikawaCode\videos\0565.mp4
566,disgust,0.6923099756240845,C:\Users\kragh\OneDrive\Documents\HrudayCodingProjects\TribeV2WebAnalyzer\TribeV2\scout_data\horikawaCode\videos\0566.mp4
567,sexual_desire,0.7692300081253052,C:\Users\kragh\OneDrive\Documents\HrudayCodingProjects\TribeV2WebAnalyzer\TribeV2\scout_data\horikawaCode\videos\0567.mp4
568,fear,0.46154001355171204,C:\Users\kragh\OneDrive\Documents\HrudayCodingProjects\TribeV2WebAnalyzer\TribeV2\scout_data\horikawaCode\videos\0568.mp4
569,aesthetic_appreciation,0.3461500108242035,C:\Users\kragh\OneDrive\Documents\HrudayCodingProjects\TribeV2WebAnalyzer\TribeV2\scout_data\horikawaCode\videos\0569.mp4
570,relief,0.5384600162506104,C:\Users\kragh\OneDrive\Documents\HrudayCodingProjects\TribeV2WebAnalyzer\TribeV2\scout_data\horikawaCode\videos\0570.mp4
571,craving,0.625,C:\Users\kragh\OneDrive\Documents\HrudayCodingProjects\TribeV2WebAnalyzer\TribeV2\scout_data\horikawaCode\videos\0571.mp4
572,amusement,0.46875,C:\Users\kragh\OneDrive\Documents\HrudayCodingProjects\TribeV2WebAnalyzer\TribeV2\scout_data\horikawaCode\videos\0572.mp4
573,adoration,0.5625,C:\Users\kragh\OneDrive\Documents\HrudayCodingProjects\TribeV2WebAnalyzer\TribeV2\scout_data\horikawaCode\videos\0573.mp4
574,amusement,0.875,C:\Users\kragh\OneDrive\Documents\HrudayCodingProjects\TribeV2WebAnalyzer\TribeV2\scout_data\horikawaCode\videos\0574.mp4
575,confusion,0.4375,C:\Users\kragh\OneDrive\Documents\HrudayCodingProjects\TribeV2WebAnalyzer\TribeV2\scout_data\horikawaCode\videos\0575.mp4
576,amusement,0.4375,C:\Users\kragh\OneDrive\Documents\HrudayCodingProjects\TribeV2WebAnalyzer\TribeV2\scout_data\horikawaCode\videos\0576.mp4
577,amusement,0.5,C:\Users\kragh\OneDrive\Documents\HrudayCodingProjects\TribeV2WebAnalyzer\TribeV2\scout_data\horikawaCode\videos\0577.mp4
578,amusement,0.875,C:\Users\kragh\OneDrive\Documents\HrudayCodingProjects\TribeV2WebAnalyzer\TribeV2\scout_data\horikawaCode\videos\0578.mp4
579,amusement,0.5625,C:\Users\kragh\OneDrive\Documents\HrudayCodingProjects\TribeV2WebAnalyzer\TribeV2\scout_data\horikawaCode\videos\0579.mp4
580,aesthetic_appreciation,0.5625,C:\Users\kragh\OneDrive\Documents\HrudayCodingProjects\TribeV2WebAnalyzer\TribeV2\scout_data\horikawaCode\videos\0580.mp4
581,awe,0.53125,C:\Users\kragh\OneDrive\Documents\HrudayCodingProjects\TribeV2WebAnalyzer\TribeV2\scout_data\horikawaCode\videos\0581.mp4
582,amusement,0.625,C:\Users\kragh\OneDrive\Documents\HrudayCodingProjects\TribeV2WebAnalyzer\TribeV2\scout_data\horikawaCode\videos\0582.mp4
583,awe,0.46875,C:\Users\kragh\OneDrive\Documents\HrudayCodingProjects\TribeV2WebAnalyzer\TribeV2\scout_data\horikawaCode\videos\0583.mp4
584,adoration,0.5625,C:\Users\kragh\OneDrive\Documents\HrudayCodingProjects\TribeV2WebAnalyzer\TribeV2\scout_data\horikawaCode\videos\0584.mp4
585,aesthetic_appreciation,0.3125,C:\Users\kragh\OneDrive\Documents\HrudayCodingProjects\TribeV2WebAnalyzer\TribeV2\scout_data\horikawaCode\videos\0585.mp4
586,awe,0.4375,C:\Users\kragh\OneDrive\Documents\HrudayCodingProjects\TribeV2WebAnalyzer\TribeV2\scout_data\horikawaCode\videos\0586.mp4
587,sexual_desire,0.6875,C:\Users\kragh\OneDrive\Documents\HrudayCodingProjects\TribeV2WebAnalyzer\TribeV2\scout_data\horikawaCode\videos\0587.mp4
588,surprise,0.25,C:\Users\kragh\OneDrive\Documents\HrudayCodingProjects\TribeV2WebAnalyzer\TribeV2\scout_data\horikawaCode\videos\0588.mp4
589,awe,0.5,C:\Users\kragh\OneDrive\Documents\HrudayCodingProjects\TribeV2WebAnalyzer\TribeV2\scout_data\horikawaCode\videos\0589.mp4
590,calmness,0.5,C:\Users\kragh\OneDrive\Documents\HrudayCodingProjects\TribeV2WebAnalyzer\TribeV2\scout_data\horikawaCode\videos\0590.mp4
591,amusement,0.3125,C:\Users\kragh\OneDrive\Documents\HrudayCodingProjects\TribeV2WebAnalyzer\TribeV2\scout_data\horikawaCode\videos\0591.mp4
592,amusement,0.46875,C:\Users\kragh\OneDrive\Documents\HrudayCodingProjects\TribeV2WebAnalyzer\TribeV2\scout_data\horikawaCode\videos\0592.mp4
593,joy,0.65625,C:\Users\kragh\OneDrive\Documents\HrudayCodingProjects\TribeV2WebAnalyzer\TribeV2\scout_data\horikawaCode\videos\0593.mp4
594,awkwardness,0.3125,C:\Users\kragh\OneDrive\Documents\HrudayCodingProjects\TribeV2WebAnalyzer\TribeV2\scout_data\horikawaCode\videos\0594.mp4
595,anger,0.375,C:\Users\kragh\OneDrive\Documents\HrudayCodingProjects\TribeV2WebAnalyzer\TribeV2\scout_data\horikawaCode\videos\0595.mp4
596,confusion,0.5,C:\Users\kragh\OneDrive\Documents\HrudayCodingProjects\TribeV2WebAnalyzer\TribeV2\scout_data\horikawaCode\videos\0596.mp4
597,joy,0.5625,C:\Users\kragh\OneDrive\Documents\HrudayCodingProjects\TribeV2WebAnalyzer\TribeV2\scout_data\horikawaCode\videos\0597.mp4
598,anxiety,0.59375,C:\Users\kragh\OneDrive\Documents\HrudayCodingProjects\TribeV2WebAnalyzer\TribeV2\scout_data\horikawaCode\videos\0598.mp4
599,sexual_desire,0.5625,C:\Users\kragh\OneDrive\Documents\HrudayCodingProjects\TribeV2WebAnalyzer\TribeV2\scout_data\horikawaCode\videos\0599.mp4
600,amusement,0.46875,C:\Users\kragh\OneDrive\Documents\HrudayCodingProjects\TribeV2WebAnalyzer\TribeV2\scout_data\horikawaCode\videos\0600.mp4
601,aesthetic_appreciation,0.75,C:\Users\kragh\OneDrive\Documents\HrudayCodingProjects\TribeV2WebAnalyzer\TribeV2\scout_data\horikawaCode\videos\0601.mp4
602,surprise,0.583329975605011,C:\Users\kragh\OneDrive\Documents\HrudayCodingProjects\TribeV2WebAnalyzer\TribeV2\scout_data\horikawaCode\videos\0602.mp4
603,anxiety,0.4166699945926666,C:\Users\kragh\OneDrive\Documents\HrudayCodingProjects\TribeV2WebAnalyzer\TribeV2\scout_data\horikawaCode\videos\0603.mp4
604,anxiety,0.916670024394989,C:\Users\kragh\OneDrive\Documents\HrudayCodingProjects\TribeV2WebAnalyzer\TribeV2\scout_data\horikawaCode\videos\0604.mp4
605,joy,0.583329975605011,C:\Users\kragh\OneDrive\Documents\HrudayCodingProjects\TribeV2WebAnalyzer\TribeV2\scout_data\horikawaCode\videos\0605.mp4
606,horror,0.916670024394989,C:\Users\kragh\OneDrive\Documents\HrudayCodingProjects\TribeV2WebAnalyzer\TribeV2\scout_data\horikawaCode\videos\0606.mp4
607,surprise,0.5,C:\Users\kragh\OneDrive\Documents\HrudayCodingProjects\TribeV2WebAnalyzer\TribeV2\scout_data\horikawaCode\videos\0607.mp4
608,adoration,0.4166699945926666,C:\Users\kragh\OneDrive\Documents\HrudayCodingProjects\TribeV2WebAnalyzer\TribeV2\scout_data\horikawaCode\videos\0608.mp4
609,amusement,0.666670024394989,C:\Users\kragh\OneDrive\Documents\HrudayCodingProjects\TribeV2WebAnalyzer\TribeV2\scout_data\horikawaCode\videos\0609.mp4
610,boredom,0.666670024394989,C:\Users\kragh\OneDrive\Documents\HrudayCodingProjects\TribeV2WebAnalyzer\TribeV2\scout_data\horikawaCode\videos\0610.mp4
611,sadness,0.75,C:\Users\kragh\OneDrive\Documents\HrudayCodingProjects\TribeV2WebAnalyzer\TribeV2\scout_data\horikawaCode\videos\0611.mp4
612,aesthetic_appreciation,0.5,C:\Users\kragh\OneDrive\Documents\HrudayCodingProjects\TribeV2WebAnalyzer\TribeV2\scout_data\horikawaCode\videos\0612.mp4
613,aesthetic_appreciation,0.3333300054073334,C:\Users\kragh\OneDrive\Documents\HrudayCodingProjects\TribeV2WebAnalyzer\TribeV2\scout_data\horikawaCode\videos\0613.mp4
614,amusement,0.5,C:\Users\kragh\OneDrive\Documents\HrudayCodingProjects\TribeV2WebAnalyzer\TribeV2\scout_data\horikawaCode\videos\0614.mp4
615,anxiety,0.75,C:\Users\kragh\OneDrive\Documents\HrudayCodingProjects\TribeV2WebAnalyzer\TribeV2\scout_data\horikawaCode\videos\0615.mp4
616,aesthetic_appreciation,0.3333300054073334,C:\Users\kragh\OneDrive\Documents\HrudayCodingProjects\TribeV2WebAnalyzer\TribeV2\scout_data\horikawaCode\videos\0616.mp4
617,adoration,0.5,C:\Users\kragh\OneDrive\Documents\HrudayCodingProjects\TribeV2WebAnalyzer\TribeV2\scout_data\horikawaCode\videos\0617.mp4
618,amusement,0.666670024394989,C:\Users\kragh\OneDrive\Documents\HrudayCodingProjects\TribeV2WebAnalyzer\TribeV2\scout_data\horikawaCode\videos\0618.mp4
619,awe,0.4166699945926666,C:\Users\kragh\OneDrive\Documents\HrudayCodingProjects\TribeV2WebAnalyzer\TribeV2\scout_data\horikawaCode\videos\0619.mp4
620,amusement,0.583329975605011,C:\Users\kragh\OneDrive\Documents\HrudayCodingProjects\TribeV2WebAnalyzer\TribeV2\scout_data\horikawaCode\videos\0620.mp4
621,interest,0.5,C:\Users\kragh\OneDrive\Documents\HrudayCodingProjects\TribeV2WebAnalyzer\TribeV2\scout_data\horikawaCode\videos\0621.mp4
622,amusement,0.4166699945926666,C:\Users\kragh\OneDrive\Documents\HrudayCodingProjects\TribeV2WebAnalyzer\TribeV2\scout_data\horikawaCode\videos\0622.mp4
623,awe,0.25,C:\Users\kragh\OneDrive\Documents\HrudayCodingProjects\TribeV2WebAnalyzer\TribeV2\scout_data\horikawaCode\videos\0623.mp4
624,anxiety,0.16666999459266663,C:\Users\kragh\OneDrive\Documents\HrudayCodingProjects\TribeV2WebAnalyzer\TribeV2\scout_data\horikawaCode\videos\0624.mp4
625,adoration,0.5,C:\Users\kragh\OneDrive\Documents\HrudayCodingProjects\TribeV2WebAnalyzer\TribeV2\scout_data\horikawaCode\videos\0625.mp4
626,anxiety,0.3333300054073334,C:\Users\kragh\OneDrive\Documents\HrudayCodingProjects\TribeV2WebAnalyzer\TribeV2\scout_data\horikawaCode\videos\0626.mp4
627,adoration,0.4166699945926666,C:\Users\kragh\OneDrive\Documents\HrudayCodingProjects\TribeV2WebAnalyzer\TribeV2\scout_data\horikawaCode\videos\0627.mp4
628,joy,0.4166699945926666,C:\Users\kragh\OneDrive\Documents\HrudayCodingProjects\TribeV2WebAnalyzer\TribeV2\scout_data\horikawaCode\videos\0628.mp4
629,interest,0.4166699945926666,C:\Users\kragh\OneDrive\Documents\HrudayCodingProjects\TribeV2WebAnalyzer\TribeV2\scout_data\horikawaCode\videos\0629.mp4
630,nostalgia,0.4166699945926666,C:\Users\kragh\OneDrive\Documents\HrudayCodingProjects\TribeV2WebAnalyzer\TribeV2\scout_data\horikawaCode\videos\0630.mp4
631,aesthetic_appreciation,0.5384600162506104,C:\Users\kragh\OneDrive\Documents\HrudayCodingProjects\TribeV2WebAnalyzer\TribeV2\scout_data\horikawaCode\videos\0631.mp4
632,horror,0.46154001355171204,C:\Users\kragh\OneDrive\Documents\HrudayCodingProjects\TribeV2WebAnalyzer\TribeV2\scout_data\horikawaCode\videos\0632.mp4
633,amusement,0.6153799891471863,C:\Users\kragh\OneDrive\Documents\HrudayCodingProjects\TribeV2WebAnalyzer\TribeV2\scout_data\horikawaCode\videos\0633.mp4
634,disgust,0.46154001355171204,C:\Users\kragh\OneDrive\Documents\HrudayCodingProjects\TribeV2WebAnalyzer\TribeV2\scout_data\horikawaCode\videos\0634.mp4
635,romance,0.6153799891471863,C:\Users\kragh\OneDrive\Documents\HrudayCodingProjects\TribeV2WebAnalyzer\TribeV2\scout_data\horikawaCode\videos\0635.mp4
636,aesthetic_appreciation,0.6923099756240845,C:\Users\kragh\OneDrive\Documents\HrudayCodingProjects\TribeV2WebAnalyzer\TribeV2\scout_data\horikawaCode\videos\0636.mp4
637,triumph,0.30768999457359314,C:\Users\kragh\OneDrive\Documents\HrudayCodingProjects\TribeV2WebAnalyzer\TribeV2\scout_data\horikawaCode\videos\0637.mp4
638,amusement,0.3846200108528137,C:\Users\kragh\OneDrive\Documents\HrudayCodingProjects\TribeV2WebAnalyzer\TribeV2\scout_data\horikawaCode\videos\0638.mp4
639,awe,0.46154001355171204,C:\Users\kragh\OneDrive\Documents\HrudayCodingProjects\TribeV2WebAnalyzer\TribeV2\scout_data\horikawaCode\videos\0639.mp4
640,amusement,0.6153799891471863,C:\Users\kragh\OneDrive\Documents\HrudayCodingProjects\TribeV2WebAnalyzer\TribeV2\scout_data\horikawaCode\videos\0640.mp4
641,sexual_desire,0.9230800271034241,C:\Users\kragh\OneDrive\Documents\HrudayCodingProjects\TribeV2WebAnalyzer\TribeV2\scout_data\horikawaCode\videos\0641.mp4
642,amusement,0.6923099756240845,C:\Users\kragh\OneDrive\Documents\HrudayCodingProjects\TribeV2WebAnalyzer\TribeV2\scout_data\horikawaCode\videos\0642.mp4
643,horror,0.6153799891471863,C:\Users\kragh\OneDrive\Documents\HrudayCodingProjects\TribeV2WebAnalyzer\TribeV2\scout_data\horikawaCode\videos\0643.mp4
644,disgust,0.6923099756240845,C:\Users\kragh\OneDrive\Documents\HrudayCodingProjects\TribeV2WebAnalyzer\TribeV2\scout_data\horikawaCode\videos\0644.mp4
645,aesthetic_appreciation,0.6923099756240845,C:\Users\kragh\OneDrive\Documents\HrudayCodingProjects\TribeV2WebAnalyzer\TribeV2\scout_data\horikawaCode\videos\0645.mp4
646,horror,0.5,C:\Users\kragh\OneDrive\Documents\HrudayCodingProjects\TribeV2WebAnalyzer\TribeV2\scout_data\horikawaCode\videos\0646.mp4
647,horror,0.5,C:\Users\kragh\OneDrive\Documents\HrudayCodingProjects\TribeV2WebAnalyzer\TribeV2\scout_data\horikawaCode\videos\0647.mp4
648,anxiety,0.4230799973011017,C:\Users\kragh\OneDrive\Documents\HrudayCodingProjects\TribeV2WebAnalyzer\TribeV2\scout_data\horikawaCode\videos\0648.mp4
649,amusement,0.46154001355171204,C:\Users\kragh\OneDrive\Documents\HrudayCodingProjects\TribeV2WebAnalyzer\TribeV2\scout_data\horikawaCode\videos\0649.mp4
650,joy,0.5384600162506104,C:\Users\kragh\OneDrive\Documents\HrudayCodingProjects\TribeV2WebAnalyzer\TribeV2\scout_data\horikawaCode\videos\0650.mp4
651,aesthetic_appreciation,0.5384600162506104,C:\Users\kragh\OneDrive\Documents\HrudayCodingProjects\TribeV2WebAnalyzer\TribeV2\scout_data\horikawaCode\videos\0651.mp4
652,aesthetic_appreciation,0.46154001355171204,C:\Users\kragh\OneDrive\Documents\HrudayCodingProjects\TribeV2WebAnalyzer\TribeV2\scout_data\horikawaCode\videos\0652.mp4
653,amusement,0.7692300081253052,C:\Users\kragh\OneDrive\Documents\HrudayCodingProjects\TribeV2WebAnalyzer\TribeV2\scout_data\horikawaCode\videos\0653.mp4
654,amusement,0.6153799891471863,C:\Users\kragh\OneDrive\Documents\HrudayCodingProjects\TribeV2WebAnalyzer\TribeV2\scout_data\horikawaCode\videos\0654.mp4
655,sexual_desire,0.7692300081253052,C:\Users\kragh\OneDrive\Documents\HrudayCodingProjects\TribeV2WebAnalyzer\TribeV2\scout_data\horikawaCode\videos\0655.mp4
656,amusement,0.8461499810218811,C:\Users\kragh\OneDrive\Documents\HrudayCodingProjects\TribeV2WebAnalyzer\TribeV2\scout_data\horikawaCode\videos\0656.mp4
657,amusement,0.5384600162506104,C:\Users\kragh\OneDrive\Documents\HrudayCodingProjects\TribeV2WebAnalyzer\TribeV2\scout_data\horikawaCode\videos\0657.mp4
658,aesthetic_appreciation,0.23077000677585602,C:\Users\kragh\OneDrive\Documents\HrudayCodingProjects\TribeV2WebAnalyzer\TribeV2\scout_data\horikawaCode\videos\0658.mp4
659,aesthetic_appreciation,0.3846200108528137,C:\Users\kragh\OneDrive\Documents\HrudayCodingProjects\TribeV2WebAnalyzer\TribeV2\scout_data\horikawaCode\videos\0659.mp4
660,amusement,0.7692300081253052,C:\Users\kragh\OneDrive\Documents\HrudayCodingProjects\TribeV2WebAnalyzer\TribeV2\scout_data\horikawaCode\videos\0660.mp4
661,sexual_desire,0.8181800246238708,C:\Users\kragh\OneDrive\Documents\HrudayCodingProjects\TribeV2WebAnalyzer\TribeV2\scout_data\horikawaCode\videos\0661.mp4
662,interest,0.5,C:\Users\kragh\OneDrive\Documents\HrudayCodingProjects\TribeV2WebAnalyzer\TribeV2\scout_data\horikawaCode\videos\0662.mp4
663,awe,0.4090900123119354,C:\Users\kragh\OneDrive\Documents\HrudayCodingProjects\TribeV2WebAnalyzer\TribeV2\scout_data\horikawaCode\videos\0663.mp4
664,interest,0.31817999482154846,C:\Users\kragh\OneDrive\Documents\HrudayCodingProjects\TribeV2WebAnalyzer\TribeV2\scout_data\horikawaCode\videos\0664.mp4
665,disgust,0.45454999804496765,C:\Users\kragh\OneDrive\Documents\HrudayCodingProjects\TribeV2WebAnalyzer\TribeV2\scout_data\horikawaCode\videos\0665.mp4
666,joy,0.54544997215271,C:\Users\kragh\OneDrive\Documents\HrudayCodingProjects\TribeV2WebAnalyzer\TribeV2\scout_data\horikawaCode\videos\0666.mp4
667,disgust,0.6363599896430969,C:\Users\kragh\OneDrive\Documents\HrudayCodingProjects\TribeV2WebAnalyzer\TribeV2\scout_data\horikawaCode\videos\0667.mp4
668,amusement,0.3636400103569031,C:\Users\kragh\OneDrive\Documents\HrudayCodingProjects\TribeV2WebAnalyzer\TribeV2\scout_data\horikawaCode\videos\0668.mp4
669,aesthetic_appreciation,0.3636400103569031,C:\Users\kragh\OneDrive\Documents\HrudayCodingProjects\TribeV2WebAnalyzer\TribeV2\scout_data\horikawaCode\videos\0669.mp4
670,amusement,0.54544997215271,C:\Users\kragh\OneDrive\Documents\HrudayCodingProjects\TribeV2WebAnalyzer\TribeV2\scout_data\horikawaCode\videos\0670.mp4
671,awe,0.54544997215271,C:\Users\kragh\OneDrive\Documents\HrudayCodingProjects\TribeV2WebAnalyzer\TribeV2\scout_data\horikawaCode\videos\0671.mp4
672,entrancement,0.3636400103569031,C:\Users\kragh\OneDrive\Documents\HrudayCodingProjects\TribeV2WebAnalyzer\TribeV2\scout_data\horikawaCode\videos\0672.mp4
673,sadness,0.7272700071334839,C:\Users\kragh\OneDrive\Documents\HrudayCodingProjects\TribeV2WebAnalyzer\TribeV2\scout_data\horikawaCode\videos\0673.mp4
674,horror,0.6363599896430969,C:\Users\kragh\OneDrive\Documents\HrudayCodingProjects\TribeV2WebAnalyzer\TribeV2\scout_data\horikawaCode\videos\0674.mp4
675,triumph,0.54544997215271,C:\Users\kragh\OneDrive\Documents\HrudayCodingProjects\TribeV2WebAnalyzer\TribeV2\scout_data\horikawaCode\videos\0675.mp4
676,awe,0.3636400103569031,C:\Users\kragh\OneDrive\Documents\HrudayCodingProjects\TribeV2WebAnalyzer\TribeV2\scout_data\horikawaCode\videos\0676.mp4
677,surprise,0.2727299928665161,C:\Users\kragh\OneDrive\Documents\HrudayCodingProjects\TribeV2WebAnalyzer\TribeV2\scout_data\horikawaCode\videos\0677.mp4
678,craving,0.45454999804496765,C:\Users\kragh\OneDrive\Documents\HrudayCodingProjects\TribeV2WebAnalyzer\TribeV2\scout_data\horikawaCode\videos\0678.mp4
679,boredom,0.2727299928665161,C:\Users\kragh\OneDrive\Documents\HrudayCodingProjects\TribeV2WebAnalyzer\TribeV2\scout_data\horikawaCode\videos\0679.mp4
680,amusement,0.45454999804496765,C:\Users\kragh\OneDrive\Documents\HrudayCodingProjects\TribeV2WebAnalyzer\TribeV2\scout_data\horikawaCode\videos\0680.mp4
681,anger,0.45454999804496765,C:\Users\kragh\OneDrive\Documents\HrudayCodingProjects\TribeV2WebAnalyzer\TribeV2\scout_data\horikawaCode\videos\0681.mp4
682,adoration,0.5,C:\Users\kragh\OneDrive\Documents\HrudayCodingProjects\TribeV2WebAnalyzer\TribeV2\scout_data\horikawaCode\videos\0682.mp4
683,adoration,0.5,C:\Users\kragh\OneDrive\Documents\HrudayCodingProjects\TribeV2WebAnalyzer\TribeV2\scout_data\horikawaCode\videos\0683.mp4
684,awe,0.54544997215271,C:\Users\kragh\OneDrive\Documents\HrudayCodingProjects\TribeV2WebAnalyzer\TribeV2\scout_data\horikawaCode\videos\0684.mp4
685,amusement,0.31817999482154846,C:\Users\kragh\OneDrive\Documents\HrudayCodingProjects\TribeV2WebAnalyzer\TribeV2\scout_data\horikawaCode\videos\0685.mp4
686,interest,0.3636400103569031,C:\Users\kragh\OneDrive\Documents\HrudayCodingProjects\TribeV2WebAnalyzer\TribeV2\scout_data\horikawaCode\videos\0686.mp4
687,fear,0.7272700071334839,C:\Users\kragh\OneDrive\Documents\HrudayCodingProjects\TribeV2WebAnalyzer\TribeV2\scout_data\horikawaCode\videos\0687.mp4
688,joy,0.7272700071334839,C:\Users\kragh\OneDrive\Documents\HrudayCodingProjects\TribeV2WebAnalyzer\TribeV2\scout_data\horikawaCode\videos\0688.mp4
689,amusement,0.45454999804496765,C:\Users\kragh\OneDrive\Documents\HrudayCodingProjects\TribeV2WebAnalyzer\TribeV2\scout_data\horikawaCode\videos\0689.mp4
690,anxiety,0.3636400103569031,C:\Users\kragh\OneDrive\Documents\HrudayCodingProjects\TribeV2WebAnalyzer\TribeV2\scout_data\horikawaCode\videos\0690.mp4
691,amusement,0.5,C:\Users\kragh\OneDrive\Documents\HrudayCodingProjects\TribeV2WebAnalyzer\TribeV2\scout_data\horikawaCode\videos\0691.mp4
692,confusion,0.375,C:\Users\kragh\OneDrive\Documents\HrudayCodingProjects\TribeV2WebAnalyzer\TribeV2\scout_data\horikawaCode\videos\0692.mp4
693,boredom,0.3333300054073334,C:\Users\kragh\OneDrive\Documents\HrudayCodingProjects\TribeV2WebAnalyzer\TribeV2\scout_data\horikawaCode\videos\0693.mp4
694,boredom,0.3333300054073334,C:\Users\kragh\OneDrive\Documents\HrudayCodingProjects\TribeV2WebAnalyzer\TribeV2\scout_data\horikawaCode\videos\0694.mp4
695,confusion,0.3333300054073334,C:\Users\kragh\OneDrive\Documents\HrudayCodingProjects\TribeV2WebAnalyzer\TribeV2\scout_data\horikawaCode\videos\0695.mp4
696,confusion,0.375,C:\Users\kragh\OneDrive\Documents\HrudayCodingProjects\TribeV2WebAnalyzer\TribeV2\scout_data\horikawaCode\videos\0696.mp4
697,boredom,0.4166699945926666,C:\Users\kragh\OneDrive\Documents\HrudayCodingProjects\TribeV2WebAnalyzer\TribeV2\scout_data\horikawaCode\videos\0697.mp4
698,awe,0.3333300054073334,C:\Users\kragh\OneDrive\Documents\HrudayCodingProjects\TribeV2WebAnalyzer\TribeV2\scout_data\horikawaCode\videos\0698.mp4
699,horror,0.833329975605011,C:\Users\kragh\OneDrive\Documents\HrudayCodingProjects\TribeV2WebAnalyzer\TribeV2\scout_data\horikawaCode\videos\0699.mp4
700,sadness,0.4166699945926666,C:\Users\kragh\OneDrive\Documents\HrudayCodingProjects\TribeV2WebAnalyzer\TribeV2\scout_data\horikawaCode\videos\0700.mp4
701,excitement,0.583329975605011,C:\Users\kragh\OneDrive\Documents\HrudayCodingProjects\TribeV2WebAnalyzer\TribeV2\scout_data\horikawaCode\videos\0701.mp4
702,amusement,0.666670024394989,C:\Users\kragh\OneDrive\Documents\HrudayCodingProjects\TribeV2WebAnalyzer\TribeV2\scout_data\horikawaCode\videos\0702.mp4
703,fear,0.4166699945926666,C:\Users\kragh\OneDrive\Documents\HrudayCodingProjects\TribeV2WebAnalyzer\TribeV2\scout_data\horikawaCode\videos\0703.mp4
704,boredom,0.583329975605011,C:\Users\kragh\OneDrive\Documents\HrudayCodingProjects\TribeV2WebAnalyzer\TribeV2\scout_data\horikawaCode\videos\0704.mp4
705,amusement,0.5,C:\Users\kragh\OneDrive\Documents\HrudayCodingProjects\TribeV2WebAnalyzer\TribeV2\scout_data\horikawaCode\videos\0705.mp4
706,fear,0.625,C:\Users\kragh\OneDrive\Documents\HrudayCodingProjects\TribeV2WebAnalyzer\TribeV2\scout_data\horikawaCode\videos\0706.mp4
707,disgust,0.3333300054073334,C:\Users\kragh\OneDrive\Documents\HrudayCodingProjects\TribeV2WebAnalyzer\TribeV2\scout_data\horikawaCode\videos\0707.mp4
708,amusement,0.541670024394989,C:\Users\kragh\OneDrive\Documents\HrudayCodingProjects\TribeV2WebAnalyzer\TribeV2\scout_data\horikawaCode\videos\0708.mp4
709,sexual_desire,0.75,C:\Users\kragh\OneDrive\Documents\HrudayCodingProjects\TribeV2WebAnalyzer\TribeV2\scout_data\horikawaCode\videos\0709.mp4
710,nostalgia,0.5,C:\Users\kragh\OneDrive\Documents\HrudayCodingProjects\TribeV2WebAnalyzer\TribeV2\scout_data\horikawaCode\videos\0710.mp4
711,romance,0.75,C:\Users\kragh\OneDrive\Documents\HrudayCodingProjects\TribeV2WebAnalyzer\TribeV2\scout_data\horikawaCode\videos\0711.mp4
712,nostalgia,0.666670024394989,C:\Users\kragh\OneDrive\Documents\HrudayCodingProjects\TribeV2WebAnalyzer\TribeV2\scout_data\horikawaCode\videos\0712.mp4
713,disgust,1.0,C:\Users\kragh\OneDrive\Documents\HrudayCodingProjects\TribeV2WebAnalyzer\TribeV2\scout_data\horikawaCode\videos\0713.mp4
714,amusement,0.666670024394989,C:\Users\kragh\OneDrive\Documents\HrudayCodingProjects\TribeV2WebAnalyzer\TribeV2\scout_data\horikawaCode\videos\0714.mp4
715,amusement,0.833329975605011,C:\Users\kragh\OneDrive\Documents\HrudayCodingProjects\TribeV2WebAnalyzer\TribeV2\scout_data\horikawaCode\videos\0715.mp4
716,amusement,0.708329975605011,C:\Users\kragh\OneDrive\Documents\HrudayCodingProjects\TribeV2WebAnalyzer\TribeV2\scout_data\horikawaCode\videos\0716.mp4
717,sadness,0.541670024394989,C:\Users\kragh\OneDrive\Documents\HrudayCodingProjects\TribeV2WebAnalyzer\TribeV2\scout_data\horikawaCode\videos\0717.mp4
718,awe,0.4166699945926666,C:\Users\kragh\OneDrive\Documents\HrudayCodingProjects\TribeV2WebAnalyzer\TribeV2\scout_data\horikawaCode\videos\0718.mp4
719,confusion,0.25,C:\Users\kragh\OneDrive\Documents\HrudayCodingProjects\TribeV2WebAnalyzer\TribeV2\scout_data\horikawaCode\videos\0719.mp4
720,amusement,0.3333300054073334,C:\Users\kragh\OneDrive\Documents\HrudayCodingProjects\TribeV2WebAnalyzer\TribeV2\scout_data\horikawaCode\videos\0720.mp4
721,awe,0.4285700023174286,C:\Users\kragh\OneDrive\Documents\HrudayCodingProjects\TribeV2WebAnalyzer\TribeV2\scout_data\horikawaCode\videos\0721.mp4
722,anxiety,0.5,C:\Users\kragh\OneDrive\Documents\HrudayCodingProjects\TribeV2WebAnalyzer\TribeV2\scout_data\horikawaCode\videos\0722.mp4
723,interest,0.5714300274848938,C:\Users\kragh\OneDrive\Documents\HrudayCodingProjects\TribeV2WebAnalyzer\TribeV2\scout_data\horikawaCode\videos\0723.mp4
724,anxiety,0.5,C:\Users\kragh\OneDrive\Documents\HrudayCodingProjects\TribeV2WebAnalyzer\TribeV2\scout_data\horikawaCode\videos\0724.mp4
725,amusement,0.3571400046348572,C:\Users\kragh\OneDrive\Documents\HrudayCodingProjects\TribeV2WebAnalyzer\TribeV2\scout_data\horikawaCode\videos\0725.mp4
726,amusement,0.7857099771499634,C:\Users\kragh\OneDrive\Documents\HrudayCodingProjects\TribeV2WebAnalyzer\TribeV2\scout_data\horikawaCode\videos\0726.mp4
727,amusement,0.4285700023174286,C:\Users\kragh\OneDrive\Documents\HrudayCodingProjects\TribeV2WebAnalyzer\TribeV2\scout_data\horikawaCode\videos\0727.mp4
728,amusement,0.5,C:\Users\kragh\OneDrive\Documents\HrudayCodingProjects\TribeV2WebAnalyzer\TribeV2\scout_data\horikawaCode\videos\0728.mp4
729,disgust,0.5714300274848938,C:\Users\kragh\OneDrive\Documents\HrudayCodingProjects\TribeV2WebAnalyzer\TribeV2\scout_data\horikawaCode\videos\0729.mp4
730,fear,0.5,C:\Users\kragh\OneDrive\Documents\HrudayCodingProjects\TribeV2WebAnalyzer\TribeV2\scout_data\horikawaCode\videos\0730.mp4
731,amusement,0.6428599953651428,C:\Users\kragh\OneDrive\Documents\HrudayCodingProjects\TribeV2WebAnalyzer\TribeV2\scout_data\horikawaCode\videos\0731.mp4
732,sexual_desire,0.5,C:\Users\kragh\OneDrive\Documents\HrudayCodingProjects\TribeV2WebAnalyzer\TribeV2\scout_data\horikawaCode\videos\0732.mp4
733,anger,0.4285700023174286,C:\Users\kragh\OneDrive\Documents\HrudayCodingProjects\TribeV2WebAnalyzer\TribeV2\scout_data\horikawaCode\videos\0733.mp4
734,amusement,0.3571400046348572,C:\Users\kragh\OneDrive\Documents\HrudayCodingProjects\TribeV2WebAnalyzer\TribeV2\scout_data\horikawaCode\videos\0734.mp4
735,interest,0.6428599953651428,C:\Users\kragh\OneDrive\Documents\HrudayCodingProjects\TribeV2WebAnalyzer\TribeV2\scout_data\horikawaCode\videos\0735.mp4
736,sadness,0.6428599953651428,C:\Users\kragh\OneDrive\Documents\HrudayCodingProjects\TribeV2WebAnalyzer\TribeV2\scout_data\horikawaCode\videos\0736.mp4
737,adoration,0.3571400046348572,C:\Users\kragh\OneDrive\Documents\HrudayCodingProjects\TribeV2WebAnalyzer\TribeV2\scout_data\horikawaCode\videos\0737.mp4
738,interest,0.5,C:\Users\kragh\OneDrive\Documents\HrudayCodingProjects\TribeV2WebAnalyzer\TribeV2\scout_data\horikawaCode\videos\0738.mp4
739,adoration,0.4285700023174286,C:\Users\kragh\OneDrive\Documents\HrudayCodingProjects\TribeV2WebAnalyzer\TribeV2\scout_data\horikawaCode\videos\0739.mp4
740,amusement,0.7857099771499634,C:\Users\kragh\OneDrive\Documents\HrudayCodingProjects\TribeV2WebAnalyzer\TribeV2\scout_data\horikawaCode\videos\0740.mp4
741,amusement,0.8571400046348572,C:\Users\kragh\OneDrive\Documents\HrudayCodingProjects\TribeV2WebAnalyzer\TribeV2\scout_data\horikawaCode\videos\0741.mp4
742,amusement,0.3571400046348572,C:\Users\kragh\OneDrive\Documents\HrudayCodingProjects\TribeV2WebAnalyzer\TribeV2\scout_data\horikawaCode\videos\0742.mp4
743,aesthetic_appreciation,0.4285700023174286,C:\Users\kragh\OneDrive\Documents\HrudayCodingProjects\TribeV2WebAnalyzer\TribeV2\scout_data\horikawaCode\videos\0743.mp4
744,horror,0.5714300274848938,C:\Users\kragh\OneDrive\Documents\HrudayCodingProjects\TribeV2WebAnalyzer\TribeV2\scout_data\horikawaCode\videos\0744.mp4
745,awe,0.5714300274848938,C:\Users\kragh\OneDrive\Documents\HrudayCodingProjects\TribeV2WebAnalyzer\TribeV2\scout_data\horikawaCode\videos\0745.mp4
746,empathic_pain,0.28571000695228577,C:\Users\kragh\OneDrive\Documents\HrudayCodingProjects\TribeV2WebAnalyzer\TribeV2\scout_data\horikawaCode\videos\0746.mp4
747,amusement,0.5714300274848938,C:\Users\kragh\OneDrive\Documents\HrudayCodingProjects\TribeV2WebAnalyzer\TribeV2\scout_data\horikawaCode\videos\0747.mp4
748,amusement,0.21428999304771423,C:\Users\kragh\OneDrive\Documents\HrudayCodingProjects\TribeV2WebAnalyzer\TribeV2\scout_data\horikawaCode\videos\0748.mp4
749,sexual_desire,0.7142900228500366,C:\Users\kragh\OneDrive\Documents\HrudayCodingProjects\TribeV2WebAnalyzer\TribeV2\scout_data\horikawaCode\videos\0749.mp4
750,fear,0.5714300274848938,C:\Users\kragh\OneDrive\Documents\HrudayCodingProjects\TribeV2WebAnalyzer\TribeV2\scout_data\horikawaCode\videos\0750.mp4
751,aesthetic_appreciation,0.2727299928665161,C:\Users\kragh\OneDrive\Documents\HrudayCodingProjects\TribeV2WebAnalyzer\TribeV2\scout_data\horikawaCode\videos\0751.mp4
752,nostalgia,0.45454999804496765,C:\Users\kragh\OneDrive\Documents\HrudayCodingProjects\TribeV2WebAnalyzer\TribeV2\scout_data\horikawaCode\videos\0752.mp4
753,interest,0.3636400103569031,C:\Users\kragh\OneDrive\Documents\HrudayCodingProjects\TribeV2WebAnalyzer\TribeV2\scout_data\horikawaCode\videos\0753.mp4
754,aesthetic_appreciation,0.3636400103569031,C:\Users\kragh\OneDrive\Documents\HrudayCodingProjects\TribeV2WebAnalyzer\TribeV2\scout_data\horikawaCode\videos\0754.mp4
755,amusement,0.45454999804496765,C:\Users\kragh\OneDrive\Documents\HrudayCodingProjects\TribeV2WebAnalyzer\TribeV2\scout_data\horikawaCode\videos\0755.mp4
756,sadness,0.909089982509613,C:\Users\kragh\OneDrive\Documents\HrudayCodingProjects\TribeV2WebAnalyzer\TribeV2\scout_data\horikawaCode\videos\0756.mp4
757,aesthetic_appreciation,0.45454999804496765,C:\Users\kragh\OneDrive\Documents\HrudayCodingProjects\TribeV2WebAnalyzer\TribeV2\scout_data\horikawaCode\videos\0757.mp4
758,amusement,0.54544997215271,C:\Users\kragh\OneDrive\Documents\HrudayCodingProjects\TribeV2WebAnalyzer\TribeV2\scout_data\horikawaCode\videos\0758.mp4
759,horror,0.54544997215271,C:\Users\kragh\OneDrive\Documents\HrudayCodingProjects\TribeV2WebAnalyzer\TribeV2\scout_data\horikawaCode\videos\0759.mp4
760,disgust,0.8181800246238708,C:\Users\kragh\OneDrive\Documents\HrudayCodingProjects\TribeV2WebAnalyzer\TribeV2\scout_data\horikawaCode\videos\0760.mp4
761,entrancement,0.31817999482154846,C:\Users\kragh\OneDrive\Documents\HrudayCodingProjects\TribeV2WebAnalyzer\TribeV2\scout_data\horikawaCode\videos\0761.mp4
762,amusement,0.590910017490387,C:\Users\kragh\OneDrive\Documents\HrudayCodingProjects\TribeV2WebAnalyzer\TribeV2\scout_data\horikawaCode\videos\0762.mp4
763,interest,0.2727299928665161,C:\Users\kragh\OneDrive\Documents\HrudayCodingProjects\TribeV2WebAnalyzer\TribeV2\scout_data\horikawaCode\videos\0763.mp4
764,awe,0.4090900123119354,C:\Users\kragh\OneDrive\Documents\HrudayCodingProjects\TribeV2WebAnalyzer\TribeV2\scout_data\horikawaCode\videos\0764.mp4
765,fear,0.45454999804496765,C:\Users\kragh\OneDrive\Documents\HrudayCodingProjects\TribeV2WebAnalyzer\TribeV2\scout_data\horikawaCode\videos\0765.mp4
766,awe,0.6363599896430969,C:\Users\kragh\OneDrive\Documents\HrudayCodingProjects\TribeV2WebAnalyzer\TribeV2\scout_data\horikawaCode\videos\0766.mp4
767,anxiety,0.4090900123119354,C:\Users\kragh\OneDrive\Documents\HrudayCodingProjects\TribeV2WebAnalyzer\TribeV2\scout_data\horikawaCode\videos\0767.mp4
768,disgust,0.45454999804496765,C:\Users\kragh\OneDrive\Documents\HrudayCodingProjects\TribeV2WebAnalyzer\TribeV2\scout_data\horikawaCode\videos\0768.mp4
769,amusement,0.6363599896430969,C:\Users\kragh\OneDrive\Documents\HrudayCodingProjects\TribeV2WebAnalyzer\TribeV2\scout_data\horikawaCode\videos\0769.mp4
770,awkwardness,0.6363599896430969,C:\Users\kragh\OneDrive\Documents\HrudayCodingProjects\TribeV2WebAnalyzer\TribeV2\scout_data\horikawaCode\videos\0770.mp4
771,aesthetic_appreciation,0.3636400103569031,C:\Users\kragh\OneDrive\Documents\HrudayCodingProjects\TribeV2WebAnalyzer\TribeV2\scout_data\horikawaCode\videos\0771.mp4
772,sexual_desire,0.7272700071334839,C:\Users\kragh\OneDrive\Documents\HrudayCodingProjects\TribeV2WebAnalyzer\TribeV2\scout_data\horikawaCode\videos\0772.mp4
773,romance,0.6363599896430969,C:\Users\kragh\OneDrive\Documents\HrudayCodingProjects\TribeV2WebAnalyzer\TribeV2\scout_data\horikawaCode\videos\0773.mp4
774,surprise,0.45454999804496765,C:\Users\kragh\OneDrive\Documents\HrudayCodingProjects\TribeV2WebAnalyzer\TribeV2\scout_data\horikawaCode\videos\0774.mp4
775,amusement,0.18182000517845154,C:\Users\kragh\OneDrive\Documents\HrudayCodingProjects\TribeV2WebAnalyzer\TribeV2\scout_data\horikawaCode\videos\0775.mp4
776,disgust,0.2727299928665161,C:\Users\kragh\OneDrive\Documents\HrudayCodingProjects\TribeV2WebAnalyzer\TribeV2\scout_data\horikawaCode\videos\0776.mp4
777,sadness,0.6363599896430969,C:\Users\kragh\OneDrive\Documents\HrudayCodingProjects\TribeV2WebAnalyzer\TribeV2\scout_data\horikawaCode\videos\0777.mp4
778,amusement,0.45454999804496765,C:\Users\kragh\OneDrive\Documents\HrudayCodingProjects\TribeV2WebAnalyzer\TribeV2\scout_data\horikawaCode\videos\0778.mp4
779,joy,0.31817999482154846,C:\Users\kragh\OneDrive\Documents\HrudayCodingProjects\TribeV2WebAnalyzer\TribeV2\scout_data\horikawaCode\videos\0779.mp4
780,craving,0.909089982509613,C:\Users\kragh\OneDrive\Documents\HrudayCodingProjects\TribeV2WebAnalyzer\TribeV2\scout_data\horikawaCode\videos\0780.mp4
781,disgust,0.46154001355171204,C:\Users\kragh\OneDrive\Documents\HrudayCodingProjects\TribeV2WebAnalyzer\TribeV2\scout_data\horikawaCode\videos\0781.mp4
782,horror,0.6153799891471863,C:\Users\kragh\OneDrive\Documents\HrudayCodingProjects\TribeV2WebAnalyzer\TribeV2\scout_data\horikawaCode\videos\0782.mp4
783,confusion,0.46154001355171204,C:\Users\kragh\OneDrive\Documents\HrudayCodingProjects\TribeV2WebAnalyzer\TribeV2\scout_data\horikawaCode\videos\0783.mp4
784,pride,0.3846200108528137,C:\Users\kragh\OneDrive\Documents\HrudayCodingProjects\TribeV2WebAnalyzer\TribeV2\scout_data\horikawaCode\videos\0784.mp4
785,nostalgia,0.46154001355171204,C:\Users\kragh\OneDrive\Documents\HrudayCodingProjects\TribeV2WebAnalyzer\TribeV2\scout_data\horikawaCode\videos\0785.mp4
786,aesthetic_appreciation,0.3846200108528137,C:\Users\kragh\OneDrive\Documents\HrudayCodingProjects\TribeV2WebAnalyzer\TribeV2\scout_data\horikawaCode\videos\0786.mp4
787,amusement,0.23077000677585602,C:\Users\kragh\OneDrive\Documents\HrudayCodingProjects\TribeV2WebAnalyzer\TribeV2\scout_data\horikawaCode\videos\0787.mp4
788,amusement,0.3846200108528137,C:\Users\kragh\OneDrive\Documents\HrudayCodingProjects\TribeV2WebAnalyzer\TribeV2\scout_data\horikawaCode\videos\0788.mp4
789,craving,0.46154001355171204,C:\Users\kragh\OneDrive\Documents\HrudayCodingProjects\TribeV2WebAnalyzer\TribeV2\scout_data\horikawaCode\videos\0789.mp4
790,horror,0.6153799891471863,C:\Users\kragh\OneDrive\Documents\HrudayCodingProjects\TribeV2WebAnalyzer\TribeV2\scout_data\horikawaCode\videos\0790.mp4
791,sexual_desire,0.6153799891471863,C:\Users\kragh\OneDrive\Documents\HrudayCodingProjects\TribeV2WebAnalyzer\TribeV2\scout_data\horikawaCode\videos\0791.mp4
792,disgust,0.6923099756240845,C:\Users\kragh\OneDrive\Documents\HrudayCodingProjects\TribeV2WebAnalyzer\TribeV2\scout_data\horikawaCode\videos\0792.mp4
793,confusion,0.30768999457359314,C:\Users\kragh\OneDrive\Documents\HrudayCodingProjects\TribeV2WebAnalyzer\TribeV2\scout_data\horikawaCode\videos\0793.mp4
794,admiration,0.30768999457359314,C:\Users\kragh\OneDrive\Documents\HrudayCodingProjects\TribeV2WebAnalyzer\TribeV2\scout_data\horikawaCode\videos\0794.mp4
795,romance,0.7692300081253052,C:\Users\kragh\OneDrive\Documents\HrudayCodingProjects\TribeV2WebAnalyzer\TribeV2\scout_data\horikawaCode\videos\0795.mp4
796,admiration,0.23077000677585602,C:\Users\kragh\OneDrive\Documents\HrudayCodingProjects\TribeV2WebAnalyzer\TribeV2\scout_data\horikawaCode\videos\0796.mp4
797,amusement,0.3846200108528137,C:\Users\kragh\OneDrive\Documents\HrudayCodingProjects\TribeV2WebAnalyzer\TribeV2\scout_data\horikawaCode\videos\0797.mp4
798,sexual_desire,0.7692300081253052,C:\Users\kragh\OneDrive\Documents\HrudayCodingProjects\TribeV2WebAnalyzer\TribeV2\scout_data\horikawaCode\videos\0798.mp4
799,craving,0.5384600162506104,C:\Users\kragh\OneDrive\Documents\HrudayCodingProjects\TribeV2WebAnalyzer\TribeV2\scout_data\horikawaCode\videos\0799.mp4
800,adoration,0.3846200108528137,C:\Users\kragh\OneDrive\Documents\HrudayCodingProjects\TribeV2WebAnalyzer\TribeV2\scout_data\horikawaCode\videos\0800.mp4
801,aesthetic_appreciation,0.6153799891471863,C:\Users\kragh\OneDrive\Documents\HrudayCodingProjects\TribeV2WebAnalyzer\TribeV2\scout_data\horikawaCode\videos\0801.mp4
802,aesthetic_appreciation,0.6153799891471863,C:\Users\kragh\OneDrive\Documents\HrudayCodingProjects\TribeV2WebAnalyzer\TribeV2\scout_data\horikawaCode\videos\0802.mp4
803,sadness,0.6923099756240845,C:\Users\kragh\OneDrive\Documents\HrudayCodingProjects\TribeV2WebAnalyzer\TribeV2\scout_data\horikawaCode\videos\0803.mp4
804,disgust,0.7692300081253052,C:\Users\kragh\OneDrive\Documents\HrudayCodingProjects\TribeV2WebAnalyzer\TribeV2\scout_data\horikawaCode\videos\0804.mp4
805,sadness,0.3846200108528137,C:\Users\kragh\OneDrive\Documents\HrudayCodingProjects\TribeV2WebAnalyzer\TribeV2\scout_data\horikawaCode\videos\0805.mp4
806,boredom,0.3846200108528137,C:\Users\kragh\OneDrive\Documents\HrudayCodingProjects\TribeV2WebAnalyzer\TribeV2\scout_data\horikawaCode\videos\0806.mp4
807,interest,0.46154001355171204,C:\Users\kragh\OneDrive\Documents\HrudayCodingProjects\TribeV2WebAnalyzer\TribeV2\scout_data\horikawaCode\videos\0807.mp4
808,fear,0.3846200108528137,C:\Users\kragh\OneDrive\Documents\HrudayCodingProjects\TribeV2WebAnalyzer\TribeV2\scout_data\horikawaCode\videos\0808.mp4
809,interest,0.3846200108528137,C:\Users\kragh\OneDrive\Documents\HrudayCodingProjects\TribeV2WebAnalyzer\TribeV2\scout_data\horikawaCode\videos\0809.mp4
810,nostalgia,0.3846200108528137,C:\Users\kragh\OneDrive\Documents\HrudayCodingProjects\TribeV2WebAnalyzer\TribeV2\scout_data\horikawaCode\videos\0810.mp4
811,horror,0.4166699945926666,C:\Users\kragh\OneDrive\Documents\HrudayCodingProjects\TribeV2WebAnalyzer\TribeV2\scout_data\horikawaCode\videos\0811.mp4
812,boredom,0.25,C:\Users\kragh\OneDrive\Documents\HrudayCodingProjects\TribeV2WebAnalyzer\TribeV2\scout_data\horikawaCode\videos\0812.mp4
813,disgust,0.666670024394989,C:\Users\kragh\OneDrive\Documents\HrudayCodingProjects\TribeV2WebAnalyzer\TribeV2\scout_data\horikawaCode\videos\0813.mp4
814,boredom,0.3333300054073334,C:\Users\kragh\OneDrive\Documents\HrudayCodingProjects\TribeV2WebAnalyzer\TribeV2\scout_data\horikawaCode\videos\0814.mp4
815,adoration,0.4166699945926666,C:\Users\kragh\OneDrive\Documents\HrudayCodingProjects\TribeV2WebAnalyzer\TribeV2\scout_data\horikawaCode\videos\0815.mp4
816,sexual_desire,0.75,C:\Users\kragh\OneDrive\Documents\HrudayCodingProjects\TribeV2WebAnalyzer\TribeV2\scout_data\horikawaCode\videos\0816.mp4
817,amusement,0.3333300054073334,C:\Users\kragh\OneDrive\Documents\HrudayCodingProjects\TribeV2WebAnalyzer\TribeV2\scout_data\horikawaCode\videos\0817.mp4
818,craving,0.833329975605011,C:\Users\kragh\OneDrive\Documents\HrudayCodingProjects\TribeV2WebAnalyzer\TribeV2\scout_data\horikawaCode\videos\0818.mp4
819,nostalgia,0.5,C:\Users\kragh\OneDrive\Documents\HrudayCodingProjects\TribeV2WebAnalyzer\TribeV2\scout_data\horikawaCode\videos\0819.mp4
820,amusement,0.833329975605011,C:\Users\kragh\OneDrive\Documents\HrudayCodingProjects\TribeV2WebAnalyzer\TribeV2\scout_data\horikawaCode\videos\0820.mp4
821,amusement,0.5,C:\Users\kragh\OneDrive\Documents\HrudayCodingProjects\TribeV2WebAnalyzer\TribeV2\scout_data\horikawaCode\videos\0821.mp4
822,entrancement,0.5,C:\Users\kragh\OneDrive\Documents\HrudayCodingProjects\TribeV2WebAnalyzer\TribeV2\scout_data\horikawaCode\videos\0822.mp4
823,amusement,0.5,C:\Users\kragh\OneDrive\Documents\HrudayCodingProjects\TribeV2WebAnalyzer\TribeV2\scout_data\horikawaCode\videos\0823.mp4
824,confusion,0.3333300054073334,C:\Users\kragh\OneDrive\Documents\HrudayCodingProjects\TribeV2WebAnalyzer\TribeV2\scout_data\horikawaCode\videos\0824.mp4
825,fear,0.3333300054073334,C:\Users\kragh\OneDrive\Documents\HrudayCodingProjects\TribeV2WebAnalyzer\TribeV2\scout_data\horikawaCode\videos\0825.mp4
826,disgust,0.5,C:\Users\kragh\OneDrive\Documents\HrudayCodingProjects\TribeV2WebAnalyzer\TribeV2\scout_data\horikawaCode\videos\0826.mp4
827,confusion,0.3333300054073334,C:\Users\kragh\OneDrive\Documents\HrudayCodingProjects\TribeV2WebAnalyzer\TribeV2\scout_data\horikawaCode\videos\0827.mp4
828,aesthetic_appreciation,0.5,C:\Users\kragh\OneDrive\Documents\HrudayCodingProjects\TribeV2WebAnalyzer\TribeV2\scout_data\horikawaCode\videos\0828.mp4
829,disgust,0.5,C:\Users\kragh\OneDrive\Documents\HrudayCodingProjects\TribeV2WebAnalyzer\TribeV2\scout_data\horikawaCode\videos\0829.mp4
830,craving,1.0,C:\Users\kragh\OneDrive\Documents\HrudayCodingProjects\TribeV2WebAnalyzer\TribeV2\scout_data\horikawaCode\videos\0830.mp4
831,awe,0.4166699945926666,C:\Users\kragh\OneDrive\Documents\HrudayCodingProjects\TribeV2WebAnalyzer\TribeV2\scout_data\horikawaCode\videos\0831.mp4
832,sexual_desire,0.666670024394989,C:\Users\kragh\OneDrive\Documents\HrudayCodingProjects\TribeV2WebAnalyzer\TribeV2\scout_data\horikawaCode\videos\0832.mp4
833,entrancement,0.4166699945926666,C:\Users\kragh\OneDrive\Documents\HrudayCodingProjects\TribeV2WebAnalyzer\TribeV2\scout_data\horikawaCode\videos\0833.mp4
834,relief,0.5,C:\Users\kragh\OneDrive\Documents\HrudayCodingProjects\TribeV2WebAnalyzer\TribeV2\scout_data\horikawaCode\videos\0834.mp4
835,anxiety,0.25,C:\Users\kragh\OneDrive\Documents\HrudayCodingProjects\TribeV2WebAnalyzer\TribeV2\scout_data\horikawaCode\videos\0835.mp4
836,disgust,0.583329975605011,C:\Users\kragh\OneDrive\Documents\HrudayCodingProjects\TribeV2WebAnalyzer\TribeV2\scout_data\horikawaCode\videos\0836.mp4
837,sexual_desire,0.4166699945926666,C:\Users\kragh\OneDrive\Documents\HrudayCodingProjects\TribeV2WebAnalyzer\TribeV2\scout_data\horikawaCode\videos\0837.mp4
838,amusement,0.583329975605011,C:\Users\kragh\OneDrive\Documents\HrudayCodingProjects\TribeV2WebAnalyzer\TribeV2\scout_data\horikawaCode\videos\0838.mp4
839,disgust,0.666670024394989,C:\Users\kragh\OneDrive\Documents\HrudayCodingProjects\TribeV2WebAnalyzer\TribeV2\scout_data\horikawaCode\videos\0839.mp4
840,amusement,0.583329975605011,C:\Users\kragh\OneDrive\Documents\HrudayCodingProjects\TribeV2WebAnalyzer\TribeV2\scout_data\horikawaCode\videos\0840.mp4
841,horror,0.5,C:\Users\kragh\OneDrive\Documents\HrudayCodingProjects\TribeV2WebAnalyzer\TribeV2\scout_data\horikawaCode\videos\0841.mp4
842,interest,0.5,C:\Users\kragh\OneDrive\Documents\HrudayCodingProjects\TribeV2WebAnalyzer\TribeV2\scout_data\horikawaCode\videos\0842.mp4
843,interest,0.4000000059604645,C:\Users\kragh\OneDrive\Documents\HrudayCodingProjects\TribeV2WebAnalyzer\TribeV2\scout_data\horikawaCode\videos\0843.mp4
844,interest,0.4000000059604645,C:\Users\kragh\OneDrive\Documents\HrudayCodingProjects\TribeV2WebAnalyzer\TribeV2\scout_data\horikawaCode\videos\0844.mp4
845,anxiety,0.5,C:\Users\kragh\OneDrive\Documents\HrudayCodingProjects\TribeV2WebAnalyzer\TribeV2\scout_data\horikawaCode\videos\0845.mp4
846,interest,0.4000000059604645,C:\Users\kragh\OneDrive\Documents\HrudayCodingProjects\TribeV2WebAnalyzer\TribeV2\scout_data\horikawaCode\videos\0846.mp4
847,interest,0.5,C:\Users\kragh\OneDrive\Documents\HrudayCodingProjects\TribeV2WebAnalyzer\TribeV2\scout_data\horikawaCode\videos\0847.mp4
848,aesthetic_appreciation,0.4000000059604645,C:\Users\kragh\OneDrive\Documents\HrudayCodingProjects\TribeV2WebAnalyzer\TribeV2\scout_data\horikawaCode\videos\0848.mp4
849,disgust,0.30000001192092896,C:\Users\kragh\OneDrive\Documents\HrudayCodingProjects\TribeV2WebAnalyzer\TribeV2\scout_data\horikawaCode\videos\0849.mp4
850,sexual_desire,0.6000000238418579,C:\Users\kragh\OneDrive\Documents\HrudayCodingProjects\TribeV2WebAnalyzer\TribeV2\scout_data\horikawaCode\videos\0850.mp4
851,amusement,0.699999988079071,C:\Users\kragh\OneDrive\Documents\HrudayCodingProjects\TribeV2WebAnalyzer\TribeV2\scout_data\horikawaCode\videos\0851.mp4
852,amusement,0.6000000238418579,C:\Users\kragh\OneDrive\Documents\HrudayCodingProjects\TribeV2WebAnalyzer\TribeV2\scout_data\horikawaCode\videos\0852.mp4
853,anxiety,0.6000000238418579,C:\Users\kragh\OneDrive\Documents\HrudayCodingProjects\TribeV2WebAnalyzer\TribeV2\scout_data\horikawaCode\videos\0853.mp4
854,amusement,0.5,C:\Users\kragh\OneDrive\Documents\HrudayCodingProjects\TribeV2WebAnalyzer\TribeV2\scout_data\horikawaCode\videos\0854.mp4
855,horror,0.4000000059604645,C:\Users\kragh\OneDrive\Documents\HrudayCodingProjects\TribeV2WebAnalyzer\TribeV2\scout_data\horikawaCode\videos\0855.mp4
856,horror,0.6000000238418579,C:\Users\kragh\OneDrive\Documents\HrudayCodingProjects\TribeV2WebAnalyzer\TribeV2\scout_data\horikawaCode\videos\0856.mp4
857,disgust,0.800000011920929,C:\Users\kragh\OneDrive\Documents\HrudayCodingProjects\TribeV2WebAnalyzer\TribeV2\scout_data\horikawaCode\videos\0857.mp4
858,amusement,0.800000011920929,C:\Users\kragh\OneDrive\Documents\HrudayCodingProjects\TribeV2WebAnalyzer\TribeV2\scout_data\horikawaCode\videos\0858.mp4
859,amusement,0.800000011920929,C:\Users\kragh\OneDrive\Documents\HrudayCodingProjects\TribeV2WebAnalyzer\TribeV2\scout_data\horikawaCode\videos\0859.mp4
860,sadness,0.699999988079071,C:\Users\kragh\OneDrive\Documents\HrudayCodingProjects\TribeV2WebAnalyzer\TribeV2\scout_data\horikawaCode\videos\0860.mp4
861,disgust,0.6000000238418579,C:\Users\kragh\OneDrive\Documents\HrudayCodingProjects\TribeV2WebAnalyzer\TribeV2\scout_data\horikawaCode\videos\0861.mp4
862,amusement,0.5,C:\Users\kragh\OneDrive\Documents\HrudayCodingProjects\TribeV2WebAnalyzer\TribeV2\scout_data\horikawaCode\videos\0862.mp4
863,disgust,0.699999988079071,C:\Users\kragh\OneDrive\Documents\HrudayCodingProjects\TribeV2WebAnalyzer\TribeV2\scout_data\horikawaCode\videos\0863.mp4
864,amusement,0.699999988079071,C:\Users\kragh\OneDrive\Documents\HrudayCodingProjects\TribeV2WebAnalyzer\TribeV2\scout_data\horikawaCode\videos\0864.mp4
865,disgust,0.8999999761581421,C:\Users\kragh\OneDrive\Documents\HrudayCodingProjects\TribeV2WebAnalyzer\TribeV2\scout_data\horikawaCode\videos\0865.mp4
866,horror,0.699999988079071,C:\Users\kragh\OneDrive\Documents\HrudayCodingProjects\TribeV2WebAnalyzer\TribeV2\scout_data\horikawaCode\videos\0866.mp4
867,amusement,0.5,C:\Users\kragh\OneDrive\Documents\HrudayCodingProjects\TribeV2WebAnalyzer\TribeV2\scout_data\horikawaCode\videos\0867.mp4
868,amusement,0.4000000059604645,C:\Users\kragh\OneDrive\Documents\HrudayCodingProjects\TribeV2WebAnalyzer\TribeV2\scout_data\horikawaCode\videos\0868.mp4
869,empathic_pain,0.5,C:\Users\kragh\OneDrive\Documents\HrudayCodingProjects\TribeV2WebAnalyzer\TribeV2\scout_data\horikawaCode\videos\0869.mp4
870,aesthetic_appreciation,0.5,C:\Users\kragh\OneDrive\Documents\HrudayCodingProjects\TribeV2WebAnalyzer\TribeV2\scout_data\horikawaCode\videos\0870.mp4
871,amusement,0.2692300081253052,C:\Users\kragh\OneDrive\Documents\HrudayCodingProjects\TribeV2WebAnalyzer\TribeV2\scout_data\horikawaCode\videos\0871.mp4
872,awkwardness,0.6538500189781189,C:\Users\kragh\OneDrive\Documents\HrudayCodingProjects\TribeV2WebAnalyzer\TribeV2\scout_data\horikawaCode\videos\0872.mp4
873,amusement,0.6538500189781189,C:\Users\kragh\OneDrive\Documents\HrudayCodingProjects\TribeV2WebAnalyzer\TribeV2\scout_data\horikawaCode\videos\0873.mp4
874,disgust,0.6923099756240845,C:\Users\kragh\OneDrive\Documents\HrudayCodingProjects\TribeV2WebAnalyzer\TribeV2\scout_data\horikawaCode\videos\0874.mp4
875,awe,0.5384600162506104,C:\Users\kragh\OneDrive\Documents\HrudayCodingProjects\TribeV2WebAnalyzer\TribeV2\scout_data\horikawaCode\videos\0875.mp4
876,disgust,1.0,C:\Users\kragh\OneDrive\Documents\HrudayCodingProjects\TribeV2WebAnalyzer\TribeV2\scout_data\horikawaCode\videos\0876.mp4
877,fear,0.46154001355171204,C:\Users\kragh\OneDrive\Documents\HrudayCodingProjects\TribeV2WebAnalyzer\TribeV2\scout_data\horikawaCode\videos\0877.mp4
878,sexual_desire,1.0,C:\Users\kragh\OneDrive\Documents\HrudayCodingProjects\TribeV2WebAnalyzer\TribeV2\scout_data\horikawaCode\videos\0878.mp4
879,amusement,0.46154001355171204,C:\Users\kragh\OneDrive\Documents\HrudayCodingProjects\TribeV2WebAnalyzer\TribeV2\scout_data\horikawaCode\videos\0879.mp4
880,craving,0.8461499810218811,C:\Users\kragh\OneDrive\Documents\HrudayCodingProjects\TribeV2WebAnalyzer\TribeV2\scout_data\horikawaCode\videos\0880.mp4
881,awe,0.46154001355171204,C:\Users\kragh\OneDrive\Documents\HrudayCodingProjects\TribeV2WebAnalyzer\TribeV2\scout_data\horikawaCode\videos\0881.mp4
882,awkwardness,0.5384600162506104,C:\Users\kragh\OneDrive\Documents\HrudayCodingProjects\TribeV2WebAnalyzer\TribeV2\scout_data\horikawaCode\videos\0882.mp4
883,craving,1.0,C:\Users\kragh\OneDrive\Documents\HrudayCodingProjects\TribeV2WebAnalyzer\TribeV2\scout_data\horikawaCode\videos\0883.mp4
884,craving,0.6153799891471863,C:\Users\kragh\OneDrive\Documents\HrudayCodingProjects\TribeV2WebAnalyzer\TribeV2\scout_data\horikawaCode\videos\0884.mp4
885,fear,0.30768999457359314,C:\Users\kragh\OneDrive\Documents\HrudayCodingProjects\TribeV2WebAnalyzer\TribeV2\scout_data\horikawaCode\videos\0885.mp4
886,fear,0.5384600162506104,C:\Users\kragh\OneDrive\Documents\HrudayCodingProjects\TribeV2WebAnalyzer\TribeV2\scout_data\horikawaCode\videos\0886.mp4
887,horror,0.6153799891471863,C:\Users\kragh\OneDrive\Documents\HrudayCodingProjects\TribeV2WebAnalyzer\TribeV2\scout_data\horikawaCode\videos\0887.mp4
888,disgust,0.7692300081253052,C:\Users\kragh\OneDrive\Documents\HrudayCodingProjects\TribeV2WebAnalyzer\TribeV2\scout_data\horikawaCode\videos\0888.mp4
889,fear,0.6923099756240845,C:\Users\kragh\OneDrive\Documents\HrudayCodingProjects\TribeV2WebAnalyzer\TribeV2\scout_data\horikawaCode\videos\0889.mp4
890,awe,0.4230799973011017,C:\Users\kragh\OneDrive\Documents\HrudayCodingProjects\TribeV2WebAnalyzer\TribeV2\scout_data\horikawaCode\videos\0890.mp4
891,boredom,0.30768999457359314,C:\Users\kragh\OneDrive\Documents\HrudayCodingProjects\TribeV2WebAnalyzer\TribeV2\scout_data\horikawaCode\videos\0891.mp4
892,amusement,0.6153799891471863,C:\Users\kragh\OneDrive\Documents\HrudayCodingProjects\TribeV2WebAnalyzer\TribeV2\scout_data\horikawaCode\videos\0892.mp4
893,craving,0.7692300081253052,C:\Users\kragh\OneDrive\Documents\HrudayCodingProjects\TribeV2WebAnalyzer\TribeV2\scout_data\horikawaCode\videos\0893.mp4
894,amusement,0.5384600162506104,C:\Users\kragh\OneDrive\Documents\HrudayCodingProjects\TribeV2WebAnalyzer\TribeV2\scout_data\horikawaCode\videos\0894.mp4
895,aesthetic_appreciation,0.3461500108242035,C:\Users\kragh\OneDrive\Documents\HrudayCodingProjects\TribeV2WebAnalyzer\TribeV2\scout_data\horikawaCode\videos\0895.mp4
896,craving,1.0,C:\Users\kragh\OneDrive\Documents\HrudayCodingProjects\TribeV2WebAnalyzer\TribeV2\scout_data\horikawaCode\videos\0896.mp4
897,amusement,0.7692300081253052,C:\Users\kragh\OneDrive\Documents\HrudayCodingProjects\TribeV2WebAnalyzer\TribeV2\scout_data\horikawaCode\videos\0897.mp4
898,craving,0.9230800271034241,C:\Users\kragh\OneDrive\Documents\HrudayCodingProjects\TribeV2WebAnalyzer\TribeV2\scout_data\horikawaCode\videos\0898.mp4
899,excitement,0.46154001355171204,C:\Users\kragh\OneDrive\Documents\HrudayCodingProjects\TribeV2WebAnalyzer\TribeV2\scout_data\horikawaCode\videos\0899.mp4
900,anxiety,0.46154001355171204,C:\Users\kragh\OneDrive\Documents\HrudayCodingProjects\TribeV2WebAnalyzer\TribeV2\scout_data\horikawaCode\videos\0900.mp4
901,entrancement,0.46154001355171204,C:\Users\kragh\OneDrive\Documents\HrudayCodingProjects\TribeV2WebAnalyzer\TribeV2\scout_data\horikawaCode\videos\0901.mp4
902,romance,0.6923099756240845,C:\Users\kragh\OneDrive\Documents\HrudayCodingProjects\TribeV2WebAnalyzer\TribeV2\scout_data\horikawaCode\videos\0902.mp4
903,aesthetic_appreciation,0.3846200108528137,C:\Users\kragh\OneDrive\Documents\HrudayCodingProjects\TribeV2WebAnalyzer\TribeV2\scout_data\horikawaCode\videos\0903.mp4
904,amusement,0.5384600162506104,C:\Users\kragh\OneDrive\Documents\HrudayCodingProjects\TribeV2WebAnalyzer\TribeV2\scout_data\horikawaCode\videos\0904.mp4
905,disgust,0.46154001355171204,C:\Users\kragh\OneDrive\Documents\HrudayCodingProjects\TribeV2WebAnalyzer\TribeV2\scout_data\horikawaCode\videos\0905.mp4
906,amusement,0.6923099756240845,C:\Users\kragh\OneDrive\Documents\HrudayCodingProjects\TribeV2WebAnalyzer\TribeV2\scout_data\horikawaCode\videos\0906.mp4
907,empathic_pain,0.3846200108528137,C:\Users\kragh\OneDrive\Documents\HrudayCodingProjects\TribeV2WebAnalyzer\TribeV2\scout_data\horikawaCode\videos\0907.mp4
908,anxiety,0.46154001355171204,C:\Users\kragh\OneDrive\Documents\HrudayCodingProjects\TribeV2WebAnalyzer\TribeV2\scout_data\horikawaCode\videos\0908.mp4
909,fear,0.30768999457359314,C:\Users\kragh\OneDrive\Documents\HrudayCodingProjects\TribeV2WebAnalyzer\TribeV2\scout_data\horikawaCode\videos\0909.mp4
910,amusement,1.0,C:\Users\kragh\OneDrive\Documents\HrudayCodingProjects\TribeV2WebAnalyzer\TribeV2\scout_data\horikawaCode\videos\0910.mp4
911,empathic_pain,0.5384600162506104,C:\Users\kragh\OneDrive\Documents\HrudayCodingProjects\TribeV2WebAnalyzer\TribeV2\scout_data\horikawaCode\videos\0911.mp4
912,amusement,0.5384600162506104,C:\Users\kragh\OneDrive\Documents\HrudayCodingProjects\TribeV2WebAnalyzer\TribeV2\scout_data\horikawaCode\videos\0912.mp4
913,disgust,0.30768999457359314,C:\Users\kragh\OneDrive\Documents\HrudayCodingProjects\TribeV2WebAnalyzer\TribeV2\scout_data\horikawaCode\videos\0913.mp4
914,sadness,0.6153799891471863,C:\Users\kragh\OneDrive\Documents\HrudayCodingProjects\TribeV2WebAnalyzer\TribeV2\scout_data\horikawaCode\videos\0914.mp4
915,awe,0.6153799891471863,C:\Users\kragh\OneDrive\Documents\HrudayCodingProjects\TribeV2WebAnalyzer\TribeV2\scout_data\horikawaCode\videos\0915.mp4
916,aesthetic_appreciation,0.6153799891471863,C:\Users\kragh\OneDrive\Documents\HrudayCodingProjects\TribeV2WebAnalyzer\TribeV2\scout_data\horikawaCode\videos\0916.mp4
917,amusement,0.3846200108528137,C:\Users\kragh\OneDrive\Documents\HrudayCodingProjects\TribeV2WebAnalyzer\TribeV2\scout_data\horikawaCode\videos\0917.mp4
918,amusement,0.6923099756240845,C:\Users\kragh\OneDrive\Documents\HrudayCodingProjects\TribeV2WebAnalyzer\TribeV2\scout_data\horikawaCode\videos\0918.mp4
919,craving,0.7692300081253052,C:\Users\kragh\OneDrive\Documents\HrudayCodingProjects\TribeV2WebAnalyzer\TribeV2\scout_data\horikawaCode\videos\0919.mp4
920,amusement,0.5384600162506104,C:\Users\kragh\OneDrive\Documents\HrudayCodingProjects\TribeV2WebAnalyzer\TribeV2\scout_data\horikawaCode\videos\0920.mp4
921,excitement,0.3846200108528137,C:\Users\kragh\OneDrive\Documents\HrudayCodingProjects\TribeV2WebAnalyzer\TribeV2\scout_data\horikawaCode\videos\0921.mp4
922,sexual_desire,1.0,C:\Users\kragh\OneDrive\Documents\HrudayCodingProjects\TribeV2WebAnalyzer\TribeV2\scout_data\horikawaCode\videos\0922.mp4
923,admiration,0.3846200108528137,C:\Users\kragh\OneDrive\Documents\HrudayCodingProjects\TribeV2WebAnalyzer\TribeV2\scout_data\horikawaCode\videos\0923.mp4
924,amusement,0.6153799891471863,C:\Users\kragh\OneDrive\Documents\HrudayCodingProjects\TribeV2WebAnalyzer\TribeV2\scout_data\horikawaCode\videos\0924.mp4
925,fear,0.5384600162506104,C:\Users\kragh\OneDrive\Documents\HrudayCodingProjects\TribeV2WebAnalyzer\TribeV2\scout_data\horikawaCode\videos\0925.mp4
926,disgust,0.8461499810218811,C:\Users\kragh\OneDrive\Documents\HrudayCodingProjects\TribeV2WebAnalyzer\TribeV2\scout_data\horikawaCode\videos\0926.mp4
927,adoration,0.46154001355171204,C:\Users\kragh\OneDrive\Documents\HrudayCodingProjects\TribeV2WebAnalyzer\TribeV2\scout_data\horikawaCode\videos\0927.mp4
928,amusement,0.5384600162506104,C:\Users\kragh\OneDrive\Documents\HrudayCodingProjects\TribeV2WebAnalyzer\TribeV2\scout_data\horikawaCode\videos\0928.mp4
929,disgust,1.0,C:\Users\kragh\OneDrive\Documents\HrudayCodingProjects\TribeV2WebAnalyzer\TribeV2\scout_data\horikawaCode\videos\0929.mp4
930,interest,0.3846200108528137,C:\Users\kragh\OneDrive\Documents\HrudayCodingProjects\TribeV2WebAnalyzer\TribeV2\scout_data\horikawaCode\videos\0930.mp4
931,amusement,0.7142900228500366,C:\Users\kragh\OneDrive\Documents\HrudayCodingProjects\TribeV2WebAnalyzer\TribeV2\scout_data\horikawaCode\videos\0931.mp4
932,amusement,0.4285700023174286,C:\Users\kragh\OneDrive\Documents\HrudayCodingProjects\TribeV2WebAnalyzer\TribeV2\scout_data\horikawaCode\videos\0932.mp4
933,joy,0.28571000695228577,C:\Users\kragh\OneDrive\Documents\HrudayCodingProjects\TribeV2WebAnalyzer\TribeV2\scout_data\horikawaCode\videos\0933.mp4
934,confusion,0.28571000695228577,C:\Users\kragh\OneDrive\Documents\HrudayCodingProjects\TribeV2WebAnalyzer\TribeV2\scout_data\horikawaCode\videos\0934.mp4
935,fear,0.21428999304771423,C:\Users\kragh\OneDrive\Documents\HrudayCodingProjects\TribeV2WebAnalyzer\TribeV2\scout_data\horikawaCode\videos\0935.mp4
936,sexual_desire,0.5,C:\Users\kragh\OneDrive\Documents\HrudayCodingProjects\TribeV2WebAnalyzer\TribeV2\scout_data\horikawaCode\videos\0936.mp4
937,disgust,0.5,C:\Users\kragh\OneDrive\Documents\HrudayCodingProjects\TribeV2WebAnalyzer\TribeV2\scout_data\horikawaCode\videos\0937.mp4
938,amusement,0.7142900228500366,C:\Users\kragh\OneDrive\Documents\HrudayCodingProjects\TribeV2WebAnalyzer\TribeV2\scout_data\horikawaCode\videos\0938.mp4
939,awe,0.21428999304771423,C:\Users\kragh\OneDrive\Documents\HrudayCodingProjects\TribeV2WebAnalyzer\TribeV2\scout_data\horikawaCode\videos\0939.mp4
940,fear,0.5714300274848938,C:\Users\kragh\OneDrive\Documents\HrudayCodingProjects\TribeV2WebAnalyzer\TribeV2\scout_data\horikawaCode\videos\0940.mp4
941,awe,0.3571400046348572,C:\Users\kragh\OneDrive\Documents\HrudayCodingProjects\TribeV2WebAnalyzer\TribeV2\scout_data\horikawaCode\videos\0941.mp4
942,sexual_desire,0.7142900228500366,C:\Users\kragh\OneDrive\Documents\HrudayCodingProjects\TribeV2WebAnalyzer\TribeV2\scout_data\horikawaCode\videos\0942.mp4
943,nostalgia,0.5714300274848938,C:\Users\kragh\OneDrive\Documents\HrudayCodingProjects\TribeV2WebAnalyzer\TribeV2\scout_data\horikawaCode\videos\0943.mp4
944,amusement,0.5,C:\Users\kragh\OneDrive\Documents\HrudayCodingProjects\TribeV2WebAnalyzer\TribeV2\scout_data\horikawaCode\videos\0944.mp4
945,entrancement,0.3571400046348572,C:\Users\kragh\OneDrive\Documents\HrudayCodingProjects\TribeV2WebAnalyzer\TribeV2\scout_data\horikawaCode\videos\0945.mp4
946,nostalgia,0.5,C:\Users\kragh\OneDrive\Documents\HrudayCodingProjects\TribeV2WebAnalyzer\TribeV2\scout_data\horikawaCode\videos\0946.mp4
947,awkwardness,0.28571000695228577,C:\Users\kragh\OneDrive\Documents\HrudayCodingProjects\TribeV2WebAnalyzer\TribeV2\scout_data\horikawaCode\videos\0947.mp4
948,confusion,0.3571400046348572,C:\Users\kragh\OneDrive\Documents\HrudayCodingProjects\TribeV2WebAnalyzer\TribeV2\scout_data\horikawaCode\videos\0948.mp4
949,fear,0.4285700023174286,C:\Users\kragh\OneDrive\Documents\HrudayCodingProjects\TribeV2WebAnalyzer\TribeV2\scout_data\horikawaCode\videos\0949.mp4
950,amusement,0.5,C:\Users\kragh\OneDrive\Documents\HrudayCodingProjects\TribeV2WebAnalyzer\TribeV2\scout_data\horikawaCode\videos\0950.mp4
951,calmness,0.28571000695228577,C:\Users\kragh\OneDrive\Documents\HrudayCodingProjects\TribeV2WebAnalyzer\TribeV2\scout_data\horikawaCode\videos\0951.mp4
952,awe,0.5,C:\Users\kragh\OneDrive\Documents\HrudayCodingProjects\TribeV2WebAnalyzer\TribeV2\scout_data\horikawaCode\videos\0952.mp4
953,amusement,0.7142900228500366,C:\Users\kragh\OneDrive\Documents\HrudayCodingProjects\TribeV2WebAnalyzer\TribeV2\scout_data\horikawaCode\videos\0953.mp4
954,sexual_desire,0.9285699725151062,C:\Users\kragh\OneDrive\Documents\HrudayCodingProjects\TribeV2WebAnalyzer\TribeV2\scout_data\horikawaCode\videos\0954.mp4
955,confusion,0.21428999304771423,C:\Users\kragh\OneDrive\Documents\HrudayCodingProjects\TribeV2WebAnalyzer\TribeV2\scout_data\horikawaCode\videos\0955.mp4
956,confusion,0.4285700023174286,C:\Users\kragh\OneDrive\Documents\HrudayCodingProjects\TribeV2WebAnalyzer\TribeV2\scout_data\horikawaCode\videos\0956.mp4
957,amusement,0.5714300274848938,C:\Users\kragh\OneDrive\Documents\HrudayCodingProjects\TribeV2WebAnalyzer\TribeV2\scout_data\horikawaCode\videos\0957.mp4
958,empathic_pain,0.28571000695228577,C:\Users\kragh\OneDrive\Documents\HrudayCodingProjects\TribeV2WebAnalyzer\TribeV2\scout_data\horikawaCode\videos\0958.mp4
959,amusement,0.6428599953651428,C:\Users\kragh\OneDrive\Documents\HrudayCodingProjects\TribeV2WebAnalyzer\TribeV2\scout_data\horikawaCode\videos\0959.mp4
960,interest,0.5714300274848938,C:\Users\kragh\OneDrive\Documents\HrudayCodingProjects\TribeV2WebAnalyzer\TribeV2\scout_data\horikawaCode\videos\0960.mp4
961,calmness,0.583329975605011,C:\Users\kragh\OneDrive\Documents\HrudayCodingProjects\TribeV2WebAnalyzer\TribeV2\scout_data\horikawaCode\videos\0961.mp4
962,anxiety,0.5,C:\Users\kragh\OneDrive\Documents\HrudayCodingProjects\TribeV2WebAnalyzer\TribeV2\scout_data\horikawaCode\videos\0962.mp4
963,aesthetic_appreciation,0.583329975605011,C:\Users\kragh\OneDrive\Documents\HrudayCodingProjects\TribeV2WebAnalyzer\TribeV2\scout_data\horikawaCode\videos\0963.mp4
964,romance,0.75,C:\Users\kragh\OneDrive\Documents\HrudayCodingProjects\TribeV2WebAnalyzer\TribeV2\scout_data\horikawaCode\videos\0964.mp4
965,horror,0.583329975605011,C:\Users\kragh\OneDrive\Documents\HrudayCodingProjects\TribeV2WebAnalyzer\TribeV2\scout_data\horikawaCode\videos\0965.mp4
966,amusement,0.666670024394989,C:\Users\kragh\OneDrive\Documents\HrudayCodingProjects\TribeV2WebAnalyzer\TribeV2\scout_data\horikawaCode\videos\0966.mp4
967,aesthetic_appreciation,0.3333300054073334,C:\Users\kragh\OneDrive\Documents\HrudayCodingProjects\TribeV2WebAnalyzer\TribeV2\scout_data\horikawaCode\videos\0967.mp4
968,disgust,0.4166699945926666,C:\Users\kragh\OneDrive\Documents\HrudayCodingProjects\TribeV2WebAnalyzer\TribeV2\scout_data\horikawaCode\videos\0968.mp4
969,aesthetic_appreciation,0.666670024394989,C:\Users\kragh\OneDrive\Documents\HrudayCodingProjects\TribeV2WebAnalyzer\TribeV2\scout_data\horikawaCode\videos\0969.mp4
970,anxiety,0.3333300054073334,C:\Users\kragh\OneDrive\Documents\HrudayCodingProjects\TribeV2WebAnalyzer\TribeV2\scout_data\horikawaCode\videos\0970.mp4
971,anger,0.4166699945926666,C:\Users\kragh\OneDrive\Documents\HrudayCodingProjects\TribeV2WebAnalyzer\TribeV2\scout_data\horikawaCode\videos\0971.mp4
972,adoration,0.3333300054073334,C:\Users\kragh\OneDrive\Documents\HrudayCodingProjects\TribeV2WebAnalyzer\TribeV2\scout_data\horikawaCode\videos\0972.mp4
973,fear,0.583329975605011,C:\Users\kragh\OneDrive\Documents\HrudayCodingProjects\TribeV2WebAnalyzer\TribeV2\scout_data\horikawaCode\videos\0973.mp4
974,awe,0.5,C:\Users\kragh\OneDrive\Documents\HrudayCodingProjects\TribeV2WebAnalyzer\TribeV2\scout_data\horikawaCode\videos\0974.mp4
975,sadness,0.833329975605011,C:\Users\kragh\OneDrive\Documents\HrudayCodingProjects\TribeV2WebAnalyzer\TribeV2\scout_data\horikawaCode\videos\0975.mp4
976,surprise,0.75,C:\Users\kragh\OneDrive\Documents\HrudayCodingProjects\TribeV2WebAnalyzer\TribeV2\scout_data\horikawaCode\videos\0976.mp4
977,confusion,0.3333300054073334,C:\Users\kragh\OneDrive\Documents\HrudayCodingProjects\TribeV2WebAnalyzer\TribeV2\scout_data\horikawaCode\videos\0977.mp4
978,joy,0.3333300054073334,C:\Users\kragh\OneDrive\Documents\HrudayCodingProjects\TribeV2WebAnalyzer\TribeV2\scout_data\horikawaCode\videos\0978.mp4
979,amusement,0.3333300054073334,C:\Users\kragh\OneDrive\Documents\HrudayCodingProjects\TribeV2WebAnalyzer\TribeV2\scout_data\horikawaCode\videos\0979.mp4
980,amusement,0.583329975605011,C:\Users\kragh\OneDrive\Documents\HrudayCodingProjects\TribeV2WebAnalyzer\TribeV2\scout_data\horikawaCode\videos\0980.mp4
981,amusement,0.5,C:\Users\kragh\OneDrive\Documents\HrudayCodingProjects\TribeV2WebAnalyzer\TribeV2\scout_data\horikawaCode\videos\0981.mp4
982,amusement,0.25,C:\Users\kragh\OneDrive\Documents\HrudayCodingProjects\TribeV2WebAnalyzer\TribeV2\scout_data\horikawaCode\videos\0982.mp4
983,awe,0.5,C:\Users\kragh\OneDrive\Documents\HrudayCodingProjects\TribeV2WebAnalyzer\TribeV2\scout_data\horikawaCode\videos\0983.mp4
984,aesthetic_appreciation,0.5,C:\Users\kragh\OneDrive\Documents\HrudayCodingProjects\TribeV2WebAnalyzer\TribeV2\scout_data\horikawaCode\videos\0984.mp4
985,amusement,0.3333300054073334,C:\Users\kragh\OneDrive\Documents\HrudayCodingProjects\TribeV2WebAnalyzer\TribeV2\scout_data\horikawaCode\videos\0985.mp4
986,excitement,0.4166699945926666,C:\Users\kragh\OneDrive\Documents\HrudayCodingProjects\TribeV2WebAnalyzer\TribeV2\scout_data\horikawaCode\videos\0986.mp4
987,amusement,0.5,C:\Users\kragh\OneDrive\Documents\HrudayCodingProjects\TribeV2WebAnalyzer\TribeV2\scout_data\horikawaCode\videos\0987.mp4
988,interest,0.3333300054073334,C:\Users\kragh\OneDrive\Documents\HrudayCodingProjects\TribeV2WebAnalyzer\TribeV2\scout_data\horikawaCode\videos\0988.mp4
989,disgust,0.583329975605011,C:\Users\kragh\OneDrive\Documents\HrudayCodingProjects\TribeV2WebAnalyzer\TribeV2\scout_data\horikawaCode\videos\0989.mp4
990,amusement,0.5,C:\Users\kragh\OneDrive\Documents\HrudayCodingProjects\TribeV2WebAnalyzer\TribeV2\scout_data\horikawaCode\videos\0990.mp4
991,disgust,0.666670024394989,C:\Users\kragh\OneDrive\Documents\HrudayCodingProjects\TribeV2WebAnalyzer\TribeV2\scout_data\horikawaCode\videos\0991.mp4
992,amusement,0.666670024394989,C:\Users\kragh\OneDrive\Documents\HrudayCodingProjects\TribeV2WebAnalyzer\TribeV2\scout_data\horikawaCode\videos\0992.mp4
993,amusement,0.666670024394989,C:\Users\kragh\OneDrive\Documents\HrudayCodingProjects\TribeV2WebAnalyzer\TribeV2\scout_data\horikawaCode\videos\0993.mp4
994,interest,0.583329975605011,C:\Users\kragh\OneDrive\Documents\HrudayCodingProjects\TribeV2WebAnalyzer\TribeV2\scout_data\horikawaCode\videos\0994.mp4
995,amusement,0.5,C:\Users\kragh\OneDrive\Documents\HrudayCodingProjects\TribeV2WebAnalyzer\TribeV2\scout_data\horikawaCode\videos\0995.mp4
996,awe,0.583329975605011,C:\Users\kragh\OneDrive\Documents\HrudayCodingProjects\TribeV2WebAnalyzer\TribeV2\scout_data\horikawaCode\videos\0996.mp4
997,sexual_desire,0.916670024394989,C:\Users\kragh\OneDrive\Documents\HrudayCodingProjects\TribeV2WebAnalyzer\TribeV2\scout_data\horikawaCode\videos\0997.mp4
998,amusement,0.583329975605011,C:\Users\kragh\OneDrive\Documents\HrudayCodingProjects\TribeV2WebAnalyzer\TribeV2\scout_data\horikawaCode\videos\0998.mp4
999,disgust,0.583329975605011,C:\Users\kragh\OneDrive\Documents\HrudayCodingProjects\TribeV2WebAnalyzer\TribeV2\scout_data\horikawaCode\videos\0999.mp4
1000,amusement,0.75,C:\Users\kragh\OneDrive\Documents\HrudayCodingProjects\TribeV2WebAnalyzer\TribeV2\scout_data\horikawaCode\videos\1000.mp4
1001,fear,0.583329975605011,C:\Users\kragh\OneDrive\Documents\HrudayCodingProjects\TribeV2WebAnalyzer\TribeV2\scout_data\horikawaCode\videos\1001.mp4
1002,surprise,0.583329975605011,C:\Users\kragh\OneDrive\Documents\HrudayCodingProjects\TribeV2WebAnalyzer\TribeV2\scout_data\horikawaCode\videos\1002.mp4
1003,nostalgia,0.75,C:\Users\kragh\OneDrive\Documents\HrudayCodingProjects\TribeV2WebAnalyzer\TribeV2\scout_data\horikawaCode\videos\1003.mp4
1004,sadness,0.666670024394989,C:\Users\kragh\OneDrive\Documents\HrudayCodingProjects\TribeV2WebAnalyzer\TribeV2\scout_data\horikawaCode\videos\1004.mp4
1005,amusement,0.3333300054073334,C:\Users\kragh\OneDrive\Documents\HrudayCodingProjects\TribeV2WebAnalyzer\TribeV2\scout_data\horikawaCode\videos\1005.mp4
1006,interest,0.5,C:\Users\kragh\OneDrive\Documents\HrudayCodingProjects\TribeV2WebAnalyzer\TribeV2\scout_data\horikawaCode\videos\1006.mp4
1007,interest,0.583329975605011,C:\Users\kragh\OneDrive\Documents\HrudayCodingProjects\TribeV2WebAnalyzer\TribeV2\scout_data\horikawaCode\videos\1007.mp4
1008,sexual_desire,1.0,C:\Users\kragh\OneDrive\Documents\HrudayCodingProjects\TribeV2WebAnalyzer\TribeV2\scout_data\horikawaCode\videos\1008.mp4
1009,amusement,0.4166699945926666,C:\Users\kragh\OneDrive\Documents\HrudayCodingProjects\TribeV2WebAnalyzer\TribeV2\scout_data\horikawaCode\videos\1009.mp4
1010,amusement,0.75,C:\Users\kragh\OneDrive\Documents\HrudayCodingProjects\TribeV2WebAnalyzer\TribeV2\scout_data\horikawaCode\videos\1010.mp4
1011,amusement,0.583329975605011,C:\Users\kragh\OneDrive\Documents\HrudayCodingProjects\TribeV2WebAnalyzer\TribeV2\scout_data\horikawaCode\videos\1011.mp4
1012,excitement,0.3333300054073334,C:\Users\kragh\OneDrive\Documents\HrudayCodingProjects\TribeV2WebAnalyzer\TribeV2\scout_data\horikawaCode\videos\1012.mp4
1013,interest,0.4166699945926666,C:\Users\kragh\OneDrive\Documents\HrudayCodingProjects\TribeV2WebAnalyzer\TribeV2\scout_data\horikawaCode\videos\1013.mp4
1014,horror,0.666670024394989,C:\Users\kragh\OneDrive\Documents\HrudayCodingProjects\TribeV2WebAnalyzer\TribeV2\scout_data\horikawaCode\videos\1014.mp4
1015,amusement,0.3333300054073334,C:\Users\kragh\OneDrive\Documents\HrudayCodingProjects\TribeV2WebAnalyzer\TribeV2\scout_data\horikawaCode\videos\1015.mp4
1016,romance,0.666670024394989,C:\Users\kragh\OneDrive\Documents\HrudayCodingProjects\TribeV2WebAnalyzer\TribeV2\scout_data\horikawaCode\videos\1016.mp4
1017,amusement,0.666670024394989,C:\Users\kragh\OneDrive\Documents\HrudayCodingProjects\TribeV2WebAnalyzer\TribeV2\scout_data\horikawaCode\videos\1017.mp4
1018,boredom,0.3333300054073334,C:\Users\kragh\OneDrive\Documents\HrudayCodingProjects\TribeV2WebAnalyzer\TribeV2\scout_data\horikawaCode\videos\1018.mp4
1019,disgust,0.4166699945926666,C:\Users\kragh\OneDrive\Documents\HrudayCodingProjects\TribeV2WebAnalyzer\TribeV2\scout_data\horikawaCode\videos\1019.mp4
1020,awe,0.5,C:\Users\kragh\OneDrive\Documents\HrudayCodingProjects\TribeV2WebAnalyzer\TribeV2\scout_data\horikawaCode\videos\1020.mp4
1021,confusion,0.18182000517845154,C:\Users\kragh\OneDrive\Documents\HrudayCodingProjects\TribeV2WebAnalyzer\TribeV2\scout_data\horikawaCode\videos\1021.mp4
1022,aesthetic_appreciation,0.8181800246238708,C:\Users\kragh\OneDrive\Documents\HrudayCodingProjects\TribeV2WebAnalyzer\TribeV2\scout_data\horikawaCode\videos\1022.mp4
1023,awe,0.2727299928665161,C:\Users\kragh\OneDrive\Documents\HrudayCodingProjects\TribeV2WebAnalyzer\TribeV2\scout_data\horikawaCode\videos\1023.mp4
1024,boredom,0.31817999482154846,C:\Users\kragh\OneDrive\Documents\HrudayCodingProjects\TribeV2WebAnalyzer\TribeV2\scout_data\horikawaCode\videos\1024.mp4
1025,aesthetic_appreciation,0.6363599896430969,C:\Users\kragh\OneDrive\Documents\HrudayCodingProjects\TribeV2WebAnalyzer\TribeV2\scout_data\horikawaCode\videos\1025.mp4
1026,horror,0.6363599896430969,C:\Users\kragh\OneDrive\Documents\HrudayCodingProjects\TribeV2WebAnalyzer\TribeV2\scout_data\horikawaCode\videos\1026.mp4
1027,confusion,0.4090900123119354,C:\Users\kragh\OneDrive\Documents\HrudayCodingProjects\TribeV2WebAnalyzer\TribeV2\scout_data\horikawaCode\videos\1027.mp4
1028,romance,0.4090900123119354,C:\Users\kragh\OneDrive\Documents\HrudayCodingProjects\TribeV2WebAnalyzer\TribeV2\scout_data\horikawaCode\videos\1028.mp4
1029,adoration,0.3636400103569031,C:\Users\kragh\OneDrive\Documents\HrudayCodingProjects\TribeV2WebAnalyzer\TribeV2\scout_data\horikawaCode\videos\1029.mp4
1030,awe,0.3636400103569031,C:\Users\kragh\OneDrive\Documents\HrudayCodingProjects\TribeV2WebAnalyzer\TribeV2\scout_data\horikawaCode\videos\1030.mp4
1031,amusement,0.5,C:\Users\kragh\OneDrive\Documents\HrudayCodingProjects\TribeV2WebAnalyzer\TribeV2\scout_data\horikawaCode\videos\1031.mp4
1032,joy,0.7272700071334839,C:\Users\kragh\OneDrive\Documents\HrudayCodingProjects\TribeV2WebAnalyzer\TribeV2\scout_data\horikawaCode\videos\1032.mp4
1033,amusement,0.6363599896430969,C:\Users\kragh\OneDrive\Documents\HrudayCodingProjects\TribeV2WebAnalyzer\TribeV2\scout_data\horikawaCode\videos\1033.mp4
1034,joy,0.7272700071334839,C:\Users\kragh\OneDrive\Documents\HrudayCodingProjects\TribeV2WebAnalyzer\TribeV2\scout_data\horikawaCode\videos\1034.mp4
1035,awe,0.45454999804496765,C:\Users\kragh\OneDrive\Documents\HrudayCodingProjects\TribeV2WebAnalyzer\TribeV2\scout_data\horikawaCode\videos\1035.mp4
1036,amusement,0.6363599896430969,C:\Users\kragh\OneDrive\Documents\HrudayCodingProjects\TribeV2WebAnalyzer\TribeV2\scout_data\horikawaCode\videos\1036.mp4
1037,admiration,0.45454999804496765,C:\Users\kragh\OneDrive\Documents\HrudayCodingProjects\TribeV2WebAnalyzer\TribeV2\scout_data\horikawaCode\videos\1037.mp4
1038,sexual_desire,0.54544997215271,C:\Users\kragh\OneDrive\Documents\HrudayCodingProjects\TribeV2WebAnalyzer\TribeV2\scout_data\horikawaCode\videos\1038.mp4
1039,amusement,0.7272700071334839,C:\Users\kragh\OneDrive\Documents\HrudayCodingProjects\TribeV2WebAnalyzer\TribeV2\scout_data\horikawaCode\videos\1039.mp4
1040,interest,0.5,C:\Users\kragh\OneDrive\Documents\HrudayCodingProjects\TribeV2WebAnalyzer\TribeV2\scout_data\horikawaCode\videos\1040.mp4
1041,anxiety,0.2727299928665161,C:\Users\kragh\OneDrive\Documents\HrudayCodingProjects\TribeV2WebAnalyzer\TribeV2\scout_data\horikawaCode\videos\1041.mp4
1042,fear,0.6363599896430969,C:\Users\kragh\OneDrive\Documents\HrudayCodingProjects\TribeV2WebAnalyzer\TribeV2\scout_data\horikawaCode\videos\1042.mp4
1043,amusement,0.8636400103569031,C:\Users\kragh\OneDrive\Documents\HrudayCodingProjects\TribeV2WebAnalyzer\TribeV2\scout_data\horikawaCode\videos\1043.mp4
1044,disgust,1.0,C:\Users\kragh\OneDrive\Documents\HrudayCodingProjects\TribeV2WebAnalyzer\TribeV2\scout_data\horikawaCode\videos\1044.mp4
1045,nostalgia,0.45454999804496765,C:\Users\kragh\OneDrive\Documents\HrudayCodingProjects\TribeV2WebAnalyzer\TribeV2\scout_data\horikawaCode\videos\1045.mp4
1046,amusement,0.8181800246238708,C:\Users\kragh\OneDrive\Documents\HrudayCodingProjects\TribeV2WebAnalyzer\TribeV2\scout_data\horikawaCode\videos\1046.mp4
1047,amusement,0.8181800246238708,C:\Users\kragh\OneDrive\Documents\HrudayCodingProjects\TribeV2WebAnalyzer\TribeV2\scout_data\horikawaCode\videos\1047.mp4
1048,aesthetic_appreciation,0.45454999804496765,C:\Users\kragh\OneDrive\Documents\HrudayCodingProjects\TribeV2WebAnalyzer\TribeV2\scout_data\horikawaCode\videos\1048.mp4
1049,amusement,0.6363599896430969,C:\Users\kragh\OneDrive\Documents\HrudayCodingProjects\TribeV2WebAnalyzer\TribeV2\scout_data\horikawaCode\videos\1049.mp4
1050,interest,0.45454999804496765,C:\Users\kragh\OneDrive\Documents\HrudayCodingProjects\TribeV2WebAnalyzer\TribeV2\scout_data\horikawaCode\videos\1050.mp4
1051,sexual_desire,0.8181800246238708,C:\Users\kragh\OneDrive\Documents\HrudayCodingProjects\TribeV2WebAnalyzer\TribeV2\scout_data\horikawaCode\videos\1051.mp4
1052,confusion,0.3636400103569031,C:\Users\kragh\OneDrive\Documents\HrudayCodingProjects\TribeV2WebAnalyzer\TribeV2\scout_data\horikawaCode\videos\1052.mp4
1053,craving,0.7272700071334839,C:\Users\kragh\OneDrive\Documents\HrudayCodingProjects\TribeV2WebAnalyzer\TribeV2\scout_data\horikawaCode\videos\1053.mp4
1054,romance,0.7272700071334839,C:\Users\kragh\OneDrive\Documents\HrudayCodingProjects\TribeV2WebAnalyzer\TribeV2\scout_data\horikawaCode\videos\1054.mp4
1055,nostalgia,0.54544997215271,C:\Users\kragh\OneDrive\Documents\HrudayCodingProjects\TribeV2WebAnalyzer\TribeV2\scout_data\horikawaCode\videos\1055.mp4
1056,romance,0.8181800246238708,C:\Users\kragh\OneDrive\Documents\HrudayCodingProjects\TribeV2WebAnalyzer\TribeV2\scout_data\horikawaCode\videos\1056.mp4
1057,nostalgia,0.6363599896430969,C:\Users\kragh\OneDrive\Documents\HrudayCodingProjects\TribeV2WebAnalyzer\TribeV2\scout_data\horikawaCode\videos\1057.mp4
1058,amusement,0.54544997215271,C:\Users\kragh\OneDrive\Documents\HrudayCodingProjects\TribeV2WebAnalyzer\TribeV2\scout_data\horikawaCode\videos\1058.mp4
1059,amusement,0.45454999804496765,C:\Users\kragh\OneDrive\Documents\HrudayCodingProjects\TribeV2WebAnalyzer\TribeV2\scout_data\horikawaCode\videos\1059.mp4
1060,amusement,0.8181800246238708,C:\Users\kragh\OneDrive\Documents\HrudayCodingProjects\TribeV2WebAnalyzer\TribeV2\scout_data\horikawaCode\videos\1060.mp4
1061,aesthetic_appreciation,0.54544997215271,C:\Users\kragh\OneDrive\Documents\HrudayCodingProjects\TribeV2WebAnalyzer\TribeV2\scout_data\horikawaCode\videos\1061.mp4
1062,adoration,0.45454999804496765,C:\Users\kragh\OneDrive\Documents\HrudayCodingProjects\TribeV2WebAnalyzer\TribeV2\scout_data\horikawaCode\videos\1062.mp4
1063,adoration,0.2727299928665161,C:\Users\kragh\OneDrive\Documents\HrudayCodingProjects\TribeV2WebAnalyzer\TribeV2\scout_data\horikawaCode\videos\1063.mp4
1064,confusion,0.7272700071334839,C:\Users\kragh\OneDrive\Documents\HrudayCodingProjects\TribeV2WebAnalyzer\TribeV2\scout_data\horikawaCode\videos\1064.mp4
1065,amusement,0.2727299928665161,C:\Users\kragh\OneDrive\Documents\HrudayCodingProjects\TribeV2WebAnalyzer\TribeV2\scout_data\horikawaCode\videos\1065.mp4
1066,interest,0.6363599896430969,C:\Users\kragh\OneDrive\Documents\HrudayCodingProjects\TribeV2WebAnalyzer\TribeV2\scout_data\horikawaCode\videos\1066.mp4
1067,awe,0.3636400103569031,C:\Users\kragh\OneDrive\Documents\HrudayCodingProjects\TribeV2WebAnalyzer\TribeV2\scout_data\horikawaCode\videos\1067.mp4
1068,interest,0.54544997215271,C:\Users\kragh\OneDrive\Documents\HrudayCodingProjects\TribeV2WebAnalyzer\TribeV2\scout_data\horikawaCode\videos\1068.mp4
1069,sexual_desire,0.8181800246238708,C:\Users\kragh\OneDrive\Documents\HrudayCodingProjects\TribeV2WebAnalyzer\TribeV2\scout_data\horikawaCode\videos\1069.mp4
1070,nostalgia,0.54544997215271,C:\Users\kragh\OneDrive\Documents\HrudayCodingProjects\TribeV2WebAnalyzer\TribeV2\scout_data\horikawaCode\videos\1070.mp4
1071,aesthetic_appreciation,0.6363599896430969,C:\Users\kragh\OneDrive\Documents\HrudayCodingProjects\TribeV2WebAnalyzer\TribeV2\scout_data\horikawaCode\videos\1071.mp4
1072,surprise,0.45454999804496765,C:\Users\kragh\OneDrive\Documents\HrudayCodingProjects\TribeV2WebAnalyzer\TribeV2\scout_data\horikawaCode\videos\1072.mp4
1073,fear,0.54544997215271,C:\Users\kragh\OneDrive\Documents\HrudayCodingProjects\TribeV2WebAnalyzer\TribeV2\scout_data\horikawaCode\videos\1073.mp4
1074,romance,0.6363599896430969,C:\Users\kragh\OneDrive\Documents\HrudayCodingProjects\TribeV2WebAnalyzer\TribeV2\scout_data\horikawaCode\videos\1074.mp4
1075,interest,0.45454999804496765,C:\Users\kragh\OneDrive\Documents\HrudayCodingProjects\TribeV2WebAnalyzer\TribeV2\scout_data\horikawaCode\videos\1075.mp4
1076,fear,0.3636400103569031,C:\Users\kragh\OneDrive\Documents\HrudayCodingProjects\TribeV2WebAnalyzer\TribeV2\scout_data\horikawaCode\videos\1076.mp4
1077,sympathy,0.3636400103569031,C:\Users\kragh\OneDrive\Documents\HrudayCodingProjects\TribeV2WebAnalyzer\TribeV2\scout_data\horikawaCode\videos\1077.mp4
1078,craving,0.7272700071334839,C:\Users\kragh\OneDrive\Documents\HrudayCodingProjects\TribeV2WebAnalyzer\TribeV2\scout_data\horikawaCode\videos\1078.mp4
1079,fear,0.45454999804496765,C:\Users\kragh\OneDrive\Documents\HrudayCodingProjects\TribeV2WebAnalyzer\TribeV2\scout_data\horikawaCode\videos\1079.mp4
1080,aesthetic_appreciation,0.54544997215271,C:\Users\kragh\OneDrive\Documents\HrudayCodingProjects\TribeV2WebAnalyzer\TribeV2\scout_data\horikawaCode\videos\1080.mp4
1081,amusement,0.4166699945926666,C:\Users\kragh\OneDrive\Documents\HrudayCodingProjects\TribeV2WebAnalyzer\TribeV2\scout_data\horikawaCode\videos\1081.mp4
1082,amusement,0.4166699945926666,C:\Users\kragh\OneDrive\Documents\HrudayCodingProjects\TribeV2WebAnalyzer\TribeV2\scout_data\horikawaCode\videos\1082.mp4
1083,nostalgia,0.75,C:\Users\kragh\OneDrive\Documents\HrudayCodingProjects\TribeV2WebAnalyzer\TribeV2\scout_data\horikawaCode\videos\1083.mp4
1084,amusement,0.3333300054073334,C:\Users\kragh\OneDrive\Documents\HrudayCodingProjects\TribeV2WebAnalyzer\TribeV2\scout_data\horikawaCode\videos\1084.mp4
1085,amusement,0.4166699945926666,C:\Users\kragh\OneDrive\Documents\HrudayCodingProjects\TribeV2WebAnalyzer\TribeV2\scout_data\horikawaCode\videos\1085.mp4
1086,joy,0.4166699945926666,C:\Users\kragh\OneDrive\Documents\HrudayCodingProjects\TribeV2WebAnalyzer\TribeV2\scout_data\horikawaCode\videos\1086.mp4
1087,amusement,0.75,C:\Users\kragh\OneDrive\Documents\HrudayCodingProjects\TribeV2WebAnalyzer\TribeV2\scout_data\horikawaCode\videos\1087.mp4
1088,amusement,0.4166699945926666,C:\Users\kragh\OneDrive\Documents\HrudayCodingProjects\TribeV2WebAnalyzer\TribeV2\scout_data\horikawaCode\videos\1088.mp4
1089,amusement,0.583329975605011,C:\Users\kragh\OneDrive\Documents\HrudayCodingProjects\TribeV2WebAnalyzer\TribeV2\scout_data\horikawaCode\videos\1089.mp4
1090,empathic_pain,0.375,C:\Users\kragh\OneDrive\Documents\HrudayCodingProjects\TribeV2WebAnalyzer\TribeV2\scout_data\horikawaCode\videos\1090.mp4
1091,amusement,0.666670024394989,C:\Users\kragh\OneDrive\Documents\HrudayCodingProjects\TribeV2WebAnalyzer\TribeV2\scout_data\horikawaCode\videos\1091.mp4
1092,adoration,0.4166699945926666,C:\Users\kragh\OneDrive\Documents\HrudayCodingProjects\TribeV2WebAnalyzer\TribeV2\scout_data\horikawaCode\videos\1092.mp4
1093,joy,0.583329975605011,C:\Users\kragh\OneDrive\Documents\HrudayCodingProjects\TribeV2WebAnalyzer\TribeV2\scout_data\horikawaCode\videos\1093.mp4
1094,amusement,0.25,C:\Users\kragh\OneDrive\Documents\HrudayCodingProjects\TribeV2WebAnalyzer\TribeV2\scout_data\horikawaCode\videos\1094.mp4
1095,interest,0.3333300054073334,C:\Users\kragh\OneDrive\Documents\HrudayCodingProjects\TribeV2WebAnalyzer\TribeV2\scout_data\horikawaCode\videos\1095.mp4
1096,fear,0.3333300054073334,C:\Users\kragh\OneDrive\Documents\HrudayCodingProjects\TribeV2WebAnalyzer\TribeV2\scout_data\horikawaCode\videos\1096.mp4
1097,amusement,0.666670024394989,C:\Users\kragh\OneDrive\Documents\HrudayCodingProjects\TribeV2WebAnalyzer\TribeV2\scout_data\horikawaCode\videos\1097.mp4
1098,amusement,0.4166699945926666,C:\Users\kragh\OneDrive\Documents\HrudayCodingProjects\TribeV2WebAnalyzer\TribeV2\scout_data\horikawaCode\videos\1098.mp4
1099,amusement,0.2916699945926666,C:\Users\kragh\OneDrive\Documents\HrudayCodingProjects\TribeV2WebAnalyzer\TribeV2\scout_data\horikawaCode\videos\1099.mp4
1100,confusion,0.2916699945926666,C:\Users\kragh\OneDrive\Documents\HrudayCodingProjects\TribeV2WebAnalyzer\TribeV2\scout_data\horikawaCode\videos\1100.mp4
1101,sadness,0.666670024394989,C:\Users\kragh\OneDrive\Documents\HrudayCodingProjects\TribeV2WebAnalyzer\TribeV2\scout_data\horikawaCode\videos\1101.mp4
1102,amusement,0.541670024394989,C:\Users\kragh\OneDrive\Documents\HrudayCodingProjects\TribeV2WebAnalyzer\TribeV2\scout_data\horikawaCode\videos\1102.mp4
1103,disgust,0.75,C:\Users\kragh\OneDrive\Documents\HrudayCodingProjects\TribeV2WebAnalyzer\TribeV2\scout_data\horikawaCode\videos\1103.mp4
1104,amusement,0.3333300054073334,C:\Users\kragh\OneDrive\Documents\HrudayCodingProjects\TribeV2WebAnalyzer\TribeV2\scout_data\horikawaCode\videos\1104.mp4
1105,nostalgia,0.666670024394989,C:\Users\kragh\OneDrive\Documents\HrudayCodingProjects\TribeV2WebAnalyzer\TribeV2\scout_data\horikawaCode\videos\1105.mp4
1106,amusement,0.75,C:\Users\kragh\OneDrive\Documents\HrudayCodingProjects\TribeV2WebAnalyzer\TribeV2\scout_data\horikawaCode\videos\1106.mp4
1107,romance,0.666670024394989,C:\Users\kragh\OneDrive\Documents\HrudayCodingProjects\TribeV2WebAnalyzer\TribeV2\scout_data\horikawaCode\videos\1107.mp4
1108,interest,0.375,C:\Users\kragh\OneDrive\Documents\HrudayCodingProjects\TribeV2WebAnalyzer\TribeV2\scout_data\horikawaCode\videos\1108.mp4
1109,disgust,0.3333300054073334,C:\Users\kragh\OneDrive\Documents\HrudayCodingProjects\TribeV2WebAnalyzer\TribeV2\scout_data\horikawaCode\videos\1109.mp4
1110,aesthetic_appreciation,0.25,C:\Users\kragh\OneDrive\Documents\HrudayCodingProjects\TribeV2WebAnalyzer\TribeV2\scout_data\horikawaCode\videos\1110.mp4
1111,horror,0.7272700071334839,C:\Users\kragh\OneDrive\Documents\HrudayCodingProjects\TribeV2WebAnalyzer\TribeV2\scout_data\horikawaCode\videos\1111.mp4
1112,amusement,0.7272700071334839,C:\Users\kragh\OneDrive\Documents\HrudayCodingProjects\TribeV2WebAnalyzer\TribeV2\scout_data\horikawaCode\videos\1112.mp4
1113,adoration,0.45454999804496765,C:\Users\kragh\OneDrive\Documents\HrudayCodingProjects\TribeV2WebAnalyzer\TribeV2\scout_data\horikawaCode\videos\1113.mp4
1114,anxiety,0.45454999804496765,C:\Users\kragh\OneDrive\Documents\HrudayCodingProjects\TribeV2WebAnalyzer\TribeV2\scout_data\horikawaCode\videos\1114.mp4
1115,fear,0.54544997215271,C:\Users\kragh\OneDrive\Documents\HrudayCodingProjects\TribeV2WebAnalyzer\TribeV2\scout_data\horikawaCode\videos\1115.mp4
1116,sexual_desire,0.6363599896430969,C:\Users\kragh\OneDrive\Documents\HrudayCodingProjects\TribeV2WebAnalyzer\TribeV2\scout_data\horikawaCode\videos\1116.mp4
1117,disgust,0.54544997215271,C:\Users\kragh\OneDrive\Documents\HrudayCodingProjects\TribeV2WebAnalyzer\TribeV2\scout_data\horikawaCode\videos\1117.mp4
1118,disgust,0.45454999804496765,C:\Users\kragh\OneDrive\Documents\HrudayCodingProjects\TribeV2WebAnalyzer\TribeV2\scout_data\horikawaCode\videos\1118.mp4
1119,anger,0.2727299928665161,C:\Users\kragh\OneDrive\Documents\HrudayCodingProjects\TribeV2WebAnalyzer\TribeV2\scout_data\horikawaCode\videos\1119.mp4
1120,aesthetic_appreciation,0.6363599896430969,C:\Users\kragh\OneDrive\Documents\HrudayCodingProjects\TribeV2WebAnalyzer\TribeV2\scout_data\horikawaCode\videos\1120.mp4
1121,aesthetic_appreciation,0.45454999804496765,C:\Users\kragh\OneDrive\Documents\HrudayCodingProjects\TribeV2WebAnalyzer\TribeV2\scout_data\horikawaCode\videos\1121.mp4
1122,disgust,0.54544997215271,C:\Users\kragh\OneDrive\Documents\HrudayCodingProjects\TribeV2WebAnalyzer\TribeV2\scout_data\horikawaCode\videos\1122.mp4
1123,disgust,0.8181800246238708,C:\Users\kragh\OneDrive\Documents\HrudayCodingProjects\TribeV2WebAnalyzer\TribeV2\scout_data\horikawaCode\videos\1123.mp4
1124,amusement,0.7272700071334839,C:\Users\kragh\OneDrive\Documents\HrudayCodingProjects\TribeV2WebAnalyzer\TribeV2\scout_data\horikawaCode\videos\1124.mp4
1125,nostalgia,0.45454999804496765,C:\Users\kragh\OneDrive\Documents\HrudayCodingProjects\TribeV2WebAnalyzer\TribeV2\scout_data\horikawaCode\videos\1125.mp4
1126,horror,0.7272700071334839,C:\Users\kragh\OneDrive\Documents\HrudayCodingProjects\TribeV2WebAnalyzer\TribeV2\scout_data\horikawaCode\videos\1126.mp4
1127,adoration,0.54544997215271,C:\Users\kragh\OneDrive\Documents\HrudayCodingProjects\TribeV2WebAnalyzer\TribeV2\scout_data\horikawaCode\videos\1127.mp4
1128,amusement,0.54544997215271,C:\Users\kragh\OneDrive\Documents\HrudayCodingProjects\TribeV2WebAnalyzer\TribeV2\scout_data\horikawaCode\videos\1128.mp4
1129,sexual_desire,0.3636400103569031,C:\Users\kragh\OneDrive\Documents\HrudayCodingProjects\TribeV2WebAnalyzer\TribeV2\scout_data\horikawaCode\videos\1129.mp4
1130,triumph,0.45454999804496765,C:\Users\kragh\OneDrive\Documents\HrudayCodingProjects\TribeV2WebAnalyzer\TribeV2\scout_data\horikawaCode\videos\1130.mp4
1131,amusement,0.45454999804496765,C:\Users\kragh\OneDrive\Documents\HrudayCodingProjects\TribeV2WebAnalyzer\TribeV2\scout_data\horikawaCode\videos\1131.mp4
1132,aesthetic_appreciation,0.7272700071334839,C:\Users\kragh\OneDrive\Documents\HrudayCodingProjects\TribeV2WebAnalyzer\TribeV2\scout_data\horikawaCode\videos\1132.mp4
1133,amusement,0.8181800246238708,C:\Users\kragh\OneDrive\Documents\HrudayCodingProjects\TribeV2WebAnalyzer\TribeV2\scout_data\horikawaCode\videos\1133.mp4
1134,amusement,0.3636400103569031,C:\Users\kragh\OneDrive\Documents\HrudayCodingProjects\TribeV2WebAnalyzer\TribeV2\scout_data\horikawaCode\videos\1134.mp4
1135,interest,0.3636400103569031,C:\Users\kragh\OneDrive\Documents\HrudayCodingProjects\TribeV2WebAnalyzer\TribeV2\scout_data\horikawaCode\videos\1135.mp4
1136,disgust,0.7272700071334839,C:\Users\kragh\OneDrive\Documents\HrudayCodingProjects\TribeV2WebAnalyzer\TribeV2\scout_data\horikawaCode\videos\1136.mp4
1137,anxiety,0.18182000517845154,C:\Users\kragh\OneDrive\Documents\HrudayCodingProjects\TribeV2WebAnalyzer\TribeV2\scout_data\horikawaCode\videos\1137.mp4
1138,craving,0.7272700071334839,C:\Users\kragh\OneDrive\Documents\HrudayCodingProjects\TribeV2WebAnalyzer\TribeV2\scout_data\horikawaCode\videos\1138.mp4
1139,aesthetic_appreciation,0.3636400103569031,C:\Users\kragh\OneDrive\Documents\HrudayCodingProjects\TribeV2WebAnalyzer\TribeV2\scout_data\horikawaCode\videos\1139.mp4
1140,amusement,0.45454999804496765,C:\Users\kragh\OneDrive\Documents\HrudayCodingProjects\TribeV2WebAnalyzer\TribeV2\scout_data\horikawaCode\videos\1140.mp4
1141,interest,0.4230799973011017,C:\Users\kragh\OneDrive\Documents\HrudayCodingProjects\TribeV2WebAnalyzer\TribeV2\scout_data\horikawaCode\videos\1141.mp4
1142,amusement,0.5384600162506104,C:\Users\kragh\OneDrive\Documents\HrudayCodingProjects\TribeV2WebAnalyzer\TribeV2\scout_data\horikawaCode\videos\1142.mp4
1143,aesthetic_appreciation,0.6153799891471863,C:\Users\kragh\OneDrive\Documents\HrudayCodingProjects\TribeV2WebAnalyzer\TribeV2\scout_data\horikawaCode\videos\1143.mp4
1144,entrancement,0.3846200108528137,C:\Users\kragh\OneDrive\Documents\HrudayCodingProjects\TribeV2WebAnalyzer\TribeV2\scout_data\horikawaCode\videos\1144.mp4
1145,amusement,0.8461499810218811,C:\Users\kragh\OneDrive\Documents\HrudayCodingProjects\TribeV2WebAnalyzer\TribeV2\scout_data\horikawaCode\videos\1145.mp4
1146,amusement,0.4230799973011017,C:\Users\kragh\OneDrive\Documents\HrudayCodingProjects\TribeV2WebAnalyzer\TribeV2\scout_data\horikawaCode\videos\1146.mp4
1147,amusement,0.46154001355171204,C:\Users\kragh\OneDrive\Documents\HrudayCodingProjects\TribeV2WebAnalyzer\TribeV2\scout_data\horikawaCode\videos\1147.mp4
1148,amusement,0.3846200108528137,C:\Users\kragh\OneDrive\Documents\HrudayCodingProjects\TribeV2WebAnalyzer\TribeV2\scout_data\horikawaCode\videos\1148.mp4
1149,awe,0.46154001355171204,C:\Users\kragh\OneDrive\Documents\HrudayCodingProjects\TribeV2WebAnalyzer\TribeV2\scout_data\horikawaCode\videos\1149.mp4
1150,surprise,0.46154001355171204,C:\Users\kragh\OneDrive\Documents\HrudayCodingProjects\TribeV2WebAnalyzer\TribeV2\scout_data\horikawaCode\videos\1150.mp4
1151,aesthetic_appreciation,0.6153799891471863,C:\Users\kragh\OneDrive\Documents\HrudayCodingProjects\TribeV2WebAnalyzer\TribeV2\scout_data\horikawaCode\videos\1151.mp4
1152,awe,0.4230799973011017,C:\Users\kragh\OneDrive\Documents\HrudayCodingProjects\TribeV2WebAnalyzer\TribeV2\scout_data\horikawaCode\videos\1152.mp4
1153,interest,0.3846200108528137,C:\Users\kragh\OneDrive\Documents\HrudayCodingProjects\TribeV2WebAnalyzer\TribeV2\scout_data\horikawaCode\videos\1153.mp4
1154,amusement,0.46154001355171204,C:\Users\kragh\OneDrive\Documents\HrudayCodingProjects\TribeV2WebAnalyzer\TribeV2\scout_data\horikawaCode\videos\1154.mp4
1155,amusement,0.5384600162506104,C:\Users\kragh\OneDrive\Documents\HrudayCodingProjects\TribeV2WebAnalyzer\TribeV2\scout_data\horikawaCode\videos\1155.mp4
1156,anxiety,0.30768999457359314,C:\Users\kragh\OneDrive\Documents\HrudayCodingProjects\TribeV2WebAnalyzer\TribeV2\scout_data\horikawaCode\videos\1156.mp4
1157,adoration,0.6538500189781189,C:\Users\kragh\OneDrive\Documents\HrudayCodingProjects\TribeV2WebAnalyzer\TribeV2\scout_data\horikawaCode\videos\1157.mp4
1158,amusement,0.6538500189781189,C:\Users\kragh\OneDrive\Documents\HrudayCodingProjects\TribeV2WebAnalyzer\TribeV2\scout_data\horikawaCode\videos\1158.mp4
1159,adoration,0.30768999457359314,C:\Users\kragh\OneDrive\Documents\HrudayCodingProjects\TribeV2WebAnalyzer\TribeV2\scout_data\horikawaCode\videos\1159.mp4
1160,fear,0.46154001355171204,C:\Users\kragh\OneDrive\Documents\HrudayCodingProjects\TribeV2WebAnalyzer\TribeV2\scout_data\horikawaCode\videos\1160.mp4
1161,amusement,0.5384600162506104,C:\Users\kragh\OneDrive\Documents\HrudayCodingProjects\TribeV2WebAnalyzer\TribeV2\scout_data\horikawaCode\videos\1161.mp4
1162,interest,0.3846200108528137,C:\Users\kragh\OneDrive\Documents\HrudayCodingProjects\TribeV2WebAnalyzer\TribeV2\scout_data\horikawaCode\videos\1162.mp4
1163,amusement,0.3461500108242035,C:\Users\kragh\OneDrive\Documents\HrudayCodingProjects\TribeV2WebAnalyzer\TribeV2\scout_data\horikawaCode\videos\1163.mp4
1164,sadness,0.7692300081253052,C:\Users\kragh\OneDrive\Documents\HrudayCodingProjects\TribeV2WebAnalyzer\TribeV2\scout_data\horikawaCode\videos\1164.mp4
1165,horror,0.6923099756240845,C:\Users\kragh\OneDrive\Documents\HrudayCodingProjects\TribeV2WebAnalyzer\TribeV2\scout_data\horikawaCode\videos\1165.mp4
1166,aesthetic_appreciation,0.30768999457359314,C:\Users\kragh\OneDrive\Documents\HrudayCodingProjects\TribeV2WebAnalyzer\TribeV2\scout_data\horikawaCode\videos\1166.mp4
1167,boredom,0.5384600162506104,C:\Users\kragh\OneDrive\Documents\HrudayCodingProjects\TribeV2WebAnalyzer\TribeV2\scout_data\horikawaCode\videos\1167.mp4
1168,interest,0.4230799973011017,C:\Users\kragh\OneDrive\Documents\HrudayCodingProjects\TribeV2WebAnalyzer\TribeV2\scout_data\horikawaCode\videos\1168.mp4
1169,sadness,0.6923099756240845,C:\Users\kragh\OneDrive\Documents\HrudayCodingProjects\TribeV2WebAnalyzer\TribeV2\scout_data\horikawaCode\videos\1169.mp4
1170,disgust,0.8461499810218811,C:\Users\kragh\OneDrive\Documents\HrudayCodingProjects\TribeV2WebAnalyzer\TribeV2\scout_data\horikawaCode\videos\1170.mp4
1171,amusement,0.3571400046348572,C:\Users\kragh\OneDrive\Documents\HrudayCodingProjects\TribeV2WebAnalyzer\TribeV2\scout_data\horikawaCode\videos\1171.mp4
1172,fear,0.7142900228500366,C:\Users\kragh\OneDrive\Documents\HrudayCodingProjects\TribeV2WebAnalyzer\TribeV2\scout_data\horikawaCode\videos\1172.mp4
1173,amusement,0.7142900228500366,C:\Users\kragh\OneDrive\Documents\HrudayCodingProjects\TribeV2WebAnalyzer\TribeV2\scout_data\horikawaCode\videos\1173.mp4
1174,anger,0.3571400046348572,C:\Users\kragh\OneDrive\Documents\HrudayCodingProjects\TribeV2WebAnalyzer\TribeV2\scout_data\horikawaCode\videos\1174.mp4
1175,amusement,0.4285700023174286,C:\Users\kragh\OneDrive\Documents\HrudayCodingProjects\TribeV2WebAnalyzer\TribeV2\scout_data\horikawaCode\videos\1175.mp4
1176,disgust,0.4285700023174286,C:\Users\kragh\OneDrive\Documents\HrudayCodingProjects\TribeV2WebAnalyzer\TribeV2\scout_data\horikawaCode\videos\1176.mp4
1177,romance,0.4285700023174286,C:\Users\kragh\OneDrive\Documents\HrudayCodingProjects\TribeV2WebAnalyzer\TribeV2\scout_data\horikawaCode\videos\1177.mp4
1178,boredom,0.4285700023174286,C:\Users\kragh\OneDrive\Documents\HrudayCodingProjects\TribeV2WebAnalyzer\TribeV2\scout_data\horikawaCode\videos\1178.mp4
1179,romance,0.6428599953651428,C:\Users\kragh\OneDrive\Documents\HrudayCodingProjects\TribeV2WebAnalyzer\TribeV2\scout_data\horikawaCode\videos\1179.mp4
1180,calmness,0.6428599953651428,C:\Users\kragh\OneDrive\Documents\HrudayCodingProjects\TribeV2WebAnalyzer\TribeV2\scout_data\horikawaCode\videos\1180.mp4
1181,empathic_pain,0.7142900228500366,C:\Users\kragh\OneDrive\Documents\HrudayCodingProjects\TribeV2WebAnalyzer\TribeV2\scout_data\horikawaCode\videos\1181.mp4
1182,confusion,0.4285700023174286,C:\Users\kragh\OneDrive\Documents\HrudayCodingProjects\TribeV2WebAnalyzer\TribeV2\scout_data\horikawaCode\videos\1182.mp4
1183,disgust,0.28571000695228577,C:\Users\kragh\OneDrive\Documents\HrudayCodingProjects\TribeV2WebAnalyzer\TribeV2\scout_data\horikawaCode\videos\1183.mp4
1184,horror,0.6428599953651428,C:\Users\kragh\OneDrive\Documents\HrudayCodingProjects\TribeV2WebAnalyzer\TribeV2\scout_data\horikawaCode\videos\1184.mp4
1185,empathic_pain,0.5714300274848938,C:\Users\kragh\OneDrive\Documents\HrudayCodingProjects\TribeV2WebAnalyzer\TribeV2\scout_data\horikawaCode\videos\1185.mp4
1186,anxiety,0.3571400046348572,C:\Users\kragh\OneDrive\Documents\HrudayCodingProjects\TribeV2WebAnalyzer\TribeV2\scout_data\horikawaCode\videos\1186.mp4
1187,amusement,0.5714300274848938,C:\Users\kragh\OneDrive\Documents\HrudayCodingProjects\TribeV2WebAnalyzer\TribeV2\scout_data\horikawaCode\videos\1187.mp4
1188,amusement,0.4285700023174286,C:\Users\kragh\OneDrive\Documents\HrudayCodingProjects\TribeV2WebAnalyzer\TribeV2\scout_data\horikawaCode\videos\1188.mp4
1189,fear,0.5714300274848938,C:\Users\kragh\OneDrive\Documents\HrudayCodingProjects\TribeV2WebAnalyzer\TribeV2\scout_data\horikawaCode\videos\1189.mp4
1190,disgust,0.7857099771499634,C:\Users\kragh\OneDrive\Documents\HrudayCodingProjects\TribeV2WebAnalyzer\TribeV2\scout_data\horikawaCode\videos\1190.mp4
1191,amusement,0.4285700023174286,C:\Users\kragh\OneDrive\Documents\HrudayCodingProjects\TribeV2WebAnalyzer\TribeV2\scout_data\horikawaCode\videos\1191.mp4
1192,triumph,0.5,C:\Users\kragh\OneDrive\Documents\HrudayCodingProjects\TribeV2WebAnalyzer\TribeV2\scout_data\horikawaCode\videos\1192.mp4
1193,calmness,0.6428599953651428,C:\Users\kragh\OneDrive\Documents\HrudayCodingProjects\TribeV2WebAnalyzer\TribeV2\scout_data\horikawaCode\videos\1193.mp4
1194,disgust,1.0,C:\Users\kragh\OneDrive\Documents\HrudayCodingProjects\TribeV2WebAnalyzer\TribeV2\scout_data\horikawaCode\videos\1194.mp4
1195,aesthetic_appreciation,0.5,C:\Users\kragh\OneDrive\Documents\HrudayCodingProjects\TribeV2WebAnalyzer\TribeV2\scout_data\horikawaCode\videos\1195.mp4
1196,confusion,0.5,C:\Users\kragh\OneDrive\Documents\HrudayCodingProjects\TribeV2WebAnalyzer\TribeV2\scout_data\horikawaCode\videos\1196.mp4
1197,fear,0.5714300274848938,C:\Users\kragh\OneDrive\Documents\HrudayCodingProjects\TribeV2WebAnalyzer\TribeV2\scout_data\horikawaCode\videos\1197.mp4
1198,amusement,0.5,C:\Users\kragh\OneDrive\Documents\HrudayCodingProjects\TribeV2WebAnalyzer\TribeV2\scout_data\horikawaCode\videos\1198.mp4
1199,disgust,0.8571400046348572,C:\Users\kragh\OneDrive\Documents\HrudayCodingProjects\TribeV2WebAnalyzer\TribeV2\scout_data\horikawaCode\videos\1199.mp4
1200,amusement,0.5714300274848938,C:\Users\kragh\OneDrive\Documents\HrudayCodingProjects\TribeV2WebAnalyzer\TribeV2\scout_data\horikawaCode\videos\1200.mp4
1201,romance,0.5333300232887268,C:\Users\kragh\OneDrive\Documents\HrudayCodingProjects\TribeV2WebAnalyzer\TribeV2\scout_data\horikawaCode\videos\1201.mp4
1202,fear,0.6000000238418579,C:\Users\kragh\OneDrive\Documents\HrudayCodingProjects\TribeV2WebAnalyzer\TribeV2\scout_data\horikawaCode\videos\1202.mp4
1203,surprise,0.4000000059604645,C:\Users\kragh\OneDrive\Documents\HrudayCodingProjects\TribeV2WebAnalyzer\TribeV2\scout_data\horikawaCode\videos\1203.mp4
1204,horror,0.6000000238418579,C:\Users\kragh\OneDrive\Documents\HrudayCodingProjects\TribeV2WebAnalyzer\TribeV2\scout_data\horikawaCode\videos\1204.mp4
1205,craving,0.7333300113677979,C:\Users\kragh\OneDrive\Documents\HrudayCodingProjects\TribeV2WebAnalyzer\TribeV2\scout_data\horikawaCode\videos\1205.mp4
1206,amusement,0.6000000238418579,C:\Users\kragh\OneDrive\Documents\HrudayCodingProjects\TribeV2WebAnalyzer\TribeV2\scout_data\horikawaCode\videos\1206.mp4
1207,craving,0.666670024394989,C:\Users\kragh\OneDrive\Documents\HrudayCodingProjects\TribeV2WebAnalyzer\TribeV2\scout_data\horikawaCode\videos\1207.mp4
1208,confusion,0.4000000059604645,C:\Users\kragh\OneDrive\Documents\HrudayCodingProjects\TribeV2WebAnalyzer\TribeV2\scout_data\horikawaCode\videos\1208.mp4
1209,amusement,0.7333300113677979,C:\Users\kragh\OneDrive\Documents\HrudayCodingProjects\TribeV2WebAnalyzer\TribeV2\scout_data\horikawaCode\videos\1209.mp4
1210,excitement,0.4666700065135956,C:\Users\kragh\OneDrive\Documents\HrudayCodingProjects\TribeV2WebAnalyzer\TribeV2\scout_data\horikawaCode\videos\1210.mp4
1211,awkwardness,0.4666700065135956,C:\Users\kragh\OneDrive\Documents\HrudayCodingProjects\TribeV2WebAnalyzer\TribeV2\scout_data\horikawaCode\videos\1211.mp4
1212,fear,0.666670024394989,C:\Users\kragh\OneDrive\Documents\HrudayCodingProjects\TribeV2WebAnalyzer\TribeV2\scout_data\horikawaCode\videos\1212.mp4
1213,amusement,0.6000000238418579,C:\Users\kragh\OneDrive\Documents\HrudayCodingProjects\TribeV2WebAnalyzer\TribeV2\scout_data\horikawaCode\videos\1213.mp4
1214,horror,0.7333300113677979,C:\Users\kragh\OneDrive\Documents\HrudayCodingProjects\TribeV2WebAnalyzer\TribeV2\scout_data\horikawaCode\videos\1214.mp4
1215,amusement,0.5333300232887268,C:\Users\kragh\OneDrive\Documents\HrudayCodingProjects\TribeV2WebAnalyzer\TribeV2\scout_data\horikawaCode\videos\1215.mp4
1216,calmness,0.666670024394989,C:\Users\kragh\OneDrive\Documents\HrudayCodingProjects\TribeV2WebAnalyzer\TribeV2\scout_data\horikawaCode\videos\1216.mp4
1217,disgust,0.6000000238418579,C:\Users\kragh\OneDrive\Documents\HrudayCodingProjects\TribeV2WebAnalyzer\TribeV2\scout_data\horikawaCode\videos\1217.mp4
1218,excitement,0.4000000059604645,C:\Users\kragh\OneDrive\Documents\HrudayCodingProjects\TribeV2WebAnalyzer\TribeV2\scout_data\horikawaCode\videos\1218.mp4
1219,fear,0.666670024394989,C:\Users\kragh\OneDrive\Documents\HrudayCodingProjects\TribeV2WebAnalyzer\TribeV2\scout_data\horikawaCode\videos\1219.mp4
1220,amusement,0.6000000238418579,C:\Users\kragh\OneDrive\Documents\HrudayCodingProjects\TribeV2WebAnalyzer\TribeV2\scout_data\horikawaCode\videos\1220.mp4
1221,fear,0.5333300232887268,C:\Users\kragh\OneDrive\Documents\HrudayCodingProjects\TribeV2WebAnalyzer\TribeV2\scout_data\horikawaCode\videos\1221.mp4
1222,disgust,0.666670024394989,C:\Users\kragh\OneDrive\Documents\HrudayCodingProjects\TribeV2WebAnalyzer\TribeV2\scout_data\horikawaCode\videos\1222.mp4
1223,interest,0.4666700065135956,C:\Users\kragh\OneDrive\Documents\HrudayCodingProjects\TribeV2WebAnalyzer\TribeV2\scout_data\horikawaCode\videos\1223.mp4
1224,disgust,0.800000011920929,C:\Users\kragh\OneDrive\Documents\HrudayCodingProjects\TribeV2WebAnalyzer\TribeV2\scout_data\horikawaCode\videos\1224.mp4
1225,awkwardness,0.666670024394989,C:\Users\kragh\OneDrive\Documents\HrudayCodingProjects\TribeV2WebAnalyzer\TribeV2\scout_data\horikawaCode\videos\1225.mp4
1226,horror,0.7333300113677979,C:\Users\kragh\OneDrive\Documents\HrudayCodingProjects\TribeV2WebAnalyzer\TribeV2\scout_data\horikawaCode\videos\1226.mp4
1227,horror,0.4666700065135956,C:\Users\kragh\OneDrive\Documents\HrudayCodingProjects\TribeV2WebAnalyzer\TribeV2\scout_data\horikawaCode\videos\1227.mp4
1228,sexual_desire,0.5333300232887268,C:\Users\kragh\OneDrive\Documents\HrudayCodingProjects\TribeV2WebAnalyzer\TribeV2\scout_data\horikawaCode\videos\1228.mp4
1229,amusement,0.3333300054073334,C:\Users\kragh\OneDrive\Documents\HrudayCodingProjects\TribeV2WebAnalyzer\TribeV2\scout_data\horikawaCode\videos\1229.mp4
1230,amusement,0.6000000238418579,C:\Users\kragh\OneDrive\Documents\HrudayCodingProjects\TribeV2WebAnalyzer\TribeV2\scout_data\horikawaCode\videos\1230.mp4
1231,sadness,0.54544997215271,C:\Users\kragh\OneDrive\Documents\HrudayCodingProjects\TribeV2WebAnalyzer\TribeV2\scout_data\horikawaCode\videos\1231.mp4
1232,aesthetic_appreciation,0.45454999804496765,C:\Users\kragh\OneDrive\Documents\HrudayCodingProjects\TribeV2WebAnalyzer\TribeV2\scout_data\horikawaCode\videos\1232.mp4
1233,amusement,0.45454999804496765,C:\Users\kragh\OneDrive\Documents\HrudayCodingProjects\TribeV2WebAnalyzer\TribeV2\scout_data\horikawaCode\videos\1233.mp4
1234,surprise,0.54544997215271,C:\Users\kragh\OneDrive\Documents\HrudayCodingProjects\TribeV2WebAnalyzer\TribeV2\scout_data\horikawaCode\videos\1234.mp4
1235,fear,0.54544997215271,C:\Users\kragh\OneDrive\Documents\HrudayCodingProjects\TribeV2WebAnalyzer\TribeV2\scout_data\horikawaCode\videos\1235.mp4
1236,amusement,0.54544997215271,C:\Users\kragh\OneDrive\Documents\HrudayCodingProjects\TribeV2WebAnalyzer\TribeV2\scout_data\horikawaCode\videos\1236.mp4
1237,anxiety,0.3636400103569031,C:\Users\kragh\OneDrive\Documents\HrudayCodingProjects\TribeV2WebAnalyzer\TribeV2\scout_data\horikawaCode\videos\1237.mp4
1238,sadness,0.6363599896430969,C:\Users\kragh\OneDrive\Documents\HrudayCodingProjects\TribeV2WebAnalyzer\TribeV2\scout_data\horikawaCode\videos\1238.mp4
1239,amusement,0.3636400103569031,C:\Users\kragh\OneDrive\Documents\HrudayCodingProjects\TribeV2WebAnalyzer\TribeV2\scout_data\horikawaCode\videos\1239.mp4
1240,amusement,0.45454999804496765,C:\Users\kragh\OneDrive\Documents\HrudayCodingProjects\TribeV2WebAnalyzer\TribeV2\scout_data\horikawaCode\videos\1240.mp4
1241,awe,0.3636400103569031,C:\Users\kragh\OneDrive\Documents\HrudayCodingProjects\TribeV2WebAnalyzer\TribeV2\scout_data\horikawaCode\videos\1241.mp4
1242,amusement,0.45454999804496765,C:\Users\kragh\OneDrive\Documents\HrudayCodingProjects\TribeV2WebAnalyzer\TribeV2\scout_data\horikawaCode\videos\1242.mp4
1243,amusement,0.2727299928665161,C:\Users\kragh\OneDrive\Documents\HrudayCodingProjects\TribeV2WebAnalyzer\TribeV2\scout_data\horikawaCode\videos\1243.mp4
1244,aesthetic_appreciation,0.2727299928665161,C:\Users\kragh\OneDrive\Documents\HrudayCodingProjects\TribeV2WebAnalyzer\TribeV2\scout_data\horikawaCode\videos\1244.mp4
1245,joy,0.54544997215271,C:\Users\kragh\OneDrive\Documents\HrudayCodingProjects\TribeV2WebAnalyzer\TribeV2\scout_data\horikawaCode\videos\1245.mp4
1246,awe,0.54544997215271,C:\Users\kragh\OneDrive\Documents\HrudayCodingProjects\TribeV2WebAnalyzer\TribeV2\scout_data\horikawaCode\videos\1246.mp4
1247,sexual_desire,1.0,C:\Users\kragh\OneDrive\Documents\HrudayCodingProjects\TribeV2WebAnalyzer\TribeV2\scout_data\horikawaCode\videos\1247.mp4
1248,sexual_desire,1.0,C:\Users\kragh\OneDrive\Documents\HrudayCodingProjects\TribeV2WebAnalyzer\TribeV2\scout_data\horikawaCode\videos\1248.mp4
1249,joy,0.54544997215271,C:\Users\kragh\OneDrive\Documents\HrudayCodingProjects\TribeV2WebAnalyzer\TribeV2\scout_data\horikawaCode\videos\1249.mp4
1250,anxiety,0.2727299928665161,C:\Users\kragh\OneDrive\Documents\HrudayCodingProjects\TribeV2WebAnalyzer\TribeV2\scout_data\horikawaCode\videos\1250.mp4
1251,boredom,0.2727299928665161,C:\Users\kragh\OneDrive\Documents\HrudayCodingProjects\TribeV2WebAnalyzer\TribeV2\scout_data\horikawaCode\videos\1251.mp4
1252,aesthetic_appreciation,0.3636400103569031,C:\Users\kragh\OneDrive\Documents\HrudayCodingProjects\TribeV2WebAnalyzer\TribeV2\scout_data\horikawaCode\videos\1252.mp4
1253,nostalgia,0.6363599896430969,C:\Users\kragh\OneDrive\Documents\HrudayCodingProjects\TribeV2WebAnalyzer\TribeV2\scout_data\horikawaCode\videos\1253.mp4
1254,amusement,0.2727299928665161,C:\Users\kragh\OneDrive\Documents\HrudayCodingProjects\TribeV2WebAnalyzer\TribeV2\scout_data\horikawaCode\videos\1254.mp4
1255,interest,0.3636400103569031,C:\Users\kragh\OneDrive\Documents\HrudayCodingProjects\TribeV2WebAnalyzer\TribeV2\scout_data\horikawaCode\videos\1255.mp4
1256,amusement,0.2727299928665161,C:\Users\kragh\OneDrive\Documents\HrudayCodingProjects\TribeV2WebAnalyzer\TribeV2\scout_data\horikawaCode\videos\1256.mp4
1257,triumph,0.45454999804496765,C:\Users\kragh\OneDrive\Documents\HrudayCodingProjects\TribeV2WebAnalyzer\TribeV2\scout_data\horikawaCode\videos\1257.mp4
1258,surprise,0.45454999804496765,C:\Users\kragh\OneDrive\Documents\HrudayCodingProjects\TribeV2WebAnalyzer\TribeV2\scout_data\horikawaCode\videos\1258.mp4
1259,sadness,0.909089982509613,C:\Users\kragh\OneDrive\Documents\HrudayCodingProjects\TribeV2WebAnalyzer\TribeV2\scout_data\horikawaCode\videos\1259.mp4
1260,sadness,0.45454999804496765,C:\Users\kragh\OneDrive\Documents\HrudayCodingProjects\TribeV2WebAnalyzer\TribeV2\scout_data\horikawaCode\videos\1260.mp4
1261,awe,0.666670024394989,C:\Users\kragh\OneDrive\Documents\HrudayCodingProjects\TribeV2WebAnalyzer\TribeV2\scout_data\horikawaCode\videos\1261.mp4
1262,amusement,0.375,C:\Users\kragh\OneDrive\Documents\HrudayCodingProjects\TribeV2WebAnalyzer\TribeV2\scout_data\horikawaCode\videos\1262.mp4
1263,aesthetic_appreciation,0.3333300054073334,C:\Users\kragh\OneDrive\Documents\HrudayCodingProjects\TribeV2WebAnalyzer\TribeV2\scout_data\horikawaCode\videos\1263.mp4
1264,surprise,0.5,C:\Users\kragh\OneDrive\Documents\HrudayCodingProjects\TribeV2WebAnalyzer\TribeV2\scout_data\horikawaCode\videos\1264.mp4
1265,interest,0.625,C:\Users\kragh\OneDrive\Documents\HrudayCodingProjects\TribeV2WebAnalyzer\TribeV2\scout_data\horikawaCode\videos\1265.mp4
1266,sexual_desire,0.666670024394989,C:\Users\kragh\OneDrive\Documents\HrudayCodingProjects\TribeV2WebAnalyzer\TribeV2\scout_data\horikawaCode\videos\1266.mp4
1267,joy,0.625,C:\Users\kragh\OneDrive\Documents\HrudayCodingProjects\TribeV2WebAnalyzer\TribeV2\scout_data\horikawaCode\videos\1267.mp4
1268,disgust,0.583329975605011,C:\Users\kragh\OneDrive\Documents\HrudayCodingProjects\TribeV2WebAnalyzer\TribeV2\scout_data\horikawaCode\videos\1268.mp4
1269,surprise,0.5,C:\Users\kragh\OneDrive\Documents\HrudayCodingProjects\TribeV2WebAnalyzer\TribeV2\scout_data\horikawaCode\videos\1269.mp4
1270,craving,0.875,C:\Users\kragh\OneDrive\Documents\HrudayCodingProjects\TribeV2WebAnalyzer\TribeV2\scout_data\horikawaCode\videos\1270.mp4
1271,disgust,0.708329975605011,C:\Users\kragh\OneDrive\Documents\HrudayCodingProjects\TribeV2WebAnalyzer\TribeV2\scout_data\horikawaCode\videos\1271.mp4
1272,romance,0.5,C:\Users\kragh\OneDrive\Documents\HrudayCodingProjects\TribeV2WebAnalyzer\TribeV2\scout_data\horikawaCode\videos\1272.mp4
1273,nostalgia,0.4166699945926666,C:\Users\kragh\OneDrive\Documents\HrudayCodingProjects\TribeV2WebAnalyzer\TribeV2\scout_data\horikawaCode\videos\1273.mp4
1274,awe,0.3333300054073334,C:\Users\kragh\OneDrive\Documents\HrudayCodingProjects\TribeV2WebAnalyzer\TribeV2\scout_data\horikawaCode\videos\1274.mp4
1275,disgust,0.916670024394989,C:\Users\kragh\OneDrive\Documents\HrudayCodingProjects\TribeV2WebAnalyzer\TribeV2\scout_data\horikawaCode\videos\1275.mp4
1276,surprise,0.583329975605011,C:\Users\kragh\OneDrive\Documents\HrudayCodingProjects\TribeV2WebAnalyzer\TribeV2\scout_data\horikawaCode\videos\1276.mp4
1277,surprise,0.666670024394989,C:\Users\kragh\OneDrive\Documents\HrudayCodingProjects\TribeV2WebAnalyzer\TribeV2\scout_data\horikawaCode\videos\1277.mp4
1278,romance,0.666670024394989,C:\Users\kragh\OneDrive\Documents\HrudayCodingProjects\TribeV2WebAnalyzer\TribeV2\scout_data\horikawaCode\videos\1278.mp4
1279,sadness,0.5,C:\Users\kragh\OneDrive\Documents\HrudayCodingProjects\TribeV2WebAnalyzer\TribeV2\scout_data\horikawaCode\videos\1279.mp4
1280,entrancement,0.4166699945926666,C:\Users\kragh\OneDrive\Documents\HrudayCodingProjects\TribeV2WebAnalyzer\TribeV2\scout_data\horikawaCode\videos\1280.mp4
1281,aesthetic_appreciation,0.5,C:\Users\kragh\OneDrive\Documents\HrudayCodingProjects\TribeV2WebAnalyzer\TribeV2\scout_data\horikawaCode\videos\1281.mp4
1282,adoration,0.833329975605011,C:\Users\kragh\OneDrive\Documents\HrudayCodingProjects\TribeV2WebAnalyzer\TribeV2\scout_data\horikawaCode\videos\1282.mp4
1283,fear,0.666670024394989,C:\Users\kragh\OneDrive\Documents\HrudayCodingProjects\TribeV2WebAnalyzer\TribeV2\scout_data\horikawaCode\videos\1283.mp4
1284,anxiety,0.583329975605011,C:\Users\kragh\OneDrive\Documents\HrudayCodingProjects\TribeV2WebAnalyzer\TribeV2\scout_data\horikawaCode\videos\1284.mp4
1285,adoration,0.625,C:\Users\kragh\OneDrive\Documents\HrudayCodingProjects\TribeV2WebAnalyzer\TribeV2\scout_data\horikawaCode\videos\1285.mp4
1286,horror,0.5,C:\Users\kragh\OneDrive\Documents\HrudayCodingProjects\TribeV2WebAnalyzer\TribeV2\scout_data\horikawaCode\videos\1286.mp4
1287,boredom,0.25,C:\Users\kragh\OneDrive\Documents\HrudayCodingProjects\TribeV2WebAnalyzer\TribeV2\scout_data\horikawaCode\videos\1287.mp4
1288,amusement,0.5,C:\Users\kragh\OneDrive\Documents\HrudayCodingProjects\TribeV2WebAnalyzer\TribeV2\scout_data\horikawaCode\videos\1288.mp4
1289,amusement,0.75,C:\Users\kragh\OneDrive\Documents\HrudayCodingProjects\TribeV2WebAnalyzer\TribeV2\scout_data\horikawaCode\videos\1289.mp4
1290,amusement,0.75,C:\Users\kragh\OneDrive\Documents\HrudayCodingProjects\TribeV2WebAnalyzer\TribeV2\scout_data\horikawaCode\videos\1290.mp4
1291,aesthetic_appreciation,0.3636400103569031,C:\Users\kragh\OneDrive\Documents\HrudayCodingProjects\TribeV2WebAnalyzer\TribeV2\scout_data\horikawaCode\videos\1291.mp4
1292,horror,0.6363599896430969,C:\Users\kragh\OneDrive\Documents\HrudayCodingProjects\TribeV2WebAnalyzer\TribeV2\scout_data\horikawaCode\videos\1292.mp4
1293,sexual_desire,0.7272700071334839,C:\Users\kragh\OneDrive\Documents\HrudayCodingProjects\TribeV2WebAnalyzer\TribeV2\scout_data\horikawaCode\videos\1293.mp4
1294,surprise,0.45454999804496765,C:\Users\kragh\OneDrive\Documents\HrudayCodingProjects\TribeV2WebAnalyzer\TribeV2\scout_data\horikawaCode\videos\1294.mp4
1295,romance,0.6363599896430969,C:\Users\kragh\OneDrive\Documents\HrudayCodingProjects\TribeV2WebAnalyzer\TribeV2\scout_data\horikawaCode\videos\1295.mp4
1296,amusement,0.54544997215271,C:\Users\kragh\OneDrive\Documents\HrudayCodingProjects\TribeV2WebAnalyzer\TribeV2\scout_data\horikawaCode\videos\1296.mp4
1297,anxiety,0.54544997215271,C:\Users\kragh\OneDrive\Documents\HrudayCodingProjects\TribeV2WebAnalyzer\TribeV2\scout_data\horikawaCode\videos\1297.mp4
1298,disgust,0.6363599896430969,C:\Users\kragh\OneDrive\Documents\HrudayCodingProjects\TribeV2WebAnalyzer\TribeV2\scout_data\horikawaCode\videos\1298.mp4
1299,confusion,0.3636400103569031,C:\Users\kragh\OneDrive\Documents\HrudayCodingProjects\TribeV2WebAnalyzer\TribeV2\scout_data\horikawaCode\videos\1299.mp4
1300,adoration,0.54544997215271,C:\Users\kragh\OneDrive\Documents\HrudayCodingProjects\TribeV2WebAnalyzer\TribeV2\scout_data\horikawaCode\videos\1300.mp4
1301,amusement,0.54544997215271,C:\Users\kragh\OneDrive\Documents\HrudayCodingProjects\TribeV2WebAnalyzer\TribeV2\scout_data\horikawaCode\videos\1301.mp4
1302,fear,0.3636400103569031,C:\Users\kragh\OneDrive\Documents\HrudayCodingProjects\TribeV2WebAnalyzer\TribeV2\scout_data\horikawaCode\videos\1302.mp4
1303,disgust,0.7272700071334839,C:\Users\kragh\OneDrive\Documents\HrudayCodingProjects\TribeV2WebAnalyzer\TribeV2\scout_data\horikawaCode\videos\1303.mp4
1304,amusement,0.54544997215271,C:\Users\kragh\OneDrive\Documents\HrudayCodingProjects\TribeV2WebAnalyzer\TribeV2\scout_data\horikawaCode\videos\1304.mp4
1305,nostalgia,0.54544997215271,C:\Users\kragh\OneDrive\Documents\HrudayCodingProjects\TribeV2WebAnalyzer\TribeV2\scout_data\horikawaCode\videos\1305.mp4
1306,adoration,0.3636400103569031,C:\Users\kragh\OneDrive\Documents\HrudayCodingProjects\TribeV2WebAnalyzer\TribeV2\scout_data\horikawaCode\videos\1306.mp4
1307,sexual_desire,1.0,C:\Users\kragh\OneDrive\Documents\HrudayCodingProjects\TribeV2WebAnalyzer\TribeV2\scout_data\horikawaCode\videos\1307.mp4
1308,romance,0.54544997215271,C:\Users\kragh\OneDrive\Documents\HrudayCodingProjects\TribeV2WebAnalyzer\TribeV2\scout_data\horikawaCode\videos\1308.mp4
1309,disgust,0.45454999804496765,C:\Users\kragh\OneDrive\Documents\HrudayCodingProjects\TribeV2WebAnalyzer\TribeV2\scout_data\horikawaCode\videos\1309.mp4
1310,disgust,0.6363599896430969,C:\Users\kragh\OneDrive\Documents\HrudayCodingProjects\TribeV2WebAnalyzer\TribeV2\scout_data\horikawaCode\videos\1310.mp4
1311,adoration,0.6363599896430969,C:\Users\kragh\OneDrive\Documents\HrudayCodingProjects\TribeV2WebAnalyzer\TribeV2\scout_data\horikawaCode\videos\1311.mp4
1312,nostalgia,0.6363599896430969,C:\Users\kragh\OneDrive\Documents\HrudayCodingProjects\TribeV2WebAnalyzer\TribeV2\scout_data\horikawaCode\videos\1312.mp4
1313,anxiety,0.8181800246238708,C:\Users\kragh\OneDrive\Documents\HrudayCodingProjects\TribeV2WebAnalyzer\TribeV2\scout_data\horikawaCode\videos\1313.mp4
1314,aesthetic_appreciation,0.45454999804496765,C:\Users\kragh\OneDrive\Documents\HrudayCodingProjects\TribeV2WebAnalyzer\TribeV2\scout_data\horikawaCode\videos\1314.mp4
1315,amusement,0.3636400103569031,C:\Users\kragh\OneDrive\Documents\HrudayCodingProjects\TribeV2WebAnalyzer\TribeV2\scout_data\horikawaCode\videos\1315.mp4
1316,boredom,0.18182000517845154,C:\Users\kragh\OneDrive\Documents\HrudayCodingProjects\TribeV2WebAnalyzer\TribeV2\scout_data\horikawaCode\videos\1316.mp4
1317,amusement,0.45454999804496765,C:\Users\kragh\OneDrive\Documents\HrudayCodingProjects\TribeV2WebAnalyzer\TribeV2\scout_data\horikawaCode\videos\1317.mp4
1318,anxiety,0.54544997215271,C:\Users\kragh\OneDrive\Documents\HrudayCodingProjects\TribeV2WebAnalyzer\TribeV2\scout_data\horikawaCode\videos\1318.mp4
1319,amusement,0.8181800246238708,C:\Users\kragh\OneDrive\Documents\HrudayCodingProjects\TribeV2WebAnalyzer\TribeV2\scout_data\horikawaCode\videos\1319.mp4
1320,amusement,0.2727299928665161,C:\Users\kragh\OneDrive\Documents\HrudayCodingProjects\TribeV2WebAnalyzer\TribeV2\scout_data\horikawaCode\videos\1320.mp4
1321,aesthetic_appreciation,0.54544997215271,C:\Users\kragh\OneDrive\Documents\HrudayCodingProjects\TribeV2WebAnalyzer\TribeV2\scout_data\horikawaCode\videos\1321.mp4
1322,interest,0.6363599896430969,C:\Users\kragh\OneDrive\Documents\HrudayCodingProjects\TribeV2WebAnalyzer\TribeV2\scout_data\horikawaCode\videos\1322.mp4
1323,fear,0.54544997215271,C:\Users\kragh\OneDrive\Documents\HrudayCodingProjects\TribeV2WebAnalyzer\TribeV2\scout_data\horikawaCode\videos\1323.mp4
1324,interest,0.45454999804496765,C:\Users\kragh\OneDrive\Documents\HrudayCodingProjects\TribeV2WebAnalyzer\TribeV2\scout_data\horikawaCode\videos\1324.mp4
1325,interest,0.45454999804496765,C:\Users\kragh\OneDrive\Documents\HrudayCodingProjects\TribeV2WebAnalyzer\TribeV2\scout_data\horikawaCode\videos\1325.mp4
1326,joy,0.3636400103569031,C:\Users\kragh\OneDrive\Documents\HrudayCodingProjects\TribeV2WebAnalyzer\TribeV2\scout_data\horikawaCode\videos\1326.mp4
1327,nostalgia,0.7272700071334839,C:\Users\kragh\OneDrive\Documents\HrudayCodingProjects\TribeV2WebAnalyzer\TribeV2\scout_data\horikawaCode\videos\1327.mp4
1328,amusement,0.8181800246238708,C:\Users\kragh\OneDrive\Documents\HrudayCodingProjects\TribeV2WebAnalyzer\TribeV2\scout_data\horikawaCode\videos\1328.mp4
1329,amusement,0.54544997215271,C:\Users\kragh\OneDrive\Documents\HrudayCodingProjects\TribeV2WebAnalyzer\TribeV2\scout_data\horikawaCode\videos\1329.mp4
1330,amusement,0.54544997215271,C:\Users\kragh\OneDrive\Documents\HrudayCodingProjects\TribeV2WebAnalyzer\TribeV2\scout_data\horikawaCode\videos\1330.mp4
1331,interest,0.6363599896430969,C:\Users\kragh\OneDrive\Documents\HrudayCodingProjects\TribeV2WebAnalyzer\TribeV2\scout_data\horikawaCode\videos\1331.mp4
1332,amusement,0.6363599896430969,C:\Users\kragh\OneDrive\Documents\HrudayCodingProjects\TribeV2WebAnalyzer\TribeV2\scout_data\horikawaCode\videos\1332.mp4
1333,interest,0.54544997215271,C:\Users\kragh\OneDrive\Documents\HrudayCodingProjects\TribeV2WebAnalyzer\TribeV2\scout_data\horikawaCode\videos\1333.mp4
1334,amusement,0.54544997215271,C:\Users\kragh\OneDrive\Documents\HrudayCodingProjects\TribeV2WebAnalyzer\TribeV2\scout_data\horikawaCode\videos\1334.mp4
1335,amusement,0.45454999804496765,C:\Users\kragh\OneDrive\Documents\HrudayCodingProjects\TribeV2WebAnalyzer\TribeV2\scout_data\horikawaCode\videos\1335.mp4
1336,aesthetic_appreciation,0.6363599896430969,C:\Users\kragh\OneDrive\Documents\HrudayCodingProjects\TribeV2WebAnalyzer\TribeV2\scout_data\horikawaCode\videos\1336.mp4
1337,sexual_desire,0.54544997215271,C:\Users\kragh\OneDrive\Documents\HrudayCodingProjects\TribeV2WebAnalyzer\TribeV2\scout_data\horikawaCode\videos\1337.mp4
1338,sexual_desire,0.7272700071334839,C:\Users\kragh\OneDrive\Documents\HrudayCodingProjects\TribeV2WebAnalyzer\TribeV2\scout_data\horikawaCode\videos\1338.mp4
1339,horror,0.7272700071334839,C:\Users\kragh\OneDrive\Documents\HrudayCodingProjects\TribeV2WebAnalyzer\TribeV2\scout_data\horikawaCode\videos\1339.mp4
1340,amusement,0.54544997215271,C:\Users\kragh\OneDrive\Documents\HrudayCodingProjects\TribeV2WebAnalyzer\TribeV2\scout_data\horikawaCode\videos\1340.mp4
1341,romance,0.7272700071334839,C:\Users\kragh\OneDrive\Documents\HrudayCodingProjects\TribeV2WebAnalyzer\TribeV2\scout_data\horikawaCode\videos\1341.mp4
1342,relief,0.6363599896430969,C:\Users\kragh\OneDrive\Documents\HrudayCodingProjects\TribeV2WebAnalyzer\TribeV2\scout_data\horikawaCode\videos\1342.mp4
1343,amusement,0.7272700071334839,C:\Users\kragh\OneDrive\Documents\HrudayCodingProjects\TribeV2WebAnalyzer\TribeV2\scout_data\horikawaCode\videos\1343.mp4
1344,amusement,0.54544997215271,C:\Users\kragh\OneDrive\Documents\HrudayCodingProjects\TribeV2WebAnalyzer\TribeV2\scout_data\horikawaCode\videos\1344.mp4
1345,excitement,0.45454999804496765,C:\Users\kragh\OneDrive\Documents\HrudayCodingProjects\TribeV2WebAnalyzer\TribeV2\scout_data\horikawaCode\videos\1345.mp4
1346,amusement,0.7272700071334839,C:\Users\kragh\OneDrive\Documents\HrudayCodingProjects\TribeV2WebAnalyzer\TribeV2\scout_data\horikawaCode\videos\1346.mp4
1347,amusement,0.54544997215271,C:\Users\kragh\OneDrive\Documents\HrudayCodingProjects\TribeV2WebAnalyzer\TribeV2\scout_data\horikawaCode\videos\1347.mp4
1348,interest,0.3636400103569031,C:\Users\kragh\OneDrive\Documents\HrudayCodingProjects\TribeV2WebAnalyzer\TribeV2\scout_data\horikawaCode\videos\1348.mp4
1349,joy,0.54544997215271,C:\Users\kragh\OneDrive\Documents\HrudayCodingProjects\TribeV2WebAnalyzer\TribeV2\scout_data\horikawaCode\videos\1349.mp4
1350,disgust,0.7272700071334839,C:\Users\kragh\OneDrive\Documents\HrudayCodingProjects\TribeV2WebAnalyzer\TribeV2\scout_data\horikawaCode\videos\1350.mp4
1351,amusement,0.45454999804496765,C:\Users\kragh\OneDrive\Documents\HrudayCodingProjects\TribeV2WebAnalyzer\TribeV2\scout_data\horikawaCode\videos\1351.mp4
1352,entrancement,0.3636400103569031,C:\Users\kragh\OneDrive\Documents\HrudayCodingProjects\TribeV2WebAnalyzer\TribeV2\scout_data\horikawaCode\videos\1352.mp4
1353,amusement,0.45454999804496765,C:\Users\kragh\OneDrive\Documents\HrudayCodingProjects\TribeV2WebAnalyzer\TribeV2\scout_data\horikawaCode\videos\1353.mp4
1354,romance,0.54544997215271,C:\Users\kragh\OneDrive\Documents\HrudayCodingProjects\TribeV2WebAnalyzer\TribeV2\scout_data\horikawaCode\videos\1354.mp4
1355,disgust,0.54544997215271,C:\Users\kragh\OneDrive\Documents\HrudayCodingProjects\TribeV2WebAnalyzer\TribeV2\scout_data\horikawaCode\videos\1355.mp4
1356,amusement,0.45454999804496765,C:\Users\kragh\OneDrive\Documents\HrudayCodingProjects\TribeV2WebAnalyzer\TribeV2\scout_data\horikawaCode\videos\1356.mp4
1357,aesthetic_appreciation,0.54544997215271,C:\Users\kragh\OneDrive\Documents\HrudayCodingProjects\TribeV2WebAnalyzer\TribeV2\scout_data\horikawaCode\videos\1357.mp4
1358,interest,0.45454999804496765,C:\Users\kragh\OneDrive\Documents\HrudayCodingProjects\TribeV2WebAnalyzer\TribeV2\scout_data\horikawaCode\videos\1358.mp4
1359,disgust,0.45454999804496765,C:\Users\kragh\OneDrive\Documents\HrudayCodingProjects\TribeV2WebAnalyzer\TribeV2\scout_data\horikawaCode\videos\1359.mp4
1360,aesthetic_appreciation,0.6363599896430969,C:\Users\kragh\OneDrive\Documents\HrudayCodingProjects\TribeV2WebAnalyzer\TribeV2\scout_data\horikawaCode\videos\1360.mp4
1361,fear,0.6363599896430969,C:\Users\kragh\OneDrive\Documents\HrudayCodingProjects\TribeV2WebAnalyzer\TribeV2\scout_data\horikawaCode\videos\1361.mp4
1362,disgust,0.45454999804496765,C:\Users\kragh\OneDrive\Documents\HrudayCodingProjects\TribeV2WebAnalyzer\TribeV2\scout_data\horikawaCode\videos\1362.mp4
1363,joy,0.6363599896430969,C:\Users\kragh\OneDrive\Documents\HrudayCodingProjects\TribeV2WebAnalyzer\TribeV2\scout_data\horikawaCode\videos\1363.mp4
1364,interest,0.54544997215271,C:\Users\kragh\OneDrive\Documents\HrudayCodingProjects\TribeV2WebAnalyzer\TribeV2\scout_data\horikawaCode\videos\1364.mp4
1365,amusement,0.3636400103569031,C:\Users\kragh\OneDrive\Documents\HrudayCodingProjects\TribeV2WebAnalyzer\TribeV2\scout_data\horikawaCode\videos\1365.mp4
1366,amusement,0.45454999804496765,C:\Users\kragh\OneDrive\Documents\HrudayCodingProjects\TribeV2WebAnalyzer\TribeV2\scout_data\horikawaCode\videos\1366.mp4
1367,amusement,0.54544997215271,C:\Users\kragh\OneDrive\Documents\HrudayCodingProjects\TribeV2WebAnalyzer\TribeV2\scout_data\horikawaCode\videos\1367.mp4
1368,amusement,0.54544997215271,C:\Users\kragh\OneDrive\Documents\HrudayCodingProjects\TribeV2WebAnalyzer\TribeV2\scout_data\horikawaCode\videos\1368.mp4
1369,boredom,0.54544997215271,C:\Users\kragh\OneDrive\Documents\HrudayCodingProjects\TribeV2WebAnalyzer\TribeV2\scout_data\horikawaCode\videos\1369.mp4
1370,sexual_desire,0.8181800246238708,C:\Users\kragh\OneDrive\Documents\HrudayCodingProjects\TribeV2WebAnalyzer\TribeV2\scout_data\horikawaCode\videos\1370.mp4
1371,amusement,0.45454999804496765,C:\Users\kragh\OneDrive\Documents\HrudayCodingProjects\TribeV2WebAnalyzer\TribeV2\scout_data\horikawaCode\videos\1371.mp4
1372,boredom,0.54544997215271,C:\Users\kragh\OneDrive\Documents\HrudayCodingProjects\TribeV2WebAnalyzer\TribeV2\scout_data\horikawaCode\videos\1372.mp4
1373,fear,0.6363599896430969,C:\Users\kragh\OneDrive\Documents\HrudayCodingProjects\TribeV2WebAnalyzer\TribeV2\scout_data\horikawaCode\videos\1373.mp4
1374,fear,0.54544997215271,C:\Users\kragh\OneDrive\Documents\HrudayCodingProjects\TribeV2WebAnalyzer\TribeV2\scout_data\horikawaCode\videos\1374.mp4
1375,fear,0.909089982509613,C:\Users\kragh\OneDrive\Documents\HrudayCodingProjects\TribeV2WebAnalyzer\TribeV2\scout_data\horikawaCode\videos\1375.mp4
1376,amusement,0.45454999804496765,C:\Users\kragh\OneDrive\Documents\HrudayCodingProjects\TribeV2WebAnalyzer\TribeV2\scout_data\horikawaCode\videos\1376.mp4
1377,sexual_desire,1.0,C:\Users\kragh\OneDrive\Documents\HrudayCodingProjects\TribeV2WebAnalyzer\TribeV2\scout_data\horikawaCode\videos\1377.mp4
1378,aesthetic_appreciation,0.45454999804496765,C:\Users\kragh\OneDrive\Documents\HrudayCodingProjects\TribeV2WebAnalyzer\TribeV2\scout_data\horikawaCode\videos\1378.mp4
1379,adoration,0.45454999804496765,C:\Users\kragh\OneDrive\Documents\HrudayCodingProjects\TribeV2WebAnalyzer\TribeV2\scout_data\horikawaCode\videos\1379.mp4
1380,joy,0.3636400103569031,C:\Users\kragh\OneDrive\Documents\HrudayCodingProjects\TribeV2WebAnalyzer\TribeV2\scout_data\horikawaCode\videos\1380.mp4
1381,romance,0.46154001355171204,C:\Users\kragh\OneDrive\Documents\HrudayCodingProjects\TribeV2WebAnalyzer\TribeV2\scout_data\horikawaCode\videos\1381.mp4
1382,amusement,0.3846200108528137,C:\Users\kragh\OneDrive\Documents\HrudayCodingProjects\TribeV2WebAnalyzer\TribeV2\scout_data\horikawaCode\videos\1382.mp4
1383,romance,0.6923099756240845,C:\Users\kragh\OneDrive\Documents\HrudayCodingProjects\TribeV2WebAnalyzer\TribeV2\scout_data\horikawaCode\videos\1383.mp4
1384,interest,0.23077000677585602,C:\Users\kragh\OneDrive\Documents\HrudayCodingProjects\TribeV2WebAnalyzer\TribeV2\scout_data\horikawaCode\videos\1384.mp4
1385,sexual_desire,1.0,C:\Users\kragh\OneDrive\Documents\HrudayCodingProjects\TribeV2WebAnalyzer\TribeV2\scout_data\horikawaCode\videos\1385.mp4
1386,aesthetic_appreciation,0.30768999457359314,C:\Users\kragh\OneDrive\Documents\HrudayCodingProjects\TribeV2WebAnalyzer\TribeV2\scout_data\horikawaCode\videos\1386.mp4
1387,aesthetic_appreciation,0.3846200108528137,C:\Users\kragh\OneDrive\Documents\HrudayCodingProjects\TribeV2WebAnalyzer\TribeV2\scout_data\horikawaCode\videos\1387.mp4
1388,awkwardness,0.46154001355171204,C:\Users\kragh\OneDrive\Documents\HrudayCodingProjects\TribeV2WebAnalyzer\TribeV2\scout_data\horikawaCode\videos\1388.mp4
1389,aesthetic_appreciation,0.30768999457359314,C:\Users\kragh\OneDrive\Documents\HrudayCodingProjects\TribeV2WebAnalyzer\TribeV2\scout_data\horikawaCode\videos\1389.mp4
1390,surprise,0.30768999457359314,C:\Users\kragh\OneDrive\Documents\HrudayCodingProjects\TribeV2WebAnalyzer\TribeV2\scout_data\horikawaCode\videos\1390.mp4
1391,amusement,0.46154001355171204,C:\Users\kragh\OneDrive\Documents\HrudayCodingProjects\TribeV2WebAnalyzer\TribeV2\scout_data\horikawaCode\videos\1391.mp4
1392,interest,0.46154001355171204,C:\Users\kragh\OneDrive\Documents\HrudayCodingProjects\TribeV2WebAnalyzer\TribeV2\scout_data\horikawaCode\videos\1392.mp4
1393,anger,0.23077000677585602,C:\Users\kragh\OneDrive\Documents\HrudayCodingProjects\TribeV2WebAnalyzer\TribeV2\scout_data\horikawaCode\videos\1393.mp4
1394,sexual_desire,0.8461499810218811,C:\Users\kragh\OneDrive\Documents\HrudayCodingProjects\TribeV2WebAnalyzer\TribeV2\scout_data\horikawaCode\videos\1394.mp4
1395,aesthetic_appreciation,0.23077000677585602,C:\Users\kragh\OneDrive\Documents\HrudayCodingProjects\TribeV2WebAnalyzer\TribeV2\scout_data\horikawaCode\videos\1395.mp4
1396,amusement,0.7692300081253052,C:\Users\kragh\OneDrive\Documents\HrudayCodingProjects\TribeV2WebAnalyzer\TribeV2\scout_data\horikawaCode\videos\1396.mp4
1397,relief,0.5384600162506104,C:\Users\kragh\OneDrive\Documents\HrudayCodingProjects\TribeV2WebAnalyzer\TribeV2\scout_data\horikawaCode\videos\1397.mp4
1398,amusement,0.3846200108528137,C:\Users\kragh\OneDrive\Documents\HrudayCodingProjects\TribeV2WebAnalyzer\TribeV2\scout_data\horikawaCode\videos\1398.mp4
1399,sexual_desire,0.6923099756240845,C:\Users\kragh\OneDrive\Documents\HrudayCodingProjects\TribeV2WebAnalyzer\TribeV2\scout_data\horikawaCode\videos\1399.mp4
1400,awe,0.5384600162506104,C:\Users\kragh\OneDrive\Documents\HrudayCodingProjects\TribeV2WebAnalyzer\TribeV2\scout_data\horikawaCode\videos\1400.mp4
1401,confusion,0.30768999457359314,C:\Users\kragh\OneDrive\Documents\HrudayCodingProjects\TribeV2WebAnalyzer\TribeV2\scout_data\horikawaCode\videos\1401.mp4
1402,amusement,0.46154001355171204,C:\Users\kragh\OneDrive\Documents\HrudayCodingProjects\TribeV2WebAnalyzer\TribeV2\scout_data\horikawaCode\videos\1402.mp4
1403,empathic_pain,0.30768999457359314,C:\Users\kragh\OneDrive\Documents\HrudayCodingProjects\TribeV2WebAnalyzer\TribeV2\scout_data\horikawaCode\videos\1403.mp4
1404,amusement,0.30768999457359314,C:\Users\kragh\OneDrive\Documents\HrudayCodingProjects\TribeV2WebAnalyzer\TribeV2\scout_data\horikawaCode\videos\1404.mp4
1405,amusement,0.6153799891471863,C:\Users\kragh\OneDrive\Documents\HrudayCodingProjects\TribeV2WebAnalyzer\TribeV2\scout_data\horikawaCode\videos\1405.mp4
1406,fear,0.6153799891471863,C:\Users\kragh\OneDrive\Documents\HrudayCodingProjects\TribeV2WebAnalyzer\TribeV2\scout_data\horikawaCode\videos\1406.mp4
1407,romance,0.6923099756240845,C:\Users\kragh\OneDrive\Documents\HrudayCodingProjects\TribeV2WebAnalyzer\TribeV2\scout_data\horikawaCode\videos\1407.mp4
1408,romance,0.6153799891471863,C:\Users\kragh\OneDrive\Documents\HrudayCodingProjects\TribeV2WebAnalyzer\TribeV2\scout_data\horikawaCode\videos\1408.mp4
1409,aesthetic_appreciation,0.30768999457359314,C:\Users\kragh\OneDrive\Documents\HrudayCodingProjects\TribeV2WebAnalyzer\TribeV2\scout_data\horikawaCode\videos\1409.mp4
1410,amusement,0.3846200108528137,C:\Users\kragh\OneDrive\Documents\HrudayCodingProjects\TribeV2WebAnalyzer\TribeV2\scout_data\horikawaCode\videos\1410.mp4
1411,amusement,0.8461499810218811,C:\Users\kragh\OneDrive\Documents\HrudayCodingProjects\TribeV2WebAnalyzer\TribeV2\scout_data\horikawaCode\videos\1411.mp4
1412,interest,0.6923099756240845,C:\Users\kragh\OneDrive\Documents\HrudayCodingProjects\TribeV2WebAnalyzer\TribeV2\scout_data\horikawaCode\videos\1412.mp4
1413,nostalgia,0.3846200108528137,C:\Users\kragh\OneDrive\Documents\HrudayCodingProjects\TribeV2WebAnalyzer\TribeV2\scout_data\horikawaCode\videos\1413.mp4
1414,disgust,0.8461499810218811,C:\Users\kragh\OneDrive\Documents\HrudayCodingProjects\TribeV2WebAnalyzer\TribeV2\scout_data\horikawaCode\videos\1414.mp4
1415,amusement,0.46154001355171204,C:\Users\kragh\OneDrive\Documents\HrudayCodingProjects\TribeV2WebAnalyzer\TribeV2\scout_data\horikawaCode\videos\1415.mp4
1416,adoration,0.3846200108528137,C:\Users\kragh\OneDrive\Documents\HrudayCodingProjects\TribeV2WebAnalyzer\TribeV2\scout_data\horikawaCode\videos\1416.mp4
1417,adoration,0.46154001355171204,C:\Users\kragh\OneDrive\Documents\HrudayCodingProjects\TribeV2WebAnalyzer\TribeV2\scout_data\horikawaCode\videos\1417.mp4
1418,adoration,0.5384600162506104,C:\Users\kragh\OneDrive\Documents\HrudayCodingProjects\TribeV2WebAnalyzer\TribeV2\scout_data\horikawaCode\videos\1418.mp4
1419,fear,0.5384600162506104,C:\Users\kragh\OneDrive\Documents\HrudayCodingProjects\TribeV2WebAnalyzer\TribeV2\scout_data\horikawaCode\videos\1419.mp4
1420,joy,0.3846200108528137,C:\Users\kragh\OneDrive\Documents\HrudayCodingProjects\TribeV2WebAnalyzer\TribeV2\scout_data\horikawaCode\videos\1420.mp4
1421,aesthetic_appreciation,0.46154001355171204,C:\Users\kragh\OneDrive\Documents\HrudayCodingProjects\TribeV2WebAnalyzer\TribeV2\scout_data\horikawaCode\videos\1421.mp4
1422,fear,0.8461499810218811,C:\Users\kragh\OneDrive\Documents\HrudayCodingProjects\TribeV2WebAnalyzer\TribeV2\scout_data\horikawaCode\videos\1422.mp4
1423,disgust,0.9230800271034241,C:\Users\kragh\OneDrive\Documents\HrudayCodingProjects\TribeV2WebAnalyzer\TribeV2\scout_data\horikawaCode\videos\1423.mp4
1424,romance,0.9230800271034241,C:\Users\kragh\OneDrive\Documents\HrudayCodingProjects\TribeV2WebAnalyzer\TribeV2\scout_data\horikawaCode\videos\1424.mp4
1425,disgust,1.0,C:\Users\kragh\OneDrive\Documents\HrudayCodingProjects\TribeV2WebAnalyzer\TribeV2\scout_data\horikawaCode\videos\1425.mp4
1426,aesthetic_appreciation,0.7692300081253052,C:\Users\kragh\OneDrive\Documents\HrudayCodingProjects\TribeV2WebAnalyzer\TribeV2\scout_data\horikawaCode\videos\1426.mp4
1427,calmness,0.3846200108528137,C:\Users\kragh\OneDrive\Documents\HrudayCodingProjects\TribeV2WebAnalyzer\TribeV2\scout_data\horikawaCode\videos\1427.mp4
1428,amusement,0.46154001355171204,C:\Users\kragh\OneDrive\Documents\HrudayCodingProjects\TribeV2WebAnalyzer\TribeV2\scout_data\horikawaCode\videos\1428.mp4
1429,adoration,0.46154001355171204,C:\Users\kragh\OneDrive\Documents\HrudayCodingProjects\TribeV2WebAnalyzer\TribeV2\scout_data\horikawaCode\videos\1429.mp4
1430,surprise,0.5384600162506104,C:\Users\kragh\OneDrive\Documents\HrudayCodingProjects\TribeV2WebAnalyzer\TribeV2\scout_data\horikawaCode\videos\1430.mp4
1431,aesthetic_appreciation,0.46154001355171204,C:\Users\kragh\OneDrive\Documents\HrudayCodingProjects\TribeV2WebAnalyzer\TribeV2\scout_data\horikawaCode\videos\1431.mp4
1432,joy,0.5384600162506104,C:\Users\kragh\OneDrive\Documents\HrudayCodingProjects\TribeV2WebAnalyzer\TribeV2\scout_data\horikawaCode\videos\1432.mp4
1433,surprise,0.6153799891471863,C:\Users\kragh\OneDrive\Documents\HrudayCodingProjects\TribeV2WebAnalyzer\TribeV2\scout_data\horikawaCode\videos\1433.mp4
1434,horror,0.6923099756240845,C:\Users\kragh\OneDrive\Documents\HrudayCodingProjects\TribeV2WebAnalyzer\TribeV2\scout_data\horikawaCode\videos\1434.mp4
1435,romance,0.7692300081253052,C:\Users\kragh\OneDrive\Documents\HrudayCodingProjects\TribeV2WebAnalyzer\TribeV2\scout_data\horikawaCode\videos\1435.mp4
1436,surprise,0.6153799891471863,C:\Users\kragh\OneDrive\Documents\HrudayCodingProjects\TribeV2WebAnalyzer\TribeV2\scout_data\horikawaCode\videos\1436.mp4
1437,amusement,0.3846200108528137,C:\Users\kragh\OneDrive\Documents\HrudayCodingProjects\TribeV2WebAnalyzer\TribeV2\scout_data\horikawaCode\videos\1437.mp4
1438,sexual_desire,0.8461499810218811,C:\Users\kragh\OneDrive\Documents\HrudayCodingProjects\TribeV2WebAnalyzer\TribeV2\scout_data\horikawaCode\videos\1438.mp4
1439,aesthetic_appreciation,0.7692300081253052,C:\Users\kragh\OneDrive\Documents\HrudayCodingProjects\TribeV2WebAnalyzer\TribeV2\scout_data\horikawaCode\videos\1439.mp4
1440,fear,0.6923099756240845,C:\Users\kragh\OneDrive\Documents\HrudayCodingProjects\TribeV2WebAnalyzer\TribeV2\scout_data\horikawaCode\videos\1440.mp4
1441,disgust,1.0,C:\Users\kragh\OneDrive\Documents\HrudayCodingProjects\TribeV2WebAnalyzer\TribeV2\scout_data\horikawaCode\videos\1441.mp4
1442,confusion,0.4090900123119354,C:\Users\kragh\OneDrive\Documents\HrudayCodingProjects\TribeV2WebAnalyzer\TribeV2\scout_data\horikawaCode\videos\1442.mp4
1443,horror,0.3636400103569031,C:\Users\kragh\OneDrive\Documents\HrudayCodingProjects\TribeV2WebAnalyzer\TribeV2\scout_data\horikawaCode\videos\1443.mp4
1444,romance,0.7727299928665161,C:\Users\kragh\OneDrive\Documents\HrudayCodingProjects\TribeV2WebAnalyzer\TribeV2\scout_data\horikawaCode\videos\1444.mp4
1445,admiration,0.45454999804496765,C:\Users\kragh\OneDrive\Documents\HrudayCodingProjects\TribeV2WebAnalyzer\TribeV2\scout_data\horikawaCode\videos\1445.mp4
1446,aesthetic_appreciation,0.4090900123119354,C:\Users\kragh\OneDrive\Documents\HrudayCodingProjects\TribeV2WebAnalyzer\TribeV2\scout_data\horikawaCode\videos\1446.mp4
1447,sexual_desire,0.7272700071334839,C:\Users\kragh\OneDrive\Documents\HrudayCodingProjects\TribeV2WebAnalyzer\TribeV2\scout_data\horikawaCode\videos\1447.mp4
1448,confusion,0.54544997215271,C:\Users\kragh\OneDrive\Documents\HrudayCodingProjects\TribeV2WebAnalyzer\TribeV2\scout_data\horikawaCode\videos\1448.mp4
1449,craving,0.909089982509613,C:\Users\kragh\OneDrive\Documents\HrudayCodingProjects\TribeV2WebAnalyzer\TribeV2\scout_data\horikawaCode\videos\1449.mp4
1450,amusement,0.45454999804496765,C:\Users\kragh\OneDrive\Documents\HrudayCodingProjects\TribeV2WebAnalyzer\TribeV2\scout_data\horikawaCode\videos\1450.mp4
1451,craving,0.5,C:\Users\kragh\OneDrive\Documents\HrudayCodingProjects\TribeV2WebAnalyzer\TribeV2\scout_data\horikawaCode\videos\1451.mp4
1452,amusement,0.4090900123119354,C:\Users\kragh\OneDrive\Documents\HrudayCodingProjects\TribeV2WebAnalyzer\TribeV2\scout_data\horikawaCode\videos\1452.mp4
1453,admiration,0.45454999804496765,C:\Users\kragh\OneDrive\Documents\HrudayCodingProjects\TribeV2WebAnalyzer\TribeV2\scout_data\horikawaCode\videos\1453.mp4
1454,amusement,0.4090900123119354,C:\Users\kragh\OneDrive\Documents\HrudayCodingProjects\TribeV2WebAnalyzer\TribeV2\scout_data\horikawaCode\videos\1454.mp4
1455,aesthetic_appreciation,0.2272700071334839,C:\Users\kragh\OneDrive\Documents\HrudayCodingProjects\TribeV2WebAnalyzer\TribeV2\scout_data\horikawaCode\videos\1455.mp4
1456,amusement,0.7727299928665161,C:\Users\kragh\OneDrive\Documents\HrudayCodingProjects\TribeV2WebAnalyzer\TribeV2\scout_data\horikawaCode\videos\1456.mp4
1457,surprise,0.45454999804496765,C:\Users\kragh\OneDrive\Documents\HrudayCodingProjects\TribeV2WebAnalyzer\TribeV2\scout_data\horikawaCode\videos\1457.mp4
1458,amusement,0.5,C:\Users\kragh\OneDrive\Documents\HrudayCodingProjects\TribeV2WebAnalyzer\TribeV2\scout_data\horikawaCode\videos\1458.mp4
1459,amusement,0.45454999804496765,C:\Users\kragh\OneDrive\Documents\HrudayCodingProjects\TribeV2WebAnalyzer\TribeV2\scout_data\horikawaCode\videos\1459.mp4
1460,romance,0.7272700071334839,C:\Users\kragh\OneDrive\Documents\HrudayCodingProjects\TribeV2WebAnalyzer\TribeV2\scout_data\horikawaCode\videos\1460.mp4
1461,amusement,0.6363599896430969,C:\Users\kragh\OneDrive\Documents\HrudayCodingProjects\TribeV2WebAnalyzer\TribeV2\scout_data\horikawaCode\videos\1461.mp4
1462,amusement,0.590910017490387,C:\Users\kragh\OneDrive\Documents\HrudayCodingProjects\TribeV2WebAnalyzer\TribeV2\scout_data\horikawaCode\videos\1462.mp4
1463,amusement,0.5,C:\Users\kragh\OneDrive\Documents\HrudayCodingProjects\TribeV2WebAnalyzer\TribeV2\scout_data\horikawaCode\videos\1463.mp4
1464,horror,0.590910017490387,C:\Users\kragh\OneDrive\Documents\HrudayCodingProjects\TribeV2WebAnalyzer\TribeV2\scout_data\horikawaCode\videos\1464.mp4
1465,adoration,0.54544997215271,C:\Users\kragh\OneDrive\Documents\HrudayCodingProjects\TribeV2WebAnalyzer\TribeV2\scout_data\horikawaCode\videos\1465.mp4
1466,amusement,0.6363599896430969,C:\Users\kragh\OneDrive\Documents\HrudayCodingProjects\TribeV2WebAnalyzer\TribeV2\scout_data\horikawaCode\videos\1466.mp4
1467,aesthetic_appreciation,0.3636400103569031,C:\Users\kragh\OneDrive\Documents\HrudayCodingProjects\TribeV2WebAnalyzer\TribeV2\scout_data\horikawaCode\videos\1467.mp4
1468,romance,0.8181800246238708,C:\Users\kragh\OneDrive\Documents\HrudayCodingProjects\TribeV2WebAnalyzer\TribeV2\scout_data\horikawaCode\videos\1468.mp4
1469,romance,0.45454999804496765,C:\Users\kragh\OneDrive\Documents\HrudayCodingProjects\TribeV2WebAnalyzer\TribeV2\scout_data\horikawaCode\videos\1469.mp4
1470,aesthetic_appreciation,0.3636400103569031,C:\Users\kragh\OneDrive\Documents\HrudayCodingProjects\TribeV2WebAnalyzer\TribeV2\scout_data\horikawaCode\videos\1470.mp4
1471,disgust,0.9285699725151062,C:\Users\kragh\OneDrive\Documents\HrudayCodingProjects\TribeV2WebAnalyzer\TribeV2\scout_data\horikawaCode\videos\1471.mp4
1472,sexual_desire,0.5714300274848938,C:\Users\kragh\OneDrive\Documents\HrudayCodingProjects\TribeV2WebAnalyzer\TribeV2\scout_data\horikawaCode\videos\1472.mp4
1473,sadness,0.5357099771499634,C:\Users\kragh\OneDrive\Documents\HrudayCodingProjects\TribeV2WebAnalyzer\TribeV2\scout_data\horikawaCode\videos\1473.mp4
1474,triumph,0.3571400046348572,C:\Users\kragh\OneDrive\Documents\HrudayCodingProjects\TribeV2WebAnalyzer\TribeV2\scout_data\horikawaCode\videos\1474.mp4
1475,disgust,0.75,C:\Users\kragh\OneDrive\Documents\HrudayCodingProjects\TribeV2WebAnalyzer\TribeV2\scout_data\horikawaCode\videos\1475.mp4
1476,aesthetic_appreciation,0.7142900228500366,C:\Users\kragh\OneDrive\Documents\HrudayCodingProjects\TribeV2WebAnalyzer\TribeV2\scout_data\horikawaCode\videos\1476.mp4
1477,interest,0.4285700023174286,C:\Users\kragh\OneDrive\Documents\HrudayCodingProjects\TribeV2WebAnalyzer\TribeV2\scout_data\horikawaCode\videos\1477.mp4
1478,sadness,0.75,C:\Users\kragh\OneDrive\Documents\HrudayCodingProjects\TribeV2WebAnalyzer\TribeV2\scout_data\horikawaCode\videos\1478.mp4
1479,nostalgia,0.5,C:\Users\kragh\OneDrive\Documents\HrudayCodingProjects\TribeV2WebAnalyzer\TribeV2\scout_data\horikawaCode\videos\1479.mp4
1480,confusion,0.3928599953651428,C:\Users\kragh\OneDrive\Documents\HrudayCodingProjects\TribeV2WebAnalyzer\TribeV2\scout_data\horikawaCode\videos\1480.mp4
1481,adoration,0.4285700023174286,C:\Users\kragh\OneDrive\Documents\HrudayCodingProjects\TribeV2WebAnalyzer\TribeV2\scout_data\horikawaCode\videos\1481.mp4
1482,nostalgia,0.7142900228500366,C:\Users\kragh\OneDrive\Documents\HrudayCodingProjects\TribeV2WebAnalyzer\TribeV2\scout_data\horikawaCode\videos\1482.mp4
1483,amusement,0.4285700023174286,C:\Users\kragh\OneDrive\Documents\HrudayCodingProjects\TribeV2WebAnalyzer\TribeV2\scout_data\horikawaCode\videos\1483.mp4
1484,amusement,0.5,C:\Users\kragh\OneDrive\Documents\HrudayCodingProjects\TribeV2WebAnalyzer\TribeV2\scout_data\horikawaCode\videos\1484.mp4
1485,sadness,0.7142900228500366,C:\Users\kragh\OneDrive\Documents\HrudayCodingProjects\TribeV2WebAnalyzer\TribeV2\scout_data\horikawaCode\videos\1485.mp4
1486,excitement,0.28571000695228577,C:\Users\kragh\OneDrive\Documents\HrudayCodingProjects\TribeV2WebAnalyzer\TribeV2\scout_data\horikawaCode\videos\1486.mp4
1487,disgust,0.5,C:\Users\kragh\OneDrive\Documents\HrudayCodingProjects\TribeV2WebAnalyzer\TribeV2\scout_data\horikawaCode\videos\1487.mp4
1488,amusement,0.6785699725151062,C:\Users\kragh\OneDrive\Documents\HrudayCodingProjects\TribeV2WebAnalyzer\TribeV2\scout_data\horikawaCode\videos\1488.mp4
1489,amusement,0.5,C:\Users\kragh\OneDrive\Documents\HrudayCodingProjects\TribeV2WebAnalyzer\TribeV2\scout_data\horikawaCode\videos\1489.mp4
1490,sexual_desire,0.7857099771499634,C:\Users\kragh\OneDrive\Documents\HrudayCodingProjects\TribeV2WebAnalyzer\TribeV2\scout_data\horikawaCode\videos\1490.mp4
1491,sexual_desire,0.6428599953651428,C:\Users\kragh\OneDrive\Documents\HrudayCodingProjects\TribeV2WebAnalyzer\TribeV2\scout_data\horikawaCode\videos\1491.mp4
1492,fear,0.3571400046348572,C:\Users\kragh\OneDrive\Documents\HrudayCodingProjects\TribeV2WebAnalyzer\TribeV2\scout_data\horikawaCode\videos\1492.mp4
1493,amusement,0.5,C:\Users\kragh\OneDrive\Documents\HrudayCodingProjects\TribeV2WebAnalyzer\TribeV2\scout_data\horikawaCode\videos\1493.mp4
1494,amusement,0.7142900228500366,C:\Users\kragh\OneDrive\Documents\HrudayCodingProjects\TribeV2WebAnalyzer\TribeV2\scout_data\horikawaCode\videos\1494.mp4
1495,awe,0.4285700023174286,C:\Users\kragh\OneDrive\Documents\HrudayCodingProjects\TribeV2WebAnalyzer\TribeV2\scout_data\horikawaCode\videos\1495.mp4
1496,aesthetic_appreciation,0.5,C:\Users\kragh\OneDrive\Documents\HrudayCodingProjects\TribeV2WebAnalyzer\TribeV2\scout_data\horikawaCode\videos\1496.mp4
1497,amusement,0.6785699725151062,C:\Users\kragh\OneDrive\Documents\HrudayCodingProjects\TribeV2WebAnalyzer\TribeV2\scout_data\horikawaCode\videos\1497.mp4
1498,craving,0.8571400046348572,C:\Users\kragh\OneDrive\Documents\HrudayCodingProjects\TribeV2WebAnalyzer\TribeV2\scout_data\horikawaCode\videos\1498.mp4
1499,amusement,0.5714300274848938,C:\Users\kragh\OneDrive\Documents\HrudayCodingProjects\TribeV2WebAnalyzer\TribeV2\scout_data\horikawaCode\videos\1499.mp4
1500,interest,0.5,C:\Users\kragh\OneDrive\Documents\HrudayCodingProjects\TribeV2WebAnalyzer\TribeV2\scout_data\horikawaCode\videos\1500.mp4
1501,amusement,0.6000000238418579,C:\Users\kragh\OneDrive\Documents\HrudayCodingProjects\TribeV2WebAnalyzer\TribeV2\scout_data\horikawaCode\videos\1501.mp4
1502,admiration,0.5,C:\Users\kragh\OneDrive\Documents\HrudayCodingProjects\TribeV2WebAnalyzer\TribeV2\scout_data\horikawaCode\videos\1502.mp4
1503,joy,0.4000000059604645,C:\Users\kragh\OneDrive\Documents\HrudayCodingProjects\TribeV2WebAnalyzer\TribeV2\scout_data\horikawaCode\videos\1503.mp4
1504,amusement,0.5,C:\Users\kragh\OneDrive\Documents\HrudayCodingProjects\TribeV2WebAnalyzer\TribeV2\scout_data\horikawaCode\videos\1504.mp4
1505,awe,0.6000000238418579,C:\Users\kragh\OneDrive\Documents\HrudayCodingProjects\TribeV2WebAnalyzer\TribeV2\scout_data\horikawaCode\videos\1505.mp4
1506,amusement,0.4000000059604645,C:\Users\kragh\OneDrive\Documents\HrudayCodingProjects\TribeV2WebAnalyzer\TribeV2\scout_data\horikawaCode\videos\1506.mp4
1507,disgust,0.5,C:\Users\kragh\OneDrive\Documents\HrudayCodingProjects\TribeV2WebAnalyzer\TribeV2\scout_data\horikawaCode\videos\1507.mp4
1508,amusement,0.6000000238418579,C:\Users\kragh\OneDrive\Documents\HrudayCodingProjects\TribeV2WebAnalyzer\TribeV2\scout_data\horikawaCode\videos\1508.mp4
1509,adoration,0.4000000059604645,C:\Users\kragh\OneDrive\Documents\HrudayCodingProjects\TribeV2WebAnalyzer\TribeV2\scout_data\horikawaCode\videos\1509.mp4
1510,aesthetic_appreciation,0.699999988079071,C:\Users\kragh\OneDrive\Documents\HrudayCodingProjects\TribeV2WebAnalyzer\TribeV2\scout_data\horikawaCode\videos\1510.mp4
1511,disgust,0.4000000059604645,C:\Users\kragh\OneDrive\Documents\HrudayCodingProjects\TribeV2WebAnalyzer\TribeV2\scout_data\horikawaCode\videos\1511.mp4
1512,amusement,0.699999988079071,C:\Users\kragh\OneDrive\Documents\HrudayCodingProjects\TribeV2WebAnalyzer\TribeV2\scout_data\horikawaCode\videos\1512.mp4
1513,awe,0.4000000059604645,C:\Users\kragh\OneDrive\Documents\HrudayCodingProjects\TribeV2WebAnalyzer\TribeV2\scout_data\horikawaCode\videos\1513.mp4
1514,disgust,0.4000000059604645,C:\Users\kragh\OneDrive\Documents\HrudayCodingProjects\TribeV2WebAnalyzer\TribeV2\scout_data\horikawaCode\videos\1514.mp4
1515,amusement,0.4000000059604645,C:\Users\kragh\OneDrive\Documents\HrudayCodingProjects\TribeV2WebAnalyzer\TribeV2\scout_data\horikawaCode\videos\1515.mp4
1516,aesthetic_appreciation,0.4000000059604645,C:\Users\kragh\OneDrive\Documents\HrudayCodingProjects\TribeV2WebAnalyzer\TribeV2\scout_data\horikawaCode\videos\1516.mp4
1517,nostalgia,0.6000000238418579,C:\Users\kragh\OneDrive\Documents\HrudayCodingProjects\TribeV2WebAnalyzer\TribeV2\scout_data\horikawaCode\videos\1517.mp4
1518,awe,0.699999988079071,C:\Users\kragh\OneDrive\Documents\HrudayCodingProjects\TribeV2WebAnalyzer\TribeV2\scout_data\horikawaCode\videos\1518.mp4
1519,disgust,0.8999999761581421,C:\Users\kragh\OneDrive\Documents\HrudayCodingProjects\TribeV2WebAnalyzer\TribeV2\scout_data\horikawaCode\videos\1519.mp4
1520,amusement,0.4000000059604645,C:\Users\kragh\OneDrive\Documents\HrudayCodingProjects\TribeV2WebAnalyzer\TribeV2\scout_data\horikawaCode\videos\1520.mp4
1521,amusement,0.699999988079071,C:\Users\kragh\OneDrive\Documents\HrudayCodingProjects\TribeV2WebAnalyzer\TribeV2\scout_data\horikawaCode\videos\1521.mp4
1522,amusement,0.30000001192092896,C:\Users\kragh\OneDrive\Documents\HrudayCodingProjects\TribeV2WebAnalyzer\TribeV2\scout_data\horikawaCode\videos\1522.mp4
1523,amusement,0.4000000059604645,C:\Users\kragh\OneDrive\Documents\HrudayCodingProjects\TribeV2WebAnalyzer\TribeV2\scout_data\horikawaCode\videos\1523.mp4
1524,amusement,0.6000000238418579,C:\Users\kragh\OneDrive\Documents\HrudayCodingProjects\TribeV2WebAnalyzer\TribeV2\scout_data\horikawaCode\videos\1524.mp4
1525,amusement,0.4000000059604645,C:\Users\kragh\OneDrive\Documents\HrudayCodingProjects\TribeV2WebAnalyzer\TribeV2\scout_data\horikawaCode\videos\1525.mp4
1526,amusement,0.699999988079071,C:\Users\kragh\OneDrive\Documents\HrudayCodingProjects\TribeV2WebAnalyzer\TribeV2\scout_data\horikawaCode\videos\1526.mp4
1527,amusement,0.30000001192092896,C:\Users\kragh\OneDrive\Documents\HrudayCodingProjects\TribeV2WebAnalyzer\TribeV2\scout_data\horikawaCode\videos\1527.mp4
1528,amusement,0.4000000059604645,C:\Users\kragh\OneDrive\Documents\HrudayCodingProjects\TribeV2WebAnalyzer\TribeV2\scout_data\horikawaCode\videos\1528.mp4
1529,amusement,0.30000001192092896,C:\Users\kragh\OneDrive\Documents\HrudayCodingProjects\TribeV2WebAnalyzer\TribeV2\scout_data\horikawaCode\videos\1529.mp4
1530,nostalgia,0.6000000238418579,C:\Users\kragh\OneDrive\Documents\HrudayCodingProjects\TribeV2WebAnalyzer\TribeV2\scout_data\horikawaCode\videos\1530.mp4
1531,interest,0.4583300054073334,C:\Users\kragh\OneDrive\Documents\HrudayCodingProjects\TribeV2WebAnalyzer\TribeV2\scout_data\horikawaCode\videos\1531.mp4
1532,disgust,0.583329975605011,C:\Users\kragh\OneDrive\Documents\HrudayCodingProjects\TribeV2WebAnalyzer\TribeV2\scout_data\horikawaCode\videos\1532.mp4
1533,amusement,0.25,C:\Users\kragh\OneDrive\Documents\HrudayCodingProjects\TribeV2WebAnalyzer\TribeV2\scout_data\horikawaCode\videos\1533.mp4
1534,confusion,0.4166699945926666,C:\Users\kragh\OneDrive\Documents\HrudayCodingProjects\TribeV2WebAnalyzer\TribeV2\scout_data\horikawaCode\videos\1534.mp4
1535,entrancement,0.375,C:\Users\kragh\OneDrive\Documents\HrudayCodingProjects\TribeV2WebAnalyzer\TribeV2\scout_data\horikawaCode\videos\1535.mp4
1536,aesthetic_appreciation,0.5,C:\Users\kragh\OneDrive\Documents\HrudayCodingProjects\TribeV2WebAnalyzer\TribeV2\scout_data\horikawaCode\videos\1536.mp4
1537,excitement,0.583329975605011,C:\Users\kragh\OneDrive\Documents\HrudayCodingProjects\TribeV2WebAnalyzer\TribeV2\scout_data\horikawaCode\videos\1537.mp4
1538,amusement,0.4583300054073334,C:\Users\kragh\OneDrive\Documents\HrudayCodingProjects\TribeV2WebAnalyzer\TribeV2\scout_data\horikawaCode\videos\1538.mp4
1539,sexual_desire,0.916670024394989,C:\Users\kragh\OneDrive\Documents\HrudayCodingProjects\TribeV2WebAnalyzer\TribeV2\scout_data\horikawaCode\videos\1539.mp4
1540,amusement,0.666670024394989,C:\Users\kragh\OneDrive\Documents\HrudayCodingProjects\TribeV2WebAnalyzer\TribeV2\scout_data\horikawaCode\videos\1540.mp4
1541,disgust,0.5,C:\Users\kragh\OneDrive\Documents\HrudayCodingProjects\TribeV2WebAnalyzer\TribeV2\scout_data\horikawaCode\videos\1541.mp4
1542,romance,0.666670024394989,C:\Users\kragh\OneDrive\Documents\HrudayCodingProjects\TribeV2WebAnalyzer\TribeV2\scout_data\horikawaCode\videos\1542.mp4
1543,fear,0.4166699945926666,C:\Users\kragh\OneDrive\Documents\HrudayCodingProjects\TribeV2WebAnalyzer\TribeV2\scout_data\horikawaCode\videos\1543.mp4
1544,nostalgia,0.75,C:\Users\kragh\OneDrive\Documents\HrudayCodingProjects\TribeV2WebAnalyzer\TribeV2\scout_data\horikawaCode\videos\1544.mp4
1545,amusement,0.5,C:\Users\kragh\OneDrive\Documents\HrudayCodingProjects\TribeV2WebAnalyzer\TribeV2\scout_data\horikawaCode\videos\1545.mp4
1546,amusement,0.666670024394989,C:\Users\kragh\OneDrive\Documents\HrudayCodingProjects\TribeV2WebAnalyzer\TribeV2\scout_data\horikawaCode\videos\1546.mp4
1547,joy,0.4583300054073334,C:\Users\kragh\OneDrive\Documents\HrudayCodingProjects\TribeV2WebAnalyzer\TribeV2\scout_data\horikawaCode\videos\1547.mp4
1548,joy,0.5,C:\Users\kragh\OneDrive\Documents\HrudayCodingProjects\TribeV2WebAnalyzer\TribeV2\scout_data\horikawaCode\videos\1548.mp4
1549,interest,0.5,C:\Users\kragh\OneDrive\Documents\HrudayCodingProjects\TribeV2WebAnalyzer\TribeV2\scout_data\horikawaCode\videos\1549.mp4
1550,confusion,0.375,C:\Users\kragh\OneDrive\Documents\HrudayCodingProjects\TribeV2WebAnalyzer\TribeV2\scout_data\horikawaCode\videos\1550.mp4
1551,romance,0.75,C:\Users\kragh\OneDrive\Documents\HrudayCodingProjects\TribeV2WebAnalyzer\TribeV2\scout_data\horikawaCode\videos\1551.mp4
1552,interest,0.375,C:\Users\kragh\OneDrive\Documents\HrudayCodingProjects\TribeV2WebAnalyzer\TribeV2\scout_data\horikawaCode\videos\1552.mp4
1553,surprise,0.3333300054073334,C:\Users\kragh\OneDrive\Documents\HrudayCodingProjects\TribeV2WebAnalyzer\TribeV2\scout_data\horikawaCode\videos\1553.mp4
1554,aesthetic_appreciation,0.5,C:\Users\kragh\OneDrive\Documents\HrudayCodingProjects\TribeV2WebAnalyzer\TribeV2\scout_data\horikawaCode\videos\1554.mp4
1555,amusement,0.5,C:\Users\kragh\OneDrive\Documents\HrudayCodingProjects\TribeV2WebAnalyzer\TribeV2\scout_data\horikawaCode\videos\1555.mp4
1556,disgust,0.833329975605011,C:\Users\kragh\OneDrive\Documents\HrudayCodingProjects\TribeV2WebAnalyzer\TribeV2\scout_data\horikawaCode\videos\1556.mp4
1557,sexual_desire,0.4166699945926666,C:\Users\kragh\OneDrive\Documents\HrudayCodingProjects\TribeV2WebAnalyzer\TribeV2\scout_data\horikawaCode\videos\1557.mp4
1558,amusement,0.666670024394989,C:\Users\kragh\OneDrive\Documents\HrudayCodingProjects\TribeV2WebAnalyzer\TribeV2\scout_data\horikawaCode\videos\1558.mp4
1559,nostalgia,0.5,C:\Users\kragh\OneDrive\Documents\HrudayCodingProjects\TribeV2WebAnalyzer\TribeV2\scout_data\horikawaCode\videos\1559.mp4
1560,satisfaction,0.3333300054073334,C:\Users\kragh\OneDrive\Documents\HrudayCodingProjects\TribeV2WebAnalyzer\TribeV2\scout_data\horikawaCode\videos\1560.mp4
1561,sexual_desire,0.583329975605011,C:\Users\kragh\OneDrive\Documents\HrudayCodingProjects\TribeV2WebAnalyzer\TribeV2\scout_data\horikawaCode\videos\1561.mp4
1562,horror,0.5,C:\Users\kragh\OneDrive\Documents\HrudayCodingProjects\TribeV2WebAnalyzer\TribeV2\scout_data\horikawaCode\videos\1562.mp4
1563,amusement,0.583329975605011,C:\Users\kragh\OneDrive\Documents\HrudayCodingProjects\TribeV2WebAnalyzer\TribeV2\scout_data\horikawaCode\videos\1563.mp4
1564,amusement,0.833329975605011,C:\Users\kragh\OneDrive\Documents\HrudayCodingProjects\TribeV2WebAnalyzer\TribeV2\scout_data\horikawaCode\videos\1564.mp4
1565,amusement,0.5,C:\Users\kragh\OneDrive\Documents\HrudayCodingProjects\TribeV2WebAnalyzer\TribeV2\scout_data\horikawaCode\videos\1565.mp4
1566,aesthetic_appreciation,0.4166699945926666,C:\Users\kragh\OneDrive\Documents\HrudayCodingProjects\TribeV2WebAnalyzer\TribeV2\scout_data\horikawaCode\videos\1566.mp4
1567,awkwardness,0.75,C:\Users\kragh\OneDrive\Documents\HrudayCodingProjects\TribeV2WebAnalyzer\TribeV2\scout_data\horikawaCode\videos\1567.mp4
1568,triumph,0.3333300054073334,C:\Users\kragh\OneDrive\Documents\HrudayCodingProjects\TribeV2WebAnalyzer\TribeV2\scout_data\horikawaCode\videos\1568.mp4
1569,joy,0.4583300054073334,C:\Users\kragh\OneDrive\Documents\HrudayCodingProjects\TribeV2WebAnalyzer\TribeV2\scout_data\horikawaCode\videos\1569.mp4
1570,excitement,0.3333300054073334,C:\Users\kragh\OneDrive\Documents\HrudayCodingProjects\TribeV2WebAnalyzer\TribeV2\scout_data\horikawaCode\videos\1570.mp4
1571,interest,0.4166699945926666,C:\Users\kragh\OneDrive\Documents\HrudayCodingProjects\TribeV2WebAnalyzer\TribeV2\scout_data\horikawaCode\videos\1571.mp4
1572,awe,0.5,C:\Users\kragh\OneDrive\Documents\HrudayCodingProjects\TribeV2WebAnalyzer\TribeV2\scout_data\horikawaCode\videos\1572.mp4
1573,aesthetic_appreciation,0.625,C:\Users\kragh\OneDrive\Documents\HrudayCodingProjects\TribeV2WebAnalyzer\TribeV2\scout_data\horikawaCode\videos\1573.mp4
1574,nostalgia,0.4166699945926666,C:\Users\kragh\OneDrive\Documents\HrudayCodingProjects\TribeV2WebAnalyzer\TribeV2\scout_data\horikawaCode\videos\1574.mp4
1575,aesthetic_appreciation,0.4166699945926666,C:\Users\kragh\OneDrive\Documents\HrudayCodingProjects\TribeV2WebAnalyzer\TribeV2\scout_data\horikawaCode\videos\1575.mp4
1576,disgust,0.5,C:\Users\kragh\OneDrive\Documents\HrudayCodingProjects\TribeV2WebAnalyzer\TribeV2\scout_data\horikawaCode\videos\1576.mp4
1577,amusement,0.20833000540733337,C:\Users\kragh\OneDrive\Documents\HrudayCodingProjects\TribeV2WebAnalyzer\TribeV2\scout_data\horikawaCode\videos\1577.mp4
1578,amusement,0.666670024394989,C:\Users\kragh\OneDrive\Documents\HrudayCodingProjects\TribeV2WebAnalyzer\TribeV2\scout_data\horikawaCode\videos\1578.mp4
1579,amusement,0.4166699945926666,C:\Users\kragh\OneDrive\Documents\HrudayCodingProjects\TribeV2WebAnalyzer\TribeV2\scout_data\horikawaCode\videos\1579.mp4
1580,amusement,0.666670024394989,C:\Users\kragh\OneDrive\Documents\HrudayCodingProjects\TribeV2WebAnalyzer\TribeV2\scout_data\horikawaCode\videos\1580.mp4
1581,sexual_desire,0.5,C:\Users\kragh\OneDrive\Documents\HrudayCodingProjects\TribeV2WebAnalyzer\TribeV2\scout_data\horikawaCode\videos\1581.mp4
1582,amusement,0.3333300054073334,C:\Users\kragh\OneDrive\Documents\HrudayCodingProjects\TribeV2WebAnalyzer\TribeV2\scout_data\horikawaCode\videos\1582.mp4
1583,awe,0.3333300054073334,C:\Users\kragh\OneDrive\Documents\HrudayCodingProjects\TribeV2WebAnalyzer\TribeV2\scout_data\horikawaCode\videos\1583.mp4
1584,triumph,0.5,C:\Users\kragh\OneDrive\Documents\HrudayCodingProjects\TribeV2WebAnalyzer\TribeV2\scout_data\horikawaCode\videos\1584.mp4
1585,empathic_pain,0.4166699945926666,C:\Users\kragh\OneDrive\Documents\HrudayCodingProjects\TribeV2WebAnalyzer\TribeV2\scout_data\horikawaCode\videos\1585.mp4
1586,joy,0.4166699945926666,C:\Users\kragh\OneDrive\Documents\HrudayCodingProjects\TribeV2WebAnalyzer\TribeV2\scout_data\horikawaCode\videos\1586.mp4
1587,sadness,0.75,C:\Users\kragh\OneDrive\Documents\HrudayCodingProjects\TribeV2WebAnalyzer\TribeV2\scout_data\horikawaCode\videos\1587.mp4
1588,aesthetic_appreciation,0.5,C:\Users\kragh\OneDrive\Documents\HrudayCodingProjects\TribeV2WebAnalyzer\TribeV2\scout_data\horikawaCode\videos\1588.mp4
1589,disgust,0.583329975605011,C:\Users\kragh\OneDrive\Documents\HrudayCodingProjects\TribeV2WebAnalyzer\TribeV2\scout_data\horikawaCode\videos\1589.mp4
1590,fear,0.583329975605011,C:\Users\kragh\OneDrive\Documents\HrudayCodingProjects\TribeV2WebAnalyzer\TribeV2\scout_data\horikawaCode\videos\1590.mp4
1591,sadness,0.625,C:\Users\kragh\OneDrive\Documents\HrudayCodingProjects\TribeV2WebAnalyzer\TribeV2\scout_data\horikawaCode\videos\1591.mp4
1592,aesthetic_appreciation,0.666670024394989,C:\Users\kragh\OneDrive\Documents\HrudayCodingProjects\TribeV2WebAnalyzer\TribeV2\scout_data\horikawaCode\videos\1592.mp4
1593,amusement,0.4166699945926666,C:\Users\kragh\OneDrive\Documents\HrudayCodingProjects\TribeV2WebAnalyzer\TribeV2\scout_data\horikawaCode\videos\1593.mp4
1594,romance,0.541670024394989,C:\Users\kragh\OneDrive\Documents\HrudayCodingProjects\TribeV2WebAnalyzer\TribeV2\scout_data\horikawaCode\videos\1594.mp4
1595,amusement,0.666670024394989,C:\Users\kragh\OneDrive\Documents\HrudayCodingProjects\TribeV2WebAnalyzer\TribeV2\scout_data\horikawaCode\videos\1595.mp4
1596,disgust,0.583329975605011,C:\Users\kragh\OneDrive\Documents\HrudayCodingProjects\TribeV2WebAnalyzer\TribeV2\scout_data\horikawaCode\videos\1596.mp4
1597,amusement,0.666670024394989,C:\Users\kragh\OneDrive\Documents\HrudayCodingProjects\TribeV2WebAnalyzer\TribeV2\scout_data\horikawaCode\videos\1597.mp4
1598,disgust,0.916670024394989,C:\Users\kragh\OneDrive\Documents\HrudayCodingProjects\TribeV2WebAnalyzer\TribeV2\scout_data\horikawaCode\videos\1598.mp4
1599,fear,0.666670024394989,C:\Users\kragh\OneDrive\Documents\HrudayCodingProjects\TribeV2WebAnalyzer\TribeV2\scout_data\horikawaCode\videos\1599.mp4
1600,amusement,0.4166699945926666,C:\Users\kragh\OneDrive\Documents\HrudayCodingProjects\TribeV2WebAnalyzer\TribeV2\scout_data\horikawaCode\videos\1600.mp4
1601,horror,0.666670024394989,C:\Users\kragh\OneDrive\Documents\HrudayCodingProjects\TribeV2WebAnalyzer\TribeV2\scout_data\horikawaCode\videos\1601.mp4
1602,nostalgia,0.25,C:\Users\kragh\OneDrive\Documents\HrudayCodingProjects\TribeV2WebAnalyzer\TribeV2\scout_data\horikawaCode\videos\1602.mp4
1603,nostalgia,0.4166699945926666,C:\Users\kragh\OneDrive\Documents\HrudayCodingProjects\TribeV2WebAnalyzer\TribeV2\scout_data\horikawaCode\videos\1603.mp4
1604,boredom,0.3333300054073334,C:\Users\kragh\OneDrive\Documents\HrudayCodingProjects\TribeV2WebAnalyzer\TribeV2\scout_data\horikawaCode\videos\1604.mp4
1605,horror,0.666670024394989,C:\Users\kragh\OneDrive\Documents\HrudayCodingProjects\TribeV2WebAnalyzer\TribeV2\scout_data\horikawaCode\videos\1605.mp4
1606,amusement,0.833329975605011,C:\Users\kragh\OneDrive\Documents\HrudayCodingProjects\TribeV2WebAnalyzer\TribeV2\scout_data\horikawaCode\videos\1606.mp4
1607,interest,0.25,C:\Users\kragh\OneDrive\Documents\HrudayCodingProjects\TribeV2WebAnalyzer\TribeV2\scout_data\horikawaCode\videos\1607.mp4
1608,aesthetic_appreciation,0.75,C:\Users\kragh\OneDrive\Documents\HrudayCodingProjects\TribeV2WebAnalyzer\TribeV2\scout_data\horikawaCode\videos\1608.mp4
1609,interest,0.5,C:\Users\kragh\OneDrive\Documents\HrudayCodingProjects\TribeV2WebAnalyzer\TribeV2\scout_data\horikawaCode\videos\1609.mp4
1610,sexual_desire,1.0,C:\Users\kragh\OneDrive\Documents\HrudayCodingProjects\TribeV2WebAnalyzer\TribeV2\scout_data\horikawaCode\videos\1610.mp4
1611,amusement,0.5,C:\Users\kragh\OneDrive\Documents\HrudayCodingProjects\TribeV2WebAnalyzer\TribeV2\scout_data\horikawaCode\videos\1611.mp4
1612,awe,0.3333300054073334,C:\Users\kragh\OneDrive\Documents\HrudayCodingProjects\TribeV2WebAnalyzer\TribeV2\scout_data\horikawaCode\videos\1612.mp4
1613,empathic_pain,0.4583300054073334,C:\Users\kragh\OneDrive\Documents\HrudayCodingProjects\TribeV2WebAnalyzer\TribeV2\scout_data\horikawaCode\videos\1613.mp4
1614,nostalgia,0.5,C:\Users\kragh\OneDrive\Documents\HrudayCodingProjects\TribeV2WebAnalyzer\TribeV2\scout_data\horikawaCode\videos\1614.mp4
1615,fear,0.666670024394989,C:\Users\kragh\OneDrive\Documents\HrudayCodingProjects\TribeV2WebAnalyzer\TribeV2\scout_data\horikawaCode\videos\1615.mp4
1616,aesthetic_appreciation,0.666670024394989,C:\Users\kragh\OneDrive\Documents\HrudayCodingProjects\TribeV2WebAnalyzer\TribeV2\scout_data\horikawaCode\videos\1616.mp4
1617,sexual_desire,0.75,C:\Users\kragh\OneDrive\Documents\HrudayCodingProjects\TribeV2WebAnalyzer\TribeV2\scout_data\horikawaCode\videos\1617.mp4
1618,confusion,0.4166699945926666,C:\Users\kragh\OneDrive\Documents\HrudayCodingProjects\TribeV2WebAnalyzer\TribeV2\scout_data\horikawaCode\videos\1618.mp4
1619,interest,0.583329975605011,C:\Users\kragh\OneDrive\Documents\HrudayCodingProjects\TribeV2WebAnalyzer\TribeV2\scout_data\horikawaCode\videos\1619.mp4
1620,aesthetic_appreciation,0.75,C:\Users\kragh\OneDrive\Documents\HrudayCodingProjects\TribeV2WebAnalyzer\TribeV2\scout_data\horikawaCode\videos\1620.mp4
1621,sympathy,0.3333300054073334,C:\Users\kragh\OneDrive\Documents\HrudayCodingProjects\TribeV2WebAnalyzer\TribeV2\scout_data\horikawaCode\videos\1621.mp4
1622,romance,0.75,C:\Users\kragh\OneDrive\Documents\HrudayCodingProjects\TribeV2WebAnalyzer\TribeV2\scout_data\horikawaCode\videos\1622.mp4
1623,sadness,0.4166699945926666,C:\Users\kragh\OneDrive\Documents\HrudayCodingProjects\TribeV2WebAnalyzer\TribeV2\scout_data\horikawaCode\videos\1623.mp4
1624,interest,0.583329975605011,C:\Users\kragh\OneDrive\Documents\HrudayCodingProjects\TribeV2WebAnalyzer\TribeV2\scout_data\horikawaCode\videos\1624.mp4
1625,amusement,0.583329975605011,C:\Users\kragh\OneDrive\Documents\HrudayCodingProjects\TribeV2WebAnalyzer\TribeV2\scout_data\horikawaCode\videos\1625.mp4
1626,romance,0.5,C:\Users\kragh\OneDrive\Documents\HrudayCodingProjects\TribeV2WebAnalyzer\TribeV2\scout_data\horikawaCode\videos\1626.mp4
1627,disgust,0.583329975605011,C:\Users\kragh\OneDrive\Documents\HrudayCodingProjects\TribeV2WebAnalyzer\TribeV2\scout_data\horikawaCode\videos\1627.mp4
1628,adoration,0.5,C:\Users\kragh\OneDrive\Documents\HrudayCodingProjects\TribeV2WebAnalyzer\TribeV2\scout_data\horikawaCode\videos\1628.mp4
1629,anxiety,0.75,C:\Users\kragh\OneDrive\Documents\HrudayCodingProjects\TribeV2WebAnalyzer\TribeV2\scout_data\horikawaCode\videos\1629.mp4
1630,disgust,0.75,C:\Users\kragh\OneDrive\Documents\HrudayCodingProjects\TribeV2WebAnalyzer\TribeV2\scout_data\horikawaCode\videos\1630.mp4
1631,amusement,0.75,C:\Users\kragh\OneDrive\Documents\HrudayCodingProjects\TribeV2WebAnalyzer\TribeV2\scout_data\horikawaCode\videos\1631.mp4
1632,sympathy,0.5,C:\Users\kragh\OneDrive\Documents\HrudayCodingProjects\TribeV2WebAnalyzer\TribeV2\scout_data\horikawaCode\videos\1632.mp4
1633,interest,0.583329975605011,C:\Users\kragh\OneDrive\Documents\HrudayCodingProjects\TribeV2WebAnalyzer\TribeV2\scout_data\horikawaCode\videos\1633.mp4
1634,sexual_desire,0.666670024394989,C:\Users\kragh\OneDrive\Documents\HrudayCodingProjects\TribeV2WebAnalyzer\TribeV2\scout_data\horikawaCode\videos\1634.mp4
1635,amusement,0.5,C:\Users\kragh\OneDrive\Documents\HrudayCodingProjects\TribeV2WebAnalyzer\TribeV2\scout_data\horikawaCode\videos\1635.mp4
1636,surprise,0.5,C:\Users\kragh\OneDrive\Documents\HrudayCodingProjects\TribeV2WebAnalyzer\TribeV2\scout_data\horikawaCode\videos\1636.mp4
1637,awe,0.5,C:\Users\kragh\OneDrive\Documents\HrudayCodingProjects\TribeV2WebAnalyzer\TribeV2\scout_data\horikawaCode\videos\1637.mp4
1638,interest,0.5,C:\Users\kragh\OneDrive\Documents\HrudayCodingProjects\TribeV2WebAnalyzer\TribeV2\scout_data\horikawaCode\videos\1638.mp4
1639,admiration,0.25,C:\Users\kragh\OneDrive\Documents\HrudayCodingProjects\TribeV2WebAnalyzer\TribeV2\scout_data\horikawaCode\videos\1639.mp4
1640,sexual_desire,0.833329975605011,C:\Users\kragh\OneDrive\Documents\HrudayCodingProjects\TribeV2WebAnalyzer\TribeV2\scout_data\horikawaCode\videos\1640.mp4
1641,interest,0.583329975605011,C:\Users\kragh\OneDrive\Documents\HrudayCodingProjects\TribeV2WebAnalyzer\TribeV2\scout_data\horikawaCode\videos\1641.mp4
1642,excitement,0.4166699945926666,C:\Users\kragh\OneDrive\Documents\HrudayCodingProjects\TribeV2WebAnalyzer\TribeV2\scout_data\horikawaCode\videos\1642.mp4
1643,amusement,0.3333300054073334,C:\Users\kragh\OneDrive\Documents\HrudayCodingProjects\TribeV2WebAnalyzer\TribeV2\scout_data\horikawaCode\videos\1643.mp4
1644,anxiety,0.5,C:\Users\kragh\OneDrive\Documents\HrudayCodingProjects\TribeV2WebAnalyzer\TribeV2\scout_data\horikawaCode\videos\1644.mp4
1645,sexual_desire,0.916670024394989,C:\Users\kragh\OneDrive\Documents\HrudayCodingProjects\TribeV2WebAnalyzer\TribeV2\scout_data\horikawaCode\videos\1645.mp4
1646,amusement,0.5,C:\Users\kragh\OneDrive\Documents\HrudayCodingProjects\TribeV2WebAnalyzer\TribeV2\scout_data\horikawaCode\videos\1646.mp4
1647,amusement,0.833329975605011,C:\Users\kragh\OneDrive\Documents\HrudayCodingProjects\TribeV2WebAnalyzer\TribeV2\scout_data\horikawaCode\videos\1647.mp4
1648,boredom,0.16666999459266663,C:\Users\kragh\OneDrive\Documents\HrudayCodingProjects\TribeV2WebAnalyzer\TribeV2\scout_data\horikawaCode\videos\1648.mp4
1649,amusement,0.25,C:\Users\kragh\OneDrive\Documents\HrudayCodingProjects\TribeV2WebAnalyzer\TribeV2\scout_data\horikawaCode\videos\1649.mp4
1650,horror,0.75,C:\Users\kragh\OneDrive\Documents\HrudayCodingProjects\TribeV2WebAnalyzer\TribeV2\scout_data\horikawaCode\videos\1650.mp4
1651,aesthetic_appreciation,0.4166699945926666,C:\Users\kragh\OneDrive\Documents\HrudayCodingProjects\TribeV2WebAnalyzer\TribeV2\scout_data\horikawaCode\videos\1651.mp4
1652,anxiety,0.4166699945926666,C:\Users\kragh\OneDrive\Documents\HrudayCodingProjects\TribeV2WebAnalyzer\TribeV2\scout_data\horikawaCode\videos\1652.mp4
1653,amusement,0.583329975605011,C:\Users\kragh\OneDrive\Documents\HrudayCodingProjects\TribeV2WebAnalyzer\TribeV2\scout_data\horikawaCode\videos\1653.mp4
1654,anxiety,0.583329975605011,C:\Users\kragh\OneDrive\Documents\HrudayCodingProjects\TribeV2WebAnalyzer\TribeV2\scout_data\horikawaCode\videos\1654.mp4
1655,disgust,0.833329975605011,C:\Users\kragh\OneDrive\Documents\HrudayCodingProjects\TribeV2WebAnalyzer\TribeV2\scout_data\horikawaCode\videos\1655.mp4
1656,interest,0.583329975605011,C:\Users\kragh\OneDrive\Documents\HrudayCodingProjects\TribeV2WebAnalyzer\TribeV2\scout_data\horikawaCode\videos\1656.mp4
1657,anxiety,0.666670024394989,C:\Users\kragh\OneDrive\Documents\HrudayCodingProjects\TribeV2WebAnalyzer\TribeV2\scout_data\horikawaCode\videos\1657.mp4
1658,romance,0.666670024394989,C:\Users\kragh\OneDrive\Documents\HrudayCodingProjects\TribeV2WebAnalyzer\TribeV2\scout_data\horikawaCode\videos\1658.mp4
1659,aesthetic_appreciation,0.25,C:\Users\kragh\OneDrive\Documents\HrudayCodingProjects\TribeV2WebAnalyzer\TribeV2\scout_data\horikawaCode\videos\1659.mp4
1660,adoration,0.583329975605011,C:\Users\kragh\OneDrive\Documents\HrudayCodingProjects\TribeV2WebAnalyzer\TribeV2\scout_data\horikawaCode\videos\1660.mp4
1661,amusement,0.583329975605011,C:\Users\kragh\OneDrive\Documents\HrudayCodingProjects\TribeV2WebAnalyzer\TribeV2\scout_data\horikawaCode\videos\1661.mp4
1662,interest,0.3333300054073334,C:\Users\kragh\OneDrive\Documents\HrudayCodingProjects\TribeV2WebAnalyzer\TribeV2\scout_data\horikawaCode\videos\1662.mp4
1663,anxiety,0.25,C:\Users\kragh\OneDrive\Documents\HrudayCodingProjects\TribeV2WebAnalyzer\TribeV2\scout_data\horikawaCode\videos\1663.mp4
1664,interest,0.583329975605011,C:\Users\kragh\OneDrive\Documents\HrudayCodingProjects\TribeV2WebAnalyzer\TribeV2\scout_data\horikawaCode\videos\1664.mp4
1665,amusement,0.4166699945926666,C:\Users\kragh\OneDrive\Documents\HrudayCodingProjects\TribeV2WebAnalyzer\TribeV2\scout_data\horikawaCode\videos\1665.mp4
1666,adoration,0.583329975605011,C:\Users\kragh\OneDrive\Documents\HrudayCodingProjects\TribeV2WebAnalyzer\TribeV2\scout_data\horikawaCode\videos\1666.mp4
1667,adoration,0.583329975605011,C:\Users\kragh\OneDrive\Documents\HrudayCodingProjects\TribeV2WebAnalyzer\TribeV2\scout_data\horikawaCode\videos\1667.mp4
1668,entrancement,0.4166699945926666,C:\Users\kragh\OneDrive\Documents\HrudayCodingProjects\TribeV2WebAnalyzer\TribeV2\scout_data\horikawaCode\videos\1668.mp4
1669,amusement,0.5,C:\Users\kragh\OneDrive\Documents\HrudayCodingProjects\TribeV2WebAnalyzer\TribeV2\scout_data\horikawaCode\videos\1669.mp4
1670,amusement,0.583329975605011,C:\Users\kragh\OneDrive\Documents\HrudayCodingProjects\TribeV2WebAnalyzer\TribeV2\scout_data\horikawaCode\videos\1670.mp4
1671,satisfaction,0.3333300054073334,C:\Users\kragh\OneDrive\Documents\HrudayCodingProjects\TribeV2WebAnalyzer\TribeV2\scout_data\horikawaCode\videos\1671.mp4
1672,amusement,0.3333300054073334,C:\Users\kragh\OneDrive\Documents\HrudayCodingProjects\TribeV2WebAnalyzer\TribeV2\scout_data\horikawaCode\videos\1672.mp4
1673,awe,0.3333300054073334,C:\Users\kragh\OneDrive\Documents\HrudayCodingProjects\TribeV2WebAnalyzer\TribeV2\scout_data\horikawaCode\videos\1673.mp4
1674,sadness,0.25,C:\Users\kragh\OneDrive\Documents\HrudayCodingProjects\TribeV2WebAnalyzer\TribeV2\scout_data\horikawaCode\videos\1674.mp4
1675,disgust,0.4166699945926666,C:\Users\kragh\OneDrive\Documents\HrudayCodingProjects\TribeV2WebAnalyzer\TribeV2\scout_data\horikawaCode\videos\1675.mp4
1676,amusement,0.5,C:\Users\kragh\OneDrive\Documents\HrudayCodingProjects\TribeV2WebAnalyzer\TribeV2\scout_data\horikawaCode\videos\1676.mp4
1677,amusement,0.3333300054073334,C:\Users\kragh\OneDrive\Documents\HrudayCodingProjects\TribeV2WebAnalyzer\TribeV2\scout_data\horikawaCode\videos\1677.mp4
1678,aesthetic_appreciation,0.4166699945926666,C:\Users\kragh\OneDrive\Documents\HrudayCodingProjects\TribeV2WebAnalyzer\TribeV2\scout_data\horikawaCode\videos\1678.mp4
1679,anxiety,0.583329975605011,C:\Users\kragh\OneDrive\Documents\HrudayCodingProjects\TribeV2WebAnalyzer\TribeV2\scout_data\horikawaCode\videos\1679.mp4
1680,aesthetic_appreciation,0.666670024394989,C:\Users\kragh\OneDrive\Documents\HrudayCodingProjects\TribeV2WebAnalyzer\TribeV2\scout_data\horikawaCode\videos\1680.mp4
1681,interest,0.54544997215271,C:\Users\kragh\OneDrive\Documents\HrudayCodingProjects\TribeV2WebAnalyzer\TribeV2\scout_data\horikawaCode\videos\1681.mp4
1682,interest,0.6363599896430969,C:\Users\kragh\OneDrive\Documents\HrudayCodingProjects\TribeV2WebAnalyzer\TribeV2\scout_data\horikawaCode\videos\1682.mp4
1683,adoration,0.6363599896430969,C:\Users\kragh\OneDrive\Documents\HrudayCodingProjects\TribeV2WebAnalyzer\TribeV2\scout_data\horikawaCode\videos\1683.mp4
1684,sexual_desire,0.909089982509613,C:\Users\kragh\OneDrive\Documents\HrudayCodingProjects\TribeV2WebAnalyzer\TribeV2\scout_data\horikawaCode\videos\1684.mp4
1685,disgust,1.0,C:\Users\kragh\OneDrive\Documents\HrudayCodingProjects\TribeV2WebAnalyzer\TribeV2\scout_data\horikawaCode\videos\1685.mp4
1686,entrancement,0.54544997215271,C:\Users\kragh\OneDrive\Documents\HrudayCodingProjects\TribeV2WebAnalyzer\TribeV2\scout_data\horikawaCode\videos\1686.mp4
1687,satisfaction,0.3636400103569031,C:\Users\kragh\OneDrive\Documents\HrudayCodingProjects\TribeV2WebAnalyzer\TribeV2\scout_data\horikawaCode\videos\1687.mp4
1688,aesthetic_appreciation,0.7272700071334839,C:\Users\kragh\OneDrive\Documents\HrudayCodingProjects\TribeV2WebAnalyzer\TribeV2\scout_data\horikawaCode\videos\1688.mp4
1689,awe,0.54544997215271,C:\Users\kragh\OneDrive\Documents\HrudayCodingProjects\TribeV2WebAnalyzer\TribeV2\scout_data\horikawaCode\videos\1689.mp4
1690,relief,0.54544997215271,C:\Users\kragh\OneDrive\Documents\HrudayCodingProjects\TribeV2WebAnalyzer\TribeV2\scout_data\horikawaCode\videos\1690.mp4
1691,disgust,0.8181800246238708,C:\Users\kragh\OneDrive\Documents\HrudayCodingProjects\TribeV2WebAnalyzer\TribeV2\scout_data\horikawaCode\videos\1691.mp4
1692,adoration,0.6363599896430969,C:\Users\kragh\OneDrive\Documents\HrudayCodingProjects\TribeV2WebAnalyzer\TribeV2\scout_data\horikawaCode\videos\1692.mp4
1693,nostalgia,0.6363599896430969,C:\Users\kragh\OneDrive\Documents\HrudayCodingProjects\TribeV2WebAnalyzer\TribeV2\scout_data\horikawaCode\videos\1693.mp4
1694,aesthetic_appreciation,0.3636400103569031,C:\Users\kragh\OneDrive\Documents\HrudayCodingProjects\TribeV2WebAnalyzer\TribeV2\scout_data\horikawaCode\videos\1694.mp4
1695,confusion,0.45454999804496765,C:\Users\kragh\OneDrive\Documents\HrudayCodingProjects\TribeV2WebAnalyzer\TribeV2\scout_data\horikawaCode\videos\1695.mp4
1696,amusement,0.8181800246238708,C:\Users\kragh\OneDrive\Documents\HrudayCodingProjects\TribeV2WebAnalyzer\TribeV2\scout_data\horikawaCode\videos\1696.mp4
1697,amusement,0.8636400103569031,C:\Users\kragh\OneDrive\Documents\HrudayCodingProjects\TribeV2WebAnalyzer\TribeV2\scout_data\horikawaCode\videos\1697.mp4
1698,amusement,0.6363599896430969,C:\Users\kragh\OneDrive\Documents\HrudayCodingProjects\TribeV2WebAnalyzer\TribeV2\scout_data\horikawaCode\videos\1698.mp4
1699,amusement,0.7727299928665161,C:\Users\kragh\OneDrive\Documents\HrudayCodingProjects\TribeV2WebAnalyzer\TribeV2\scout_data\horikawaCode\videos\1699.mp4
1700,interest,0.5,C:\Users\kragh\OneDrive\Documents\HrudayCodingProjects\TribeV2WebAnalyzer\TribeV2\scout_data\horikawaCode\videos\1700.mp4
1701,anxiety,0.7272700071334839,C:\Users\kragh\OneDrive\Documents\HrudayCodingProjects\TribeV2WebAnalyzer\TribeV2\scout_data\horikawaCode\videos\1701.mp4
1702,anxiety,0.45454999804496765,C:\Users\kragh\OneDrive\Documents\HrudayCodingProjects\TribeV2WebAnalyzer\TribeV2\scout_data\horikawaCode\videos\1702.mp4
1703,disgust,0.7727299928665161,C:\Users\kragh\OneDrive\Documents\HrudayCodingProjects\TribeV2WebAnalyzer\TribeV2\scout_data\horikawaCode\videos\1703.mp4
1704,amusement,0.3636400103569031,C:\Users\kragh\OneDrive\Documents\HrudayCodingProjects\TribeV2WebAnalyzer\TribeV2\scout_data\horikawaCode\videos\1704.mp4
1705,horror,0.909089982509613,C:\Users\kragh\OneDrive\Documents\HrudayCodingProjects\TribeV2WebAnalyzer\TribeV2\scout_data\horikawaCode\videos\1705.mp4
1706,disgust,0.8181800246238708,C:\Users\kragh\OneDrive\Documents\HrudayCodingProjects\TribeV2WebAnalyzer\TribeV2\scout_data\horikawaCode\videos\1706.mp4
1707,amusement,0.45454999804496765,C:\Users\kragh\OneDrive\Documents\HrudayCodingProjects\TribeV2WebAnalyzer\TribeV2\scout_data\horikawaCode\videos\1707.mp4
1708,aesthetic_appreciation,0.8181800246238708,C:\Users\kragh\OneDrive\Documents\HrudayCodingProjects\TribeV2WebAnalyzer\TribeV2\scout_data\horikawaCode\videos\1708.mp4
1709,amusement,0.45454999804496765,C:\Users\kragh\OneDrive\Documents\HrudayCodingProjects\TribeV2WebAnalyzer\TribeV2\scout_data\horikawaCode\videos\1709.mp4
1710,amusement,0.8181800246238708,C:\Users\kragh\OneDrive\Documents\HrudayCodingProjects\TribeV2WebAnalyzer\TribeV2\scout_data\horikawaCode\videos\1710.mp4
1711,craving,0.29412001371383667,C:\Users\kragh\OneDrive\Documents\HrudayCodingProjects\TribeV2WebAnalyzer\TribeV2\scout_data\horikawaCode\videos\1711.mp4
1712,joy,0.647059977054596,C:\Users\kragh\OneDrive\Documents\HrudayCodingProjects\TribeV2WebAnalyzer\TribeV2\scout_data\horikawaCode\videos\1712.mp4
1713,nostalgia,0.647059977054596,C:\Users\kragh\OneDrive\Documents\HrudayCodingProjects\TribeV2WebAnalyzer\TribeV2\scout_data\horikawaCode\videos\1713.mp4
1714,awe,0.4705899953842163,C:\Users\kragh\OneDrive\Documents\HrudayCodingProjects\TribeV2WebAnalyzer\TribeV2\scout_data\horikawaCode\videos\1714.mp4
1715,awe,0.5294100046157837,C:\Users\kragh\OneDrive\Documents\HrudayCodingProjects\TribeV2WebAnalyzer\TribeV2\scout_data\horikawaCode\videos\1715.mp4
1716,calmness,0.647059977054596,C:\Users\kragh\OneDrive\Documents\HrudayCodingProjects\TribeV2WebAnalyzer\TribeV2\scout_data\horikawaCode\videos\1716.mp4
1717,triumph,0.41176000237464905,C:\Users\kragh\OneDrive\Documents\HrudayCodingProjects\TribeV2WebAnalyzer\TribeV2\scout_data\horikawaCode\videos\1717.mp4
1718,triumph,0.5294100046157837,C:\Users\kragh\OneDrive\Documents\HrudayCodingProjects\TribeV2WebAnalyzer\TribeV2\scout_data\horikawaCode\videos\1718.mp4
1719,nostalgia,0.4705899953842163,C:\Users\kragh\OneDrive\Documents\HrudayCodingProjects\TribeV2WebAnalyzer\TribeV2\scout_data\horikawaCode\videos\1719.mp4
1720,surprise,0.29412001371383667,C:\Users\kragh\OneDrive\Documents\HrudayCodingProjects\TribeV2WebAnalyzer\TribeV2\scout_data\horikawaCode\videos\1720.mp4
1721,amusement,0.5882400274276733,C:\Users\kragh\OneDrive\Documents\HrudayCodingProjects\TribeV2WebAnalyzer\TribeV2\scout_data\horikawaCode\videos\1721.mp4
1722,entrancement,0.29412001371383667,C:\Users\kragh\OneDrive\Documents\HrudayCodingProjects\TribeV2WebAnalyzer\TribeV2\scout_data\horikawaCode\videos\1722.mp4
1723,amusement,0.7058799862861633,C:\Users\kragh\OneDrive\Documents\HrudayCodingProjects\TribeV2WebAnalyzer\TribeV2\scout_data\horikawaCode\videos\1723.mp4
1724,disgust,0.41176000237464905,C:\Users\kragh\OneDrive\Documents\HrudayCodingProjects\TribeV2WebAnalyzer\TribeV2\scout_data\horikawaCode\videos\1724.mp4
1725,sadness,0.29412001371383667,C:\Users\kragh\OneDrive\Documents\HrudayCodingProjects\TribeV2WebAnalyzer\TribeV2\scout_data\horikawaCode\videos\1725.mp4
1726,fear,0.5882400274276733,C:\Users\kragh\OneDrive\Documents\HrudayCodingProjects\TribeV2WebAnalyzer\TribeV2\scout_data\horikawaCode\videos\1726.mp4
1727,amusement,0.5294100046157837,C:\Users\kragh\OneDrive\Documents\HrudayCodingProjects\TribeV2WebAnalyzer\TribeV2\scout_data\horikawaCode\videos\1727.mp4
1728,sexual_desire,0.5294100046157837,C:\Users\kragh\OneDrive\Documents\HrudayCodingProjects\TribeV2WebAnalyzer\TribeV2\scout_data\horikawaCode\videos\1728.mp4
1729,amusement,0.35293999314308167,C:\Users\kragh\OneDrive\Documents\HrudayCodingProjects\TribeV2WebAnalyzer\TribeV2\scout_data\horikawaCode\videos\1729.mp4
1730,sympathy,0.23529000580310822,C:\Users\kragh\OneDrive\Documents\HrudayCodingProjects\TribeV2WebAnalyzer\TribeV2\scout_data\horikawaCode\videos\1730.mp4
1731,nostalgia,0.35293999314308167,C:\Users\kragh\OneDrive\Documents\HrudayCodingProjects\TribeV2WebAnalyzer\TribeV2\scout_data\horikawaCode\videos\1731.mp4
1732,awe,0.41176000237464905,C:\Users\kragh\OneDrive\Documents\HrudayCodingProjects\TribeV2WebAnalyzer\TribeV2\scout_data\horikawaCode\videos\1732.mp4
1733,romance,0.647059977054596,C:\Users\kragh\OneDrive\Documents\HrudayCodingProjects\TribeV2WebAnalyzer\TribeV2\scout_data\horikawaCode\videos\1733.mp4
1734,aesthetic_appreciation,0.29412001371383667,C:\Users\kragh\OneDrive\Documents\HrudayCodingProjects\TribeV2WebAnalyzer\TribeV2\scout_data\horikawaCode\videos\1734.mp4
1735,aesthetic_appreciation,0.35293999314308167,C:\Users\kragh\OneDrive\Documents\HrudayCodingProjects\TribeV2WebAnalyzer\TribeV2\scout_data\horikawaCode\videos\1735.mp4
1736,fear,0.29412001371383667,C:\Users\kragh\OneDrive\Documents\HrudayCodingProjects\TribeV2WebAnalyzer\TribeV2\scout_data\horikawaCode\videos\1736.mp4
1737,anxiety,0.41176000237464905,C:\Users\kragh\OneDrive\Documents\HrudayCodingProjects\TribeV2WebAnalyzer\TribeV2\scout_data\horikawaCode\videos\1737.mp4
1738,awe,0.35293999314308167,C:\Users\kragh\OneDrive\Documents\HrudayCodingProjects\TribeV2WebAnalyzer\TribeV2\scout_data\horikawaCode\videos\1738.mp4
1739,relief,0.4705899953842163,C:\Users\kragh\OneDrive\Documents\HrudayCodingProjects\TribeV2WebAnalyzer\TribeV2\scout_data\horikawaCode\videos\1739.mp4
1740,craving,0.9411799907684326,C:\Users\kragh\OneDrive\Documents\HrudayCodingProjects\TribeV2WebAnalyzer\TribeV2\scout_data\horikawaCode\videos\1740.mp4
1741,amusement,0.5384600162506104,C:\Users\kragh\OneDrive\Documents\HrudayCodingProjects\TribeV2WebAnalyzer\TribeV2\scout_data\horikawaCode\videos\1741.mp4
1742,fear,0.46154001355171204,C:\Users\kragh\OneDrive\Documents\HrudayCodingProjects\TribeV2WebAnalyzer\TribeV2\scout_data\horikawaCode\videos\1742.mp4
1743,interest,0.3846200108528137,C:\Users\kragh\OneDrive\Documents\HrudayCodingProjects\TribeV2WebAnalyzer\TribeV2\scout_data\horikawaCode\videos\1743.mp4
1744,amusement,0.30768999457359314,C:\Users\kragh\OneDrive\Documents\HrudayCodingProjects\TribeV2WebAnalyzer\TribeV2\scout_data\horikawaCode\videos\1744.mp4
1745,amusement,0.5384600162506104,C:\Users\kragh\OneDrive\Documents\HrudayCodingProjects\TribeV2WebAnalyzer\TribeV2\scout_data\horikawaCode\videos\1745.mp4
1746,amusement,0.46154001355171204,C:\Users\kragh\OneDrive\Documents\HrudayCodingProjects\TribeV2WebAnalyzer\TribeV2\scout_data\horikawaCode\videos\1746.mp4
1747,entrancement,0.3846200108528137,C:\Users\kragh\OneDrive\Documents\HrudayCodingProjects\TribeV2WebAnalyzer\TribeV2\scout_data\horikawaCode\videos\1747.mp4
1748,adoration,0.5384600162506104,C:\Users\kragh\OneDrive\Documents\HrudayCodingProjects\TribeV2WebAnalyzer\TribeV2\scout_data\horikawaCode\videos\1748.mp4
1749,amusement,0.5,C:\Users\kragh\OneDrive\Documents\HrudayCodingProjects\TribeV2WebAnalyzer\TribeV2\scout_data\horikawaCode\videos\1749.mp4
1750,amusement,0.3461500108242035,C:\Users\kragh\OneDrive\Documents\HrudayCodingProjects\TribeV2WebAnalyzer\TribeV2\scout_data\horikawaCode\videos\1750.mp4
1751,entrancement,0.30768999457359314,C:\Users\kragh\OneDrive\Documents\HrudayCodingProjects\TribeV2WebAnalyzer\TribeV2\scout_data\horikawaCode\videos\1751.mp4
1752,empathic_pain,0.30768999457359314,C:\Users\kragh\OneDrive\Documents\HrudayCodingProjects\TribeV2WebAnalyzer\TribeV2\scout_data\horikawaCode\videos\1752.mp4
1753,amusement,0.7692300081253052,C:\Users\kragh\OneDrive\Documents\HrudayCodingProjects\TribeV2WebAnalyzer\TribeV2\scout_data\horikawaCode\videos\1753.mp4
1754,nostalgia,0.46154001355171204,C:\Users\kragh\OneDrive\Documents\HrudayCodingProjects\TribeV2WebAnalyzer\TribeV2\scout_data\horikawaCode\videos\1754.mp4
1755,horror,0.5,C:\Users\kragh\OneDrive\Documents\HrudayCodingProjects\TribeV2WebAnalyzer\TribeV2\scout_data\horikawaCode\videos\1755.mp4
1756,romance,0.5,C:\Users\kragh\OneDrive\Documents\HrudayCodingProjects\TribeV2WebAnalyzer\TribeV2\scout_data\horikawaCode\videos\1756.mp4
1757,disgust,0.4230799973011017,C:\Users\kragh\OneDrive\Documents\HrudayCodingProjects\TribeV2WebAnalyzer\TribeV2\scout_data\horikawaCode\videos\1757.mp4
1758,amusement,0.6923099756240845,C:\Users\kragh\OneDrive\Documents\HrudayCodingProjects\TribeV2WebAnalyzer\TribeV2\scout_data\horikawaCode\videos\1758.mp4
1759,interest,0.23077000677585602,C:\Users\kragh\OneDrive\Documents\HrudayCodingProjects\TribeV2WebAnalyzer\TribeV2\scout_data\horikawaCode\videos\1759.mp4
1760,calmness,0.46154001355171204,C:\Users\kragh\OneDrive\Documents\HrudayCodingProjects\TribeV2WebAnalyzer\TribeV2\scout_data\horikawaCode\videos\1760.mp4
1761,amusement,0.5,C:\Users\kragh\OneDrive\Documents\HrudayCodingProjects\TribeV2WebAnalyzer\TribeV2\scout_data\horikawaCode\videos\1761.mp4
1762,amusement,0.4230799973011017,C:\Users\kragh\OneDrive\Documents\HrudayCodingProjects\TribeV2WebAnalyzer\TribeV2\scout_data\horikawaCode\videos\1762.mp4
1763,amusement,0.5384600162506104,C:\Users\kragh\OneDrive\Documents\HrudayCodingProjects\TribeV2WebAnalyzer\TribeV2\scout_data\horikawaCode\videos\1763.mp4
1764,fear,0.46154001355171204,C:\Users\kragh\OneDrive\Documents\HrudayCodingProjects\TribeV2WebAnalyzer\TribeV2\scout_data\horikawaCode\videos\1764.mp4
1765,disgust,0.6923099756240845,C:\Users\kragh\OneDrive\Documents\HrudayCodingProjects\TribeV2WebAnalyzer\TribeV2\scout_data\horikawaCode\videos\1765.mp4
1766,interest,0.23077000677585602,C:\Users\kragh\OneDrive\Documents\HrudayCodingProjects\TribeV2WebAnalyzer\TribeV2\scout_data\horikawaCode\videos\1766.mp4
1767,fear,0.6153799891471863,C:\Users\kragh\OneDrive\Documents\HrudayCodingProjects\TribeV2WebAnalyzer\TribeV2\scout_data\horikawaCode\videos\1767.mp4
1768,empathic_pain,0.6923099756240845,C:\Users\kragh\OneDrive\Documents\HrudayCodingProjects\TribeV2WebAnalyzer\TribeV2\scout_data\horikawaCode\videos\1768.mp4
1769,sexual_desire,0.8461499810218811,C:\Users\kragh\OneDrive\Documents\HrudayCodingProjects\TribeV2WebAnalyzer\TribeV2\scout_data\horikawaCode\videos\1769.mp4
1770,amusement,0.5769199728965759,C:\Users\kragh\OneDrive\Documents\HrudayCodingProjects\TribeV2WebAnalyzer\TribeV2\scout_data\horikawaCode\videos\1770.mp4
1771,disgust,0.54544997215271,C:\Users\kragh\OneDrive\Documents\HrudayCodingProjects\TribeV2WebAnalyzer\TribeV2\scout_data\horikawaCode\videos\1771.mp4
1772,sexual_desire,0.6363599896430969,C:\Users\kragh\OneDrive\Documents\HrudayCodingProjects\TribeV2WebAnalyzer\TribeV2\scout_data\horikawaCode\videos\1772.mp4
1773,amusement,0.7272700071334839,C:\Users\kragh\OneDrive\Documents\HrudayCodingProjects\TribeV2WebAnalyzer\TribeV2\scout_data\horikawaCode\videos\1773.mp4
1774,fear,0.54544997215271,C:\Users\kragh\OneDrive\Documents\HrudayCodingProjects\TribeV2WebAnalyzer\TribeV2\scout_data\horikawaCode\videos\1774.mp4
1775,interest,0.45454999804496765,C:\Users\kragh\OneDrive\Documents\HrudayCodingProjects\TribeV2WebAnalyzer\TribeV2\scout_data\horikawaCode\videos\1775.mp4
1776,sadness,0.6363599896430969,C:\Users\kragh\OneDrive\Documents\HrudayCodingProjects\TribeV2WebAnalyzer\TribeV2\scout_data\horikawaCode\videos\1776.mp4
1777,excitement,0.2727299928665161,C:\Users\kragh\OneDrive\Documents\HrudayCodingProjects\TribeV2WebAnalyzer\TribeV2\scout_data\horikawaCode\videos\1777.mp4
1778,aesthetic_appreciation,0.3636400103569031,C:\Users\kragh\OneDrive\Documents\HrudayCodingProjects\TribeV2WebAnalyzer\TribeV2\scout_data\horikawaCode\videos\1778.mp4
1779,fear,0.7272700071334839,C:\Users\kragh\OneDrive\Documents\HrudayCodingProjects\TribeV2WebAnalyzer\TribeV2\scout_data\horikawaCode\videos\1779.mp4
1780,fear,0.590910017490387,C:\Users\kragh\OneDrive\Documents\HrudayCodingProjects\TribeV2WebAnalyzer\TribeV2\scout_data\horikawaCode\videos\1780.mp4
1781,nostalgia,0.45454999804496765,C:\Users\kragh\OneDrive\Documents\HrudayCodingProjects\TribeV2WebAnalyzer\TribeV2\scout_data\horikawaCode\videos\1781.mp4
1782,sexual_desire,0.8181800246238708,C:\Users\kragh\OneDrive\Documents\HrudayCodingProjects\TribeV2WebAnalyzer\TribeV2\scout_data\horikawaCode\videos\1782.mp4
1783,joy,0.45454999804496765,C:\Users\kragh\OneDrive\Documents\HrudayCodingProjects\TribeV2WebAnalyzer\TribeV2\scout_data\horikawaCode\videos\1783.mp4
1784,boredom,0.45454999804496765,C:\Users\kragh\OneDrive\Documents\HrudayCodingProjects\TribeV2WebAnalyzer\TribeV2\scout_data\horikawaCode\videos\1784.mp4
1785,amusement,0.45454999804496765,C:\Users\kragh\OneDrive\Documents\HrudayCodingProjects\TribeV2WebAnalyzer\TribeV2\scout_data\horikawaCode\videos\1785.mp4
1786,sadness,0.8181800246238708,C:\Users\kragh\OneDrive\Documents\HrudayCodingProjects\TribeV2WebAnalyzer\TribeV2\scout_data\horikawaCode\videos\1786.mp4
1787,amusement,0.2727299928665161,C:\Users\kragh\OneDrive\Documents\HrudayCodingProjects\TribeV2WebAnalyzer\TribeV2\scout_data\horikawaCode\videos\1787.mp4
1788,empathic_pain,0.2727299928665161,C:\Users\kragh\OneDrive\Documents\HrudayCodingProjects\TribeV2WebAnalyzer\TribeV2\scout_data\horikawaCode\videos\1788.mp4
1789,calmness,0.3636400103569031,C:\Users\kragh\OneDrive\Documents\HrudayCodingProjects\TribeV2WebAnalyzer\TribeV2\scout_data\horikawaCode\videos\1789.mp4
1790,disgust,0.7272700071334839,C:\Users\kragh\OneDrive\Documents\HrudayCodingProjects\TribeV2WebAnalyzer\TribeV2\scout_data\horikawaCode\videos\1790.mp4
1791,boredom,0.3636400103569031,C:\Users\kragh\OneDrive\Documents\HrudayCodingProjects\TribeV2WebAnalyzer\TribeV2\scout_data\horikawaCode\videos\1791.mp4
1792,disgust,0.6363599896430969,C:\Users\kragh\OneDrive\Documents\HrudayCodingProjects\TribeV2WebAnalyzer\TribeV2\scout_data\horikawaCode\videos\1792.mp4
1793,confusion,0.45454999804496765,C:\Users\kragh\OneDrive\Documents\HrudayCodingProjects\TribeV2WebAnalyzer\TribeV2\scout_data\horikawaCode\videos\1793.mp4
1794,boredom,0.3636400103569031,C:\Users\kragh\OneDrive\Documents\HrudayCodingProjects\TribeV2WebAnalyzer\TribeV2\scout_data\horikawaCode\videos\1794.mp4
1795,fear,0.54544997215271,C:\Users\kragh\OneDrive\Documents\HrudayCodingProjects\TribeV2WebAnalyzer\TribeV2\scout_data\horikawaCode\videos\1795.mp4
1796,aesthetic_appreciation,0.3636400103569031,C:\Users\kragh\OneDrive\Documents\HrudayCodingProjects\TribeV2WebAnalyzer\TribeV2\scout_data\horikawaCode\videos\1796.mp4
1797,boredom,0.2272700071334839,C:\Users\kragh\OneDrive\Documents\HrudayCodingProjects\TribeV2WebAnalyzer\TribeV2\scout_data\horikawaCode\videos\1797.mp4
1798,satisfaction,0.2727299928665161,C:\Users\kragh\OneDrive\Documents\HrudayCodingProjects\TribeV2WebAnalyzer\TribeV2\scout_data\horikawaCode\videos\1798.mp4
1799,excitement,0.2727299928665161,C:\Users\kragh\OneDrive\Documents\HrudayCodingProjects\TribeV2WebAnalyzer\TribeV2\scout_data\horikawaCode\videos\1799.mp4
1800,amusement,0.590910017490387,C:\Users\kragh\OneDrive\Documents\HrudayCodingProjects\TribeV2WebAnalyzer\TribeV2\scout_data\horikawaCode\videos\1800.mp4
1801,amusement,0.916670024394989,C:\Users\kragh\OneDrive\Documents\HrudayCodingProjects\TribeV2WebAnalyzer\TribeV2\scout_data\horikawaCode\videos\1801.mp4
1802,amusement,0.583329975605011,C:\Users\kragh\OneDrive\Documents\HrudayCodingProjects\TribeV2WebAnalyzer\TribeV2\scout_data\horikawaCode\videos\1802.mp4
1803,adoration,0.4166699945926666,C:\Users\kragh\OneDrive\Documents\HrudayCodingProjects\TribeV2WebAnalyzer\TribeV2\scout_data\horikawaCode\videos\1803.mp4
1804,amusement,0.75,C:\Users\kragh\OneDrive\Documents\HrudayCodingProjects\TribeV2WebAnalyzer\TribeV2\scout_data\horikawaCode\videos\1804.mp4
1805,nostalgia,0.75,C:\Users\kragh\OneDrive\Documents\HrudayCodingProjects\TribeV2WebAnalyzer\TribeV2\scout_data\horikawaCode\videos\1805.mp4
1806,amusement,0.583329975605011,C:\Users\kragh\OneDrive\Documents\HrudayCodingProjects\TribeV2WebAnalyzer\TribeV2\scout_data\horikawaCode\videos\1806.mp4
1807,romance,0.75,C:\Users\kragh\OneDrive\Documents\HrudayCodingProjects\TribeV2WebAnalyzer\TribeV2\scout_data\horikawaCode\videos\1807.mp4
1808,amusement,0.4166699945926666,C:\Users\kragh\OneDrive\Documents\HrudayCodingProjects\TribeV2WebAnalyzer\TribeV2\scout_data\horikawaCode\videos\1808.mp4
1809,anxiety,0.5,C:\Users\kragh\OneDrive\Documents\HrudayCodingProjects\TribeV2WebAnalyzer\TribeV2\scout_data\horikawaCode\videos\1809.mp4
1810,adoration,0.4166699945926666,C:\Users\kragh\OneDrive\Documents\HrudayCodingProjects\TribeV2WebAnalyzer\TribeV2\scout_data\horikawaCode\videos\1810.mp4
1811,amusement,0.4166699945926666,C:\Users\kragh\OneDrive\Documents\HrudayCodingProjects\TribeV2WebAnalyzer\TribeV2\scout_data\horikawaCode\videos\1811.mp4
1812,amusement,0.583329975605011,C:\Users\kragh\OneDrive\Documents\HrudayCodingProjects\TribeV2WebAnalyzer\TribeV2\scout_data\horikawaCode\videos\1812.mp4
1813,disgust,0.916670024394989,C:\Users\kragh\OneDrive\Documents\HrudayCodingProjects\TribeV2WebAnalyzer\TribeV2\scout_data\horikawaCode\videos\1813.mp4
1814,craving,0.833329975605011,C:\Users\kragh\OneDrive\Documents\HrudayCodingProjects\TribeV2WebAnalyzer\TribeV2\scout_data\horikawaCode\videos\1814.mp4
1815,romance,0.666670024394989,C:\Users\kragh\OneDrive\Documents\HrudayCodingProjects\TribeV2WebAnalyzer\TribeV2\scout_data\horikawaCode\videos\1815.mp4
1816,amusement,0.4166699945926666,C:\Users\kragh\OneDrive\Documents\HrudayCodingProjects\TribeV2WebAnalyzer\TribeV2\scout_data\horikawaCode\videos\1816.mp4
1817,nostalgia,0.666670024394989,C:\Users\kragh\OneDrive\Documents\HrudayCodingProjects\TribeV2WebAnalyzer\TribeV2\scout_data\horikawaCode\videos\1817.mp4
1818,amusement,0.666670024394989,C:\Users\kragh\OneDrive\Documents\HrudayCodingProjects\TribeV2WebAnalyzer\TribeV2\scout_data\horikawaCode\videos\1818.mp4
1819,horror,0.5,C:\Users\kragh\OneDrive\Documents\HrudayCodingProjects\TribeV2WebAnalyzer\TribeV2\scout_data\horikawaCode\videos\1819.mp4
1820,awe,0.4166699945926666,C:\Users\kragh\OneDrive\Documents\HrudayCodingProjects\TribeV2WebAnalyzer\TribeV2\scout_data\horikawaCode\videos\1820.mp4
1821,amusement,0.5,C:\Users\kragh\OneDrive\Documents\HrudayCodingProjects\TribeV2WebAnalyzer\TribeV2\scout_data\horikawaCode\videos\1821.mp4
1822,confusion,0.4166699945926666,C:\Users\kragh\OneDrive\Documents\HrudayCodingProjects\TribeV2WebAnalyzer\TribeV2\scout_data\horikawaCode\videos\1822.mp4
1823,aesthetic_appreciation,0.3333300054073334,C:\Users\kragh\OneDrive\Documents\HrudayCodingProjects\TribeV2WebAnalyzer\TribeV2\scout_data\horikawaCode\videos\1823.mp4
1824,amusement,0.3333300054073334,C:\Users\kragh\OneDrive\Documents\HrudayCodingProjects\TribeV2WebAnalyzer\TribeV2\scout_data\horikawaCode\videos\1824.mp4
1825,adoration,0.4166699945926666,C:\Users\kragh\OneDrive\Documents\HrudayCodingProjects\TribeV2WebAnalyzer\TribeV2\scout_data\horikawaCode\videos\1825.mp4
1826,craving,0.75,C:\Users\kragh\OneDrive\Documents\HrudayCodingProjects\TribeV2WebAnalyzer\TribeV2\scout_data\horikawaCode\videos\1826.mp4
1827,anxiety,0.3333300054073334,C:\Users\kragh\OneDrive\Documents\HrudayCodingProjects\TribeV2WebAnalyzer\TribeV2\scout_data\horikawaCode\videos\1827.mp4
1828,anxiety,0.4166699945926666,C:\Users\kragh\OneDrive\Documents\HrudayCodingProjects\TribeV2WebAnalyzer\TribeV2\scout_data\horikawaCode\videos\1828.mp4
1829,sexual_desire,0.666670024394989,C:\Users\kragh\OneDrive\Documents\HrudayCodingProjects\TribeV2WebAnalyzer\TribeV2\scout_data\horikawaCode\videos\1829.mp4
1830,horror,0.833329975605011,C:\Users\kragh\OneDrive\Documents\HrudayCodingProjects\TribeV2WebAnalyzer\TribeV2\scout_data\horikawaCode\videos\1830.mp4
1831,sadness,0.30768999457359314,C:\Users\kragh\OneDrive\Documents\HrudayCodingProjects\TribeV2WebAnalyzer\TribeV2\scout_data\horikawaCode\videos\1831.mp4
1832,fear,0.6153799891471863,C:\Users\kragh\OneDrive\Documents\HrudayCodingProjects\TribeV2WebAnalyzer\TribeV2\scout_data\horikawaCode\videos\1832.mp4
1833,entrancement,0.3846200108528137,C:\Users\kragh\OneDrive\Documents\HrudayCodingProjects\TribeV2WebAnalyzer\TribeV2\scout_data\horikawaCode\videos\1833.mp4
1834,interest,0.3846200108528137,C:\Users\kragh\OneDrive\Documents\HrudayCodingProjects\TribeV2WebAnalyzer\TribeV2\scout_data\horikawaCode\videos\1834.mp4
1835,calmness,0.5384600162506104,C:\Users\kragh\OneDrive\Documents\HrudayCodingProjects\TribeV2WebAnalyzer\TribeV2\scout_data\horikawaCode\videos\1835.mp4
1836,awe,0.3846200108528137,C:\Users\kragh\OneDrive\Documents\HrudayCodingProjects\TribeV2WebAnalyzer\TribeV2\scout_data\horikawaCode\videos\1836.mp4
1837,fear,0.23077000677585602,C:\Users\kragh\OneDrive\Documents\HrudayCodingProjects\TribeV2WebAnalyzer\TribeV2\scout_data\horikawaCode\videos\1837.mp4
1838,excitement,0.30768999457359314,C:\Users\kragh\OneDrive\Documents\HrudayCodingProjects\TribeV2WebAnalyzer\TribeV2\scout_data\horikawaCode\videos\1838.mp4
1839,amusement,0.6153799891471863,C:\Users\kragh\OneDrive\Documents\HrudayCodingProjects\TribeV2WebAnalyzer\TribeV2\scout_data\horikawaCode\videos\1839.mp4
1840,nostalgia,0.46154001355171204,C:\Users\kragh\OneDrive\Documents\HrudayCodingProjects\TribeV2WebAnalyzer\TribeV2\scout_data\horikawaCode\videos\1840.mp4
1841,nostalgia,0.6923099756240845,C:\Users\kragh\OneDrive\Documents\HrudayCodingProjects\TribeV2WebAnalyzer\TribeV2\scout_data\horikawaCode\videos\1841.mp4
1842,amusement,0.5384600162506104,C:\Users\kragh\OneDrive\Documents\HrudayCodingProjects\TribeV2WebAnalyzer\TribeV2\scout_data\horikawaCode\videos\1842.mp4
1843,fear,0.6153799891471863,C:\Users\kragh\OneDrive\Documents\HrudayCodingProjects\TribeV2WebAnalyzer\TribeV2\scout_data\horikawaCode\videos\1843.mp4
1844,disgust,0.4230799973011017,C:\Users\kragh\OneDrive\Documents\HrudayCodingProjects\TribeV2WebAnalyzer\TribeV2\scout_data\horikawaCode\videos\1844.mp4
1845,anxiety,0.3461500108242035,C:\Users\kragh\OneDrive\Documents\HrudayCodingProjects\TribeV2WebAnalyzer\TribeV2\scout_data\horikawaCode\videos\1845.mp4
1846,boredom,0.30768999457359314,C:\Users\kragh\OneDrive\Documents\HrudayCodingProjects\TribeV2WebAnalyzer\TribeV2\scout_data\horikawaCode\videos\1846.mp4
1847,fear,0.5384600162506104,C:\Users\kragh\OneDrive\Documents\HrudayCodingProjects\TribeV2WebAnalyzer\TribeV2\scout_data\horikawaCode\videos\1847.mp4
1848,entrancement,0.5384600162506104,C:\Users\kragh\OneDrive\Documents\HrudayCodingProjects\TribeV2WebAnalyzer\TribeV2\scout_data\horikawaCode\videos\1848.mp4
1849,sexual_desire,0.6153799891471863,C:\Users\kragh\OneDrive\Documents\HrudayCodingProjects\TribeV2WebAnalyzer\TribeV2\scout_data\horikawaCode\videos\1849.mp4
1850,amusement,0.46154001355171204,C:\Users\kragh\OneDrive\Documents\HrudayCodingProjects\TribeV2WebAnalyzer\TribeV2\scout_data\horikawaCode\videos\1850.mp4
1851,amusement,0.46154001355171204,C:\Users\kragh\OneDrive\Documents\HrudayCodingProjects\TribeV2WebAnalyzer\TribeV2\scout_data\horikawaCode\videos\1851.mp4
1852,craving,0.7692300081253052,C:\Users\kragh\OneDrive\Documents\HrudayCodingProjects\TribeV2WebAnalyzer\TribeV2\scout_data\horikawaCode\videos\1852.mp4
1853,sexual_desire,0.46154001355171204,C:\Users\kragh\OneDrive\Documents\HrudayCodingProjects\TribeV2WebAnalyzer\TribeV2\scout_data\horikawaCode\videos\1853.mp4
1854,craving,0.5384600162506104,C:\Users\kragh\OneDrive\Documents\HrudayCodingProjects\TribeV2WebAnalyzer\TribeV2\scout_data\horikawaCode\videos\1854.mp4
1855,joy,0.46154001355171204,C:\Users\kragh\OneDrive\Documents\HrudayCodingProjects\TribeV2WebAnalyzer\TribeV2\scout_data\horikawaCode\videos\1855.mp4
1856,amusement,0.6153799891471863,C:\Users\kragh\OneDrive\Documents\HrudayCodingProjects\TribeV2WebAnalyzer\TribeV2\scout_data\horikawaCode\videos\1856.mp4
1857,entrancement,0.3846200108528137,C:\Users\kragh\OneDrive\Documents\HrudayCodingProjects\TribeV2WebAnalyzer\TribeV2\scout_data\horikawaCode\videos\1857.mp4
1858,fear,0.46154001355171204,C:\Users\kragh\OneDrive\Documents\HrudayCodingProjects\TribeV2WebAnalyzer\TribeV2\scout_data\horikawaCode\videos\1858.mp4
1859,amusement,0.4230799973011017,C:\Users\kragh\OneDrive\Documents\HrudayCodingProjects\TribeV2WebAnalyzer\TribeV2\scout_data\horikawaCode\videos\1859.mp4
1860,entrancement,0.3846200108528137,C:\Users\kragh\OneDrive\Documents\HrudayCodingProjects\TribeV2WebAnalyzer\TribeV2\scout_data\horikawaCode\videos\1860.mp4
1861,amusement,0.4583300054073334,C:\Users\kragh\OneDrive\Documents\HrudayCodingProjects\TribeV2WebAnalyzer\TribeV2\scout_data\horikawaCode\videos\1861.mp4
1862,awkwardness,0.4583300054073334,C:\Users\kragh\OneDrive\Documents\HrudayCodingProjects\TribeV2WebAnalyzer\TribeV2\scout_data\horikawaCode\videos\1862.mp4
1863,amusement,0.666670024394989,C:\Users\kragh\OneDrive\Documents\HrudayCodingProjects\TribeV2WebAnalyzer\TribeV2\scout_data\horikawaCode\videos\1863.mp4
1864,awkwardness,0.25,C:\Users\kragh\OneDrive\Documents\HrudayCodingProjects\TribeV2WebAnalyzer\TribeV2\scout_data\horikawaCode\videos\1864.mp4
1865,amusement,0.4166699945926666,C:\Users\kragh\OneDrive\Documents\HrudayCodingProjects\TribeV2WebAnalyzer\TribeV2\scout_data\horikawaCode\videos\1865.mp4
1866,interest,0.2916699945926666,C:\Users\kragh\OneDrive\Documents\HrudayCodingProjects\TribeV2WebAnalyzer\TribeV2\scout_data\horikawaCode\videos\1866.mp4
1867,entrancement,0.5,C:\Users\kragh\OneDrive\Documents\HrudayCodingProjects\TribeV2WebAnalyzer\TribeV2\scout_data\horikawaCode\videos\1867.mp4
1868,horror,0.75,C:\Users\kragh\OneDrive\Documents\HrudayCodingProjects\TribeV2WebAnalyzer\TribeV2\scout_data\horikawaCode\videos\1868.mp4
1869,amusement,0.583329975605011,C:\Users\kragh\OneDrive\Documents\HrudayCodingProjects\TribeV2WebAnalyzer\TribeV2\scout_data\horikawaCode\videos\1869.mp4
1870,fear,0.5,C:\Users\kragh\OneDrive\Documents\HrudayCodingProjects\TribeV2WebAnalyzer\TribeV2\scout_data\horikawaCode\videos\1870.mp4
1871,disgust,0.375,C:\Users\kragh\OneDrive\Documents\HrudayCodingProjects\TribeV2WebAnalyzer\TribeV2\scout_data\horikawaCode\videos\1871.mp4
1872,aesthetic_appreciation,0.583329975605011,C:\Users\kragh\OneDrive\Documents\HrudayCodingProjects\TribeV2WebAnalyzer\TribeV2\scout_data\horikawaCode\videos\1872.mp4
1873,relief,0.4166699945926666,C:\Users\kragh\OneDrive\Documents\HrudayCodingProjects\TribeV2WebAnalyzer\TribeV2\scout_data\horikawaCode\videos\1873.mp4
1874,amusement,0.833329975605011,C:\Users\kragh\OneDrive\Documents\HrudayCodingProjects\TribeV2WebAnalyzer\TribeV2\scout_data\horikawaCode\videos\1874.mp4
1875,disgust,0.375,C:\Users\kragh\OneDrive\Documents\HrudayCodingProjects\TribeV2WebAnalyzer\TribeV2\scout_data\horikawaCode\videos\1875.mp4
1876,aesthetic_appreciation,0.2916699945926666,C:\Users\kragh\OneDrive\Documents\HrudayCodingProjects\TribeV2WebAnalyzer\TribeV2\scout_data\horikawaCode\videos\1876.mp4
1877,entrancement,0.4166699945926666,C:\Users\kragh\OneDrive\Documents\HrudayCodingProjects\TribeV2WebAnalyzer\TribeV2\scout_data\horikawaCode\videos\1877.mp4
1878,relief,0.541670024394989,C:\Users\kragh\OneDrive\Documents\HrudayCodingProjects\TribeV2WebAnalyzer\TribeV2\scout_data\horikawaCode\videos\1878.mp4
1879,awe,0.375,C:\Users\kragh\OneDrive\Documents\HrudayCodingProjects\TribeV2WebAnalyzer\TribeV2\scout_data\horikawaCode\videos\1879.mp4
1880,amusement,0.583329975605011,C:\Users\kragh\OneDrive\Documents\HrudayCodingProjects\TribeV2WebAnalyzer\TribeV2\scout_data\horikawaCode\videos\1880.mp4
1881,anger,0.16666999459266663,C:\Users\kragh\OneDrive\Documents\HrudayCodingProjects\TribeV2WebAnalyzer\TribeV2\scout_data\horikawaCode\videos\1881.mp4
1882,amusement,0.75,C:\Users\kragh\OneDrive\Documents\HrudayCodingProjects\TribeV2WebAnalyzer\TribeV2\scout_data\horikawaCode\videos\1882.mp4
1883,aesthetic_appreciation,0.25,C:\Users\kragh\OneDrive\Documents\HrudayCodingProjects\TribeV2WebAnalyzer\TribeV2\scout_data\horikawaCode\videos\1883.mp4
1884,nostalgia,0.4166699945926666,C:\Users\kragh\OneDrive\Documents\HrudayCodingProjects\TribeV2WebAnalyzer\TribeV2\scout_data\horikawaCode\videos\1884.mp4
1885,disgust,0.583329975605011,C:\Users\kragh\OneDrive\Documents\HrudayCodingProjects\TribeV2WebAnalyzer\TribeV2\scout_data\horikawaCode\videos\1885.mp4
1886,admiration,0.375,C:\Users\kragh\OneDrive\Documents\HrudayCodingProjects\TribeV2WebAnalyzer\TribeV2\scout_data\horikawaCode\videos\1886.mp4
1887,fear,0.5,C:\Users\kragh\OneDrive\Documents\HrudayCodingProjects\TribeV2WebAnalyzer\TribeV2\scout_data\horikawaCode\videos\1887.mp4
1888,confusion,0.3333300054073334,C:\Users\kragh\OneDrive\Documents\HrudayCodingProjects\TribeV2WebAnalyzer\TribeV2\scout_data\horikawaCode\videos\1888.mp4
1889,sexual_desire,0.833329975605011,C:\Users\kragh\OneDrive\Documents\HrudayCodingProjects\TribeV2WebAnalyzer\TribeV2\scout_data\horikawaCode\videos\1889.mp4
1890,amusement,0.3333300054073334,C:\Users\kragh\OneDrive\Documents\HrudayCodingProjects\TribeV2WebAnalyzer\TribeV2\scout_data\horikawaCode\videos\1890.mp4
1891,amusement,0.833329975605011,C:\Users\kragh\OneDrive\Documents\HrudayCodingProjects\TribeV2WebAnalyzer\TribeV2\scout_data\horikawaCode\videos\1891.mp4
1892,aesthetic_appreciation,0.583329975605011,C:\Users\kragh\OneDrive\Documents\HrudayCodingProjects\TribeV2WebAnalyzer\TribeV2\scout_data\horikawaCode\videos\1892.mp4
1893,adoration,0.4166699945926666,C:\Users\kragh\OneDrive\Documents\HrudayCodingProjects\TribeV2WebAnalyzer\TribeV2\scout_data\horikawaCode\videos\1893.mp4
1894,sexual_desire,1.0,C:\Users\kragh\OneDrive\Documents\HrudayCodingProjects\TribeV2WebAnalyzer\TribeV2\scout_data\horikawaCode\videos\1894.mp4
1895,sexual_desire,0.833329975605011,C:\Users\kragh\OneDrive\Documents\HrudayCodingProjects\TribeV2WebAnalyzer\TribeV2\scout_data\horikawaCode\videos\1895.mp4
1896,amusement,0.4166699945926666,C:\Users\kragh\OneDrive\Documents\HrudayCodingProjects\TribeV2WebAnalyzer\TribeV2\scout_data\horikawaCode\videos\1896.mp4
1897,aesthetic_appreciation,0.3333300054073334,C:\Users\kragh\OneDrive\Documents\HrudayCodingProjects\TribeV2WebAnalyzer\TribeV2\scout_data\horikawaCode\videos\1897.mp4
1898,amusement,0.5,C:\Users\kragh\OneDrive\Documents\HrudayCodingProjects\TribeV2WebAnalyzer\TribeV2\scout_data\horikawaCode\videos\1898.mp4
1899,surprise,0.583329975605011,C:\Users\kragh\OneDrive\Documents\HrudayCodingProjects\TribeV2WebAnalyzer\TribeV2\scout_data\horikawaCode\videos\1899.mp4
1900,amusement,0.583329975605011,C:\Users\kragh\OneDrive\Documents\HrudayCodingProjects\TribeV2WebAnalyzer\TribeV2\scout_data\horikawaCode\videos\1900.mp4
1901,disgust,0.4166699945926666,C:\Users\kragh\OneDrive\Documents\HrudayCodingProjects\TribeV2WebAnalyzer\TribeV2\scout_data\horikawaCode\videos\1901.mp4
1902,amusement,0.583329975605011,C:\Users\kragh\OneDrive\Documents\HrudayCodingProjects\TribeV2WebAnalyzer\TribeV2\scout_data\horikawaCode\videos\1902.mp4
1903,disgust,0.4166699945926666,C:\Users\kragh\OneDrive\Documents\HrudayCodingProjects\TribeV2WebAnalyzer\TribeV2\scout_data\horikawaCode\videos\1903.mp4
1904,amusement,0.5,C:\Users\kragh\OneDrive\Documents\HrudayCodingProjects\TribeV2WebAnalyzer\TribeV2\scout_data\horikawaCode\videos\1904.mp4
1905,amusement,0.5,C:\Users\kragh\OneDrive\Documents\HrudayCodingProjects\TribeV2WebAnalyzer\TribeV2\scout_data\horikawaCode\videos\1905.mp4
1906,fear,0.5,C:\Users\kragh\OneDrive\Documents\HrudayCodingProjects\TribeV2WebAnalyzer\TribeV2\scout_data\horikawaCode\videos\1906.mp4
1907,disgust,1.0,C:\Users\kragh\OneDrive\Documents\HrudayCodingProjects\TribeV2WebAnalyzer\TribeV2\scout_data\horikawaCode\videos\1907.mp4
1908,boredom,0.583329975605011,C:\Users\kragh\OneDrive\Documents\HrudayCodingProjects\TribeV2WebAnalyzer\TribeV2\scout_data\horikawaCode\videos\1908.mp4
1909,romance,0.75,C:\Users\kragh\OneDrive\Documents\HrudayCodingProjects\TribeV2WebAnalyzer\TribeV2\scout_data\horikawaCode\videos\1909.mp4
1910,aesthetic_appreciation,0.3333300054073334,C:\Users\kragh\OneDrive\Documents\HrudayCodingProjects\TribeV2WebAnalyzer\TribeV2\scout_data\horikawaCode\videos\1910.mp4
1911,romance,0.833329975605011,C:\Users\kragh\OneDrive\Documents\HrudayCodingProjects\TribeV2WebAnalyzer\TribeV2\scout_data\horikawaCode\videos\1911.mp4
1912,amusement,0.583329975605011,C:\Users\kragh\OneDrive\Documents\HrudayCodingProjects\TribeV2WebAnalyzer\TribeV2\scout_data\horikawaCode\videos\1912.mp4
1913,sexual_desire,0.666670024394989,C:\Users\kragh\OneDrive\Documents\HrudayCodingProjects\TribeV2WebAnalyzer\TribeV2\scout_data\horikawaCode\videos\1913.mp4
1914,anxiety,0.25,C:\Users\kragh\OneDrive\Documents\HrudayCodingProjects\TribeV2WebAnalyzer\TribeV2\scout_data\horikawaCode\videos\1914.mp4
1915,aesthetic_appreciation,0.583329975605011,C:\Users\kragh\OneDrive\Documents\HrudayCodingProjects\TribeV2WebAnalyzer\TribeV2\scout_data\horikawaCode\videos\1915.mp4
1916,disgust,0.666670024394989,C:\Users\kragh\OneDrive\Documents\HrudayCodingProjects\TribeV2WebAnalyzer\TribeV2\scout_data\horikawaCode\videos\1916.mp4
1917,sexual_desire,1.0,C:\Users\kragh\OneDrive\Documents\HrudayCodingProjects\TribeV2WebAnalyzer\TribeV2\scout_data\horikawaCode\videos\1917.mp4
1918,amusement,0.5,C:\Users\kragh\OneDrive\Documents\HrudayCodingProjects\TribeV2WebAnalyzer\TribeV2\scout_data\horikawaCode\videos\1918.mp4
1919,disgust,0.4166699945926666,C:\Users\kragh\OneDrive\Documents\HrudayCodingProjects\TribeV2WebAnalyzer\TribeV2\scout_data\horikawaCode\videos\1919.mp4
1920,confusion,0.4166699945926666,C:\Users\kragh\OneDrive\Documents\HrudayCodingProjects\TribeV2WebAnalyzer\TribeV2\scout_data\horikawaCode\videos\1920.mp4
1921,aesthetic_appreciation,0.46154001355171204,C:\Users\kragh\OneDrive\Documents\HrudayCodingProjects\TribeV2WebAnalyzer\TribeV2\scout_data\horikawaCode\videos\1921.mp4
1922,horror,0.8461499810218811,C:\Users\kragh\OneDrive\Documents\HrudayCodingProjects\TribeV2WebAnalyzer\TribeV2\scout_data\horikawaCode\videos\1922.mp4
1923,disgust,0.3461500108242035,C:\Users\kragh\OneDrive\Documents\HrudayCodingProjects\TribeV2WebAnalyzer\TribeV2\scout_data\horikawaCode\videos\1923.mp4
1924,adoration,0.6153799891471863,C:\Users\kragh\OneDrive\Documents\HrudayCodingProjects\TribeV2WebAnalyzer\TribeV2\scout_data\horikawaCode\videos\1924.mp4
1925,sexual_desire,0.8461499810218811,C:\Users\kragh\OneDrive\Documents\HrudayCodingProjects\TribeV2WebAnalyzer\TribeV2\scout_data\horikawaCode\videos\1925.mp4
1926,anxiety,0.46154001355171204,C:\Users\kragh\OneDrive\Documents\HrudayCodingProjects\TribeV2WebAnalyzer\TribeV2\scout_data\horikawaCode\videos\1926.mp4
1927,disgust,0.46154001355171204,C:\Users\kragh\OneDrive\Documents\HrudayCodingProjects\TribeV2WebAnalyzer\TribeV2\scout_data\horikawaCode\videos\1927.mp4
1928,disgust,0.30768999457359314,C:\Users\kragh\OneDrive\Documents\HrudayCodingProjects\TribeV2WebAnalyzer\TribeV2\scout_data\horikawaCode\videos\1928.mp4
1929,amusement,0.6538500189781189,C:\Users\kragh\OneDrive\Documents\HrudayCodingProjects\TribeV2WebAnalyzer\TribeV2\scout_data\horikawaCode\videos\1929.mp4
1930,amusement,0.7692300081253052,C:\Users\kragh\OneDrive\Documents\HrudayCodingProjects\TribeV2WebAnalyzer\TribeV2\scout_data\horikawaCode\videos\1930.mp4
1931,fear,0.6923099756240845,C:\Users\kragh\OneDrive\Documents\HrudayCodingProjects\TribeV2WebAnalyzer\TribeV2\scout_data\horikawaCode\videos\1931.mp4
1932,interest,0.5,C:\Users\kragh\OneDrive\Documents\HrudayCodingProjects\TribeV2WebAnalyzer\TribeV2\scout_data\horikawaCode\videos\1932.mp4
1933,sadness,0.6538500189781189,C:\Users\kragh\OneDrive\Documents\HrudayCodingProjects\TribeV2WebAnalyzer\TribeV2\scout_data\horikawaCode\videos\1933.mp4
1934,disgust,0.6923099756240845,C:\Users\kragh\OneDrive\Documents\HrudayCodingProjects\TribeV2WebAnalyzer\TribeV2\scout_data\horikawaCode\videos\1934.mp4
1935,adoration,0.7307699918746948,C:\Users\kragh\OneDrive\Documents\HrudayCodingProjects\TribeV2WebAnalyzer\TribeV2\scout_data\horikawaCode\videos\1935.mp4
1936,craving,0.8461499810218811,C:\Users\kragh\OneDrive\Documents\HrudayCodingProjects\TribeV2WebAnalyzer\TribeV2\scout_data\horikawaCode\videos\1936.mp4
1937,awe,0.3846200108528137,C:\Users\kragh\OneDrive\Documents\HrudayCodingProjects\TribeV2WebAnalyzer\TribeV2\scout_data\horikawaCode\videos\1937.mp4
1938,romance,0.7692300081253052,C:\Users\kragh\OneDrive\Documents\HrudayCodingProjects\TribeV2WebAnalyzer\TribeV2\scout_data\horikawaCode\videos\1938.mp4
1939,boredom,0.46154001355171204,C:\Users\kragh\OneDrive\Documents\HrudayCodingProjects\TribeV2WebAnalyzer\TribeV2\scout_data\horikawaCode\videos\1939.mp4
1940,disgust,1.0,C:\Users\kragh\OneDrive\Documents\HrudayCodingProjects\TribeV2WebAnalyzer\TribeV2\scout_data\horikawaCode\videos\1940.mp4
1941,amusement,0.46154001355171204,C:\Users\kragh\OneDrive\Documents\HrudayCodingProjects\TribeV2WebAnalyzer\TribeV2\scout_data\horikawaCode\videos\1941.mp4
1942,craving,0.6923099756240845,C:\Users\kragh\OneDrive\Documents\HrudayCodingProjects\TribeV2WebAnalyzer\TribeV2\scout_data\horikawaCode\videos\1942.mp4
1943,horror,0.5,C:\Users\kragh\OneDrive\Documents\HrudayCodingProjects\TribeV2WebAnalyzer\TribeV2\scout_data\horikawaCode\videos\1943.mp4
1944,amusement,0.6923099756240845,C:\Users\kragh\OneDrive\Documents\HrudayCodingProjects\TribeV2WebAnalyzer\TribeV2\scout_data\horikawaCode\videos\1944.mp4
1945,aesthetic_appreciation,0.6153799891471863,C:\Users\kragh\OneDrive\Documents\HrudayCodingProjects\TribeV2WebAnalyzer\TribeV2\scout_data\horikawaCode\videos\1945.mp4
1946,interest,0.46154001355171204,C:\Users\kragh\OneDrive\Documents\HrudayCodingProjects\TribeV2WebAnalyzer\TribeV2\scout_data\horikawaCode\videos\1946.mp4
1947,confusion,0.5384600162506104,C:\Users\kragh\OneDrive\Documents\HrudayCodingProjects\TribeV2WebAnalyzer\TribeV2\scout_data\horikawaCode\videos\1947.mp4
1948,awe,0.46154001355171204,C:\Users\kragh\OneDrive\Documents\HrudayCodingProjects\TribeV2WebAnalyzer\TribeV2\scout_data\horikawaCode\videos\1948.mp4
1949,craving,0.5384600162506104,C:\Users\kragh\OneDrive\Documents\HrudayCodingProjects\TribeV2WebAnalyzer\TribeV2\scout_data\horikawaCode\videos\1949.mp4
1950,craving,0.6538500189781189,C:\Users\kragh\OneDrive\Documents\HrudayCodingProjects\TribeV2WebAnalyzer\TribeV2\scout_data\horikawaCode\videos\1950.mp4
1951,awe,0.4166699945926666,C:\Users\kragh\OneDrive\Documents\HrudayCodingProjects\TribeV2WebAnalyzer\TribeV2\scout_data\horikawaCode\videos\1951.mp4
1952,boredom,0.5,C:\Users\kragh\OneDrive\Documents\HrudayCodingProjects\TribeV2WebAnalyzer\TribeV2\scout_data\horikawaCode\videos\1952.mp4
1953,joy,0.666670024394989,C:\Users\kragh\OneDrive\Documents\HrudayCodingProjects\TribeV2WebAnalyzer\TribeV2\scout_data\horikawaCode\videos\1953.mp4
1954,amusement,0.4166699945926666,C:\Users\kragh\OneDrive\Documents\HrudayCodingProjects\TribeV2WebAnalyzer\TribeV2\scout_data\horikawaCode\videos\1954.mp4
1955,anxiety,0.583329975605011,C:\Users\kragh\OneDrive\Documents\HrudayCodingProjects\TribeV2WebAnalyzer\TribeV2\scout_data\horikawaCode\videos\1955.mp4
1956,disgust,0.833329975605011,C:\Users\kragh\OneDrive\Documents\HrudayCodingProjects\TribeV2WebAnalyzer\TribeV2\scout_data\horikawaCode\videos\1956.mp4
1957,aesthetic_appreciation,0.4166699945926666,C:\Users\kragh\OneDrive\Documents\HrudayCodingProjects\TribeV2WebAnalyzer\TribeV2\scout_data\horikawaCode\videos\1957.mp4
1958,awe,0.666670024394989,C:\Users\kragh\OneDrive\Documents\HrudayCodingProjects\TribeV2WebAnalyzer\TribeV2\scout_data\horikawaCode\videos\1958.mp4
1959,sadness,0.916670024394989,C:\Users\kragh\OneDrive\Documents\HrudayCodingProjects\TribeV2WebAnalyzer\TribeV2\scout_data\horikawaCode\videos\1959.mp4
1960,disgust,0.5,C:\Users\kragh\OneDrive\Documents\HrudayCodingProjects\TribeV2WebAnalyzer\TribeV2\scout_data\horikawaCode\videos\1960.mp4
1961,amusement,0.666670024394989,C:\Users\kragh\OneDrive\Documents\HrudayCodingProjects\TribeV2WebAnalyzer\TribeV2\scout_data\horikawaCode\videos\1961.mp4
1962,aesthetic_appreciation,0.583329975605011,C:\Users\kragh\OneDrive\Documents\HrudayCodingProjects\TribeV2WebAnalyzer\TribeV2\scout_data\horikawaCode\videos\1962.mp4
1963,amusement,0.666670024394989,C:\Users\kragh\OneDrive\Documents\HrudayCodingProjects\TribeV2WebAnalyzer\TribeV2\scout_data\horikawaCode\videos\1963.mp4
1964,fear,0.75,C:\Users\kragh\OneDrive\Documents\HrudayCodingProjects\TribeV2WebAnalyzer\TribeV2\scout_data\horikawaCode\videos\1964.mp4
1965,joy,0.583329975605011,C:\Users\kragh\OneDrive\Documents\HrudayCodingProjects\TribeV2WebAnalyzer\TribeV2\scout_data\horikawaCode\videos\1965.mp4
1966,nostalgia,0.666670024394989,C:\Users\kragh\OneDrive\Documents\HrudayCodingProjects\TribeV2WebAnalyzer\TribeV2\scout_data\horikawaCode\videos\1966.mp4
1967,interest,0.5,C:\Users\kragh\OneDrive\Documents\HrudayCodingProjects\TribeV2WebAnalyzer\TribeV2\scout_data\horikawaCode\videos\1967.mp4
1968,craving,0.916670024394989,C:\Users\kragh\OneDrive\Documents\HrudayCodingProjects\TribeV2WebAnalyzer\TribeV2\scout_data\horikawaCode\videos\1968.mp4
1969,awe,0.5,C:\Users\kragh\OneDrive\Documents\HrudayCodingProjects\TribeV2WebAnalyzer\TribeV2\scout_data\horikawaCode\videos\1969.mp4
1970,awe,0.4166699945926666,C:\Users\kragh\OneDrive\Documents\HrudayCodingProjects\TribeV2WebAnalyzer\TribeV2\scout_data\horikawaCode\videos\1970.mp4
1971,interest,0.583329975605011,C:\Users\kragh\OneDrive\Documents\HrudayCodingProjects\TribeV2WebAnalyzer\TribeV2\scout_data\horikawaCode\videos\1971.mp4
1972,romance,0.5,C:\Users\kragh\OneDrive\Documents\HrudayCodingProjects\TribeV2WebAnalyzer\TribeV2\scout_data\horikawaCode\videos\1972.mp4
1973,disgust,0.3333300054073334,C:\Users\kragh\OneDrive\Documents\HrudayCodingProjects\TribeV2WebAnalyzer\TribeV2\scout_data\horikawaCode\videos\1973.mp4
1974,sexual_desire,0.583329975605011,C:\Users\kragh\OneDrive\Documents\HrudayCodingProjects\TribeV2WebAnalyzer\TribeV2\scout_data\horikawaCode\videos\1974.mp4
1975,romance,0.75,C:\Users\kragh\OneDrive\Documents\HrudayCodingProjects\TribeV2WebAnalyzer\TribeV2\scout_data\horikawaCode\videos\1975.mp4
1976,amusement,0.583329975605011,C:\Users\kragh\OneDrive\Documents\HrudayCodingProjects\TribeV2WebAnalyzer\TribeV2\scout_data\horikawaCode\videos\1976.mp4
1977,disgust,0.3333300054073334,C:\Users\kragh\OneDrive\Documents\HrudayCodingProjects\TribeV2WebAnalyzer\TribeV2\scout_data\horikawaCode\videos\1977.mp4
1978,romance,0.75,C:\Users\kragh\OneDrive\Documents\HrudayCodingProjects\TribeV2WebAnalyzer\TribeV2\scout_data\horikawaCode\videos\1978.mp4
1979,anxiety,0.3333300054073334,C:\Users\kragh\OneDrive\Documents\HrudayCodingProjects\TribeV2WebAnalyzer\TribeV2\scout_data\horikawaCode\videos\1979.mp4
1980,fear,0.5,C:\Users\kragh\OneDrive\Documents\HrudayCodingProjects\TribeV2WebAnalyzer\TribeV2\scout_data\horikawaCode\videos\1980.mp4
1981,craving,0.6000000238418579,C:\Users\kragh\OneDrive\Documents\HrudayCodingProjects\TribeV2WebAnalyzer\TribeV2\scout_data\horikawaCode\videos\1981.mp4
1982,nostalgia,0.699999988079071,C:\Users\kragh\OneDrive\Documents\HrudayCodingProjects\TribeV2WebAnalyzer\TribeV2\scout_data\horikawaCode\videos\1982.mp4
1983,sexual_desire,0.800000011920929,C:\Users\kragh\OneDrive\Documents\HrudayCodingProjects\TribeV2WebAnalyzer\TribeV2\scout_data\horikawaCode\videos\1983.mp4
1984,amusement,0.20000000298023224,C:\Users\kragh\OneDrive\Documents\HrudayCodingProjects\TribeV2WebAnalyzer\TribeV2\scout_data\horikawaCode\videos\1984.mp4
1985,disgust,0.30000001192092896,C:\Users\kragh\OneDrive\Documents\HrudayCodingProjects\TribeV2WebAnalyzer\TribeV2\scout_data\horikawaCode\videos\1985.mp4
1986,aesthetic_appreciation,0.800000011920929,C:\Users\kragh\OneDrive\Documents\HrudayCodingProjects\TribeV2WebAnalyzer\TribeV2\scout_data\horikawaCode\videos\1986.mp4
1987,disgust,0.699999988079071,C:\Users\kragh\OneDrive\Documents\HrudayCodingProjects\TribeV2WebAnalyzer\TribeV2\scout_data\horikawaCode\videos\1987.mp4
1988,aesthetic_appreciation,0.6000000238418579,C:\Users\kragh\OneDrive\Documents\HrudayCodingProjects\TribeV2WebAnalyzer\TribeV2\scout_data\horikawaCode\videos\1988.mp4
1989,romance,0.6000000238418579,C:\Users\kragh\OneDrive\Documents\HrudayCodingProjects\TribeV2WebAnalyzer\TribeV2\scout_data\horikawaCode\videos\1989.mp4
1990,anxiety,0.4000000059604645,C:\Users\kragh\OneDrive\Documents\HrudayCodingProjects\TribeV2WebAnalyzer\TribeV2\scout_data\horikawaCode\videos\1990.mp4
1991,disgust,0.699999988079071,C:\Users\kragh\OneDrive\Documents\HrudayCodingProjects\TribeV2WebAnalyzer\TribeV2\scout_data\horikawaCode\videos\1991.mp4
1992,amusement,0.5,C:\Users\kragh\OneDrive\Documents\HrudayCodingProjects\TribeV2WebAnalyzer\TribeV2\scout_data\horikawaCode\videos\1992.mp4
1993,craving,0.699999988079071,C:\Users\kragh\OneDrive\Documents\HrudayCodingProjects\TribeV2WebAnalyzer\TribeV2\scout_data\horikawaCode\videos\1993.mp4
1994,adoration,0.4000000059604645,C:\Users\kragh\OneDrive\Documents\HrudayCodingProjects\TribeV2WebAnalyzer\TribeV2\scout_data\horikawaCode\videos\1994.mp4
1995,amusement,0.800000011920929,C:\Users\kragh\OneDrive\Documents\HrudayCodingProjects\TribeV2WebAnalyzer\TribeV2\scout_data\horikawaCode\videos\1995.mp4
1996,amusement,0.6000000238418579,C:\Users\kragh\OneDrive\Documents\HrudayCodingProjects\TribeV2WebAnalyzer\TribeV2\scout_data\horikawaCode\videos\1996.mp4
1997,amusement,0.4000000059604645,C:\Users\kragh\OneDrive\Documents\HrudayCodingProjects\TribeV2WebAnalyzer\TribeV2\scout_data\horikawaCode\videos\1997.mp4
1998,sexual_desire,0.6000000238418579,C:\Users\kragh\OneDrive\Documents\HrudayCodingProjects\TribeV2WebAnalyzer\TribeV2\scout_data\horikawaCode\videos\1998.mp4
1999,surprise,0.4000000059604645,C:\Users\kragh\OneDrive\Documents\HrudayCodingProjects\TribeV2WebAnalyzer\TribeV2\scout_data\horikawaCode\videos\1999.mp4
2000,amusement,0.5,C:\Users\kragh\OneDrive\Documents\HrudayCodingProjects\TribeV2WebAnalyzer\TribeV2\scout_data\horikawaCode\videos\2000.mp4
2001,amusement,0.5,C:\Users\kragh\OneDrive\Documents\HrudayCodingProjects\TribeV2WebAnalyzer\TribeV2\scout_data\horikawaCode\videos\2001.mp4
2002,joy,0.30000001192092896,C:\Users\kragh\OneDrive\Documents\HrudayCodingProjects\TribeV2WebAnalyzer\TribeV2\scout_data\horikawaCode\videos\2002.mp4
2003,interest,0.20000000298023224,C:\Users\kragh\OneDrive\Documents\HrudayCodingProjects\TribeV2WebAnalyzer\TribeV2\scout_data\horikawaCode\videos\2003.mp4
2004,disgust,0.8999999761581421,C:\Users\kragh\OneDrive\Documents\HrudayCodingProjects\TribeV2WebAnalyzer\TribeV2\scout_data\horikawaCode\videos\2004.mp4
2005,amusement,0.30000001192092896,C:\Users\kragh\OneDrive\Documents\HrudayCodingProjects\TribeV2WebAnalyzer\TribeV2\scout_data\horikawaCode\videos\2005.mp4
2006,surprise,0.5,C:\Users\kragh\OneDrive\Documents\HrudayCodingProjects\TribeV2WebAnalyzer\TribeV2\scout_data\horikawaCode\videos\2006.mp4
2007,romance,0.6000000238418579,C:\Users\kragh\OneDrive\Documents\HrudayCodingProjects\TribeV2WebAnalyzer\TribeV2\scout_data\horikawaCode\videos\2007.mp4
2008,disgust,0.5,C:\Users\kragh\OneDrive\Documents\HrudayCodingProjects\TribeV2WebAnalyzer\TribeV2\scout_data\horikawaCode\videos\2008.mp4
2009,disgust,0.6000000238418579,C:\Users\kragh\OneDrive\Documents\HrudayCodingProjects\TribeV2WebAnalyzer\TribeV2\scout_data\horikawaCode\videos\2009.mp4
2010,disgust,1.0,C:\Users\kragh\OneDrive\Documents\HrudayCodingProjects\TribeV2WebAnalyzer\TribeV2\scout_data\horikawaCode\videos\2010.mp4
2011,sadness,0.45454999804496765,C:\Users\kragh\OneDrive\Documents\HrudayCodingProjects\TribeV2WebAnalyzer\TribeV2\scout_data\horikawaCode\videos\2011.mp4
2012,disgust,0.8636400103569031,C:\Users\kragh\OneDrive\Documents\HrudayCodingProjects\TribeV2WebAnalyzer\TribeV2\scout_data\horikawaCode\videos\2012.mp4
2013,joy,0.590910017490387,C:\Users\kragh\OneDrive\Documents\HrudayCodingProjects\TribeV2WebAnalyzer\TribeV2\scout_data\horikawaCode\videos\2013.mp4
2014,confusion,0.45454999804496765,C:\Users\kragh\OneDrive\Documents\HrudayCodingProjects\TribeV2WebAnalyzer\TribeV2\scout_data\horikawaCode\videos\2014.mp4
2015,sexual_desire,0.909089982509613,C:\Users\kragh\OneDrive\Documents\HrudayCodingProjects\TribeV2WebAnalyzer\TribeV2\scout_data\horikawaCode\videos\2015.mp4
2016,disgust,0.3636400103569031,C:\Users\kragh\OneDrive\Documents\HrudayCodingProjects\TribeV2WebAnalyzer\TribeV2\scout_data\horikawaCode\videos\2016.mp4
2017,amusement,0.45454999804496765,C:\Users\kragh\OneDrive\Documents\HrudayCodingProjects\TribeV2WebAnalyzer\TribeV2\scout_data\horikawaCode\videos\2017.mp4
2018,disgust,0.95455002784729,C:\Users\kragh\OneDrive\Documents\HrudayCodingProjects\TribeV2WebAnalyzer\TribeV2\scout_data\horikawaCode\videos\2018.mp4
2019,disgust,0.8181800246238708,C:\Users\kragh\OneDrive\Documents\HrudayCodingProjects\TribeV2WebAnalyzer\TribeV2\scout_data\horikawaCode\videos\2019.mp4
2020,disgust,0.8636400103569031,C:\Users\kragh\OneDrive\Documents\HrudayCodingProjects\TribeV2WebAnalyzer\TribeV2\scout_data\horikawaCode\videos\2020.mp4
2021,excitement,0.3636400103569031,C:\Users\kragh\OneDrive\Documents\HrudayCodingProjects\TribeV2WebAnalyzer\TribeV2\scout_data\horikawaCode\videos\2021.mp4
2022,fear,0.3636400103569031,C:\Users\kragh\OneDrive\Documents\HrudayCodingProjects\TribeV2WebAnalyzer\TribeV2\scout_data\horikawaCode\videos\2022.mp4
2023,aesthetic_appreciation,0.45454999804496765,C:\Users\kragh\OneDrive\Documents\HrudayCodingProjects\TribeV2WebAnalyzer\TribeV2\scout_data\horikawaCode\videos\2023.mp4
2024,disgust,0.8181800246238708,C:\Users\kragh\OneDrive\Documents\HrudayCodingProjects\TribeV2WebAnalyzer\TribeV2\scout_data\horikawaCode\videos\2024.mp4
2025,aesthetic_appreciation,0.6363599896430969,C:\Users\kragh\OneDrive\Documents\HrudayCodingProjects\TribeV2WebAnalyzer\TribeV2\scout_data\horikawaCode\videos\2025.mp4
2026,amusement,0.5,C:\Users\kragh\OneDrive\Documents\HrudayCodingProjects\TribeV2WebAnalyzer\TribeV2\scout_data\horikawaCode\videos\2026.mp4
2027,sexual_desire,0.5,C:\Users\kragh\OneDrive\Documents\HrudayCodingProjects\TribeV2WebAnalyzer\TribeV2\scout_data\horikawaCode\videos\2027.mp4
2028,aesthetic_appreciation,0.45454999804496765,C:\Users\kragh\OneDrive\Documents\HrudayCodingProjects\TribeV2WebAnalyzer\TribeV2\scout_data\horikawaCode\videos\2028.mp4
2029,amusement,0.54544997215271,C:\Users\kragh\OneDrive\Documents\HrudayCodingProjects\TribeV2WebAnalyzer\TribeV2\scout_data\horikawaCode\videos\2029.mp4
2030,sexual_desire,0.7272700071334839,C:\Users\kragh\OneDrive\Documents\HrudayCodingProjects\TribeV2WebAnalyzer\TribeV2\scout_data\horikawaCode\videos\2030.mp4
2031,amusement,0.7272700071334839,C:\Users\kragh\OneDrive\Documents\HrudayCodingProjects\TribeV2WebAnalyzer\TribeV2\scout_data\horikawaCode\videos\2031.mp4
2032,amusement,0.6363599896430969,C:\Users\kragh\OneDrive\Documents\HrudayCodingProjects\TribeV2WebAnalyzer\TribeV2\scout_data\horikawaCode\videos\2032.mp4
2033,awe,0.3636400103569031,C:\Users\kragh\OneDrive\Documents\HrudayCodingProjects\TribeV2WebAnalyzer\TribeV2\scout_data\horikawaCode\videos\2033.mp4
2034,joy,0.7272700071334839,C:\Users\kragh\OneDrive\Documents\HrudayCodingProjects\TribeV2WebAnalyzer\TribeV2\scout_data\horikawaCode\videos\2034.mp4
2035,sadness,0.6363599896430969,C:\Users\kragh\OneDrive\Documents\HrudayCodingProjects\TribeV2WebAnalyzer\TribeV2\scout_data\horikawaCode\videos\2035.mp4
2036,disgust,0.3636400103569031,C:\Users\kragh\OneDrive\Documents\HrudayCodingProjects\TribeV2WebAnalyzer\TribeV2\scout_data\horikawaCode\videos\2036.mp4
2037,sexual_desire,0.45454999804496765,C:\Users\kragh\OneDrive\Documents\HrudayCodingProjects\TribeV2WebAnalyzer\TribeV2\scout_data\horikawaCode\videos\2037.mp4
2038,amusement,0.3636400103569031,C:\Users\kragh\OneDrive\Documents\HrudayCodingProjects\TribeV2WebAnalyzer\TribeV2\scout_data\horikawaCode\videos\2038.mp4
2039,amusement,0.7727299928665161,C:\Users\kragh\OneDrive\Documents\HrudayCodingProjects\TribeV2WebAnalyzer\TribeV2\scout_data\horikawaCode\videos\2039.mp4
2040,awe,0.5,C:\Users\kragh\OneDrive\Documents\HrudayCodingProjects\TribeV2WebAnalyzer\TribeV2\scout_data\horikawaCode\videos\2040.mp4
2041,entrancement,0.6363599896430969,C:\Users\kragh\OneDrive\Documents\HrudayCodingProjects\TribeV2WebAnalyzer\TribeV2\scout_data\horikawaCode\videos\2041.mp4
2042,amusement,0.6818199753761292,C:\Users\kragh\OneDrive\Documents\HrudayCodingProjects\TribeV2WebAnalyzer\TribeV2\scout_data\horikawaCode\videos\2042.mp4
2043,awe,0.3636400103569031,C:\Users\kragh\OneDrive\Documents\HrudayCodingProjects\TribeV2WebAnalyzer\TribeV2\scout_data\horikawaCode\videos\2043.mp4
2044,nostalgia,0.5,C:\Users\kragh\OneDrive\Documents\HrudayCodingProjects\TribeV2WebAnalyzer\TribeV2\scout_data\horikawaCode\videos\2044.mp4
2045,surprise,0.4090900123119354,C:\Users\kragh\OneDrive\Documents\HrudayCodingProjects\TribeV2WebAnalyzer\TribeV2\scout_data\horikawaCode\videos\2045.mp4
2046,amusement,0.31817999482154846,C:\Users\kragh\OneDrive\Documents\HrudayCodingProjects\TribeV2WebAnalyzer\TribeV2\scout_data\horikawaCode\videos\2046.mp4
2047,disgust,0.31817999482154846,C:\Users\kragh\OneDrive\Documents\HrudayCodingProjects\TribeV2WebAnalyzer\TribeV2\scout_data\horikawaCode\videos\2047.mp4
2048,disgust,0.7272700071334839,C:\Users\kragh\OneDrive\Documents\HrudayCodingProjects\TribeV2WebAnalyzer\TribeV2\scout_data\horikawaCode\videos\2048.mp4
2049,anger,0.2727299928665161,C:\Users\kragh\OneDrive\Documents\HrudayCodingProjects\TribeV2WebAnalyzer\TribeV2\scout_data\horikawaCode\videos\2049.mp4
2050,amusement,0.54544997215271,C:\Users\kragh\OneDrive\Documents\HrudayCodingProjects\TribeV2WebAnalyzer\TribeV2\scout_data\horikawaCode\videos\2050.mp4
2051,amusement,0.54544997215271,C:\Users\kragh\OneDrive\Documents\HrudayCodingProjects\TribeV2WebAnalyzer\TribeV2\scout_data\horikawaCode\videos\2051.mp4
2052,anxiety,0.3636400103569031,C:\Users\kragh\OneDrive\Documents\HrudayCodingProjects\TribeV2WebAnalyzer\TribeV2\scout_data\horikawaCode\videos\2052.mp4
2053,sexual_desire,0.909089982509613,C:\Users\kragh\OneDrive\Documents\HrudayCodingProjects\TribeV2WebAnalyzer\TribeV2\scout_data\horikawaCode\videos\2053.mp4
2054,amusement,0.3636400103569031,C:\Users\kragh\OneDrive\Documents\HrudayCodingProjects\TribeV2WebAnalyzer\TribeV2\scout_data\horikawaCode\videos\2054.mp4
2055,sexual_desire,0.6363599896430969,C:\Users\kragh\OneDrive\Documents\HrudayCodingProjects\TribeV2WebAnalyzer\TribeV2\scout_data\horikawaCode\videos\2055.mp4
2056,nostalgia,0.8181800246238708,C:\Users\kragh\OneDrive\Documents\HrudayCodingProjects\TribeV2WebAnalyzer\TribeV2\scout_data\horikawaCode\videos\2056.mp4
2057,joy,0.2727299928665161,C:\Users\kragh\OneDrive\Documents\HrudayCodingProjects\TribeV2WebAnalyzer\TribeV2\scout_data\horikawaCode\videos\2057.mp4
2058,horror,0.45454999804496765,C:\Users\kragh\OneDrive\Documents\HrudayCodingProjects\TribeV2WebAnalyzer\TribeV2\scout_data\horikawaCode\videos\2058.mp4
2059,amusement,0.45454999804496765,C:\Users\kragh\OneDrive\Documents\HrudayCodingProjects\TribeV2WebAnalyzer\TribeV2\scout_data\horikawaCode\videos\2059.mp4
2060,nostalgia,0.6363599896430969,C:\Users\kragh\OneDrive\Documents\HrudayCodingProjects\TribeV2WebAnalyzer\TribeV2\scout_data\horikawaCode\videos\2060.mp4
2061,amusement,0.8181800246238708,C:\Users\kragh\OneDrive\Documents\HrudayCodingProjects\TribeV2WebAnalyzer\TribeV2\scout_data\horikawaCode\videos\2061.mp4
2062,disgust,0.6363599896430969,C:\Users\kragh\OneDrive\Documents\HrudayCodingProjects\TribeV2WebAnalyzer\TribeV2\scout_data\horikawaCode\videos\2062.mp4
2063,sexual_desire,1.0,C:\Users\kragh\OneDrive\Documents\HrudayCodingProjects\TribeV2WebAnalyzer\TribeV2\scout_data\horikawaCode\videos\2063.mp4
2064,amusement,0.6363599896430969,C:\Users\kragh\OneDrive\Documents\HrudayCodingProjects\TribeV2WebAnalyzer\TribeV2\scout_data\horikawaCode\videos\2064.mp4
2065,aesthetic_appreciation,0.45454999804496765,C:\Users\kragh\OneDrive\Documents\HrudayCodingProjects\TribeV2WebAnalyzer\TribeV2\scout_data\horikawaCode\videos\2065.mp4
2066,anger,0.3636400103569031,C:\Users\kragh\OneDrive\Documents\HrudayCodingProjects\TribeV2WebAnalyzer\TribeV2\scout_data\horikawaCode\videos\2066.mp4
2067,fear,0.3636400103569031,C:\Users\kragh\OneDrive\Documents\HrudayCodingProjects\TribeV2WebAnalyzer\TribeV2\scout_data\horikawaCode\videos\2067.mp4
2068,interest,0.3636400103569031,C:\Users\kragh\OneDrive\Documents\HrudayCodingProjects\TribeV2WebAnalyzer\TribeV2\scout_data\horikawaCode\videos\2068.mp4
2069,fear,0.45454999804496765,C:\Users\kragh\OneDrive\Documents\HrudayCodingProjects\TribeV2WebAnalyzer\TribeV2\scout_data\horikawaCode\videos\2069.mp4
2070,interest,0.54544997215271,C:\Users\kragh\OneDrive\Documents\HrudayCodingProjects\TribeV2WebAnalyzer\TribeV2\scout_data\horikawaCode\videos\2070.mp4
2071,amusement,0.75,C:\Users\kragh\OneDrive\Documents\HrudayCodingProjects\TribeV2WebAnalyzer\TribeV2\scout_data\horikawaCode\videos\2071.mp4
2072,amusement,0.833329975605011,C:\Users\kragh\OneDrive\Documents\HrudayCodingProjects\TribeV2WebAnalyzer\TribeV2\scout_data\horikawaCode\videos\2072.mp4
2073,fear,0.4166699945926666,C:\Users\kragh\OneDrive\Documents\HrudayCodingProjects\TribeV2WebAnalyzer\TribeV2\scout_data\horikawaCode\videos\2073.mp4
2074,sexual_desire,1.0,C:\Users\kragh\OneDrive\Documents\HrudayCodingProjects\TribeV2WebAnalyzer\TribeV2\scout_data\horikawaCode\videos\2074.mp4
2075,aesthetic_appreciation,0.583329975605011,C:\Users\kragh\OneDrive\Documents\HrudayCodingProjects\TribeV2WebAnalyzer\TribeV2\scout_data\horikawaCode\videos\2075.mp4
2076,amusement,0.5,C:\Users\kragh\OneDrive\Documents\HrudayCodingProjects\TribeV2WebAnalyzer\TribeV2\scout_data\horikawaCode\videos\2076.mp4
2077,amusement,0.5,C:\Users\kragh\OneDrive\Documents\HrudayCodingProjects\TribeV2WebAnalyzer\TribeV2\scout_data\horikawaCode\videos\2077.mp4
2078,excitement,0.5,C:\Users\kragh\OneDrive\Documents\HrudayCodingProjects\TribeV2WebAnalyzer\TribeV2\scout_data\horikawaCode\videos\2078.mp4
2079,aesthetic_appreciation,0.666670024394989,C:\Users\kragh\OneDrive\Documents\HrudayCodingProjects\TribeV2WebAnalyzer\TribeV2\scout_data\horikawaCode\videos\2079.mp4
2080,empathic_pain,0.833329975605011,C:\Users\kragh\OneDrive\Documents\HrudayCodingProjects\TribeV2WebAnalyzer\TribeV2\scout_data\horikawaCode\videos\2080.mp4
2081,disgust,0.583329975605011,C:\Users\kragh\OneDrive\Documents\HrudayCodingProjects\TribeV2WebAnalyzer\TribeV2\scout_data\horikawaCode\videos\2081.mp4
2082,aesthetic_appreciation,0.75,C:\Users\kragh\OneDrive\Documents\HrudayCodingProjects\TribeV2WebAnalyzer\TribeV2\scout_data\horikawaCode\videos\2082.mp4
2083,amusement,0.833329975605011,C:\Users\kragh\OneDrive\Documents\HrudayCodingProjects\TribeV2WebAnalyzer\TribeV2\scout_data\horikawaCode\videos\2083.mp4
2084,empathic_pain,0.4166699945926666,C:\Users\kragh\OneDrive\Documents\HrudayCodingProjects\TribeV2WebAnalyzer\TribeV2\scout_data\horikawaCode\videos\2084.mp4
2085,amusement,0.583329975605011,C:\Users\kragh\OneDrive\Documents\HrudayCodingProjects\TribeV2WebAnalyzer\TribeV2\scout_data\horikawaCode\videos\2085.mp4
2086,confusion,0.666670024394989,C:\Users\kragh\OneDrive\Documents\HrudayCodingProjects\TribeV2WebAnalyzer\TribeV2\scout_data\horikawaCode\videos\2086.mp4
2087,excitement,0.3333300054073334,C:\Users\kragh\OneDrive\Documents\HrudayCodingProjects\TribeV2WebAnalyzer\TribeV2\scout_data\horikawaCode\videos\2087.mp4
2088,nostalgia,0.583329975605011,C:\Users\kragh\OneDrive\Documents\HrudayCodingProjects\TribeV2WebAnalyzer\TribeV2\scout_data\horikawaCode\videos\2088.mp4
2089,sexual_desire,0.916670024394989,C:\Users\kragh\OneDrive\Documents\HrudayCodingProjects\TribeV2WebAnalyzer\TribeV2\scout_data\horikawaCode\videos\2089.mp4
2090,satisfaction,0.583329975605011,C:\Users\kragh\OneDrive\Documents\HrudayCodingProjects\TribeV2WebAnalyzer\TribeV2\scout_data\horikawaCode\videos\2090.mp4
2091,fear,0.666670024394989,C:\Users\kragh\OneDrive\Documents\HrudayCodingProjects\TribeV2WebAnalyzer\TribeV2\scout_data\horikawaCode\videos\2091.mp4
2092,excitement,0.3333300054073334,C:\Users\kragh\OneDrive\Documents\HrudayCodingProjects\TribeV2WebAnalyzer\TribeV2\scout_data\horikawaCode\videos\2092.mp4
2093,nostalgia,0.4166699945926666,C:\Users\kragh\OneDrive\Documents\HrudayCodingProjects\TribeV2WebAnalyzer\TribeV2\scout_data\horikawaCode\videos\2093.mp4
2094,amusement,0.5,C:\Users\kragh\OneDrive\Documents\HrudayCodingProjects\TribeV2WebAnalyzer\TribeV2\scout_data\horikawaCode\videos\2094.mp4
2095,craving,0.5,C:\Users\kragh\OneDrive\Documents\HrudayCodingProjects\TribeV2WebAnalyzer\TribeV2\scout_data\horikawaCode\videos\2095.mp4
2096,adoration,0.3333300054073334,C:\Users\kragh\OneDrive\Documents\HrudayCodingProjects\TribeV2WebAnalyzer\TribeV2\scout_data\horikawaCode\videos\2096.mp4
2097,excitement,0.4166699945926666,C:\Users\kragh\OneDrive\Documents\HrudayCodingProjects\TribeV2WebAnalyzer\TribeV2\scout_data\horikawaCode\videos\2097.mp4
2098,romance,0.666670024394989,C:\Users\kragh\OneDrive\Documents\HrudayCodingProjects\TribeV2WebAnalyzer\TribeV2\scout_data\horikawaCode\videos\2098.mp4
2099,aesthetic_appreciation,0.4166699945926666,C:\Users\kragh\OneDrive\Documents\HrudayCodingProjects\TribeV2WebAnalyzer\TribeV2\scout_data\horikawaCode\videos\2099.mp4
2100,amusement,0.666670024394989,C:\Users\kragh\OneDrive\Documents\HrudayCodingProjects\TribeV2WebAnalyzer\TribeV2\scout_data\horikawaCode\videos\2100.mp4
2101,boredom,0.2727299928665161,C:\Users\kragh\OneDrive\Documents\HrudayCodingProjects\TribeV2WebAnalyzer\TribeV2\scout_data\horikawaCode\videos\2101.mp4
2102,adoration,0.54544997215271,C:\Users\kragh\OneDrive\Documents\HrudayCodingProjects\TribeV2WebAnalyzer\TribeV2\scout_data\horikawaCode\videos\2102.mp4
2103,awe,0.54544997215271,C:\Users\kragh\OneDrive\Documents\HrudayCodingProjects\TribeV2WebAnalyzer\TribeV2\scout_data\horikawaCode\videos\2103.mp4
2104,amusement,0.3636400103569031,C:\Users\kragh\OneDrive\Documents\HrudayCodingProjects\TribeV2WebAnalyzer\TribeV2\scout_data\horikawaCode\videos\2104.mp4
2105,entrancement,0.45454999804496765,C:\Users\kragh\OneDrive\Documents\HrudayCodingProjects\TribeV2WebAnalyzer\TribeV2\scout_data\horikawaCode\videos\2105.mp4
2106,disgust,0.8181800246238708,C:\Users\kragh\OneDrive\Documents\HrudayCodingProjects\TribeV2WebAnalyzer\TribeV2\scout_data\horikawaCode\videos\2106.mp4
2107,craving,0.7272700071334839,C:\Users\kragh\OneDrive\Documents\HrudayCodingProjects\TribeV2WebAnalyzer\TribeV2\scout_data\horikawaCode\videos\2107.mp4
2108,awe,0.54544997215271,C:\Users\kragh\OneDrive\Documents\HrudayCodingProjects\TribeV2WebAnalyzer\TribeV2\scout_data\horikawaCode\videos\2108.mp4
2109,empathic_pain,0.54544997215271,C:\Users\kragh\OneDrive\Documents\HrudayCodingProjects\TribeV2WebAnalyzer\TribeV2\scout_data\horikawaCode\videos\2109.mp4
2110,sexual_desire,0.7272700071334839,C:\Users\kragh\OneDrive\Documents\HrudayCodingProjects\TribeV2WebAnalyzer\TribeV2\scout_data\horikawaCode\videos\2110.mp4
2111,amusement,0.8181800246238708,C:\Users\kragh\OneDrive\Documents\HrudayCodingProjects\TribeV2WebAnalyzer\TribeV2\scout_data\horikawaCode\videos\2111.mp4
2112,amusement,0.45454999804496765,C:\Users\kragh\OneDrive\Documents\HrudayCodingProjects\TribeV2WebAnalyzer\TribeV2\scout_data\horikawaCode\videos\2112.mp4
2113,amusement,0.7272700071334839,C:\Users\kragh\OneDrive\Documents\HrudayCodingProjects\TribeV2WebAnalyzer\TribeV2\scout_data\horikawaCode\videos\2113.mp4
2114,amusement,0.6363599896430969,C:\Users\kragh\OneDrive\Documents\HrudayCodingProjects\TribeV2WebAnalyzer\TribeV2\scout_data\horikawaCode\videos\2114.mp4
2115,empathic_pain,0.45454999804496765,C:\Users\kragh\OneDrive\Documents\HrudayCodingProjects\TribeV2WebAnalyzer\TribeV2\scout_data\horikawaCode\videos\2115.mp4
2116,disgust,0.8181800246238708,C:\Users\kragh\OneDrive\Documents\HrudayCodingProjects\TribeV2WebAnalyzer\TribeV2\scout_data\horikawaCode\videos\2116.mp4
2117,adoration,0.45454999804496765,C:\Users\kragh\OneDrive\Documents\HrudayCodingProjects\TribeV2WebAnalyzer\TribeV2\scout_data\horikawaCode\videos\2117.mp4
2118,adoration,0.45454999804496765,C:\Users\kragh\OneDrive\Documents\HrudayCodingProjects\TribeV2WebAnalyzer\TribeV2\scout_data\horikawaCode\videos\2118.mp4
2119,sadness,0.54544997215271,C:\Users\kragh\OneDrive\Documents\HrudayCodingProjects\TribeV2WebAnalyzer\TribeV2\scout_data\horikawaCode\videos\2119.mp4
2120,relief,0.6363599896430969,C:\Users\kragh\OneDrive\Documents\HrudayCodingProjects\TribeV2WebAnalyzer\TribeV2\scout_data\horikawaCode\videos\2120.mp4
2121,anxiety,0.6363599896430969,C:\Users\kragh\OneDrive\Documents\HrudayCodingProjects\TribeV2WebAnalyzer\TribeV2\scout_data\horikawaCode\videos\2121.mp4
2122,disgust,0.7272700071334839,C:\Users\kragh\OneDrive\Documents\HrudayCodingProjects\TribeV2WebAnalyzer\TribeV2\scout_data\horikawaCode\videos\2122.mp4
2123,disgust,0.45454999804496765,C:\Users\kragh\OneDrive\Documents\HrudayCodingProjects\TribeV2WebAnalyzer\TribeV2\scout_data\horikawaCode\videos\2123.mp4
2124,surprise,0.45454999804496765,C:\Users\kragh\OneDrive\Documents\HrudayCodingProjects\TribeV2WebAnalyzer\TribeV2\scout_data\horikawaCode\videos\2124.mp4
2125,amusement,0.45454999804496765,C:\Users\kragh\OneDrive\Documents\HrudayCodingProjects\TribeV2WebAnalyzer\TribeV2\scout_data\horikawaCode\videos\2125.mp4
2126,entrancement,0.45454999804496765,C:\Users\kragh\OneDrive\Documents\HrudayCodingProjects\TribeV2WebAnalyzer\TribeV2\scout_data\horikawaCode\videos\2126.mp4
2127,amusement,0.7272700071334839,C:\Users\kragh\OneDrive\Documents\HrudayCodingProjects\TribeV2WebAnalyzer\TribeV2\scout_data\horikawaCode\videos\2127.mp4
2128,entrancement,0.45454999804496765,C:\Users\kragh\OneDrive\Documents\HrudayCodingProjects\TribeV2WebAnalyzer\TribeV2\scout_data\horikawaCode\videos\2128.mp4
2129,romance,0.8181800246238708,C:\Users\kragh\OneDrive\Documents\HrudayCodingProjects\TribeV2WebAnalyzer\TribeV2\scout_data\horikawaCode\videos\2129.mp4
2130,relief,0.45454999804496765,C:\Users\kragh\OneDrive\Documents\HrudayCodingProjects\TribeV2WebAnalyzer\TribeV2\scout_data\horikawaCode\videos\2130.mp4
2131,amusement,0.5,C:\Users\kragh\OneDrive\Documents\HrudayCodingProjects\TribeV2WebAnalyzer\TribeV2\scout_data\horikawaCode\videos\2131.mp4
2132,confusion,0.4000000059604645,C:\Users\kragh\OneDrive\Documents\HrudayCodingProjects\TribeV2WebAnalyzer\TribeV2\scout_data\horikawaCode\videos\2132.mp4
2133,sexual_desire,0.666670024394989,C:\Users\kragh\OneDrive\Documents\HrudayCodingProjects\TribeV2WebAnalyzer\TribeV2\scout_data\horikawaCode\videos\2133.mp4
2134,amusement,0.666670024394989,C:\Users\kragh\OneDrive\Documents\HrudayCodingProjects\TribeV2WebAnalyzer\TribeV2\scout_data\horikawaCode\videos\2134.mp4
2135,surprise,0.36667001247406006,C:\Users\kragh\OneDrive\Documents\HrudayCodingProjects\TribeV2WebAnalyzer\TribeV2\scout_data\horikawaCode\videos\2135.mp4
2136,sympathy,0.36667001247406006,C:\Users\kragh\OneDrive\Documents\HrudayCodingProjects\TribeV2WebAnalyzer\TribeV2\scout_data\horikawaCode\videos\2136.mp4
2137,amusement,0.36667001247406006,C:\Users\kragh\OneDrive\Documents\HrudayCodingProjects\TribeV2WebAnalyzer\TribeV2\scout_data\horikawaCode\videos\2137.mp4
2138,joy,0.5,C:\Users\kragh\OneDrive\Documents\HrudayCodingProjects\TribeV2WebAnalyzer\TribeV2\scout_data\horikawaCode\videos\2138.mp4
2139,disgust,0.7666699886322021,C:\Users\kragh\OneDrive\Documents\HrudayCodingProjects\TribeV2WebAnalyzer\TribeV2\scout_data\horikawaCode\videos\2139.mp4
2140,entrancement,0.26666998863220215,C:\Users\kragh\OneDrive\Documents\HrudayCodingProjects\TribeV2WebAnalyzer\TribeV2\scout_data\horikawaCode\videos\2140.mp4
2141,disgust,0.5666700005531311,C:\Users\kragh\OneDrive\Documents\HrudayCodingProjects\TribeV2WebAnalyzer\TribeV2\scout_data\horikawaCode\videos\2141.mp4
2142,disgust,0.26666998863220215,C:\Users\kragh\OneDrive\Documents\HrudayCodingProjects\TribeV2WebAnalyzer\TribeV2\scout_data\horikawaCode\videos\2142.mp4
2143,craving,0.4000000059604645,C:\Users\kragh\OneDrive\Documents\HrudayCodingProjects\TribeV2WebAnalyzer\TribeV2\scout_data\horikawaCode\videos\2143.mp4
2144,sadness,0.36667001247406006,C:\Users\kragh\OneDrive\Documents\HrudayCodingProjects\TribeV2WebAnalyzer\TribeV2\scout_data\horikawaCode\videos\2144.mp4
2145,awe,0.26666998863220215,C:\Users\kragh\OneDrive\Documents\HrudayCodingProjects\TribeV2WebAnalyzer\TribeV2\scout_data\horikawaCode\videos\2145.mp4
2146,amusement,0.7333300113677979,C:\Users\kragh\OneDrive\Documents\HrudayCodingProjects\TribeV2WebAnalyzer\TribeV2\scout_data\horikawaCode\videos\2146.mp4
2147,disgust,0.9333299994468689,C:\Users\kragh\OneDrive\Documents\HrudayCodingProjects\TribeV2WebAnalyzer\TribeV2\scout_data\horikawaCode\videos\2147.mp4
2148,sadness,0.6000000238418579,C:\Users\kragh\OneDrive\Documents\HrudayCodingProjects\TribeV2WebAnalyzer\TribeV2\scout_data\horikawaCode\videos\2148.mp4
2149,craving,0.7333300113677979,C:\Users\kragh\OneDrive\Documents\HrudayCodingProjects\TribeV2WebAnalyzer\TribeV2\scout_data\horikawaCode\videos\2149.mp4
2150,craving,0.4000000059604645,C:\Users\kragh\OneDrive\Documents\HrudayCodingProjects\TribeV2WebAnalyzer\TribeV2\scout_data\horikawaCode\videos\2150.mp4
2151,disgust,0.5666700005531311,C:\Users\kragh\OneDrive\Documents\HrudayCodingProjects\TribeV2WebAnalyzer\TribeV2\scout_data\horikawaCode\videos\2151.mp4
2152,disgust,0.8666700124740601,C:\Users\kragh\OneDrive\Documents\HrudayCodingProjects\TribeV2WebAnalyzer\TribeV2\scout_data\horikawaCode\videos\2152.mp4
2153,confusion,0.4333299994468689,C:\Users\kragh\OneDrive\Documents\HrudayCodingProjects\TribeV2WebAnalyzer\TribeV2\scout_data\horikawaCode\videos\2153.mp4
2154,surprise,0.3333300054073334,C:\Users\kragh\OneDrive\Documents\HrudayCodingProjects\TribeV2WebAnalyzer\TribeV2\scout_data\horikawaCode\videos\2154.mp4
2155,disgust,0.5,C:\Users\kragh\OneDrive\Documents\HrudayCodingProjects\TribeV2WebAnalyzer\TribeV2\scout_data\horikawaCode\videos\2155.mp4
2156,surprise,0.5,C:\Users\kragh\OneDrive\Documents\HrudayCodingProjects\TribeV2WebAnalyzer\TribeV2\scout_data\horikawaCode\videos\2156.mp4
2157,disgust,0.666670024394989,C:\Users\kragh\OneDrive\Documents\HrudayCodingProjects\TribeV2WebAnalyzer\TribeV2\scout_data\horikawaCode\videos\2157.mp4
2158,amusement,0.36667001247406006,C:\Users\kragh\OneDrive\Documents\HrudayCodingProjects\TribeV2WebAnalyzer\TribeV2\scout_data\horikawaCode\videos\2158.mp4
2159,empathic_pain,0.3333300054073334,C:\Users\kragh\OneDrive\Documents\HrudayCodingProjects\TribeV2WebAnalyzer\TribeV2\scout_data\horikawaCode\videos\2159.mp4
2160,confusion,0.4000000059604645,C:\Users\kragh\OneDrive\Documents\HrudayCodingProjects\TribeV2WebAnalyzer\TribeV2\scout_data\horikawaCode\videos\2160.mp4
2161,fear,0.3333300054073334,C:\Users\kragh\OneDrive\Documents\HrudayCodingProjects\TribeV2WebAnalyzer\TribeV2\scout_data\horikawaCode\videos\2161.mp4
2162,fear,0.4166699945926666,C:\Users\kragh\OneDrive\Documents\HrudayCodingProjects\TribeV2WebAnalyzer\TribeV2\scout_data\horikawaCode\videos\2162.mp4
2163,aesthetic_appreciation,0.666670024394989,C:\Users\kragh\OneDrive\Documents\HrudayCodingProjects\TribeV2WebAnalyzer\TribeV2\scout_data\horikawaCode\videos\2163.mp4
2164,surprise,0.3333300054073334,C:\Users\kragh\OneDrive\Documents\HrudayCodingProjects\TribeV2WebAnalyzer\TribeV2\scout_data\horikawaCode\videos\2164.mp4
2165,surprise,0.25,C:\Users\kragh\OneDrive\Documents\HrudayCodingProjects\TribeV2WebAnalyzer\TribeV2\scout_data\horikawaCode\videos\2165.mp4
2166,amusement,0.5,C:\Users\kragh\OneDrive\Documents\HrudayCodingProjects\TribeV2WebAnalyzer\TribeV2\scout_data\horikawaCode\videos\2166.mp4
2167,sexual_desire,0.916670024394989,C:\Users\kragh\OneDrive\Documents\HrudayCodingProjects\TribeV2WebAnalyzer\TribeV2\scout_data\horikawaCode\videos\2167.mp4
2168,fear,0.583329975605011,C:\Users\kragh\OneDrive\Documents\HrudayCodingProjects\TribeV2WebAnalyzer\TribeV2\scout_data\horikawaCode\videos\2168.mp4
2169,disgust,0.75,C:\Users\kragh\OneDrive\Documents\HrudayCodingProjects\TribeV2WebAnalyzer\TribeV2\scout_data\horikawaCode\videos\2169.mp4
2170,sexual_desire,0.75,C:\Users\kragh\OneDrive\Documents\HrudayCodingProjects\TribeV2WebAnalyzer\TribeV2\scout_data\horikawaCode\videos\2170.mp4
2171,amusement,0.5,C:\Users\kragh\OneDrive\Documents\HrudayCodingProjects\TribeV2WebAnalyzer\TribeV2\scout_data\horikawaCode\videos\2171.mp4
2172,aesthetic_appreciation,0.5,C:\Users\kragh\OneDrive\Documents\HrudayCodingProjects\TribeV2WebAnalyzer\TribeV2\scout_data\horikawaCode\videos\2172.mp4
2173,amusement,0.375,C:\Users\kragh\OneDrive\Documents\HrudayCodingProjects\TribeV2WebAnalyzer\TribeV2\scout_data\horikawaCode\videos\2173.mp4
2174,aesthetic_appreciation,0.25,C:\Users\kragh\OneDrive\Documents\HrudayCodingProjects\TribeV2WebAnalyzer\TribeV2\scout_data\horikawaCode\videos\2174.mp4
2175,amusement,0.5,C:\Users\kragh\OneDrive\Documents\HrudayCodingProjects\TribeV2WebAnalyzer\TribeV2\scout_data\horikawaCode\videos\2175.mp4
2176,aesthetic_appreciation,0.5,C:\Users\kragh\OneDrive\Documents\HrudayCodingProjects\TribeV2WebAnalyzer\TribeV2\scout_data\horikawaCode\videos\2176.mp4
2177,disgust,0.5,C:\Users\kragh\OneDrive\Documents\HrudayCodingProjects\TribeV2WebAnalyzer\TribeV2\scout_data\horikawaCode\videos\2177.mp4
2178,confusion,0.3333300054073334,C:\Users\kragh\OneDrive\Documents\HrudayCodingProjects\TribeV2WebAnalyzer\TribeV2\scout_data\horikawaCode\videos\2178.mp4
2179,amusement,0.833329975605011,C:\Users\kragh\OneDrive\Documents\HrudayCodingProjects\TribeV2WebAnalyzer\TribeV2\scout_data\horikawaCode\videos\2179.mp4
2180,sexual_desire,0.833329975605011,C:\Users\kragh\OneDrive\Documents\HrudayCodingProjects\TribeV2WebAnalyzer\TribeV2\scout_data\horikawaCode\videos\2180.mp4
2181,aesthetic_appreciation,0.75,C:\Users\kragh\OneDrive\Documents\HrudayCodingProjects\TribeV2WebAnalyzer\TribeV2\scout_data\horikawaCode\videos\2181.mp4
2182,amusement,0.666670024394989,C:\Users\kragh\OneDrive\Documents\HrudayCodingProjects\TribeV2WebAnalyzer\TribeV2\scout_data\horikawaCode\videos\2182.mp4
2183,sadness,0.541670024394989,C:\Users\kragh\OneDrive\Documents\HrudayCodingProjects\TribeV2WebAnalyzer\TribeV2\scout_data\horikawaCode\videos\2183.mp4
2184,amusement,0.5,C:\Users\kragh\OneDrive\Documents\HrudayCodingProjects\TribeV2WebAnalyzer\TribeV2\scout_data\horikawaCode\videos\2184.mp4
2185,awe,0.3333300054073334,C:\Users\kragh\OneDrive\Documents\HrudayCodingProjects\TribeV2WebAnalyzer\TribeV2\scout_data\horikawaCode\videos\2185.mp4
2186,interest,0.4166699945926666,C:\Users\kragh\OneDrive\Documents\HrudayCodingProjects\TribeV2WebAnalyzer\TribeV2\scout_data\horikawaCode\videos\2186.mp4
2187,nostalgia,0.5,C:\Users\kragh\OneDrive\Documents\HrudayCodingProjects\TribeV2WebAnalyzer\TribeV2\scout_data\horikawaCode\videos\2187.mp4
2188,amusement,0.666670024394989,C:\Users\kragh\OneDrive\Documents\HrudayCodingProjects\TribeV2WebAnalyzer\TribeV2\scout_data\horikawaCode\videos\2188.mp4
2189,amusement,0.75,C:\Users\kragh\OneDrive\Documents\HrudayCodingProjects\TribeV2WebAnalyzer\TribeV2\scout_data\horikawaCode\videos\2189.mp4
2190,confusion,0.4166699945926666,C:\Users\kragh\OneDrive\Documents\HrudayCodingProjects\TribeV2WebAnalyzer\TribeV2\scout_data\horikawaCode\videos\2190.mp4
2191,nostalgia,0.666670024394989,C:\Users\kragh\OneDrive\Documents\HrudayCodingProjects\TribeV2WebAnalyzer\TribeV2\scout_data\horikawaCode\videos\2191.mp4
2192,aesthetic_appreciation,0.4166699945926666,C:\Users\kragh\OneDrive\Documents\HrudayCodingProjects\TribeV2WebAnalyzer\TribeV2\scout_data\horikawaCode\videos\2192.mp4
2193,aesthetic_appreciation,0.666670024394989,C:\Users\kragh\OneDrive\Documents\HrudayCodingProjects\TribeV2WebAnalyzer\TribeV2\scout_data\horikawaCode\videos\2193.mp4
2194,sadness,0.666670024394989,C:\Users\kragh\OneDrive\Documents\HrudayCodingProjects\TribeV2WebAnalyzer\TribeV2\scout_data\horikawaCode\videos\2194.mp4
2195,sexual_desire,0.916670024394989,C:\Users\kragh\OneDrive\Documents\HrudayCodingProjects\TribeV2WebAnalyzer\TribeV2\scout_data\horikawaCode\videos\2195.mp4
2196,amusement,0.5,C:\Users\kragh\OneDrive\Documents\HrudayCodingProjects\TribeV2WebAnalyzer\TribeV2\scout_data\horikawaCode\videos\2196.mp4
