vertex_index,parcel_id,parcel_label,yeo_network_id,yeo_network_name,hemisphere
0,1,demo_parcel_1,1,Vis,lh
1,1,demo_parcel_1,1,Vis,lh
2,1,demo_parcel_1,1,Vis,lh
3,1,demo_parcel_1,1,Vis,lh
4,1,demo_parcel_1,1,Vis,lh
5,1,demo_parcel_1,1,Vis,lh
6,1,demo_parcel_1,1,Vis,lh
7,1,demo_parcel_1,1,Vis,lh
8,1,demo_parcel_1,1,Vis,lh
9,1,demo_parcel_1,1,Vis,lh
10,1,demo_parcel_1,1,Vis,lh
11,1,demo_parcel_1,1,Vis,lh
12,1,demo_parcel_1,1,Vis,lh
13,1,demo_parcel_1,1,Vis,lh
14,1,demo_parcel_1,1,Vis,lh
15,1,demo_parcel_1,1,Vis,lh
16,1,demo_parcel_1,1,Vis,lh
17,1,demo_parcel_1,1,Vis,lh
18,1,demo_parcel_1,1,Vis,lh
19,1,demo_parcel_1,1,Vis,lh
20,1,demo_parcel_1,1,Vis,lh
21,1,demo_parcel_1,1,Vis,lh
22,1,demo_parcel_1,1,Vis,lh
23,1,demo_parcel_1,1,Vis,lh
24,1,demo_parcel_1,1,Vis,lh
25,1,demo_parcel_1,1,Vis,lh
26,1,demo_parcel_1,1,Vis,lh
27,1,demo_parcel_1,1,Vis,lh
28,1,demo_parcel_1,1,Vis,lh
29,1,demo_parcel_1,1,Vis,lh
30,1,demo_parcel_1,1,Vis,lh
31,1,demo_parcel_1,1,Vis,lh
32,1,demo_parcel_1,1,Vis,lh
33,1,demo_parcel_1,1,Vis,lh
34,1,demo_parcel_1,1,Vis,lh
35,1,demo_parcel_1,1,Vis,lh
36,1,demo_parcel_1,1,Vis,lh
37,1,demo_parcel_1,1,Vis,lh
38,1,demo_parcel_1,1,Vis,lh
39,1,demo_parcel_1,1,Vis,lh
40,1,demo_parcel_1,1,Vis,lh
41,1,demo_parcel_1,1,Vis,lh
42,1,demo_parcel_1,1,Vis,lh
43,1,demo_parcel_1,1,Vis,lh
44,1,demo_parcel_1,1,Vis,lh
45,1,demo_parcel_1,1,Vis,lh
46,1,demo_parcel_1,1,Vis,lh
47,1,demo_parcel_1,1,Vis,lh
48,1,demo_parcel_1,1,Vis,lh
49,1,demo_parcel_1,1,Vis,lh
50,1,demo_parcel_1,1,Vis,lh
51,1,demo_parcel_1,1,Vis,lh
52,2,demo_parcel_2,2,SomMot,lh
53,2,demo_parcel_2,2,SomMot,lh
54,2,demo_parcel_2,2,SomMot,lh
55,2,demo_parcel_2,2,SomMot,lh
56,2,demo_parcel_2,2,SomMot,lh
57,2,demo_parcel_2,2,SomMot,lh
58,2,demo_parcel_2,2,SomMot,lh
59,2,demo_parcel_2,2,SomMot,lh
60,2,demo_parcel_2,2,SomMot,lh
61,2,demo_parcel_2,2,SomMot,lh
62,2,demo_parcel_2,2,SomMot,lh
63,2,demo_parcel_2,2,SomMot,lh
64,2,demo_parcel_2,2,SomMot,lh
65,2,demo_parcel_2,2,SomMot,lh
66,2,demo_parcel_2,2,SomMot,lh
67,2,demo_parcel_2,2,SomMot,lh
68,2,demo_parcel_2,2,SomMot,lh
69,2,demo_parcel_2,2,SomMot,lh
70,2,demo_parcel_2,2,SomMot,lh
71,2,demo_parcel_2,2,SomMot,lh
72,2,demo_parcel_2,2,SomMot,lh
73,2,demo_parcel_2,2,SomMot,lh
74,2,demo_parcel_2,2,SomMot,lh
75,2,demo_parcel_2,2,SomMot,lh
76,2,demo_parcel_2,2,SomMot,lh
77,2,demo_parcel_2,2,SomMot,lh
78,2,demo_parcel_2,2,SomMot,lh
79,2,demo_parcel_2,2,SomMot,lh
80,2,demo_parcel_2,2,SomMot,lh
81,2,demo_parcel_2,2,SomMot,lh
82,2,demo_parcel_2,2,SomMot,lh
83,2,demo_parcel_2,2,SomMot,lh
84,2,demo_parcel_2,2,SomMot,lh
85,2,demo_parcel_2,2,SomMot,lh
86,2,demo_parcel_2,2,SomMot,lh
87,2,demo_parcel_2,2,SomMot,lh
88,2,demo_parcel_2,2,SomMot,lh
89,2,demo_parcel_2,2,SomMot,lh
90,2,demo_parcel_2,2,SomMot,lh
91,2,demo_parcel_2,2,SomMot,lh
92,2,demo_parcel_2,2,SomMot,lh
93,2,demo_parcel_2,2,SomMot,lh
94,2,demo_parcel_2,2,SomMot,lh
95,2,demo_parcel_2,2,SomMot,lh
96,2,demo_parcel_2,2,SomMot,lh
97,2,demo_parcel_2,2,SomMot,lh
98,2,demo_parcel_2,2,SomMot,lh
99,2,demo_parcel_2,2,SomMot,lh
100,2,demo_parcel_2,2,SomMot,lh
101,2,demo_parcel_2,2,SomMot,lh
102,2,demo_parcel_2,2,SomMot,lh
103,2,demo_parcel_2,2,SomMot,lh
104,3,demo_parcel_3,3,DorsAttn,lh
105,3,demo_parcel_3,3,DorsAttn,lh
106,3,demo_parcel_3,3,DorsAttn,lh
107,3,demo_parcel_3,3,DorsAttn,lh
108,3,demo_parcel_3,3,DorsAttn,lh
109,3,demo_parcel_3,3,DorsAttn,lh
110,3,demo_parcel_3,3,DorsAttn,lh
111,3,demo_parcel_3,3,DorsAttn,lh
112,3,demo_parcel_3,3,DorsAttn,lh
113,3,demo_parcel_3,3,DorsAttn,lh
114,3,demo_parcel_3,3,DorsAttn,lh
115,3,demo_parcel_3,3,DorsAttn,lh
116,3,demo_parcel_3,3,DorsAttn,lh
117,3,demo_parcel_3,3,DorsAttn,lh
118,3,demo_parcel_3,3,DorsAttn,lh
119,3,demo_parcel_3,3,DorsAttn,lh
120,3,demo_parcel_3,3,DorsAttn,lh
121,3,demo_parcel_3,3,DorsAttn,lh
122,3,demo_parcel_3,3,DorsAttn,lh
123,3,demo_parcel_3,3,DorsAttn,lh
124,3,demo_parcel_3,3,DorsAttn,lh
125,3,demo_parcel_3,3,DorsAttn,lh
126,3,demo_parcel_3,3,DorsAttn,lh
127,3,demo_parcel_3,3,DorsAttn,lh
128,3,demo_parcel_3,3,DorsAttn,lh
129,3,demo_parcel_3,3,DorsAttn,lh
130,3,demo_parcel_3,3,DorsAttn,lh
131,3,demo_parcel_3,3,DorsAttn,lh
132,3,demo_parcel_3,3,DorsAttn,lh
133,3,demo_parcel_3,3,DorsAttn,lh
134,3,demo_parcel_3,3,DorsAttn,lh
135,3,demo_parcel_3,3,DorsAttn,lh
136,3,demo_parcel_3,3,DorsAttn,lh
137,3,demo_parcel_3,3,DorsAttn,lh
138,3,demo_parcel_3,3,DorsAttn,lh
139,3,demo_parcel_3,3,DorsAttn,lh
140,3,demo_parcel_3,3,DorsAttn,lh
141,3,demo_parcel_3,3,DorsAttn,lh
142,3,demo_parcel_3,3,DorsAttn,lh
143,3,demo_parcel_3,3,DorsAttn,lh
144,3,demo_parcel_3,3,DorsAttn,lh
145,3,demo_parcel_3,3,DorsAttn,lh
146,3,demo_parcel_3,3,DorsAttn,lh
147,3,demo_parcel_3,3,DorsAttn,lh
148,3,demo_parcel_3,3,DorsAttn,lh
149,3,demo_parcel_3,3,DorsAttn,lh
150,3,demo_parcel_3,3,DorsAttn,lh
151,3,demo_parcel_3,3,DorsAttn,lh
152,3,demo_parcel_3,3,DorsAttn,lh
153,3,demo_parcel_3,3,DorsAttn,lh
154,3,demo_parcel_3,3,DorsAttn,lh
155,3,demo_parcel_3,3,DorsAttn,lh
156,4,demo_parcel_4,4,SalVentAttn,lh
157,4,demo_parcel_4,4,SalVentAttn,lh
158,4,demo_parcel_4,4,SalVentAttn,lh
159,4,demo_parcel_4,4,SalVentAttn,lh
160,4,demo_parcel_4,4,SalVentAttn,lh
161,4,demo_parcel_4,4,SalVentAttn,lh
162,4,demo_parcel_4,4,SalVentAttn,lh
163,4,demo_parcel_4,4,SalVentAttn,lh
164,4,demo_parcel_4,4,SalVentAttn,lh
165,4,demo_parcel_4,4,SalVentAttn,lh
166,4,demo_parcel_4,4,SalVentAttn,lh
167,4,demo_parcel_4,4,SalVentAttn,lh
168,4,demo_parcel_4,4,SalVentAttn,lh
169,4,demo_parcel_4,4,SalVentAttn,lh
170,4,demo_parcel_4,4,SalVentAttn,lh
171,4,demo_parcel_4,4,SalVentAttn,lh
172,4,demo_parcel_4,4,SalVentAttn,lh
173,4,demo_parcel_4,4,SalVentAttn,lh
174,4,demo_parcel_4,4,SalVentAttn,lh
175,4,demo_parcel_4,4,SalVentAttn,lh
176,4,demo_parcel_4,4,SalVentAttn,lh
177,4,demo_parcel_4,4,SalVentAttn,lh
178,4,demo_parcel_4,4,SalVentAttn,lh
179,4,demo_parcel_4,4,SalVentAttn,lh
180,4,demo_parcel_4,4,SalVentAttn,lh
181,4,demo_parcel_4,4,SalVentAttn,lh
182,4,demo_parcel_4,4,SalVentAttn,lh
183,4,demo_parcel_4,4,SalVentAttn,lh
184,4,demo_parcel_4,4,SalVentAttn,lh
185,4,demo_parcel_4,4,SalVentAttn,lh
186,4,demo_parcel_4,4,SalVentAttn,lh
187,4,demo_parcel_4,4,SalVentAttn,lh
188,4,demo_parcel_4,4,SalVentAttn,lh
189,4,demo_parcel_4,4,SalVentAttn,lh
190,4,demo_parcel_4,4,SalVentAttn,lh
191,4,demo_parcel_4,4,SalVentAttn,lh
192,4,demo_parcel_4,4,SalVentAttn,lh
193,4,demo_parcel_4,4,SalVentAttn,lh
194,4,demo_parcel_4,4,SalVentAttn,lh
195,4,demo_parcel_4,4,SalVentAttn,lh
196,4,demo_parcel_4,4,SalVentAttn,lh
197,4,demo_parcel_4,4,SalVentAttn,lh
198,4,demo_parcel_4,4,SalVentAttn,lh
199,4,demo_parcel_4,4,SalVentAttn,lh
200,4,demo_parcel_4,4,SalVentAttn,lh
201,4,demo_parcel_4,4,SalVentAttn,lh
202,4,demo_parcel_4,4,SalVentAttn,lh
203,4,demo_parcel_4,4,SalVentAttn,lh
204,4,demo_parcel_4,4,SalVentAttn,lh
205,4,demo_parcel_4,4,SalVentAttn,lh
206,4,demo_parcel_4,4,SalVentAttn,lh
207,4,demo_parcel_4,4,SalVentAttn,lh
208,5,demo_parcel_5,5,Limbic,lh
209,5,demo_parcel_5,5,Limbic,lh
210,5,demo_parcel_5,5,Limbic,lh
211,5,demo_parcel_5,5,Limbic,lh
212,5,demo_parcel_5,5,Limbic,lh
213,5,demo_parcel_5,5,Limbic,lh
214,5,demo_parcel_5,5,Limbic,lh
215,5,demo_parcel_5,5,Limbic,lh
216,5,demo_parcel_5,5,Limbic,lh
217,5,demo_parcel_5,5,Limbic,lh
218,5,demo_parcel_5,5,Limbic,lh
219,5,demo_parcel_5,5,Limbic,lh
220,5,demo_parcel_5,5,Limbic,lh
221,5,demo_parcel_5,5,Limbic,lh
222,5,demo_parcel_5,5,Limbic,lh
223,5,demo_parcel_5,5,Limbic,lh
224,5,demo_parcel_5,5,Limbic,lh
225,5,demo_parcel_5,5,Limbic,lh
226,5,demo_parcel_5,5,Limbic,lh
227,5,demo_parcel_5,5,Limbic,lh
228,5,demo_parcel_5,5,Limbic,lh
229,5,demo_parcel_5,5,Limbic,lh
230,5,demo_parcel_5,5,Limbic,lh
231,5,demo_parcel_5,5,Limbic,lh
232,5,demo_parcel_5,5,Limbic,lh
233,5,demo_parcel_5,5,Limbic,lh
234,5,demo_parcel_5,5,Limbic,lh
235,5,demo_parcel_5,5,Limbic,lh
236,5,demo_parcel_5,5,Limbic,lh
237,5,demo_parcel_5,5,Limbic,lh
238,5,demo_parcel_5,5,Limbic,lh
239,5,demo_parcel_5,5,Limbic,lh
240,5,demo_parcel_5,5,Limbic,lh
241,5,demo_parcel_5,5,Limbic,lh
242,5,demo_parcel_5,5,Limbic,lh
243,5,demo_parcel_5,5,Limbic,lh
244,5,demo_parcel_5,5,Limbic,lh
245,5,demo_parcel_5,5,Limbic,lh
246,5,demo_parcel_5,5,Limbic,lh
247,5,demo_parcel_5,5,Limbic,lh
248,5,demo_parcel_5,5,Limbic,lh
249,5,demo_parcel_5,5,Limbic,lh
250,5,demo_parcel_5,5,Limbic,lh
251,5,demo_parcel_5,5,Limbic,lh
252,5,demo_parcel_5,5,Limbic,lh
253,5,demo_parcel_5,5,Limbic,lh
254,5,demo_parcel_5,5,Limbic,lh
255,5,demo_parcel_5,5,Limbic,lh
256,5,demo_parcel_5,5,Limbic,lh
257,5,demo_parcel_5,5,Limbic,lh
258,5,demo_parcel_5,5,Limbic,lh
259,5,demo_parcel_5,5,Limbic,lh
260,6,demo_parcel_6,6,Cont,lh
261,6,demo_parcel_6,6,Cont,lh
262,6,demo_parcel_6,6,Cont,lh
263,6,demo_parcel_6,6,Cont,lh
264,6,demo_parcel_6,6,Cont,lh
265,6,demo_parcel_6,6,Cont,lh
266,6,demo_parcel_6,6,Cont,lh
267,6,demo_parcel_6,6,Cont,lh
268,6,demo_parcel_6,6,Cont,lh
269,6,demo_parcel_6,6,Cont,lh
270,6,demo_parcel_6,6,Cont,lh
271,6,demo_parcel_6,6,Cont,lh
272,6,demo_parcel_6,6,Cont,lh
273,6,demo_parcel_6,6,Cont,lh
274,6,demo_parcel_6,6,Cont,lh
275,6,demo_parcel_6,6,Cont,lh
276,6,demo_parcel_6,6,Cont,lh
277,6,demo_parcel_6,6,Cont,lh
278,6,demo_parcel_6,6,Cont,lh
279,6,demo_parcel_6,6,Cont,lh
280,6,demo_parcel_6,6,Cont,lh
281,6,demo_parcel_6,6,Cont,lh
282,6,demo_parcel_6,6,Cont,lh
283,6,demo_parcel_6,6,Cont,lh
284,6,demo_parcel_6,6,Cont,lh
285,6,demo_parcel_6,6,Cont,lh
286,6,demo_parcel_6,6,Cont,lh
287,6,demo_parcel_6,6,Cont,lh
288,6,demo_parcel_6,6,Cont,lh
289,6,demo_parcel_6,6,Cont,lh
290,6,demo_parcel_6,6,Cont,lh
291,6,demo_parcel_6,6,Cont,lh
292,6,demo_parcel_6,6,Cont,lh
293,6,demo_parcel_6,6,Cont,lh
294,6,demo_parcel_6,6,Cont,lh
295,6,demo_parcel_6,6,Cont,lh
296,6,demo_parcel_6,6,Cont,lh
297,6,demo_parcel_6,6,Cont,lh
298,6,demo_parcel_6,6,Cont,lh
299,6,demo_parcel_6,6,Cont,lh
300,6,demo_parcel_6,6,Cont,lh
301,6,demo_parcel_6,6,Cont,lh
302,6,demo_parcel_6,6,Cont,lh
303,6,demo_parcel_6,6,Cont,lh
304,6,demo_parcel_6,6,Cont,lh
305,6,demo_parcel_6,6,Cont,lh
306,6,demo_parcel_6,6,Cont,lh
307,6,demo_parcel_6,6,Cont,lh
308,6,demo_parcel_6,6,Cont,lh
309,6,demo_parcel_6,6,Cont,lh
310,6,demo_parcel_6,6,Cont,lh
311,6,demo_parcel_6,6,Cont,lh
312,7,demo_parcel_7,7,Default,lh
313,7,demo_parcel_7,7,Default,lh
314,7,demo_parcel_7,7,Default,lh
315,7,demo_parcel_7,7,Default,lh
316,7,demo_parcel_7,7,Default,lh
317,7,demo_parcel_7,7,Default,lh
318,7,demo_parcel_7,7,Default,lh
319,7,demo_parcel_7,7,Default,lh
320,7,demo_parcel_7,7,Default,lh
321,7,demo_parcel_7,7,Default,lh
322,7,demo_parcel_7,7,Default,lh
323,7,demo_parcel_7,7,Default,lh
324,7,demo_parcel_7,7,Default,lh
325,7,demo_parcel_7,7,Default,lh
326,7,demo_parcel_7,7,Default,lh
327,7,demo_parcel_7,7,Default,lh
328,7,demo_parcel_7,7,Default,lh
329,7,demo_parcel_7,7,Default,lh
330,7,demo_parcel_7,7,Default,lh
331,7,demo_parcel_7,7,Default,lh
332,7,demo_parcel_7,7,Default,lh
333,7,demo_parcel_7,7,Default,lh
334,7,demo_parcel_7,7,Default,lh
335,7,demo_parcel_7,7,Default,lh
336,7,demo_parcel_7,7,Default,lh
337,7,demo_parcel_7,7,Default,lh
338,7,demo_parcel_7,7,Default,lh
339,7,demo_parcel_7,7,Default,lh
340,7,demo_parcel_7,7,Default,lh
341,7,demo_parcel_7,7,Default,lh
342,7,demo_parcel_7,7,Default,lh
343,7,demo_parcel_7,7,Default,lh
344,7,demo_parcel_7,7,Default,lh
345,7,demo_parcel_7,7,Default,lh
346,7,demo_parcel_7,7,Default,lh
347,7,demo_parcel_7,7,Default,lh
348,7,demo_parcel_7,7,Default,lh
349,7,demo_parcel_7,7,Default,lh
350,7,demo_parcel_7,7,Default,lh
351,7,demo_parcel_7,7,Default,lh
352,7,demo_parcel_7,7,Default,lh
353,7,demo_parcel_7,7,Default,lh
354,7,demo_parcel_7,7,Default,lh
355,7,demo_parcel_7,7,Default,lh
356,7,demo_parcel_7,7,Default,lh
357,7,demo_parcel_7,7,Default,lh
358,7,demo_parcel_7,7,Default,lh
359,7,demo_parcel_7,7,Default,lh
360,7,demo_parcel_7,7,Default,lh
361,7,demo_parcel_7,7,Default,lh
362,7,demo_parcel_7,7,Default,lh
363,7,demo_parcel_7,7,Default,lh
364,8,demo_parcel_8,1,Vis,lh
365,8,demo_parcel_8,1,Vis,lh
366,8,demo_parcel_8,1,Vis,lh
367,8,demo_parcel_8,1,Vis,lh
368,8,demo_parcel_8,1,Vis,lh
369,8,demo_parcel_8,1,Vis,lh
370,8,demo_parcel_8,1,Vis,lh
371,8,demo_parcel_8,1,Vis,lh
372,8,demo_parcel_8,1,Vis,lh
373,8,demo_parcel_8,1,Vis,lh
374,8,demo_parcel_8,1,Vis,lh
375,8,demo_parcel_8,1,Vis,lh
376,8,demo_parcel_8,1,Vis,lh
377,8,demo_parcel_8,1,Vis,lh
378,8,demo_parcel_8,1,Vis,lh
379,8,demo_parcel_8,1,Vis,lh
380,8,demo_parcel_8,1,Vis,lh
381,8,demo_parcel_8,1,Vis,lh
382,8,demo_parcel_8,1,Vis,lh
383,8,demo_parcel_8,1,Vis,lh
384,8,demo_parcel_8,1,Vis,lh
385,8,demo_parcel_8,1,Vis,lh
386,8,demo_parcel_8,1,Vis,lh
387,8,demo_parcel_8,1,Vis,lh
388,8,demo_parcel_8,1,Vis,lh
389,8,demo_parcel_8,1,Vis,lh
390,8,demo_parcel_8,1,Vis,lh
391,8,demo_parcel_8,1,Vis,lh
392,8,demo_parcel_8,1,Vis,lh
393,8,demo_parcel_8,1,Vis,lh
394,8,demo_parcel_8,1,Vis,lh
395,8,demo_parcel_8,1,Vis,lh
396,8,demo_parcel_8,1,Vis,lh
397,8,demo_parcel_8,1,Vis,lh
398,8,demo_parcel_8,1,Vis,lh
399,8,demo_parcel_8,1,Vis,lh
400,8,demo_parcel_8,1,Vis,lh
401,8,demo_parcel_8,1,Vis,lh
402,8,demo_parcel_8,1,Vis,lh
403,8,demo_parcel_8,1,Vis,lh
404,8,demo_parcel_8,1,Vis,lh
405,8,demo_parcel_8,1,Vis,lh
406,8,demo_parcel_8,1,Vis,lh
407,8,demo_parcel_8,1,Vis,lh
408,8,demo_parcel_8,1,Vis,lh
409,8,demo_parcel_8,1,Vis,lh
410,8,demo_parcel_8,1,Vis,lh
411,8,demo_parcel_8,1,Vis,lh
412,8,demo_parcel_8,1,Vis,lh
413,8,demo_parcel_8,1,Vis,lh
414,8,demo_parcel_8,1,Vis,lh
415,8,demo_parcel_8,1,Vis,lh
416,9,demo_parcel_9,2,SomMot,lh
417,9,demo_parcel_9,2,SomMot,lh
418,9,demo_parcel_9,2,SomMot,lh
419,9,demo_parcel_9,2,SomMot,lh
420,9,demo_parcel_9,2,SomMot,lh
421,9,demo_parcel_9,2,SomMot,lh
422,9,demo_parcel_9,2,SomMot,lh
423,9,demo_parcel_9,2,SomMot,lh
424,9,demo_parcel_9,2,SomMot,lh
425,9,demo_parcel_9,2,SomMot,lh
426,9,demo_parcel_9,2,SomMot,lh
427,9,demo_parcel_9,2,SomMot,lh
428,9,demo_parcel_9,2,SomMot,lh
429,9,demo_parcel_9,2,SomMot,lh
430,9,demo_parcel_9,2,SomMot,lh
431,9,demo_parcel_9,2,SomMot,lh
432,9,demo_parcel_9,2,SomMot,lh
433,9,demo_parcel_9,2,SomMot,lh
434,9,demo_parcel_9,2,SomMot,lh
435,9,demo_parcel_9,2,SomMot,lh
436,9,demo_parcel_9,2,SomMot,lh
437,9,demo_parcel_9,2,SomMot,lh
438,9,demo_parcel_9,2,SomMot,lh
439,9,demo_parcel_9,2,SomMot,lh
440,9,demo_parcel_9,2,SomMot,lh
441,9,demo_parcel_9,2,SomMot,lh
442,9,demo_parcel_9,2,SomMot,lh
443,9,demo_parcel_9,2,SomMot,lh
444,9,demo_parcel_9,2,SomMot,lh
445,9,demo_parcel_9,2,SomMot,lh
446,9,demo_parcel_9,2,SomMot,lh
447,9,demo_parcel_9,2,SomMot,lh
448,9,demo_parcel_9,2,SomMot,lh
449,9,demo_parcel_9,2,SomMot,lh
450,9,demo_parcel_9,2,SomMot,lh
451,9,demo_parcel_9,2,SomMot,lh
452,9,demo_parcel_9,2,SomMot,lh
453,9,demo_parcel_9,2,SomMot,lh
454,9,demo_parcel_9,2,SomMot,lh
455,9,demo_parcel_9,2,SomMot,lh
456,9,demo_parcel_9,2,SomMot,lh
457,9,demo_parcel_9,2,SomMot,lh
458,9,demo_parcel_9,2,SomMot,lh
459,9,demo_parcel_9,2,SomMot,lh
460,9,demo_parcel_9,2,SomMot,lh
461,9,demo_parcel_9,2,SomMot,lh
462,9,demo_parcel_9,2,SomMot,lh
463,9,demo_parcel_9,2,SomMot,lh
464,9,demo_parcel_9,2,SomMot,lh
465,9,demo_parcel_9,2,SomMot,lh
466,9,demo_parcel_9,2,SomMot,lh
467,9,demo_parcel_9,2,SomMot,lh
468,10,demo_parcel_10,3,DorsAttn,lh
469,10,demo_parcel_10,3,DorsAttn,lh
470,10,demo_parcel_10,3,DorsAttn,lh
471,10,demo_parcel_10,3,DorsAttn,lh
472,10,demo_parcel_10,3,DorsAttn,lh
473,10,demo_parcel_10,3,DorsAttn,lh
474,10,demo_parcel_10,3,DorsAttn,lh
475,10,demo_parcel_10,3,DorsAttn,lh
476,10,demo_parcel_10,3,DorsAttn,lh
477,10,demo_parcel_10,3,DorsAttn,lh
478,10,demo_parcel_10,3,DorsAttn,lh
479,10,demo_parcel_10,3,DorsAttn,lh
480,10,demo_parcel_10,3,DorsAttn,lh
481,10,demo_parcel_10,3,DorsAttn,lh
482,10,demo_parcel_10,3,DorsAttn,lh
483,10,demo_parcel_10,3,DorsAttn,lh
484,10,demo_parcel_10,3,DorsAttn,lh
485,10,demo_parcel_10,3,DorsAttn,lh
486,10,demo_parcel_10,3,DorsAttn,lh
487,10,demo_parcel_10,3,DorsAttn,lh
488,10,demo_parcel_10,3,DorsAttn,lh
489,10,demo_parcel_10,3,DorsAttn,lh
490,10,demo_parcel_10,3,DorsAttn,lh
491,10,demo_parcel_10,3,DorsAttn,lh
492,10,demo_parcel_10,3,DorsAttn,lh
493,10,demo_parcel_10,3,DorsAttn,lh
494,10,demo_parcel_10,3,DorsAttn,lh
495,10,demo_parcel_10,3,DorsAttn,lh
496,10,demo_parcel_10,3,DorsAttn,lh
497,10,demo_parcel_10,3,DorsAttn,lh
498,10,demo_parcel_10,3,DorsAttn,lh
499,10,demo_parcel_10,3,DorsAttn,lh
500,10,demo_parcel_10,3,DorsAttn,lh
501,10,demo_parcel_10,3,DorsAttn,lh
502,10,demo_parcel_10,3,DorsAttn,lh
503,10,demo_parcel_10,3,DorsAttn,lh
504,10,demo_parcel_10,3,DorsAttn,lh
505,10,demo_parcel_10,3,DorsAttn,lh
506,10,demo_parcel_10,3,DorsAttn,lh
507,10,demo_parcel_10,3,DorsAttn,lh
508,10,demo_parcel_10,3,DorsAttn,lh
509,10,demo_parcel_10,3,DorsAttn,lh
510,10,demo_parcel_10,3,DorsAttn,lh
511,10,demo_parcel_10,3,DorsAttn,lh
512,10,demo_parcel_10,3,DorsAttn,lh
513,10,demo_parcel_10,3,DorsAttn,lh
514,10,demo_parcel_10,3,DorsAttn,lh
515,10,demo_parcel_10,3,DorsAttn,lh
516,10,demo_parcel_10,3,DorsAttn,lh
517,10,demo_parcel_10,3,DorsAttn,lh
518,10,demo_parcel_10,3,DorsAttn,lh
519,10,demo_parcel_10,3,DorsAttn,lh
520,11,demo_parcel_11,4,SalVentAttn,lh
521,11,demo_parcel_11,4,SalVentAttn,lh
522,11,demo_parcel_11,4,SalVentAttn,lh
523,11,demo_parcel_11,4,SalVentAttn,lh
524,11,demo_parcel_11,4,SalVentAttn,lh
525,11,demo_parcel_11,4,SalVentAttn,lh
526,11,demo_parcel_11,4,SalVentAttn,lh
527,11,demo_parcel_11,4,SalVentAttn,lh
528,11,demo_parcel_11,4,SalVentAttn,lh
529,11,demo_parcel_11,4,SalVentAttn,lh
530,11,demo_parcel_11,4,SalVentAttn,lh
531,11,demo_parcel_11,4,SalVentAttn,lh
532,11,demo_parcel_11,4,SalVentAttn,lh
533,11,demo_parcel_11,4,SalVentAttn,lh
534,11,demo_parcel_11,4,SalVentAttn,lh
535,11,demo_parcel_11,4,SalVentAttn,lh
536,11,demo_parcel_11,4,SalVentAttn,lh
537,11,demo_parcel_11,4,SalVentAttn,lh
538,11,demo_parcel_11,4,SalVentAttn,lh
539,11,demo_parcel_11,4,SalVentAttn,lh
540,11,demo_parcel_11,4,SalVentAttn,lh
541,11,demo_parcel_11,4,SalVentAttn,lh
542,11,demo_parcel_11,4,SalVentAttn,lh
543,11,demo_parcel_11,4,SalVentAttn,lh
544,11,demo_parcel_11,4,SalVentAttn,lh
545,11,demo_parcel_11,4,SalVentAttn,lh
546,11,demo_parcel_11,4,SalVentAttn,lh
547,11,demo_parcel_11,4,SalVentAttn,lh
548,11,demo_parcel_11,4,SalVentAttn,lh
549,11,demo_parcel_11,4,SalVentAttn,lh
550,11,demo_parcel_11,4,SalVentAttn,lh
551,11,demo_parcel_11,4,SalVentAttn,lh
552,11,demo_parcel_11,4,SalVentAttn,lh
553,11,demo_parcel_11,4,SalVentAttn,lh
554,11,demo_parcel_11,4,SalVentAttn,lh
555,11,demo_parcel_11,4,SalVentAttn,lh
556,11,demo_parcel_11,4,SalVentAttn,lh
557,11,demo_parcel_11,4,SalVentAttn,lh
558,11,demo_parcel_11,4,SalVentAttn,lh
559,11,demo_parcel_11,4,SalVentAttn,lh
560,11,demo_parcel_11,4,SalVentAttn,lh
561,11,demo_parcel_11,4,SalVentAttn,lh
562,11,demo_parcel_11,4,SalVentAttn,lh
563,11,demo_parcel_11,4,SalVentAttn,lh
564,11,demo_parcel_11,4,SalVentAttn,lh
565,11,demo_parcel_11,4,SalVentAttn,lh
566,11,demo_parcel_11,4,SalVentAttn,lh
567,11,demo_parcel_11,4,SalVentAttn,lh
568,11,demo_parcel_11,4,SalVentAttn,lh
569,11,demo_parcel_11,4,SalVentAttn,lh
570,11,demo_parcel_11,4,SalVentAttn,lh
571,11,demo_parcel_11,4,SalVentAttn,lh
572,12,demo_parcel_12,5,Limbic,lh
573,12,demo_parcel_12,5,Limbic,lh
574,12,demo_parcel_12,5,Limbic,lh
575,12,demo_parcel_12,5,Limbic,lh
576,12,demo_parcel_12,5,Limbic,lh
577,12,demo_parcel_12,5,Limbic,lh
578,12,demo_parcel_12,5,Limbic,lh
579,12,demo_parcel_12,5,Limbic,lh
580,12,demo_parcel_12,5,Limbic,lh
581,12,demo_parcel_12,5,Limbic,lh
582,12,demo_parcel_12,5,Limbic,lh
583,12,demo_parcel_12,5,Limbic,lh
584,12,demo_parcel_12,5,Limbic,lh
585,12,demo_parcel_12,5,Limbic,lh
586,12,demo_parcel_12,5,Limbic,lh
587,12,demo_parcel_12,5,Limbic,lh
588,12,demo_parcel_12,5,Limbic,lh
589,12,demo_parcel_12,5,Limbic,lh
590,12,demo_parcel_12,5,Limbic,lh
591,12,demo_parcel_12,5,Limbic,lh
592,12,demo_parcel_12,5,Limbic,lh
593,12,demo_parcel_12,5,Limbic,lh
594,12,demo_parcel_12,5,Limbic,lh
595,12,demo_parcel_12,5,Limbic,lh
596,12,demo_parcel_12,5,Limbic,lh
597,12,demo_parcel_12,5,Limbic,lh
598,12,demo_parcel_12,5,Limbic,lh
599,12,demo_parcel_12,5,Limbic,lh
600,12,demo_parcel_12,5,Limbic,lh
601,12,demo_parcel_12,5,Limbic,lh
602,12,demo_parcel_12,5,Limbic,lh
603,12,demo_parcel_12,5,Limbic,lh
604,12,demo_parcel_12,5,Limbic,lh
605,12,demo_parcel_12,5,Limbic,lh
606,12,demo_parcel_12,5,Limbic,lh
607,12,demo_parcel_12,5,Limbic,lh
608,12,demo_parcel_12,5,Limbic,lh
609,12,demo_parcel_12,5,Limbic,lh
610,12,demo_parcel_12,5,Limbic,lh
611,12,demo_parcel_12,5,Limbic,lh
612,12,demo_parcel_12,5,Limbic,lh
613,12,demo_parcel_12,5,Limbic,lh
614,12,demo_parcel_12,5,Limbic,lh
615,12,demo_parcel_12,5,Limbic,lh
616,12,demo_parcel_12,5,Limbic,lh
617,12,demo_parcel_12,5,Limbic,lh
618,12,demo_parcel_12,5,Limbic,lh
619,12,demo_parcel_12,5,Limbic,lh
620,12,demo_parcel_12,5,Limbic,lh
621,12,demo_parcel_12,5,Limbic,lh
622,12,demo_parcel_12,5,Limbic,lh
623,12,demo_parcel_12,5,Limbic,lh
624,13,demo_parcel_13,6,Cont,lh
625,13,demo_parcel_13,6,Cont,lh
626,13,demo_parcel_13,6,Cont,lh
627,13,demo_parcel_13,6,Cont,lh
628,13,demo_parcel_13,6,Cont,lh
629,13,demo_parcel_13,6,Cont,lh
630,13,demo_parcel_13,6,Cont,lh
631,13,demo_parcel_13,6,Cont,lh
632,13,demo_parcel_13,6,Cont,lh
633,13,demo_parcel_13,6,Cont,lh
634,13,demo_parcel_13,6,Cont,lh
635,13,demo_parcel_13,6,Cont,lh
636,13,demo_parcel_13,6,Cont,lh
637,13,demo_parcel_13,6,Cont,lh
638,13,demo_parcel_13,6,Cont,lh
639,13,demo_parcel_13,6,Cont,lh
640,13,demo_parcel_13,6,Cont,lh
641,13,demo_parcel_13,6,Cont,lh
642,13,demo_parcel_13,6,Cont,lh
643,13,demo_parcel_13,6,Cont,lh
644,13,demo_parcel_13,6,Cont,lh
645,13,demo_parcel_13,6,Cont,lh
646,13,demo_parcel_13,6,Cont,lh
647,13,demo_parcel_13,6,Cont,lh
648,13,demo_parcel_13,6,Cont,lh
649,13,demo_parcel_13,6,Cont,lh
650,13,demo_parcel_13,6,Cont,lh
651,13,demo_parcel_13,6,Cont,lh
652,13,demo_parcel_13,6,Cont,lh
653,13,demo_parcel_13,6,Cont,lh
654,13,demo_parcel_13,6,Cont,lh
655,13,demo_parcel_13,6,Cont,lh
656,13,demo_parcel_13,6,Cont,lh
657,13,demo_parcel_13,6,Cont,lh
658,13,demo_parcel_13,6,Cont,lh
659,13,demo_parcel_13,6,Cont,lh
660,13,demo_parcel_13,6,Cont,lh
661,13,demo_parcel_13,6,Cont,lh
662,13,demo_parcel_13,6,Cont,lh
663,13,demo_parcel_13,6,Cont,lh
664,13,demo_parcel_13,6,Cont,lh
665,13,demo_parcel_13,6,Cont,lh
666,13,demo_parcel_13,6,Cont,lh
667,13,demo_parcel_13,6,Cont,lh
668,13,demo_parcel_13,6,Cont,lh
669,13,demo_parcel_13,6,Cont,lh
670,13,demo_parcel_13,6,Cont,lh
671,13,demo_parcel_13,6,Cont,lh
672,13,demo_parcel_13,6,Cont,lh
673,13,demo_parcel_13,6,Cont,lh
674,13,demo_parcel_13,6,Cont,lh
675,13,demo_parcel_13,6,Cont,lh
676,14,demo_parcel_14,7,Default,lh
677,14,demo_parcel_14,7,Default,lh
678,14,demo_parcel_14,7,Default,lh
679,14,demo_parcel_14,7,Default,lh
680,14,demo_parcel_14,7,Default,lh
681,14,demo_parcel_14,7,Default,lh
682,14,demo_parcel_14,7,Default,lh
683,14,demo_parcel_14,7,Default,lh
684,14,demo_parcel_14,7,Default,lh
685,14,demo_parcel_14,7,Default,lh
686,14,demo_parcel_14,7,Default,lh
687,14,demo_parcel_14,7,Default,lh
688,14,demo_parcel_14,7,Default,lh
689,14,demo_parcel_14,7,Default,lh
690,14,demo_parcel_14,7,Default,lh
691,14,demo_parcel_14,7,Default,lh
692,14,demo_parcel_14,7,Default,lh
693,14,demo_parcel_14,7,Default,lh
694,14,demo_parcel_14,7,Default,lh
695,14,demo_parcel_14,7,Default,lh
696,14,demo_parcel_14,7,Default,lh
697,14,demo_parcel_14,7,Default,lh
698,14,demo_parcel_14,7,Default,lh
699,14,demo_parcel_14,7,Default,lh
700,14,demo_parcel_14,7,Default,lh
701,14,demo_parcel_14,7,Default,lh
702,14,demo_parcel_14,7,Default,lh
703,14,demo_parcel_14,7,Default,lh
704,14,demo_parcel_14,7,Default,lh
705,14,demo_parcel_14,7,Default,lh
706,14,demo_parcel_14,7,Default,lh
707,14,demo_parcel_14,7,Default,lh
708,14,demo_parcel_14,7,Default,lh
709,14,demo_parcel_14,7,Default,lh
710,14,demo_parcel_14,7,Default,lh
711,14,demo_parcel_14,7,Default,lh
712,14,demo_parcel_14,7,Default,lh
713,14,demo_parcel_14,7,Default,lh
714,14,demo_parcel_14,7,Default,lh
715,14,demo_parcel_14,7,Default,lh
716,14,demo_parcel_14,7,Default,lh
717,14,demo_parcel_14,7,Default,lh
718,14,demo_parcel_14,7,Default,lh
719,14,demo_parcel_14,7,Default,lh
720,14,demo_parcel_14,7,Default,lh
721,14,demo_parcel_14,7,Default,lh
722,14,demo_parcel_14,7,Default,lh
723,14,demo_parcel_14,7,Default,lh
724,14,demo_parcel_14,7,Default,lh
725,14,demo_parcel_14,7,Default,lh
726,14,demo_parcel_14,7,Default,lh
727,14,demo_parcel_14,7,Default,lh
728,15,demo_parcel_15,1,Vis,lh
729,15,demo_parcel_15,1,Vis,lh
730,15,demo_parcel_15,1,Vis,lh
731,15,demo_parcel_15,1,Vis,lh
732,15,demo_parcel_15,1,Vis,lh
733,15,demo_parcel_15,1,Vis,lh
734,15,demo_parcel_15,1,Vis,lh
735,15,demo_parcel_15,1,Vis,lh
736,15,demo_parcel_15,1,Vis,lh
737,15,demo_parcel_15,1,Vis,lh
738,15,demo_parcel_15,1,Vis,lh
739,15,demo_parcel_15,1,Vis,lh
740,15,demo_parcel_15,1,Vis,lh
741,15,demo_parcel_15,1,Vis,lh
742,15,demo_parcel_15,1,Vis,lh
743,15,demo_parcel_15,1,Vis,lh
744,15,demo_parcel_15,1,Vis,lh
745,15,demo_parcel_15,1,Vis,lh
746,15,demo_parcel_15,1,Vis,lh
747,15,demo_parcel_15,1,Vis,lh
748,15,demo_parcel_15,1,Vis,lh
749,15,demo_parcel_15,1,Vis,lh
750,15,demo_parcel_15,1,Vis,lh
751,15,demo_parcel_15,1,Vis,lh
752,15,demo_parcel_15,1,Vis,lh
753,15,demo_parcel_15,1,Vis,lh
754,15,demo_parcel_15,1,Vis,lh
755,15,demo_parcel_15,1,Vis,lh
756,15,demo_parcel_15,1,Vis,lh
757,15,demo_parcel_15,1,Vis,lh
758,15,demo_parcel_15,1,Vis,lh
759,15,demo_parcel_15,1,Vis,lh
760,15,demo_parcel_15,1,Vis,lh
761,15,demo_parcel_15,1,Vis,lh
762,15,demo_parcel_15,1,Vis,lh
763,15,demo_parcel_15,1,Vis,lh
764,15,demo_parcel_15,1,Vis,lh
765,15,demo_parcel_15,1,Vis,lh
766,15,demo_parcel_15,1,Vis,lh
767,15,demo_parcel_15,1,Vis,lh
768,15,demo_parcel_15,1,Vis,lh
769,15,demo_parcel_15,1,Vis,lh
770,15,demo_parcel_15,1,Vis,lh
771,15,demo_parcel_15,1,Vis,lh
772,15,demo_parcel_15,1,Vis,lh
773,15,demo_parcel_15,1,Vis,lh
774,15,demo_parcel_15,1,Vis,lh
775,15,demo_parcel_15,1,Vis,lh
776,15,demo_parcel_15,1,Vis,lh
777,15,demo_parcel_15,1,Vis,lh
778,15,demo_parcel_15,1,Vis,lh
779,15,demo_parcel_15,1,Vis,lh
780,16,demo_parcel_16,2,SomMot,lh
781,16,demo_parcel_16,2,SomMot,lh
782,16,demo_parcel_16,2,SomMot,lh
783,16,demo_parcel_16,2,SomMot,lh
784,16,demo_parcel_16,2,SomMot,lh
785,16,demo_parcel_16,2,SomMot,lh
786,16,demo_parcel_16,2,SomMot,lh
787,16,demo_parcel_16,2,SomMot,lh
788,16,demo_parcel_16,2,SomMot,lh
789,16,demo_parcel_16,2,SomMot,lh
790,16,demo_parcel_16,2,SomMot,lh
791,16,demo_parcel_16,2,SomMot,lh
792,16,demo_parcel_16,2,SomMot,lh
793,16,demo_parcel_16,2,SomMot,lh
794,16,demo_parcel_16,2,SomMot,lh
795,16,demo_parcel_16,2,SomMot,lh
796,16,demo_parcel_16,2,SomMot,lh
797,16,demo_parcel_16,2,SomMot,lh
798,16,demo_parcel_16,2,SomMot,lh
799,16,demo_parcel_16,2,SomMot,lh
800,16,demo_parcel_16,2,SomMot,lh
801,16,demo_parcel_16,2,SomMot,lh
802,16,demo_parcel_16,2,SomMot,lh
803,16,demo_parcel_16,2,SomMot,lh
804,16,demo_parcel_16,2,SomMot,lh
805,16,demo_parcel_16,2,SomMot,lh
806,16,demo_parcel_16,2,SomMot,lh
807,16,demo_parcel_16,2,SomMot,lh
808,16,demo_parcel_16,2,SomMot,lh
809,16,demo_parcel_16,2,SomMot,lh
810,16,demo_parcel_16,2,SomMot,lh
811,16,demo_parcel_16,2,SomMot,lh
812,16,demo_parcel_16,2,SomMot,lh
813,16,demo_parcel_16,2,SomMot,lh
814,16,demo_parcel_16,2,SomMot,lh
815,16,demo_parcel_16,2,SomMot,lh
816,16,demo_parcel_16,2,SomMot,lh
817,16,demo_parcel_16,2,SomMot,lh
818,16,demo_parcel_16,2,SomMot,lh
819,16,demo_parcel_16,2,SomMot,lh
820,16,demo_parcel_16,2,SomMot,lh
821,16,demo_parcel_16,2,SomMot,lh
822,16,demo_parcel_16,2,SomMot,lh
823,16,demo_parcel_16,2,SomMot,lh
824,16,demo_parcel_16,2,SomMot,lh
825,16,demo_parcel_16,2,SomMot,lh
826,16,demo_parcel_16,2,SomMot,lh
827,16,demo_parcel_16,2,SomMot,lh
828,16,demo_parcel_16,2,SomMot,lh
829,16,demo_parcel_16,2,SomMot,lh
830,16,demo_parcel_16,2,SomMot,lh
831,16,demo_parcel_16,2,SomMot,lh
832,17,demo_parcel_17,3,DorsAttn,lh
833,17,demo_parcel_17,3,DorsAttn,lh
834,17,demo_parcel_17,3,DorsAttn,lh
835,17,demo_parcel_17,3,DorsAttn,lh
836,17,demo_parcel_17,3,DorsAttn,lh
837,17,demo_parcel_17,3,DorsAttn,lh
838,17,demo_parcel_17,3,DorsAttn,lh
839,17,demo_parcel_17,3,DorsAttn,lh
840,17,demo_parcel_17,3,DorsAttn,lh
841,17,demo_parcel_17,3,DorsAttn,lh
842,17,demo_parcel_17,3,DorsAttn,lh
843,17,demo_parcel_17,3,DorsAttn,lh
844,17,demo_parcel_17,3,DorsAttn,lh
845,17,demo_parcel_17,3,DorsAttn,lh
846,17,demo_parcel_17,3,DorsAttn,lh
847,17,demo_parcel_17,3,DorsAttn,lh
848,17,demo_parcel_17,3,DorsAttn,lh
849,17,demo_parcel_17,3,DorsAttn,lh
850,17,demo_parcel_17,3,DorsAttn,lh
851,17,demo_parcel_17,3,DorsAttn,lh
852,17,demo_parcel_17,3,DorsAttn,lh
853,17,demo_parcel_17,3,DorsAttn,lh
854,17,demo_parcel_17,3,DorsAttn,lh
855,17,demo_parcel_17,3,DorsAttn,lh
856,17,demo_parcel_17,3,DorsAttn,lh
857,17,demo_parcel_17,3,DorsAttn,lh
858,17,demo_parcel_17,3,DorsAttn,lh
859,17,demo_parcel_17,3,DorsAttn,lh
860,17,demo_parcel_17,3,DorsAttn,lh
861,17,demo_parcel_17,3,DorsAttn,lh
862,17,demo_parcel_17,3,DorsAttn,lh
863,17,demo_parcel_17,3,DorsAttn,lh
864,17,demo_parcel_17,3,DorsAttn,lh
865,17,demo_parcel_17,3,DorsAttn,lh
866,17,demo_parcel_17,3,DorsAttn,lh
867,17,demo_parcel_17,3,DorsAttn,lh
868,17,demo_parcel_17,3,DorsAttn,lh
869,17,demo_parcel_17,3,DorsAttn,lh
870,17,demo_parcel_17,3,DorsAttn,lh
871,17,demo_parcel_17,3,DorsAttn,lh
872,17,demo_parcel_17,3,DorsAttn,lh
873,17,demo_parcel_17,3,DorsAttn,lh
874,17,demo_parcel_17,3,DorsAttn,lh
875,17,demo_parcel_17,3,DorsAttn,lh
876,17,demo_parcel_17,3,DorsAttn,lh
877,17,demo_parcel_17,3,DorsAttn,lh
878,17,demo_parcel_17,3,DorsAttn,lh
879,17,demo_parcel_17,3,DorsAttn,lh
880,17,demo_parcel_17,3,DorsAttn,lh
881,17,demo_parcel_17,3,DorsAttn,lh
882,17,demo_parcel_17,3,DorsAttn,lh
883,17,demo_parcel_17,3,DorsAttn,lh
884,18,demo_parcel_18,4,SalVentAttn,lh
885,18,demo_parcel_18,4,SalVentAttn,lh
886,18,demo_parcel_18,4,SalVentAttn,lh
887,18,demo_parcel_18,4,SalVentAttn,lh
888,18,demo_parcel_18,4,SalVentAttn,lh
889,18,demo_parcel_18,4,SalVentAttn,lh
890,18,demo_parcel_18,4,SalVentAttn,lh
891,18,demo_parcel_18,4,SalVentAttn,lh
892,18,demo_parcel_18,4,SalVentAttn,lh
893,18,demo_parcel_18,4,SalVentAttn,lh
894,18,demo_parcel_18,4,SalVentAttn,lh
895,18,demo_parcel_18,4,SalVentAttn,lh
896,18,demo_parcel_18,4,SalVentAttn,lh
897,18,demo_parcel_18,4,SalVentAttn,lh
898,18,demo_parcel_18,4,SalVentAttn,lh
899,18,demo_parcel_18,4,SalVentAttn,lh
900,18,demo_parcel_18,4,SalVentAttn,lh
901,18,demo_parcel_18,4,SalVentAttn,lh
902,18,demo_parcel_18,4,SalVentAttn,lh
903,18,demo_parcel_18,4,SalVentAttn,lh
904,18,demo_parcel_18,4,SalVentAttn,lh
905,18,demo_parcel_18,4,SalVentAttn,lh
906,18,demo_parcel_18,4,SalVentAttn,lh
907,18,demo_parcel_18,4,SalVentAttn,lh
908,18,demo_parcel_18,4,SalVentAttn,lh
909,18,demo_parcel_18,4,SalVentAttn,lh
910,18,demo_parcel_18,4,SalVentAttn,lh
911,18,demo_parcel_18,4,SalVentAttn,lh
912,18,demo_parcel_18,4,SalVentAttn,lh
913,18,demo_parcel_18,4,SalVentAttn,lh
914,18,demo_parcel_18,4,SalVentAttn,lh
915,18,demo_parcel_18,4,SalVentAttn,lh
916,18,demo_parcel_18,4,SalVentAttn,lh
917,18,demo_parcel_18,4,SalVentAttn,lh
918,18,demo_parcel_18,4,SalVentAttn,lh
919,18,demo_parcel_18,4,SalVentAttn,lh
920,18,demo_parcel_18,4,SalVentAttn,lh
921,18,demo_parcel_18,4,SalVentAttn,lh
922,18,demo_parcel_18,4,SalVentAttn,lh
923,18,demo_parcel_18,4,SalVentAttn,lh
924,18,demo_parcel_18,4,SalVentAttn,lh
925,18,demo_parcel_18,4,SalVentAttn,lh
926,18,demo_parcel_18,4,SalVentAttn,lh
927,18,demo_parcel_18,4,SalVentAttn,lh
928,18,demo_parcel_18,4,SalVentAttn,lh
929,18,demo_parcel_18,4,SalVentAttn,lh
930,18,demo_parcel_18,4,SalVentAttn,lh
931,18,demo_parcel_18,4,SalVentAttn,lh
932,18,demo_parcel_18,4,SalVentAttn,lh
933,18,demo_parcel_18,4,SalVentAttn,lh
934,18,demo_parcel_18,4,SalVentAttn,lh
935,18,demo_parcel_18,4,SalVentAttn,lh
936,19,demo_parcel_19,5,Limbic,lh
937,19,demo_parcel_19,5,Limbic,lh
938,19,demo_parcel_19,5,Limbic,lh
939,19,demo_parcel_19,5,Limbic,lh
940,19,demo_parcel_19,5,Limbic,lh
941,19,demo_parcel_19,5,Limbic,lh
942,19,demo_parcel_19,5,Limbic,lh
943,19,demo_parcel_19,5,Limbic,lh
944,19,demo_parcel_19,5,Limbic,lh
945,19,demo_parcel_19,5,Limbic,lh
946,19,demo_parcel_19,5,Limbic,lh
947,19,demo_parcel_19,5,Limbic,lh
948,19,demo_parcel_19,5,Limbic,lh
949,19,demo_parcel_19,5,Limbic,lh
950,19,demo_parcel_19,5,Limbic,lh
951,19,demo_parcel_19,5,Limbic,lh
952,19,demo_parcel_19,5,Limbic,lh
953,19,demo_parcel_19,5,Limbic,lh
954,19,demo_parcel_19,5,Limbic,lh
955,19,demo_parcel_19,5,Limbic,lh
956,19,demo_parcel_19,5,Limbic,lh
957,19,demo_parcel_19,5,Limbic,lh
958,19,demo_parcel_19,5,Limbic,lh
959,19,demo_parcel_19,5,Limbic,lh
960,19,demo_parcel_19,5,Limbic,lh
961,19,demo_parcel_19,5,Limbic,lh
962,19,demo_parcel_19,5,Limbic,lh
963,19,demo_parcel_19,5,Limbic,lh
964,19,demo_parcel_19,5,Limbic,lh
965,19,demo_parcel_19,5,Limbic,lh
966,19,demo_parcel_19,5,Limbic,lh
967,19,demo_parcel_19,5,Limbic,lh
968,19,demo_parcel_19,5,Limbic,lh
969,19,demo_parcel_19,5,Limbic,lh
970,19,demo_parcel_19,5,Limbic,lh
971,19,demo_parcel_19,5,Limbic,lh
972,19,demo_parcel_19,5,Limbic,lh
973,19,demo_parcel_19,5,Limbic,lh
974,19,demo_parcel_19,5,Limbic,lh
975,19,demo_parcel_19,5,Limbic,lh
976,19,demo_parcel_19,5,Limbic,lh
977,19,demo_parcel_19,5,Limbic,lh
978,19,demo_parcel_19,5,Limbic,lh
979,19,demo_parcel_19,5,Limbic,lh
980,19,demo_parcel_19,5,Limbic,lh
981,19,demo_parcel_19,5,Limbic,lh
982,19,demo_parcel_19,5,Limbic,lh
983,19,demo_parcel_19,5,Limbic,lh
984,19,demo_parcel_19,5,Limbic,lh
985,19,demo_parcel_19,5,Limbic,lh
986,19,demo_parcel_19,5,Limbic,lh
987,19,demo_parcel_19,5,Limbic,lh
988,20,demo_parcel_20,6,Cont,lh
989,20,demo_parcel_20,6,Cont,lh
990,20,demo_parcel_20,6,Cont,lh
991,20,demo_parcel_20,6,Cont,lh
992,20,demo_parcel_20,6,Cont,lh
993,20,demo_parcel_20,6,Cont,lh
994,20,demo_parcel_20,6,Cont,lh
995,20,demo_parcel_20,6,Cont,lh
996,20,demo_parcel_20,6,Cont,lh
997,20,demo_parcel_20,6,Cont,lh
998,20,demo_parcel_20,6,Cont,lh
999,20,demo_parcel_20,6,Cont,lh
1000,20,demo_parcel_20,6,Cont,lh
1001,20,demo_parcel_20,6,Cont,lh
1002,20,demo_parcel_20,6,Cont,lh
1003,20,demo_parcel_20,6,Cont,lh
1004,20,demo_parcel_20,6,Cont,lh
1005,20,demo_parcel_20,6,Cont,lh
1006,20,demo_parcel_20,6,Cont,lh
1007,20,demo_parcel_20,6,Cont,lh
1008,20,demo_parcel_20,6,Cont,lh
1009,20,demo_parcel_20,6,Cont,lh
1010,20,demo_parcel_20,6,Cont,lh
1011,20,demo_parcel_20,6,Cont,lh
1012,20,demo_parcel_20,6,Cont,lh
1013,20,demo_parcel_20,6,Cont,lh
1014,20,demo_parcel_20,6,Cont,lh
1015,20,demo_parcel_20,6,Cont,lh
1016,20,demo_parcel_20,6,Cont,lh
1017,20,demo_parcel_20,6,Cont,lh
1018,20,demo_parcel_20,6,Cont,lh
1019,20,demo_parcel_20,6,Cont,lh
1020,20,demo_parcel_20,6,Cont,lh
1021,20,demo_parcel_20,6,Cont,lh
1022,20,demo_parcel_20,6,Cont,lh
1023,20,demo_parcel_20,6,Cont,lh
1024,20,demo_parcel_20,6,Cont,lh
1025,20,demo_parcel_20,6,Cont,lh
1026,20,demo_parcel_20,6,Cont,lh
1027,20,demo_parcel_20,6,Cont,lh
1028,20,demo_parcel_20,6,Cont,lh
1029,20,demo_parcel_20,6,Cont,lh
1030,20,demo_parcel_20,6,Cont,lh
1031,20,demo_parcel_20,6,Cont,lh
1032,20,demo_parcel_20,6,Cont,lh
1033,20,demo_parcel_20,6,Cont,lh
1034,20,demo_parcel_20,6,Cont,lh
1035,20,demo_parcel_20,6,Cont,lh
1036,20,demo_parcel_20,6,Cont,lh
1037,20,demo_parcel_20,6,Cont,lh
1038,20,demo_parcel_20,6,Cont,lh
1039,20,demo_parcel_20,6,Cont,lh
1040,21,demo_parcel_21,7,Default,lh
1041,21,demo_parcel_21,7,Default,lh
1042,21,demo_parcel_21,7,Default,lh
1043,21,demo_parcel_21,7,Default,lh
1044,21,demo_parcel_21,7,Default,lh
1045,21,demo_parcel_21,7,Default,lh
1046,21,demo_parcel_21,7,Default,lh
1047,21,demo_parcel_21,7,Default,lh
1048,21,demo_parcel_21,7,Default,lh
1049,21,demo_parcel_21,7,Default,lh
1050,21,demo_parcel_21,7,Default,lh
1051,21,demo_parcel_21,7,Default,lh
1052,21,demo_parcel_21,7,Default,lh
1053,21,demo_parcel_21,7,Default,lh
1054,21,demo_parcel_21,7,Default,lh
1055,21,demo_parcel_21,7,Default,lh
1056,21,demo_parcel_21,7,Default,lh
1057,21,demo_parcel_21,7,Default,lh
1058,21,demo_parcel_21,7,Default,lh
1059,21,demo_parcel_21,7,Default,lh
1060,21,demo_parcel_21,7,Default,lh
1061,21,demo_parcel_21,7,Default,lh
1062,21,demo_parcel_21,7,Default,lh
1063,21,demo_parcel_21,7,Default,lh
1064,21,demo_parcel_21,7,Default,lh
1065,21,demo_parcel_21,7,Default,lh
1066,21,demo_parcel_21,7,Default,lh
1067,21,demo_parcel_21,7,Default,lh
1068,21,demo_parcel_21,7,Default,lh
1069,21,demo_parcel_21,7,Default,lh
1070,21,demo_parcel_21,7,Default,lh
1071,21,demo_parcel_21,7,Default,lh
1072,21,demo_parcel_21,7,Default,lh
1073,21,demo_parcel_21,7,Default,lh
1074,21,demo_parcel_21,7,Default,lh
1075,21,demo_parcel_21,7,Default,lh
1076,21,demo_parcel_21,7,Default,lh
1077,21,demo_parcel_21,7,Default,lh
1078,21,demo_parcel_21,7,Default,lh
1079,21,demo_parcel_21,7,Default,lh
1080,21,demo_parcel_21,7,Default,lh
1081,21,demo_parcel_21,7,Default,lh
1082,21,demo_parcel_21,7,Default,lh
1083,21,demo_parcel_21,7,Default,lh
1084,21,demo_parcel_21,7,Default,lh
1085,21,demo_parcel_21,7,Default,lh
1086,21,demo_parcel_21,7,Default,lh
1087,21,demo_parcel_21,7,Default,lh
1088,21,demo_parcel_21,7,Default,lh
1089,21,demo_parcel_21,7,Default,lh
1090,21,demo_parcel_21,7,Default,lh
1091,21,demo_parcel_21,7,Default,lh
1092,22,demo_parcel_22,1,Vis,lh
1093,22,demo_parcel_22,1,Vis,lh
1094,22,demo_parcel_22,1,Vis,lh
1095,22,demo_parcel_22,1,Vis,lh
1096,22,demo_parcel_22,1,Vis,lh
1097,22,demo_parcel_22,1,Vis,lh
1098,22,demo_parcel_22,1,Vis,lh
1099,22,demo_parcel_22,1,Vis,lh
1100,22,demo_parcel_22,1,Vis,lh
1101,22,demo_parcel_22,1,Vis,lh
1102,22,demo_parcel_22,1,Vis,lh
1103,22,demo_parcel_22,1,Vis,lh
1104,22,demo_parcel_22,1,Vis,lh
1105,22,demo_parcel_22,1,Vis,lh
1106,22,demo_parcel_22,1,Vis,lh
1107,22,demo_parcel_22,1,Vis,lh
1108,22,demo_parcel_22,1,Vis,lh
1109,22,demo_parcel_22,1,Vis,lh
1110,22,demo_parcel_22,1,Vis,lh
1111,22,demo_parcel_22,1,Vis,lh
1112,22,demo_parcel_22,1,Vis,lh
1113,22,demo_parcel_22,1,Vis,lh
1114,22,demo_parcel_22,1,Vis,lh
1115,22,demo_parcel_22,1,Vis,lh
1116,22,demo_parcel_22,1,Vis,lh
1117,22,demo_parcel_22,1,Vis,lh
1118,22,demo_parcel_22,1,Vis,lh
1119,22,demo_parcel_22,1,Vis,lh
1120,22,demo_parcel_22,1,Vis,lh
1121,22,demo_parcel_22,1,Vis,lh
1122,22,demo_parcel_22,1,Vis,lh
1123,22,demo_parcel_22,1,Vis,lh
1124,22,demo_parcel_22,1,Vis,lh
1125,22,demo_parcel_22,1,Vis,lh
1126,22,demo_parcel_22,1,Vis,lh
1127,22,demo_parcel_22,1,Vis,lh
1128,22,demo_parcel_22,1,Vis,lh
1129,22,demo_parcel_22,1,Vis,lh
1130,22,demo_parcel_22,1,Vis,lh
1131,22,demo_parcel_22,1,Vis,lh
1132,22,demo_parcel_22,1,Vis,lh
1133,22,demo_parcel_22,1,Vis,lh
1134,22,demo_parcel_22,1,Vis,lh
1135,22,demo_parcel_22,1,Vis,lh
1136,22,demo_parcel_22,1,Vis,lh
1137,22,demo_parcel_22,1,Vis,lh
1138,22,demo_parcel_22,1,Vis,lh
1139,22,demo_parcel_22,1,Vis,lh
1140,22,demo_parcel_22,1,Vis,lh
1141,22,demo_parcel_22,1,Vis,lh
1142,22,demo_parcel_22,1,Vis,lh
1143,22,demo_parcel_22,1,Vis,lh
1144,23,demo_parcel_23,2,SomMot,lh
1145,23,demo_parcel_23,2,SomMot,lh
1146,23,demo_parcel_23,2,SomMot,lh
1147,23,demo_parcel_23,2,SomMot,lh
1148,23,demo_parcel_23,2,SomMot,lh
1149,23,demo_parcel_23,2,SomMot,lh
1150,23,demo_parcel_23,2,SomMot,lh
1151,23,demo_parcel_23,2,SomMot,lh
1152,23,demo_parcel_23,2,SomMot,lh
1153,23,demo_parcel_23,2,SomMot,lh
1154,23,demo_parcel_23,2,SomMot,lh
1155,23,demo_parcel_23,2,SomMot,lh
1156,23,demo_parcel_23,2,SomMot,lh
1157,23,demo_parcel_23,2,SomMot,lh
1158,23,demo_parcel_23,2,SomMot,lh
1159,23,demo_parcel_23,2,SomMot,lh
1160,23,demo_parcel_23,2,SomMot,lh
1161,23,demo_parcel_23,2,SomMot,lh
1162,23,demo_parcel_23,2,SomMot,lh
1163,23,demo_parcel_23,2,SomMot,lh
1164,23,demo_parcel_23,2,SomMot,lh
1165,23,demo_parcel_23,2,SomMot,lh
1166,23,demo_parcel_23,2,SomMot,lh
1167,23,demo_parcel_23,2,SomMot,lh
1168,23,demo_parcel_23,2,SomMot,lh
1169,23,demo_parcel_23,2,SomMot,lh
1170,23,demo_parcel_23,2,SomMot,lh
1171,23,demo_parcel_23,2,SomMot,lh
1172,23,demo_parcel_23,2,SomMot,lh
1173,23,demo_parcel_23,2,SomMot,lh
1174,23,demo_parcel_23,2,SomMot,lh
1175,23,demo_parcel_23,2,SomMot,lh
1176,23,demo_parcel_23,2,SomMot,lh
1177,23,demo_parcel_23,2,SomMot,lh
1178,23,demo_parcel_23,2,SomMot,lh
1179,23,demo_parcel_23,2,SomMot,lh
1180,23,demo_parcel_23,2,SomMot,lh
1181,23,demo_parcel_23,2,SomMot,lh
1182,23,demo_parcel_23,2,SomMot,lh
1183,23,demo_parcel_23,2,SomMot,lh
1184,23,demo_parcel_23,2,SomMot,lh
1185,23,demo_parcel_23,2,SomMot,lh
1186,23,demo_parcel_23,2,SomMot,lh
1187,23,demo_parcel_23,2,SomMot,lh
1188,23,demo_parcel_23,2,SomMot,lh
1189,23,demo_parcel_23,2,SomMot,lh
1190,23,demo_parcel_23,2,SomMot,lh
1191,23,demo_parcel_23,2,SomMot,lh
1192,23,demo_parcel_23,2,SomMot,lh
1193,23,demo_parcel_23,2,SomMot,lh
1194,23,demo_parcel_23,2,SomMot,lh
1195,23,demo_parcel_23,2,SomMot,lh
1196,24,demo_parcel_24,3,DorsAttn,lh
1197,24,demo_parcel_24,3,DorsAttn,lh
1198,24,demo_parcel_24,3,DorsAttn,lh
1199,24,demo_parcel_24,3,DorsAttn,lh
1200,24,demo_parcel_24,3,DorsAttn,lh
1201,24,demo_parcel_24,3,DorsAttn,lh
1202,24,demo_parcel_24,3,DorsAttn,lh
1203,24,demo_parcel_24,3,DorsAttn,lh
1204,24,demo_parcel_24,3,DorsAttn,lh
1205,24,demo_parcel_24,3,DorsAttn,lh
1206,24,demo_parcel_24,3,DorsAttn,lh
1207,24,demo_parcel_24,3,DorsAttn,lh
1208,24,demo_parcel_24,3,DorsAttn,lh
1209,24,demo_parcel_24,3,DorsAttn,lh
1210,24,demo_parcel_24,3,DorsAttn,lh
1211,24,demo_parcel_24,3,DorsAttn,lh
1212,24,demo_parcel_24,3,DorsAttn,lh
1213,24,demo_parcel_24,3,DorsAttn,lh
1214,24,demo_parcel_24,3,DorsAttn,lh
1215,24,demo_parcel_24,3,DorsAttn,lh
1216,24,demo_parcel_24,3,DorsAttn,lh
1217,24,demo_parcel_24,3,DorsAttn,lh
1218,24,demo_parcel_24,3,DorsAttn,lh
1219,24,demo_parcel_24,3,DorsAttn,lh
1220,24,demo_parcel_24,3,DorsAttn,lh
1221,24,demo_parcel_24,3,DorsAttn,lh
1222,24,demo_parcel_24,3,DorsAttn,lh
1223,24,demo_parcel_24,3,DorsAttn,lh
1224,24,demo_parcel_24,3,DorsAttn,lh
1225,24,demo_parcel_24,3,DorsAttn,lh
1226,24,demo_parcel_24,3,DorsAttn,lh
1227,24,demo_parcel_24,3,DorsAttn,lh
1228,24,demo_parcel_24,3,DorsAttn,lh
1229,24,demo_parcel_24,3,DorsAttn,lh
1230,24,demo_parcel_24,3,DorsAttn,lh
1231,24,demo_parcel_24,3,DorsAttn,lh
1232,24,demo_parcel_24,3,DorsAttn,lh
1233,24,demo_parcel_24,3,DorsAttn,lh
1234,24,demo_parcel_24,3,DorsAttn,lh
1235,24,demo_parcel_24,3,DorsAttn,lh
1236,24,demo_parcel_24,3,DorsAttn,lh
1237,24,demo_parcel_24,3,DorsAttn,lh
1238,24,demo_parcel_24,3,DorsAttn,lh
1239,24,demo_parcel_24,3,DorsAttn,lh
1240,24,demo_parcel_24,3,DorsAttn,lh
1241,24,demo_parcel_24,3,DorsAttn,lh
1242,24,demo_parcel_24,3,DorsAttn,lh
1243,24,demo_parcel_24,3,DorsAttn,lh
1244,24,demo_parcel_24,3,DorsAttn,lh
1245,24,demo_parcel_24,3,DorsAttn,lh
1246,24,demo_parcel_24,3,DorsAttn,lh
1247,24,demo_parcel_24,3,DorsAttn,lh
1248,25,demo_parcel_25,4,SalVentAttn,lh
1249,25,demo_parcel_25,4,SalVentAttn,lh
1250,25,demo_parcel_25,4,SalVentAttn,lh
1251,25,demo_parcel_25,4,SalVentAttn,lh
1252,25,demo_parcel_25,4,SalVentAttn,lh
1253,25,demo_parcel_25,4,SalVentAttn,lh
1254,25,demo_parcel_25,4,SalVentAttn,lh
1255,25,demo_parcel_25,4,SalVentAttn,lh
1256,25,demo_parcel_25,4,SalVentAttn,lh
1257,25,demo_parcel_25,4,SalVentAttn,lh
1258,25,demo_parcel_25,4,SalVentAttn,lh
1259,25,demo_parcel_25,4,SalVentAttn,lh
1260,25,demo_parcel_25,4,SalVentAttn,lh
1261,25,demo_parcel_25,4,SalVentAttn,lh
1262,25,demo_parcel_25,4,SalVentAttn,lh
1263,25,demo_parcel_25,4,SalVentAttn,lh
1264,25,demo_parcel_25,4,SalVentAttn,lh
1265,25,demo_parcel_25,4,SalVentAttn,lh
1266,25,demo_parcel_25,4,SalVentAttn,lh
1267,25,demo_parcel_25,4,SalVentAttn,lh
1268,25,demo_parcel_25,4,SalVentAttn,lh
1269,25,demo_parcel_25,4,SalVentAttn,lh
1270,25,demo_parcel_25,4,SalVentAttn,lh
1271,25,demo_parcel_25,4,SalVentAttn,lh
1272,25,demo_parcel_25,4,SalVentAttn,lh
1273,25,demo_parcel_25,4,SalVentAttn,lh
1274,25,demo_parcel_25,4,SalVentAttn,lh
1275,25,demo_parcel_25,4,SalVentAttn,lh
1276,25,demo_parcel_25,4,SalVentAttn,lh
1277,25,demo_parcel_25,4,SalVentAttn,lh
1278,25,demo_parcel_25,4,SalVentAttn,lh
1279,25,demo_parcel_25,4,SalVentAttn,lh
1280,25,demo_parcel_25,4,SalVentAttn,lh
1281,25,demo_parcel_25,4,SalVentAttn,lh
1282,25,demo_parcel_25,4,SalVentAttn,lh
1283,25,demo_parcel_25,4,SalVentAttn,lh
1284,25,demo_parcel_25,4,SalVentAttn,lh
1285,25,demo_parcel_25,4,SalVentAttn,lh
1286,25,demo_parcel_25,4,SalVentAttn,lh
1287,25,demo_parcel_25,4,SalVentAttn,lh
1288,25,demo_parcel_25,4,SalVentAttn,lh
1289,25,demo_parcel_25,4,SalVentAttn,lh
1290,25,demo_parcel_25,4,SalVentAttn,lh
1291,25,demo_parcel_25,4,SalVentAttn,lh
1292,25,demo_parcel_25,4,SalVentAttn,lh
1293,25,demo_parcel_25,4,SalVentAttn,lh
1294,25,demo_parcel_25,4,SalVentAttn,lh
1295,25,demo_parcel_25,4,SalVentAttn,lh
1296,25,demo_parcel_25,4,SalVentAttn,lh
1297,25,demo_parcel_25,4,SalVentAttn,lh
1298,25,demo_parcel_25,4,SalVentAttn,lh
1299,25,demo_parcel_25,4,SalVentAttn,lh
1300,26,demo_parcel_26,5,Limbic,lh
1301,26,demo_parcel_26,5,Limbic,lh
1302,26,demo_parcel_26,5,Limbic,lh
1303,26,demo_parcel_26,5,Limbic,lh
1304,26,demo_parcel_26,5,Limbic,lh
1305,26,demo_parcel_26,5,Limbic,lh
1306,26,demo_parcel_26,5,Limbic,lh
1307,26,demo_parcel_26,5,Limbic,lh
1308,26,demo_parcel_26,5,Limbic,lh
1309,26,demo_parcel_26,5,Limbic,lh
1310,26,demo_parcel_26,5,Limbic,lh
1311,26,demo_parcel_26,5,Limbic,lh
1312,26,demo_parcel_26,5,Limbic,lh
1313,26,demo_parcel_26,5,Limbic,lh
1314,26,demo_parcel_26,5,Limbic,lh
1315,26,demo_parcel_26,5,Limbic,lh
1316,26,demo_parcel_26,5,Limbic,lh
1317,26,demo_parcel_26,5,Limbic,lh
1318,26,demo_parcel_26,5,Limbic,lh
1319,26,demo_parcel_26,5,Limbic,lh
1320,26,demo_parcel_26,5,Limbic,lh
1321,26,demo_parcel_26,5,Limbic,lh
1322,26,demo_parcel_26,5,Limbic,lh
1323,26,demo_parcel_26,5,Limbic,lh
1324,26,demo_parcel_26,5,Limbic,lh
1325,26,demo_parcel_26,5,Limbic,lh
1326,26,demo_parcel_26,5,Limbic,lh
1327,26,demo_parcel_26,5,Limbic,lh
1328,26,demo_parcel_26,5,Limbic,lh
1329,26,demo_parcel_26,5,Limbic,lh
1330,26,demo_parcel_26,5,Limbic,lh
1331,26,demo_parcel_26,5,Limbic,lh
1332,26,demo_parcel_26,5,Limbic,lh
1333,26,demo_parcel_26,5,Limbic,lh
1334,26,demo_parcel_26,5,Limbic,lh
1335,26,demo_parcel_26,5,Limbic,lh
1336,26,demo_parcel_26,5,Limbic,lh
1337,26,demo_parcel_26,5,Limbic,lh
1338,26,demo_parcel_26,5,Limbic,lh
1339,26,demo_parcel_26,5,Limbic,lh
1340,26,demo_parcel_26,5,Limbic,lh
1341,26,demo_parcel_26,5,Limbic,lh
1342,26,demo_parcel_26,5,Limbic,lh
1343,26,demo_parcel_26,5,Limbic,lh
1344,26,demo_parcel_26,5,Limbic,lh
1345,26,demo_parcel_26,5,Limbic,lh
1346,26,demo_parcel_26,5,Limbic,lh
1347,26,demo_parcel_26,5,Limbic,lh
1348,26,demo_parcel_26,5,Limbic,lh
1349,26,demo_parcel_26,5,Limbic,lh
1350,26,demo_parcel_26,5,Limbic,lh
1351,26,demo_parcel_26,5,Limbic,lh
1352,27,demo_parcel_27,6,Cont,lh
1353,27,demo_parcel_27,6,Cont,lh
1354,27,demo_parcel_27,6,Cont,lh
1355,27,demo_parcel_27,6,Cont,lh
1356,27,demo_parcel_27,6,Cont,lh
1357,27,demo_parcel_27,6,Cont,lh
1358,27,demo_parcel_27,6,Cont,lh
1359,27,demo_parcel_27,6,Cont,lh
1360,27,demo_parcel_27,6,Cont,lh
1361,27,demo_parcel_27,6,Cont,lh
1362,27,demo_parcel_27,6,Cont,lh
1363,27,demo_parcel_27,6,Cont,lh
1364,27,demo_parcel_27,6,Cont,lh
1365,27,demo_parcel_27,6,Cont,lh
1366,27,demo_parcel_27,6,Cont,lh
1367,27,demo_parcel_27,6,Cont,lh
1368,27,demo_parcel_27,6,Cont,lh
1369,27,demo_parcel_27,6,Cont,lh
1370,27,demo_parcel_27,6,Cont,lh
1371,27,demo_parcel_27,6,Cont,lh
1372,27,demo_parcel_27,6,Cont,lh
1373,27,demo_parcel_27,6,Cont,lh
1374,27,demo_parcel_27,6,Cont,lh
1375,27,demo_parcel_27,6,Cont,lh
1376,27,demo_parcel_27,6,Cont,lh
1377,27,demo_parcel_27,6,Cont,lh
1378,27,demo_parcel_27,6,Cont,lh
1379,27,demo_parcel_27,6,Cont,lh
1380,27,demo_parcel_27,6,Cont,lh
1381,27,demo_parcel_27,6,Cont,lh
1382,27,demo_parcel_27,6,Cont,lh
1383,27,demo_parcel_27,6,Cont,lh
1384,27,demo_parcel_27,6,Cont,lh
1385,27,demo_parcel_27,6,Cont,lh
1386,27,demo_parcel_27,6,Cont,lh
1387,27,demo_parcel_27,6,Cont,lh
1388,27,demo_parcel_27,6,Cont,lh
1389,27,demo_parcel_27,6,Cont,lh
1390,27,demo_parcel_27,6,Cont,lh
1391,27,demo_parcel_27,6,Cont,lh
1392,27,demo_parcel_27,6,Cont,lh
1393,27,demo_parcel_27,6,Cont,lh
1394,27,demo_parcel_27,6,Cont,lh
1395,27,demo_parcel_27,6,Cont,lh
1396,27,demo_parcel_27,6,Cont,lh
1397,27,demo_parcel_27,6,Cont,lh
1398,27,demo_parcel_27,6,Cont,lh
1399,27,demo_parcel_27,6,Cont,lh
1400,27,demo_parcel_27,6,Cont,lh
1401,27,demo_parcel_27,6,Cont,lh
1402,27,demo_parcel_27,6,Cont,lh
1403,27,demo_parcel_27,6,Cont,lh
1404,28,demo_parcel_28,7,Default,lh
1405,28,demo_parcel_28,7,Default,lh
1406,28,demo_parcel_28,7,Default,lh
1407,28,demo_parcel_28,7,Default,lh
1408,28,demo_parcel_28,7,Default,lh
1409,28,demo_parcel_28,7,Default,lh
1410,28,demo_parcel_28,7,Default,lh
1411,28,demo_parcel_28,7,Default,lh
1412,28,demo_parcel_28,7,Default,lh
1413,28,demo_parcel_28,7,Default,lh
1414,28,demo_parcel_28,7,Default,lh
1415,28,demo_parcel_28,7,Default,lh
1416,28,demo_parcel_28,7,Default,lh
1417,28,demo_parcel_28,7,Default,lh
1418,28,demo_parcel_28,7,Default,lh
1419,28,demo_parcel_28,7,Default,lh
1420,28,demo_parcel_28,7,Default,lh
1421,28,demo_parcel_28,7,Default,lh
1422,28,demo_parcel_28,7,Default,lh
1423,28,demo_parcel_28,7,Default,lh
1424,28,demo_parcel_28,7,Default,lh
1425,28,demo_parcel_28,7,Default,lh
1426,28,demo_parcel_28,7,Default,lh
1427,28,demo_parcel_28,7,Default,lh
1428,28,demo_parcel_28,7,Default,lh
1429,28,demo_parcel_28,7,Default,lh
1430,28,demo_parcel_28,7,Default,lh
1431,28,demo_parcel_28,7,Default,lh
1432,28,demo_parcel_28,7,Default,lh
1433,28,demo_parcel_28,7,Default,lh
1434,28,demo_parcel_28,7,Default,lh
1435,28,demo_parcel_28,7,Default,lh
1436,28,demo_parcel_28,7,Default,lh
1437,28,demo_parcel_28,7,Default,lh
1438,28,demo_parcel_28,7,Default,lh
1439,28,demo_parcel_28,7,Default,lh
1440,28,demo_parcel_28,7,Default,lh
1441,28,demo_parcel_28,7,Default,lh
1442,28,demo_parcel_28,7,Default,lh
1443,28,demo_parcel_28,7,Default,lh
1444,28,demo_parcel_28,7,Default,lh
1445,28,demo_parcel_28,7,Default,lh
1446,28,demo_parcel_28,7,Default,lh
1447,28,demo_parcel_28,7,Default,lh
1448,28,demo_parcel_28,7,Default,lh
1449,28,demo_parcel_28,7,Default,lh
1450,28,demo_parcel_28,7,Default,lh
1451,28,demo_parcel_28,7,Default,lh
1452,28,demo_parcel_28,7,Default,lh
1453,28,demo_parcel_28,7,Default,lh
1454,28,demo_parcel_28,7,Default,lh
1455,28,demo_parcel_28,7,Default,lh
1456,29,demo_parcel_29,1,Vis,lh
1457,29,demo_parcel_29,1,Vis,lh
1458,29,demo_parcel_29,1,Vis,lh
1459,29,demo_parcel_29,1,Vis,lh
1460,29,demo_parcel_29,1,Vis,lh
1461,29,demo_parcel_29,1,Vis,lh
1462,29,demo_parcel_29,1,Vis,lh
1463,29,demo_parcel_29,1,Vis,lh
1464,29,demo_parcel_29,1,Vis,lh
1465,29,demo_parcel_29,1,Vis,lh
1466,29,demo_parcel_29,1,Vis,lh
1467,29,demo_parcel_29,1,Vis,lh
1468,29,demo_parcel_29,1,Vis,lh
1469,29,demo_parcel_29,1,Vis,lh
1470,29,demo_parcel_29,1,Vis,lh
1471,29,demo_parcel_29,1,Vis,lh
1472,29,demo_parcel_29,1,Vis,lh
1473,29,demo_parcel_29,1,Vis,lh
1474,29,demo_parcel_29,1,Vis,lh
1475,29,demo_parcel_29,1,Vis,lh
1476,29,demo_parcel_29,1,Vis,lh
1477,29,demo_parcel_29,1,Vis,lh
1478,29,demo_parcel_29,1,Vis,lh
1479,29,demo_parcel_29,1,Vis,lh
1480,29,demo_parcel_29,1,Vis,lh
1481,29,demo_parcel_29,1,Vis,lh
1482,29,demo_parcel_29,1,Vis,lh
1483,29,demo_parcel_29,1,Vis,lh
1484,29,demo_parcel_29,1,Vis,lh
1485,29,demo_parcel_29,1,Vis,lh
1486,29,demo_parcel_29,1,Vis,lh
1487,29,demo_parcel_29,1,Vis,lh
1488,29,demo_parcel_29,1,Vis,lh
1489,29,demo_parcel_29,1,Vis,lh
1490,29,demo_parcel_29,1,Vis,lh
1491,29,demo_parcel_29,1,Vis,lh
1492,29,demo_parcel_29,1,Vis,lh
1493,29,demo_parcel_29,1,Vis,lh
1494,29,demo_parcel_29,1,Vis,lh
1495,29,demo_parcel_29,1,Vis,lh
1496,29,demo_parcel_29,1,Vis,lh
1497,29,demo_parcel_29,1,Vis,lh
1498,29,demo_parcel_29,1,Vis,lh
1499,29,demo_parcel_29,1,Vis,lh
1500,29,demo_parcel_29,1,Vis,lh
1501,29,demo_parcel_29,1,Vis,lh
1502,29,demo_parcel_29,1,Vis,lh
1503,29,demo_parcel_29,1,Vis,lh
1504,29,demo_parcel_29,1,Vis,lh
1505,29,demo_parcel_29,1,Vis,lh
1506,29,demo_parcel_29,1,Vis,lh
1507,29,demo_parcel_29,1,Vis,lh
1508,30,demo_parcel_30,2,SomMot,lh
1509,30,demo_parcel_30,2,SomMot,lh
1510,30,demo_parcel_30,2,SomMot,lh
1511,30,demo_parcel_30,2,SomMot,lh
1512,30,demo_parcel_30,2,SomMot,lh
1513,30,demo_parcel_30,2,SomMot,lh
1514,30,demo_parcel_30,2,SomMot,lh
1515,30,demo_parcel_30,2,SomMot,lh
1516,30,demo_parcel_30,2,SomMot,lh
1517,30,demo_parcel_30,2,SomMot,lh
1518,30,demo_parcel_30,2,SomMot,lh
1519,30,demo_parcel_30,2,SomMot,lh
1520,30,demo_parcel_30,2,SomMot,lh
1521,30,demo_parcel_30,2,SomMot,lh
1522,30,demo_parcel_30,2,SomMot,lh
1523,30,demo_parcel_30,2,SomMot,lh
1524,30,demo_parcel_30,2,SomMot,lh
1525,30,demo_parcel_30,2,SomMot,lh
1526,30,demo_parcel_30,2,SomMot,lh
1527,30,demo_parcel_30,2,SomMot,lh
1528,30,demo_parcel_30,2,SomMot,lh
1529,30,demo_parcel_30,2,SomMot,lh
1530,30,demo_parcel_30,2,SomMot,lh
1531,30,demo_parcel_30,2,SomMot,lh
1532,30,demo_parcel_30,2,SomMot,lh
1533,30,demo_parcel_30,2,SomMot,lh
1534,30,demo_parcel_30,2,SomMot,lh
1535,30,demo_parcel_30,2,SomMot,lh
1536,30,demo_parcel_30,2,SomMot,lh
1537,30,demo_parcel_30,2,SomMot,lh
1538,30,demo_parcel_30,2,SomMot,lh
1539,30,demo_parcel_30,2,SomMot,lh
1540,30,demo_parcel_30,2,SomMot,lh
1541,30,demo_parcel_30,2,SomMot,lh
1542,30,demo_parcel_30,2,SomMot,lh
1543,30,demo_parcel_30,2,SomMot,lh
1544,30,demo_parcel_30,2,SomMot,lh
1545,30,demo_parcel_30,2,SomMot,lh
1546,30,demo_parcel_30,2,SomMot,lh
1547,30,demo_parcel_30,2,SomMot,lh
1548,30,demo_parcel_30,2,SomMot,lh
1549,30,demo_parcel_30,2,SomMot,lh
1550,30,demo_parcel_30,2,SomMot,lh
1551,30,demo_parcel_30,2,SomMot,lh
1552,30,demo_parcel_30,2,SomMot,lh
1553,30,demo_parcel_30,2,SomMot,lh
1554,30,demo_parcel_30,2,SomMot,lh
1555,30,demo_parcel_30,2,SomMot,lh
1556,30,demo_parcel_30,2,SomMot,lh
1557,30,demo_parcel_30,2,SomMot,lh
1558,30,demo_parcel_30,2,SomMot,lh
1559,30,demo_parcel_30,2,SomMot,lh
1560,31,demo_parcel_31,3,DorsAttn,lh
1561,31,demo_parcel_31,3,DorsAttn,lh
1562,31,demo_parcel_31,3,DorsAttn,lh
1563,31,demo_parcel_31,3,DorsAttn,lh
1564,31,demo_parcel_31,3,DorsAttn,lh
1565,31,demo_parcel_31,3,DorsAttn,lh
1566,31,demo_parcel_31,3,DorsAttn,lh
1567,31,demo_parcel_31,3,DorsAttn,lh
1568,31,demo_parcel_31,3,DorsAttn,lh
1569,31,demo_parcel_31,3,DorsAttn,lh
1570,31,demo_parcel_31,3,DorsAttn,lh
1571,31,demo_parcel_31,3,DorsAttn,lh
1572,31,demo_parcel_31,3,DorsAttn,lh
1573,31,demo_parcel_31,3,DorsAttn,lh
1574,31,demo_parcel_31,3,DorsAttn,lh
1575,31,demo_parcel_31,3,DorsAttn,lh
1576,31,demo_parcel_31,3,DorsAttn,lh
1577,31,demo_parcel_31,3,DorsAttn,lh
1578,31,demo_parcel_31,3,DorsAttn,lh
1579,31,demo_parcel_31,3,DorsAttn,lh
1580,31,demo_parcel_31,3,DorsAttn,lh
1581,31,demo_parcel_31,3,DorsAttn,lh
1582,31,demo_parcel_31,3,DorsAttn,lh
1583,31,demo_parcel_31,3,DorsAttn,lh
1584,31,demo_parcel_31,3,DorsAttn,lh
1585,31,demo_parcel_31,3,DorsAttn,lh
1586,31,demo_parcel_31,3,DorsAttn,lh
1587,31,demo_parcel_31,3,DorsAttn,lh
1588,31,demo_parcel_31,3,DorsAttn,lh
1589,31,demo_parcel_31,3,DorsAttn,lh
1590,31,demo_parcel_31,3,DorsAttn,lh
1591,31,demo_parcel_31,3,DorsAttn,lh
1592,31,demo_parcel_31,3,DorsAttn,lh
1593,31,demo_parcel_31,3,DorsAttn,lh
1594,31,demo_parcel_31,3,DorsAttn,lh
1595,31,demo_parcel_31,3,DorsAttn,lh
1596,31,demo_parcel_31,3,DorsAttn,lh
1597,31,demo_parcel_31,3,DorsAttn,lh
1598,31,demo_parcel_31,3,DorsAttn,lh
1599,31,demo_parcel_31,3,DorsAttn,lh
1600,31,demo_parcel_31,3,DorsAttn,lh
1601,31,demo_parcel_31,3,DorsAttn,lh
1602,31,demo_parcel_31,3,DorsAttn,lh
1603,31,demo_parcel_31,3,DorsAttn,lh
1604,31,demo_parcel_31,3,DorsAttn,lh
1605,31,demo_parcel_31,3,DorsAttn,lh
1606,31,demo_parcel_31,3,DorsAttn,lh
1607,31,demo_parcel_31,3,DorsAttn,lh
1608,31,demo_parcel_31,3,DorsAttn,lh
1609,31,demo_parcel_31,3,DorsAttn,lh
1610,31,demo_parcel_31,3,DorsAttn,lh
1611,31,demo_parcel_31,3,DorsAttn,lh
1612,32,demo_parcel_32,4,SalVentAttn,lh
1613,32,demo_parcel_32,4,SalVentAttn,lh
1614,32,demo_parcel_32,4,SalVentAttn,lh
1615,32,demo_parcel_32,4,SalVentAttn,lh
1616,32,demo_parcel_32,4,SalVentAttn,lh
1617,32,demo_parcel_32,4,SalVentAttn,lh
1618,32,demo_parcel_32,4,SalVentAttn,lh
1619,32,demo_parcel_32,4,SalVentAttn,lh
1620,32,demo_parcel_32,4,SalVentAttn,lh
1621,32,demo_parcel_32,4,SalVentAttn,lh
1622,32,demo_parcel_32,4,SalVentAttn,lh
1623,32,demo_parcel_32,4,SalVentAttn,lh
1624,32,demo_parcel_32,4,SalVentAttn,lh
1625,32,demo_parcel_32,4,SalVentAttn,lh
1626,32,demo_parcel_32,4,SalVentAttn,lh
1627,32,demo_parcel_32,4,SalVentAttn,lh
1628,32,demo_parcel_32,4,SalVentAttn,lh
1629,32,demo_parcel_32,4,SalVentAttn,lh
1630,32,demo_parcel_32,4,SalVentAttn,lh
1631,32,demo_parcel_32,4,SalVentAttn,lh
1632,32,demo_parcel_32,4,SalVentAttn,lh
1633,32,demo_parcel_32,4,SalVentAttn,lh
1634,32,demo_parcel_32,4,SalVentAttn,lh
1635,32,demo_parcel_32,4,SalVentAttn,lh
1636,32,demo_parcel_32,4,SalVentAttn,lh
1637,32,demo_parcel_32,4,SalVentAttn,lh
1638,32,demo_parcel_32,4,SalVentAttn,lh
1639,32,demo_parcel_32,4,SalVentAttn,lh
1640,32,demo_parcel_32,4,SalVentAttn,lh
1641,32,demo_parcel_32,4,SalVentAttn,lh
1642,32,demo_parcel_32,4,SalVentAttn,lh
1643,32,demo_parcel_32,4,SalVentAttn,lh
1644,32,demo_parcel_32,4,SalVentAttn,lh
1645,32,demo_parcel_32,4,SalVentAttn,lh
1646,32,demo_parcel_32,4,SalVentAttn,lh
1647,32,demo_parcel_32,4,SalVentAttn,lh
1648,32,demo_parcel_32,4,SalVentAttn,lh
1649,32,demo_parcel_32,4,SalVentAttn,lh
1650,32,demo_parcel_32,4,SalVentAttn,lh
1651,32,demo_parcel_32,4,SalVentAttn,lh
1652,32,demo_parcel_32,4,SalVentAttn,lh
1653,32,demo_parcel_32,4,SalVentAttn,lh
1654,32,demo_parcel_32,4,SalVentAttn,lh
1655,32,demo_parcel_32,4,SalVentAttn,lh
1656,32,demo_parcel_32,4,SalVentAttn,lh
1657,32,demo_parcel_32,4,SalVentAttn,lh
1658,32,demo_parcel_32,4,SalVentAttn,lh
1659,32,demo_parcel_32,4,SalVentAttn,lh
1660,32,demo_parcel_32,4,SalVentAttn,lh
1661,32,demo_parcel_32,4,SalVentAttn,lh
1662,32,demo_parcel_32,4,SalVentAttn,lh
1663,32,demo_parcel_32,4,SalVentAttn,lh
1664,33,demo_parcel_33,5,Limbic,lh
1665,33,demo_parcel_33,5,Limbic,lh
1666,33,demo_parcel_33,5,Limbic,lh
1667,33,demo_parcel_33,5,Limbic,lh
1668,33,demo_parcel_33,5,Limbic,lh
1669,33,demo_parcel_33,5,Limbic,lh
1670,33,demo_parcel_33,5,Limbic,lh
1671,33,demo_parcel_33,5,Limbic,lh
1672,33,demo_parcel_33,5,Limbic,lh
1673,33,demo_parcel_33,5,Limbic,lh
1674,33,demo_parcel_33,5,Limbic,lh
1675,33,demo_parcel_33,5,Limbic,lh
1676,33,demo_parcel_33,5,Limbic,lh
1677,33,demo_parcel_33,5,Limbic,lh
1678,33,demo_parcel_33,5,Limbic,lh
1679,33,demo_parcel_33,5,Limbic,lh
1680,33,demo_parcel_33,5,Limbic,lh
1681,33,demo_parcel_33,5,Limbic,lh
1682,33,demo_parcel_33,5,Limbic,lh
1683,33,demo_parcel_33,5,Limbic,lh
1684,33,demo_parcel_33,5,Limbic,lh
1685,33,demo_parcel_33,5,Limbic,lh
1686,33,demo_parcel_33,5,Limbic,lh
1687,33,demo_parcel_33,5,Limbic,lh
1688,33,demo_parcel_33,5,Limbic,lh
1689,33,demo_parcel_33,5,Limbic,lh
1690,33,demo_parcel_33,5,Limbic,lh
1691,33,demo_parcel_33,5,Limbic,lh
1692,33,demo_parcel_33,5,Limbic,lh
1693,33,demo_parcel_33,5,Limbic,lh
1694,33,demo_parcel_33,5,Limbic,lh
1695,33,demo_parcel_33,5,Limbic,lh
1696,33,demo_parcel_33,5,Limbic,lh
1697,33,demo_parcel_33,5,Limbic,lh
1698,33,demo_parcel_33,5,Limbic,lh
1699,33,demo_parcel_33,5,Limbic,lh
1700,33,demo_parcel_33,5,Limbic,lh
1701,33,demo_parcel_33,5,Limbic,lh
1702,33,demo_parcel_33,5,Limbic,lh
1703,33,demo_parcel_33,5,Limbic,lh
1704,33,demo_parcel_33,5,Limbic,lh
1705,33,demo_parcel_33,5,Limbic,lh
1706,33,demo_parcel_33,5,Limbic,lh
1707,33,demo_parcel_33,5,Limbic,lh
1708,33,demo_parcel_33,5,Limbic,lh
1709,33,demo_parcel_33,5,Limbic,lh
1710,33,demo_parcel_33,5,Limbic,lh
1711,33,demo_parcel_33,5,Limbic,lh
1712,33,demo_parcel_33,5,Limbic,lh
1713,33,demo_parcel_33,5,Limbic,lh
1714,33,demo_parcel_33,5,Limbic,lh
1715,33,demo_parcel_33,5,Limbic,lh
1716,34,demo_parcel_34,6,Cont,lh
1717,34,demo_parcel_34,6,Cont,lh
1718,34,demo_parcel_34,6,Cont,lh
1719,34,demo_parcel_34,6,Cont,lh
1720,34,demo_parcel_34,6,Cont,lh
1721,34,demo_parcel_34,6,Cont,lh
1722,34,demo_parcel_34,6,Cont,lh
1723,34,demo_parcel_34,6,Cont,lh
1724,34,demo_parcel_34,6,Cont,lh
1725,34,demo_parcel_34,6,Cont,lh
1726,34,demo_parcel_34,6,Cont,lh
1727,34,demo_parcel_34,6,Cont,lh
1728,34,demo_parcel_34,6,Cont,lh
1729,34,demo_parcel_34,6,Cont,lh
1730,34,demo_parcel_34,6,Cont,lh
1731,34,demo_parcel_34,6,Cont,lh
1732,34,demo_parcel_34,6,Cont,lh
1733,34,demo_parcel_34,6,Cont,lh
1734,34,demo_parcel_34,6,Cont,lh
1735,34,demo_parcel_34,6,Cont,lh
1736,34,demo_parcel_34,6,Cont,lh
1737,34,demo_parcel_34,6,Cont,lh
1738,34,demo_parcel_34,6,Cont,lh
1739,34,demo_parcel_34,6,Cont,lh
1740,34,demo_parcel_34,6,Cont,lh
1741,34,demo_parcel_34,6,Cont,lh
1742,34,demo_parcel_34,6,Cont,lh
1743,34,demo_parcel_34,6,Cont,lh
1744,34,demo_parcel_34,6,Cont,lh
1745,34,demo_parcel_34,6,Cont,lh
1746,34,demo_parcel_34,6,Cont,lh
1747,34,demo_parcel_34,6,Cont,lh
1748,34,demo_parcel_34,6,Cont,lh
1749,34,demo_parcel_34,6,Cont,lh
1750,34,demo_parcel_34,6,Cont,lh
1751,34,demo_parcel_34,6,Cont,lh
1752,34,demo_parcel_34,6,Cont,lh
1753,34,demo_parcel_34,6,Cont,lh
1754,34,demo_parcel_34,6,Cont,lh
1755,34,demo_parcel_34,6,Cont,lh
1756,34,demo_parcel_34,6,Cont,lh
1757,34,demo_parcel_34,6,Cont,lh
1758,34,demo_parcel_34,6,Cont,lh
1759,34,demo_parcel_34,6,Cont,lh
1760,34,demo_parcel_34,6,Cont,lh
1761,34,demo_parcel_34,6,Cont,lh
1762,34,demo_parcel_34,6,Cont,lh
1763,34,demo_parcel_34,6,Cont,lh
1764,34,demo_parcel_34,6,Cont,lh
1765,34,demo_parcel_34,6,Cont,lh
1766,34,demo_parcel_34,6,Cont,lh
1767,34,demo_parcel_34,6,Cont,lh
1768,35,demo_parcel_35,7,Default,lh
1769,35,demo_parcel_35,7,Default,lh
1770,35,demo_parcel_35,7,Default,lh
1771,35,demo_parcel_35,7,Default,lh
1772,35,demo_parcel_35,7,Default,lh
1773,35,demo_parcel_35,7,Default,lh
1774,35,demo_parcel_35,7,Default,lh
1775,35,demo_parcel_35,7,Default,lh
1776,35,demo_parcel_35,7,Default,lh
1777,35,demo_parcel_35,7,Default,lh
1778,35,demo_parcel_35,7,Default,lh
1779,35,demo_parcel_35,7,Default,lh
1780,35,demo_parcel_35,7,Default,lh
1781,35,demo_parcel_35,7,Default,lh
1782,35,demo_parcel_35,7,Default,lh
1783,35,demo_parcel_35,7,Default,lh
1784,35,demo_parcel_35,7,Default,lh
1785,35,demo_parcel_35,7,Default,lh
1786,35,demo_parcel_35,7,Default,lh
1787,35,demo_parcel_35,7,Default,lh
1788,35,demo_parcel_35,7,Default,lh
1789,35,demo_parcel_35,7,Default,lh
1790,35,demo_parcel_35,7,Default,lh
1791,35,demo_parcel_35,7,Default,lh
1792,35,demo_parcel_35,7,Default,lh
1793,35,demo_parcel_35,7,Default,lh
1794,35,demo_parcel_35,7,Default,lh
1795,35,demo_parcel_35,7,Default,lh
1796,35,demo_parcel_35,7,Default,lh
1797,35,demo_parcel_35,7,Default,lh
1798,35,demo_parcel_35,7,Default,lh
1799,35,demo_parcel_35,7,Default,lh
1800,35,demo_parcel_35,7,Default,lh
1801,35,demo_parcel_35,7,Default,lh
1802,35,demo_parcel_35,7,Default,lh
1803,35,demo_parcel_35,7,Default,lh
1804,35,demo_parcel_35,7,Default,lh
1805,35,demo_parcel_35,7,Default,lh
1806,35,demo_parcel_35,7,Default,lh
1807,35,demo_parcel_35,7,Default,lh
1808,35,demo_parcel_35,7,Default,lh
1809,35,demo_parcel_35,7,Default,lh
1810,35,demo_parcel_35,7,Default,lh
1811,35,demo_parcel_35,7,Default,lh
1812,35,demo_parcel_35,7,Default,lh
1813,35,demo_parcel_35,7,Default,lh
1814,35,demo_parcel_35,7,Default,lh
1815,35,demo_parcel_35,7,Default,lh
1816,35,demo_parcel_35,7,Default,lh
1817,35,demo_parcel_35,7,Default,lh
1818,35,demo_parcel_35,7,Default,lh
1819,35,demo_parcel_35,7,Default,lh
1820,36,demo_parcel_36,1,Vis,lh
1821,36,demo_parcel_36,1,Vis,lh
1822,36,demo_parcel_36,1,Vis,lh
1823,36,demo_parcel_36,1,Vis,lh
1824,36,demo_parcel_36,1,Vis,lh
1825,36,demo_parcel_36,1,Vis,lh
1826,36,demo_parcel_36,1,Vis,lh
1827,36,demo_parcel_36,1,Vis,lh
1828,36,demo_parcel_36,1,Vis,lh
1829,36,demo_parcel_36,1,Vis,lh
1830,36,demo_parcel_36,1,Vis,lh
1831,36,demo_parcel_36,1,Vis,lh
1832,36,demo_parcel_36,1,Vis,lh
1833,36,demo_parcel_36,1,Vis,lh
1834,36,demo_parcel_36,1,Vis,lh
1835,36,demo_parcel_36,1,Vis,lh
1836,36,demo_parcel_36,1,Vis,lh
1837,36,demo_parcel_36,1,Vis,lh
1838,36,demo_parcel_36,1,Vis,lh
1839,36,demo_parcel_36,1,Vis,lh
1840,36,demo_parcel_36,1,Vis,lh
1841,36,demo_parcel_36,1,Vis,lh
1842,36,demo_parcel_36,1,Vis,lh
1843,36,demo_parcel_36,1,Vis,lh
1844,36,demo_parcel_36,1,Vis,lh
1845,36,demo_parcel_36,1,Vis,lh
1846,36,demo_parcel_36,1,Vis,lh
1847,36,demo_parcel_36,1,Vis,lh
1848,36,demo_parcel_36,1,Vis,lh
1849,36,demo_parcel_36,1,Vis,lh
1850,36,demo_parcel_36,1,Vis,lh
1851,36,demo_parcel_36,1,Vis,lh
1852,36,demo_parcel_36,1,Vis,lh
1853,36,demo_parcel_36,1,Vis,lh
1854,36,demo_parcel_36,1,Vis,lh
1855,36,demo_parcel_36,1,Vis,lh
1856,36,demo_parcel_36,1,Vis,lh
1857,36,demo_parcel_36,1,Vis,lh
1858,36,demo_parcel_36,1,Vis,lh
1859,36,demo_parcel_36,1,Vis,lh
1860,36,demo_parcel_36,1,Vis,lh
1861,36,demo_parcel_36,1,Vis,lh
1862,36,demo_parcel_36,1,Vis,lh
1863,36,demo_parcel_36,1,Vis,lh
1864,36,demo_parcel_36,1,Vis,lh
1865,36,demo_parcel_36,1,Vis,lh
1866,36,demo_parcel_36,1,Vis,lh
1867,36,demo_parcel_36,1,Vis,lh
1868,36,demo_parcel_36,1,Vis,lh
1869,36,demo_parcel_36,1,Vis,lh
1870,36,demo_parcel_36,1,Vis,lh
1871,36,demo_parcel_36,1,Vis,lh
1872,37,demo_parcel_37,2,SomMot,lh
1873,37,demo_parcel_37,2,SomMot,lh
1874,37,demo_parcel_37,2,SomMot,lh
1875,37,demo_parcel_37,2,SomMot,lh
1876,37,demo_parcel_37,2,SomMot,lh
1877,37,demo_parcel_37,2,SomMot,lh
1878,37,demo_parcel_37,2,SomMot,lh
1879,37,demo_parcel_37,2,SomMot,lh
1880,37,demo_parcel_37,2,SomMot,lh
1881,37,demo_parcel_37,2,SomMot,lh
1882,37,demo_parcel_37,2,SomMot,lh
1883,37,demo_parcel_37,2,SomMot,lh
1884,37,demo_parcel_37,2,SomMot,lh
1885,37,demo_parcel_37,2,SomMot,lh
1886,37,demo_parcel_37,2,SomMot,lh
1887,37,demo_parcel_37,2,SomMot,lh
1888,37,demo_parcel_37,2,SomMot,lh
1889,37,demo_parcel_37,2,SomMot,lh
1890,37,demo_parcel_37,2,SomMot,lh
1891,37,demo_parcel_37,2,SomMot,lh
1892,37,demo_parcel_37,2,SomMot,lh
1893,37,demo_parcel_37,2,SomMot,lh
1894,37,demo_parcel_37,2,SomMot,lh
1895,37,demo_parcel_37,2,SomMot,lh
1896,37,demo_parcel_37,2,SomMot,lh
1897,37,demo_parcel_37,2,SomMot,lh
1898,37,demo_parcel_37,2,SomMot,lh
1899,37,demo_parcel_37,2,SomMot,lh
1900,37,demo_parcel_37,2,SomMot,lh
1901,37,demo_parcel_37,2,SomMot,lh
1902,37,demo_parcel_37,2,SomMot,lh
1903,37,demo_parcel_37,2,SomMot,lh
1904,37,demo_parcel_37,2,SomMot,lh
1905,37,demo_parcel_37,2,SomMot,lh
1906,37,demo_parcel_37,2,SomMot,lh
1907,37,demo_parcel_37,2,SomMot,lh
1908,37,demo_parcel_37,2,SomMot,lh
1909,37,demo_parcel_37,2,SomMot,lh
1910,37,demo_parcel_37,2,SomMot,lh
1911,37,demo_parcel_37,2,SomMot,lh
1912,37,demo_parcel_37,2,SomMot,lh
1913,37,demo_parcel_37,2,SomMot,lh
1914,37,demo_parcel_37,2,SomMot,lh
1915,37,demo_parcel_37,2,SomMot,lh
1916,37,demo_parcel_37,2,SomMot,lh
1917,37,demo_parcel_37,2,SomMot,lh
1918,37,demo_parcel_37,2,SomMot,lh
1919,37,demo_parcel_37,2,SomMot,lh
1920,37,demo_parcel_37,2,SomMot,lh
1921,37,demo_parcel_37,2,SomMot,lh
1922,37,demo_parcel_37,2,SomMot,lh
1923,37,demo_parcel_37,2,SomMot,lh
1924,38,demo_parcel_38,3,DorsAttn,lh
1925,38,demo_parcel_38,3,DorsAttn,lh
1926,38,demo_parcel_38,3,DorsAttn,lh
1927,38,demo_parcel_38,3,DorsAttn,lh
1928,38,demo_parcel_38,3,DorsAttn,lh
1929,38,demo_parcel_38,3,DorsAttn,lh
1930,38,demo_parcel_38,3,DorsAttn,lh
1931,38,demo_parcel_38,3,DorsAttn,lh
1932,38,demo_parcel_38,3,DorsAttn,lh
1933,38,demo_parcel_38,3,DorsAttn,lh
1934,38,demo_parcel_38,3,DorsAttn,lh
1935,38,demo_parcel_38,3,DorsAttn,lh
1936,38,demo_parcel_38,3,DorsAttn,lh
1937,38,demo_parcel_38,3,DorsAttn,lh
1938,38,demo_parcel_38,3,DorsAttn,lh
1939,38,demo_parcel_38,3,DorsAttn,lh
1940,38,demo_parcel_38,3,DorsAttn,lh
1941,38,demo_parcel_38,3,DorsAttn,lh
1942,38,demo_parcel_38,3,DorsAttn,lh
1943,38,demo_parcel_38,3,DorsAttn,lh
1944,38,demo_parcel_38,3,DorsAttn,lh
1945,38,demo_parcel_38,3,DorsAttn,lh
1946,38,demo_parcel_38,3,DorsAttn,lh
1947,38,demo_parcel_38,3,DorsAttn,lh
1948,38,demo_parcel_38,3,DorsAttn,lh
1949,38,demo_parcel_38,3,DorsAttn,lh
1950,38,demo_parcel_38,3,DorsAttn,lh
1951,38,demo_parcel_38,3,DorsAttn,lh
1952,38,demo_parcel_38,3,DorsAttn,lh
1953,38,demo_parcel_38,3,DorsAttn,lh
1954,38,demo_parcel_38,3,DorsAttn,lh
1955,38,demo_parcel_38,3,DorsAttn,lh
1956,38,demo_parcel_38,3,DorsAttn,lh
1957,38,demo_parcel_38,3,DorsAttn,lh
1958,38,demo_parcel_38,3,DorsAttn,lh
1959,38,demo_parcel_38,3,DorsAttn,lh
1960,38,demo_parcel_38,3,DorsAttn,lh
1961,38,demo_parcel_38,3,DorsAttn,lh
1962,38,demo_parcel_38,3,DorsAttn,lh
1963,38,demo_parcel_38,3,DorsAttn,lh
1964,38,demo_parcel_38,3,DorsAttn,lh
1965,38,demo_parcel_38,3,DorsAttn,lh
1966,38,demo_parcel_38,3,DorsAttn,lh
1967,38,demo_parcel_38,3,DorsAttn,lh
1968,38,demo_parcel_38,3,DorsAttn,lh
1969,38,demo_parcel_38,3,DorsAttn,lh
1970,38,demo_parcel_38,3,DorsAttn,lh
1971,38,demo_parcel_38,3,DorsAttn,lh
1972,38,demo_parcel_38,3,DorsAttn,lh
1973,38,demo_parcel_38,3,DorsAttn,lh
1974,38,demo_parcel_38,3,DorsAttn,lh
1975,38,demo_parcel_38,3,DorsAttn,lh
1976,39,demo_parcel_39,4,SalVentAttn,lh
1977,39,demo_parcel_39,4,SalVentAttn,lh
1978,39,demo_parcel_39,4,SalVentAttn,lh
1979,39,demo_parcel_39,4,SalVentAttn,lh
1980,39,demo_parcel_39,4,SalVentAttn,lh
1981,39,demo_parcel_39,4,SalVentAttn,lh
1982,39,demo_parcel_39,4,SalVentAttn,lh
1983,39,demo_parcel_39,4,SalVentAttn,lh
1984,39,demo_parcel_39,4,SalVentAttn,lh
1985,39,demo_parcel_39,4,SalVentAttn,lh
1986,39,demo_parcel_39,4,SalVentAttn,lh
1987,39,demo_parcel_39,4,SalVentAttn,lh
1988,39,demo_parcel_39,4,SalVentAttn,lh
1989,39,demo_parcel_39,4,SalVentAttn,lh
1990,39,demo_parcel_39,4,SalVentAttn,lh
1991,39,demo_parcel_39,4,SalVentAttn,lh
1992,39,demo_parcel_39,4,SalVentAttn,lh
1993,39,demo_parcel_39,4,SalVentAttn,lh
1994,39,demo_parcel_39,4,SalVentAttn,lh
1995,39,demo_parcel_39,4,SalVentAttn,lh
1996,39,demo_parcel_39,4,SalVentAttn,lh
1997,39,demo_parcel_39,4,SalVentAttn,lh
1998,39,demo_parcel_39,4,SalVentAttn,lh
1999,39,demo_parcel_39,4,SalVentAttn,lh
2000,39,demo_parcel_39,4,SalVentAttn,lh
2001,39,demo_parcel_39,4,SalVentAttn,lh
2002,39,demo_parcel_39,4,SalVentAttn,lh
2003,39,demo_parcel_39,4,SalVentAttn,lh
2004,39,demo_parcel_39,4,SalVentAttn,lh
2005,39,demo_parcel_39,4,SalVentAttn,lh
2006,39,demo_parcel_39,4,SalVentAttn,lh
2007,39,demo_parcel_39,4,SalVentAttn,lh
2008,39,demo_parcel_39,4,SalVentAttn,lh
2009,39,demo_parcel_39,4,SalVentAttn,lh
2010,39,demo_parcel_39,4,SalVentAttn,lh
2011,39,demo_parcel_39,4,SalVentAttn,lh
2012,39,demo_parcel_39,4,SalVentAttn,lh
2013,39,demo_parcel_39,4,SalVentAttn,lh
2014,39,demo_parcel_39,4,SalVentAttn,lh
2015,39,demo_parcel_39,4,SalVentAttn,lh
2016,39,demo_parcel_39,4,SalVentAttn,lh
2017,39,demo_parcel_39,4,SalVentAttn,lh
2018,39,demo_parcel_39,4,SalVentAttn,lh
2019,39,demo_parcel_39,4,SalVentAttn,lh
2020,39,demo_parcel_39,4,SalVentAttn,lh
2021,39,demo_parcel_39,4,SalVentAttn,lh
2022,39,demo_parcel_39,4,SalVentAttn,lh
2023,39,demo_parcel_39,4,SalVentAttn,lh
2024,39,demo_parcel_39,4,SalVentAttn,lh
2025,39,demo_parcel_39,4,SalVentAttn,lh
2026,39,demo_parcel_39,4,SalVentAttn,lh
2027,39,demo_parcel_39,4,SalVentAttn,lh
2028,40,demo_parcel_40,5,Limbic,lh
2029,40,demo_parcel_40,5,Limbic,lh
2030,40,demo_parcel_40,5,Limbic,lh
2031,40,demo_parcel_40,5,Limbic,lh
2032,40,demo_parcel_40,5,Limbic,lh
2033,40,demo_parcel_40,5,Limbic,lh
2034,40,demo_parcel_40,5,Limbic,lh
2035,40,demo_parcel_40,5,Limbic,lh
2036,40,demo_parcel_40,5,Limbic,lh
2037,40,demo_parcel_40,5,Limbic,lh
2038,40,demo_parcel_40,5,Limbic,lh
2039,40,demo_parcel_40,5,Limbic,lh
2040,40,demo_parcel_40,5,Limbic,lh
2041,40,demo_parcel_40,5,Limbic,lh
2042,40,demo_parcel_40,5,Limbic,lh
2043,40,demo_parcel_40,5,Limbic,lh
2044,40,demo_parcel_40,5,Limbic,lh
2045,40,demo_parcel_40,5,Limbic,lh
2046,40,demo_parcel_40,5,Limbic,lh
2047,40,demo_parcel_40,5,Limbic,lh
2048,40,demo_parcel_40,5,Limbic,lh
2049,40,demo_parcel_40,5,Limbic,lh
2050,40,demo_parcel_40,5,Limbic,lh
2051,40,demo_parcel_40,5,Limbic,lh
2052,40,demo_parcel_40,5,Limbic,lh
2053,40,demo_parcel_40,5,Limbic,lh
2054,40,demo_parcel_40,5,Limbic,lh
2055,40,demo_parcel_40,5,Limbic,lh
2056,40,demo_parcel_40,5,Limbic,lh
2057,40,demo_parcel_40,5,Limbic,lh
2058,40,demo_parcel_40,5,Limbic,lh
2059,40,demo_parcel_40,5,Limbic,lh
2060,40,demo_parcel_40,5,Limbic,lh
2061,40,demo_parcel_40,5,Limbic,lh
2062,40,demo_parcel_40,5,Limbic,lh
2063,40,demo_parcel_40,5,Limbic,lh
2064,40,demo_parcel_40,5,Limbic,lh
2065,40,demo_parcel_40,5,Limbic,lh
2066,40,demo_parcel_40,5,Limbic,lh
2067,40,demo_parcel_40,5,Limbic,lh
2068,40,demo_parcel_40,5,Limbic,lh
2069,40,demo_parcel_40,5,Limbic,lh
2070,40,demo_parcel_40,5,Limbic,lh
2071,40,demo_parcel_40,5,Limbic,lh
2072,40,demo_parcel_40,5,Limbic,lh
2073,40,demo_parcel_40,5,Limbic,lh
2074,40,demo_parcel_40,5,Limbic,lh
2075,40,demo_parcel_40,5,Limbic,lh
2076,40,demo_parcel_40,5,Limbic,lh
2077,40,demo_parcel_40,5,Limbic,lh
2078,40,demo_parcel_40,5,Limbic,lh
2079,40,demo_parcel_40,5,Limbic,lh
2080,41,demo_parcel_41,6,Cont,lh
2081,41,demo_parcel_41,6,Cont,lh
2082,41,demo_parcel_41,6,Cont,lh
2083,41,demo_parcel_41,6,Cont,lh
2084,41,demo_parcel_41,6,Cont,lh
2085,41,demo_parcel_41,6,Cont,lh
2086,41,demo_parcel_41,6,Cont,lh
2087,41,demo_parcel_41,6,Cont,lh
2088,41,demo_parcel_41,6,Cont,lh
2089,41,demo_parcel_41,6,Cont,lh
2090,41,demo_parcel_41,6,Cont,lh
2091,41,demo_parcel_41,6,Cont,lh
2092,41,demo_parcel_41,6,Cont,lh
2093,41,demo_parcel_41,6,Cont,lh
2094,41,demo_parcel_41,6,Cont,lh
2095,41,demo_parcel_41,6,Cont,lh
2096,41,demo_parcel_41,6,Cont,lh
2097,41,demo_parcel_41,6,Cont,lh
2098,41,demo_parcel_41,6,Cont,lh
2099,41,demo_parcel_41,6,Cont,lh
2100,41,demo_parcel_41,6,Cont,lh
2101,41,demo_parcel_41,6,Cont,lh
2102,41,demo_parcel_41,6,Cont,lh
2103,41,demo_parcel_41,6,Cont,lh
2104,41,demo_parcel_41,6,Cont,lh
2105,41,demo_parcel_41,6,Cont,lh
2106,41,demo_parcel_41,6,Cont,lh
2107,41,demo_parcel_41,6,Cont,lh
2108,41,demo_parcel_41,6,Cont,lh
2109,41,demo_parcel_41,6,Cont,lh
2110,41,demo_parcel_41,6,Cont,lh
2111,41,demo_parcel_41,6,Cont,lh
2112,41,demo_parcel_41,6,Cont,lh
2113,41,demo_parcel_41,6,Cont,lh
2114,41,demo_parcel_41,6,Cont,lh
2115,41,demo_parcel_41,6,Cont,lh
2116,41,demo_parcel_41,6,Cont,lh
2117,41,demo_parcel_41,6,Cont,lh
2118,41,demo_parcel_41,6,Cont,lh
2119,41,demo_parcel_41,6,Cont,lh
2120,41,demo_parcel_41,6,Cont,lh
2121,41,demo_parcel_41,6,Cont,lh
2122,41,demo_parcel_41,6,Cont,lh
2123,41,demo_parcel_41,6,Cont,lh
2124,41,demo_parcel_41,6,Cont,lh
2125,41,demo_parcel_41,6,Cont,lh
2126,41,demo_parcel_41,6,Cont,lh
2127,41,demo_parcel_41,6,Cont,lh
2128,41,demo_parcel_41,6,Cont,lh
2129,41,demo_parcel_41,6,Cont,lh
2130,41,demo_parcel_41,6,Cont,lh
2131,41,demo_parcel_41,6,Cont,lh
2132,42,demo_parcel_42,7,Default,lh
2133,42,demo_parcel_42,7,Default,lh
2134,42,demo_parcel_42,7,Default,lh
2135,42,demo_parcel_42,7,Default,lh
2136,42,demo_parcel_42,7,Default,lh
2137,42,demo_parcel_42,7,Default,lh
2138,42,demo_parcel_42,7,Default,lh
2139,42,demo_parcel_42,7,Default,lh
2140,42,demo_parcel_42,7,Default,lh
2141,42,demo_parcel_42,7,Default,lh
2142,42,demo_parcel_42,7,Default,lh
2143,42,demo_parcel_42,7,Default,lh
2144,42,demo_parcel_42,7,Default,lh
2145,42,demo_parcel_42,7,Default,lh
2146,42,demo_parcel_42,7,Default,lh
2147,42,demo_parcel_42,7,Default,lh
2148,42,demo_parcel_42,7,Default,lh
2149,42,demo_parcel_42,7,Default,lh
2150,42,demo_parcel_42,7,Default,lh
2151,42,demo_parcel_42,7,Default,lh
2152,42,demo_parcel_42,7,Default,lh
2153,42,demo_parcel_42,7,Default,lh
2154,42,demo_parcel_42,7,Default,lh
2155,42,demo_parcel_42,7,Default,lh
2156,42,demo_parcel_42,7,Default,lh
2157,42,demo_parcel_42,7,Default,lh
2158,42,demo_parcel_42,7,Default,lh
2159,42,demo_parcel_42,7,Default,lh
2160,42,demo_parcel_42,7,Default,lh
2161,42,demo_parcel_42,7,Default,lh
2162,42,demo_parcel_42,7,Default,lh
2163,42,demo_parcel_42,7,Default,lh
2164,42,demo_parcel_42,7,Default,lh
2165,42,demo_parcel_42,7,Default,lh
2166,42,demo_parcel_42,7,Default,lh
2167,42,demo_parcel_42,7,Default,lh
2168,42,demo_parcel_42,7,Default,lh
2169,42,demo_parcel_42,7,Default,lh
2170,42,demo_parcel_42,7,Default,lh
2171,42,demo_parcel_42,7,Default,lh
2172,42,demo_parcel_42,7,Default,lh
2173,42,demo_parcel_42,7,Default,lh
2174,42,demo_parcel_42,7,Default,lh
2175,42,demo_parcel_42,7,Default,lh
2176,42,demo_parcel_42,7,Default,lh
2177,42,demo_parcel_42,7,Default,lh
2178,42,demo_parcel_42,7,Default,lh
2179,42,demo_parcel_42,7,Default,lh
2180,42,demo_parcel_42,7,Default,lh
2181,42,demo_parcel_42,7,Default,lh
2182,42,demo_parcel_42,7,Default,lh
2183,42,demo_parcel_42,7,Default,lh
2184,43,demo_parcel_43,1,Vis,lh
2185,43,demo_parcel_43,1,Vis,lh
2186,43,demo_parcel_43,1,Vis,lh
2187,43,demo_parcel_43,1,Vis,lh
2188,43,demo_parcel_43,1,Vis,lh
2189,43,demo_parcel_43,1,Vis,lh
2190,43,demo_parcel_43,1,Vis,lh
2191,43,demo_parcel_43,1,Vis,lh
2192,43,demo_parcel_43,1,Vis,lh
2193,43,demo_parcel_43,1,Vis,lh
2194,43,demo_parcel_43,1,Vis,lh
2195,43,demo_parcel_43,1,Vis,lh
2196,43,demo_parcel_43,1,Vis,lh
2197,43,demo_parcel_43,1,Vis,lh
2198,43,demo_parcel_43,1,Vis,lh
2199,43,demo_parcel_43,1,Vis,lh
2200,43,demo_parcel_43,1,Vis,lh
2201,43,demo_parcel_43,1,Vis,lh
2202,43,demo_parcel_43,1,Vis,lh
2203,43,demo_parcel_43,1,Vis,lh
2204,43,demo_parcel_43,1,Vis,lh
2205,43,demo_parcel_43,1,Vis,lh
2206,43,demo_parcel_43,1,Vis,lh
2207,43,demo_parcel_43,1,Vis,lh
2208,43,demo_parcel_43,1,Vis,lh
2209,43,demo_parcel_43,1,Vis,lh
2210,43,demo_parcel_43,1,Vis,lh
2211,43,demo_parcel_43,1,Vis,lh
2212,43,demo_parcel_43,1,Vis,lh
2213,43,demo_parcel_43,1,Vis,lh
2214,43,demo_parcel_43,1,Vis,lh
2215,43,demo_parcel_43,1,Vis,lh
2216,43,demo_parcel_43,1,Vis,lh
2217,43,demo_parcel_43,1,Vis,lh
2218,43,demo_parcel_43,1,Vis,lh
2219,43,demo_parcel_43,1,Vis,lh
2220,43,demo_parcel_43,1,Vis,lh
2221,43,demo_parcel_43,1,Vis,lh
2222,43,demo_parcel_43,1,Vis,lh
2223,43,demo_parcel_43,1,Vis,lh
2224,43,demo_parcel_43,1,Vis,lh
2225,43,demo_parcel_43,1,Vis,lh
2226,43,demo_parcel_43,1,Vis,lh
2227,43,demo_parcel_43,1,Vis,lh
2228,43,demo_parcel_43,1,Vis,lh
2229,43,demo_parcel_43,1,Vis,lh
2230,43,demo_parcel_43,1,Vis,lh
2231,43,demo_parcel_43,1,Vis,lh
2232,43,demo_parcel_43,1,Vis,lh
2233,43,demo_parcel_43,1,Vis,lh
2234,43,demo_parcel_43,1,Vis,lh
2235,43,demo_parcel_43,1,Vis,lh
2236,44,demo_parcel_44,2,SomMot,lh
2237,44,demo_parcel_44,2,SomMot,lh
2238,44,demo_parcel_44,2,SomMot,lh
2239,44,demo_parcel_44,2,SomMot,lh
2240,44,demo_parcel_44,2,SomMot,lh
2241,44,demo_parcel_44,2,SomMot,lh
2242,44,demo_parcel_44,2,SomMot,lh
2243,44,demo_parcel_44,2,SomMot,lh
2244,44,demo_parcel_44,2,SomMot,lh
2245,44,demo_parcel_44,2,SomMot,lh
2246,44,demo_parcel_44,2,SomMot,lh
2247,44,demo_parcel_44,2,SomMot,lh
2248,44,demo_parcel_44,2,SomMot,lh
2249,44,demo_parcel_44,2,SomMot,lh
2250,44,demo_parcel_44,2,SomMot,lh
2251,44,demo_parcel_44,2,SomMot,lh
2252,44,demo_parcel_44,2,SomMot,lh
2253,44,demo_parcel_44,2,SomMot,lh
2254,44,demo_parcel_44,2,SomMot,lh
2255,44,demo_parcel_44,2,SomMot,lh
2256,44,demo_parcel_44,2,SomMot,lh
2257,44,demo_parcel_44,2,SomMot,lh
2258,44,demo_parcel_44,2,SomMot,lh
2259,44,demo_parcel_44,2,SomMot,lh
2260,44,demo_parcel_44,2,SomMot,lh
2261,44,demo_parcel_44,2,SomMot,lh
2262,44,demo_parcel_44,2,SomMot,lh
2263,44,demo_parcel_44,2,SomMot,lh
2264,44,demo_parcel_44,2,SomMot,lh
2265,44,demo_parcel_44,2,SomMot,lh
2266,44,demo_parcel_44,2,SomMot,lh
2267,44,demo_parcel_44,2,SomMot,lh
2268,44,demo_parcel_44,2,SomMot,lh
2269,44,demo_parcel_44,2,SomMot,lh
2270,44,demo_parcel_44,2,SomMot,lh
2271,44,demo_parcel_44,2,SomMot,lh
2272,44,demo_parcel_44,2,SomMot,lh
2273,44,demo_parcel_44,2,SomMot,lh
2274,44,demo_parcel_44,2,SomMot,lh
2275,44,demo_parcel_44,2,SomMot,lh
2276,44,demo_parcel_44,2,SomMot,lh
2277,44,demo_parcel_44,2,SomMot,lh
2278,44,demo_parcel_44,2,SomMot,lh
2279,44,demo_parcel_44,2,SomMot,lh
2280,44,demo_parcel_44,2,SomMot,lh
2281,44,demo_parcel_44,2,SomMot,lh
2282,44,demo_parcel_44,2,SomMot,lh
2283,44,demo_parcel_44,2,SomMot,lh
2284,44,demo_parcel_44,2,SomMot,lh
2285,44,demo_parcel_44,2,SomMot,lh
2286,44,demo_parcel_44,2,SomMot,lh
2287,44,demo_parcel_44,2,SomMot,lh
2288,45,demo_parcel_45,3,DorsAttn,lh
2289,45,demo_parcel_45,3,DorsAttn,lh
2290,45,demo_parcel_45,3,DorsAttn,lh
2291,45,demo_parcel_45,3,DorsAttn,lh
2292,45,demo_parcel_45,3,DorsAttn,lh
2293,45,demo_parcel_45,3,DorsAttn,lh
2294,45,demo_parcel_45,3,DorsAttn,lh
2295,45,demo_parcel_45,3,DorsAttn,lh
2296,45,demo_parcel_45,3,DorsAttn,lh
2297,45,demo_parcel_45,3,DorsAttn,lh
2298,45,demo_parcel_45,3,DorsAttn,lh
2299,45,demo_parcel_45,3,DorsAttn,lh
2300,45,demo_parcel_45,3,DorsAttn,lh
2301,45,demo_parcel_45,3,DorsAttn,lh
2302,45,demo_parcel_45,3,DorsAttn,lh
2303,45,demo_parcel_45,3,DorsAttn,lh
2304,45,demo_parcel_45,3,DorsAttn,lh
2305,45,demo_parcel_45,3,DorsAttn,lh
2306,45,demo_parcel_45,3,DorsAttn,lh
2307,45,demo_parcel_45,3,DorsAttn,lh
2308,45,demo_parcel_45,3,DorsAttn,lh
2309,45,demo_parcel_45,3,DorsAttn,lh
2310,45,demo_parcel_45,3,DorsAttn,lh
2311,45,demo_parcel_45,3,DorsAttn,lh
2312,45,demo_parcel_45,3,DorsAttn,lh
2313,45,demo_parcel_45,3,DorsAttn,lh
2314,45,demo_parcel_45,3,DorsAttn,lh
2315,45,demo_parcel_45,3,DorsAttn,lh
2316,45,demo_parcel_45,3,DorsAttn,lh
2317,45,demo_parcel_45,3,DorsAttn,lh
2318,45,demo_parcel_45,3,DorsAttn,lh
2319,45,demo_parcel_45,3,DorsAttn,lh
2320,45,demo_parcel_45,3,DorsAttn,lh
2321,45,demo_parcel_45,3,DorsAttn,lh
2322,45,demo_parcel_45,3,DorsAttn,lh
2323,45,demo_parcel_45,3,DorsAttn,lh
2324,45,demo_parcel_45,3,DorsAttn,lh
2325,45,demo_parcel_45,3,DorsAttn,lh
2326,45,demo_parcel_45,3,DorsAttn,lh
2327,45,demo_parcel_45,3,DorsAttn,lh
2328,45,demo_parcel_45,3,DorsAttn,lh
2329,45,demo_parcel_45,3,DorsAttn,lh
2330,45,demo_parcel_45,3,DorsAttn,lh
2331,45,demo_parcel_45,3,DorsAttn,lh
2332,45,demo_parcel_45,3,DorsAttn,lh
2333,45,demo_parcel_45,3,DorsAttn,lh
2334,45,demo_parcel_45,3,DorsAttn,lh
2335,45,demo_parcel_45,3,DorsAttn,lh
2336,45,demo_parcel_45,3,DorsAttn,lh
2337,45,demo_parcel_45,3,DorsAttn,lh
2338,45,demo_parcel_45,3,DorsAttn,lh
2339,45,demo_parcel_45,3,DorsAttn,lh
2340,46,demo_parcel_46,4,SalVentAttn,lh
2341,46,demo_parcel_46,4,SalVentAttn,lh
2342,46,demo_parcel_46,4,SalVentAttn,lh
2343,46,demo_parcel_46,4,SalVentAttn,lh
2344,46,demo_parcel_46,4,SalVentAttn,lh
2345,46,demo_parcel_46,4,SalVentAttn,lh
2346,46,demo_parcel_46,4,SalVentAttn,lh
2347,46,demo_parcel_46,4,SalVentAttn,lh
2348,46,demo_parcel_46,4,SalVentAttn,lh
2349,46,demo_parcel_46,4,SalVentAttn,lh
2350,46,demo_parcel_46,4,SalVentAttn,lh
2351,46,demo_parcel_46,4,SalVentAttn,lh
2352,46,demo_parcel_46,4,SalVentAttn,lh
2353,46,demo_parcel_46,4,SalVentAttn,lh
2354,46,demo_parcel_46,4,SalVentAttn,lh
2355,46,demo_parcel_46,4,SalVentAttn,lh
2356,46,demo_parcel_46,4,SalVentAttn,lh
2357,46,demo_parcel_46,4,SalVentAttn,lh
2358,46,demo_parcel_46,4,SalVentAttn,lh
2359,46,demo_parcel_46,4,SalVentAttn,lh
2360,46,demo_parcel_46,4,SalVentAttn,lh
2361,46,demo_parcel_46,4,SalVentAttn,lh
2362,46,demo_parcel_46,4,SalVentAttn,lh
2363,46,demo_parcel_46,4,SalVentAttn,lh
2364,46,demo_parcel_46,4,SalVentAttn,lh
2365,46,demo_parcel_46,4,SalVentAttn,lh
2366,46,demo_parcel_46,4,SalVentAttn,lh
2367,46,demo_parcel_46,4,SalVentAttn,lh
2368,46,demo_parcel_46,4,SalVentAttn,lh
2369,46,demo_parcel_46,4,SalVentAttn,lh
2370,46,demo_parcel_46,4,SalVentAttn,lh
2371,46,demo_parcel_46,4,SalVentAttn,lh
2372,46,demo_parcel_46,4,SalVentAttn,lh
2373,46,demo_parcel_46,4,SalVentAttn,lh
2374,46,demo_parcel_46,4,SalVentAttn,lh
2375,46,demo_parcel_46,4,SalVentAttn,lh
2376,46,demo_parcel_46,4,SalVentAttn,lh
2377,46,demo_parcel_46,4,SalVentAttn,lh
2378,46,demo_parcel_46,4,SalVentAttn,lh
2379,46,demo_parcel_46,4,SalVentAttn,lh
2380,46,demo_parcel_46,4,SalVentAttn,lh
2381,46,demo_parcel_46,4,SalVentAttn,lh
2382,46,demo_parcel_46,4,SalVentAttn,lh
2383,46,demo_parcel_46,4,SalVentAttn,lh
2384,46,demo_parcel_46,4,SalVentAttn,lh
2385,46,demo_parcel_46,4,SalVentAttn,lh
2386,46,demo_parcel_46,4,SalVentAttn,lh
2387,46,demo_parcel_46,4,SalVentAttn,lh
2388,46,demo_parcel_46,4,SalVentAttn,lh
2389,46,demo_parcel_46,4,SalVentAttn,lh
2390,46,demo_parcel_46,4,SalVentAttn,lh
2391,46,demo_parcel_46,4,SalVentAttn,lh
2392,47,demo_parcel_47,5,Limbic,lh
2393,47,demo_parcel_47,5,Limbic,lh
2394,47,demo_parcel_47,5,Limbic,lh
2395,47,demo_parcel_47,5,Limbic,lh
2396,47,demo_parcel_47,5,Limbic,lh
2397,47,demo_parcel_47,5,Limbic,lh
2398,47,demo_parcel_47,5,Limbic,lh
2399,47,demo_parcel_47,5,Limbic,lh
2400,47,demo_parcel_47,5,Limbic,lh
2401,47,demo_parcel_47,5,Limbic,lh
2402,47,demo_parcel_47,5,Limbic,lh
2403,47,demo_parcel_47,5,Limbic,lh
2404,47,demo_parcel_47,5,Limbic,lh
2405,47,demo_parcel_47,5,Limbic,lh
2406,47,demo_parcel_47,5,Limbic,lh
2407,47,demo_parcel_47,5,Limbic,lh
2408,47,demo_parcel_47,5,Limbic,lh
2409,47,demo_parcel_47,5,Limbic,lh
2410,47,demo_parcel_47,5,Limbic,lh
2411,47,demo_parcel_47,5,Limbic,lh
2412,47,demo_parcel_47,5,Limbic,lh
2413,47,demo_parcel_47,5,Limbic,lh
2414,47,demo_parcel_47,5,Limbic,lh
2415,47,demo_parcel_47,5,Limbic,lh
2416,47,demo_parcel_47,5,Limbic,lh
2417,47,demo_parcel_47,5,Limbic,lh
2418,47,demo_parcel_47,5,Limbic,lh
2419,47,demo_parcel_47,5,Limbic,lh
2420,47,demo_parcel_47,5,Limbic,lh
2421,47,demo_parcel_47,5,Limbic,lh
2422,47,demo_parcel_47,5,Limbic,lh
2423,47,demo_parcel_47,5,Limbic,lh
2424,47,demo_parcel_47,5,Limbic,lh
2425,47,demo_parcel_47,5,Limbic,lh
2426,47,demo_parcel_47,5,Limbic,lh
2427,47,demo_parcel_47,5,Limbic,lh
2428,47,demo_parcel_47,5,Limbic,lh
2429,47,demo_parcel_47,5,Limbic,lh
2430,47,demo_parcel_47,5,Limbic,lh
2431,47,demo_parcel_47,5,Limbic,lh
2432,47,demo_parcel_47,5,Limbic,lh
2433,47,demo_parcel_47,5,Limbic,lh
2434,47,demo_parcel_47,5,Limbic,lh
2435,47,demo_parcel_47,5,Limbic,lh
2436,47,demo_parcel_47,5,Limbic,lh
2437,47,demo_parcel_47,5,Limbic,lh
2438,47,demo_parcel_47,5,Limbic,lh
2439,47,demo_parcel_47,5,Limbic,lh
2440,47,demo_parcel_47,5,Limbic,lh
2441,47,demo_parcel_47,5,Limbic,lh
2442,47,demo_parcel_47,5,Limbic,lh
2443,47,demo_parcel_47,5,Limbic,lh
2444,48,demo_parcel_48,6,Cont,lh
2445,48,demo_parcel_48,6,Cont,lh
2446,48,demo_parcel_48,6,Cont,lh
2447,48,demo_parcel_48,6,Cont,lh
2448,48,demo_parcel_48,6,Cont,lh
2449,48,demo_parcel_48,6,Cont,lh
2450,48,demo_parcel_48,6,Cont,lh
2451,48,demo_parcel_48,6,Cont,lh
2452,48,demo_parcel_48,6,Cont,lh
2453,48,demo_parcel_48,6,Cont,lh
2454,48,demo_parcel_48,6,Cont,lh
2455,48,demo_parcel_48,6,Cont,lh
2456,48,demo_parcel_48,6,Cont,lh
2457,48,demo_parcel_48,6,Cont,lh
2458,48,demo_parcel_48,6,Cont,lh
2459,48,demo_parcel_48,6,Cont,lh
2460,48,demo_parcel_48,6,Cont,lh
2461,48,demo_parcel_48,6,Cont,lh
2462,48,demo_parcel_48,6,Cont,lh
2463,48,demo_parcel_48,6,Cont,lh
2464,48,demo_parcel_48,6,Cont,lh
2465,48,demo_parcel_48,6,Cont,lh
2466,48,demo_parcel_48,6,Cont,lh
2467,48,demo_parcel_48,6,Cont,lh
2468,48,demo_parcel_48,6,Cont,lh
2469,48,demo_parcel_48,6,Cont,lh
2470,48,demo_parcel_48,6,Cont,lh
2471,48,demo_parcel_48,6,Cont,lh
2472,48,demo_parcel_48,6,Cont,lh
2473,48,demo_parcel_48,6,Cont,lh
2474,48,demo_parcel_48,6,Cont,lh
2475,48,demo_parcel_48,6,Cont,lh
2476,48,demo_parcel_48,6,Cont,lh
2477,48,demo_parcel_48,6,Cont,lh
2478,48,demo_parcel_48,6,Cont,lh
2479,48,demo_parcel_48,6,Cont,lh
2480,48,demo_parcel_48,6,Cont,lh
2481,48,demo_parcel_48,6,Cont,lh
2482,48,demo_parcel_48,6,Cont,lh
2483,48,demo_parcel_48,6,Cont,lh
2484,48,demo_parcel_48,6,Cont,lh
2485,48,demo_parcel_48,6,Cont,lh
2486,48,demo_parcel_48,6,Cont,lh
2487,48,demo_parcel_48,6,Cont,lh
2488,48,demo_parcel_48,6,Cont,lh
2489,48,demo_parcel_48,6,Cont,lh
2490,48,demo_parcel_48,6,Cont,lh
2491,48,demo_parcel_48,6,Cont,lh
2492,48,demo_parcel_48,6,Cont,lh
2493,48,demo_parcel_48,6,Cont,lh
2494,48,demo_parcel_48,6,Cont,lh
2495,48,demo_parcel_48,6,Cont,lh
2496,49,demo_parcel_49,7,Default,lh
2497,49,demo_parcel_49,7,Default,lh
2498,49,demo_parcel_49,7,Default,lh
2499,49,demo_parcel_49,7,Default,lh
2500,49,demo_parcel_49,7,Default,lh
2501,49,demo_parcel_49,7,Default,lh
2502,49,demo_parcel_49,7,Default,lh
2503,49,demo_parcel_49,7,Default,lh
2504,49,demo_parcel_49,7,Default,lh
2505,49,demo_parcel_49,7,Default,lh
2506,49,demo_parcel_49,7,Default,lh
2507,49,demo_parcel_49,7,Default,lh
2508,49,demo_parcel_49,7,Default,lh
2509,49,demo_parcel_49,7,Default,lh
2510,49,demo_parcel_49,7,Default,lh
2511,49,demo_parcel_49,7,Default,lh
2512,49,demo_parcel_49,7,Default,lh
2513,49,demo_parcel_49,7,Default,lh
2514,49,demo_parcel_49,7,Default,lh
2515,49,demo_parcel_49,7,Default,lh
2516,49,demo_parcel_49,7,Default,lh
2517,49,demo_parcel_49,7,Default,lh
2518,49,demo_parcel_49,7,Default,lh
2519,49,demo_parcel_49,7,Default,lh
2520,49,demo_parcel_49,7,Default,lh
2521,49,demo_parcel_49,7,Default,lh
2522,49,demo_parcel_49,7,Default,lh
2523,49,demo_parcel_49,7,Default,lh
2524,49,demo_parcel_49,7,Default,lh
2525,49,demo_parcel_49,7,Default,lh
2526,49,demo_parcel_49,7,Default,lh
2527,49,demo_parcel_49,7,Default,lh
2528,49,demo_parcel_49,7,Default,lh
2529,49,demo_parcel_49,7,Default,lh
2530,49,demo_parcel_49,7,Default,lh
2531,49,demo_parcel_49,7,Default,lh
2532,49,demo_parcel_49,7,Default,lh
2533,49,demo_parcel_49,7,Default,lh
2534,49,demo_parcel_49,7,Default,lh
2535,49,demo_parcel_49,7,Default,lh
2536,49,demo_parcel_49,7,Default,lh
2537,49,demo_parcel_49,7,Default,lh
2538,49,demo_parcel_49,7,Default,lh
2539,49,demo_parcel_49,7,Default,lh
2540,49,demo_parcel_49,7,Default,lh
2541,49,demo_parcel_49,7,Default,lh
2542,49,demo_parcel_49,7,Default,lh
2543,49,demo_parcel_49,7,Default,lh
2544,49,demo_parcel_49,7,Default,lh
2545,49,demo_parcel_49,7,Default,lh
2546,49,demo_parcel_49,7,Default,lh
2547,49,demo_parcel_49,7,Default,lh
2548,50,demo_parcel_50,1,Vis,lh
2549,50,demo_parcel_50,1,Vis,lh
2550,50,demo_parcel_50,1,Vis,lh
2551,50,demo_parcel_50,1,Vis,lh
2552,50,demo_parcel_50,1,Vis,lh
2553,50,demo_parcel_50,1,Vis,lh
2554,50,demo_parcel_50,1,Vis,lh
2555,50,demo_parcel_50,1,Vis,lh
2556,50,demo_parcel_50,1,Vis,lh
2557,50,demo_parcel_50,1,Vis,lh
2558,50,demo_parcel_50,1,Vis,lh
2559,50,demo_parcel_50,1,Vis,lh
2560,50,demo_parcel_50,1,Vis,lh
2561,50,demo_parcel_50,1,Vis,lh
2562,50,demo_parcel_50,1,Vis,lh
2563,50,demo_parcel_50,1,Vis,lh
2564,50,demo_parcel_50,1,Vis,lh
2565,50,demo_parcel_50,1,Vis,lh
2566,50,demo_parcel_50,1,Vis,lh
2567,50,demo_parcel_50,1,Vis,lh
2568,50,demo_parcel_50,1,Vis,lh
2569,50,demo_parcel_50,1,Vis,lh
2570,50,demo_parcel_50,1,Vis,lh
2571,50,demo_parcel_50,1,Vis,lh
2572,50,demo_parcel_50,1,Vis,lh
2573,50,demo_parcel_50,1,Vis,lh
2574,50,demo_parcel_50,1,Vis,lh
2575,50,demo_parcel_50,1,Vis,lh
2576,50,demo_parcel_50,1,Vis,lh
2577,50,demo_parcel_50,1,Vis,lh
2578,50,demo_parcel_50,1,Vis,lh
2579,50,demo_parcel_50,1,Vis,lh
2580,50,demo_parcel_50,1,Vis,lh
2581,50,demo_parcel_50,1,Vis,lh
2582,50,demo_parcel_50,1,Vis,lh
2583,50,demo_parcel_50,1,Vis,lh
2584,50,demo_parcel_50,1,Vis,lh
2585,50,demo_parcel_50,1,Vis,lh
2586,50,demo_parcel_50,1,Vis,lh
2587,50,demo_parcel_50,1,Vis,lh
2588,50,demo_parcel_50,1,Vis,lh
2589,50,demo_parcel_50,1,Vis,lh
2590,50,demo_parcel_50,1,Vis,lh
2591,50,demo_parcel_50,1,Vis,lh
2592,50,demo_parcel_50,1,Vis,lh
2593,50,demo_parcel_50,1,Vis,lh
2594,50,demo_parcel_50,1,Vis,lh
2595,50,demo_parcel_50,1,Vis,lh
2596,50,demo_parcel_50,1,Vis,lh
2597,50,demo_parcel_50,1,Vis,lh
2598,50,demo_parcel_50,1,Vis,lh
2599,50,demo_parcel_50,1,Vis,lh
2600,51,demo_parcel_51,2,SomMot,lh
2601,51,demo_parcel_51,2,SomMot,lh
2602,51,demo_parcel_51,2,SomMot,lh
2603,51,demo_parcel_51,2,SomMot,lh
2604,51,demo_parcel_51,2,SomMot,lh
2605,51,demo_parcel_51,2,SomMot,lh
2606,51,demo_parcel_51,2,SomMot,lh
2607,51,demo_parcel_51,2,SomMot,lh
2608,51,demo_parcel_51,2,SomMot,lh
2609,51,demo_parcel_51,2,SomMot,lh
2610,51,demo_parcel_51,2,SomMot,lh
2611,51,demo_parcel_51,2,SomMot,lh
2612,51,demo_parcel_51,2,SomMot,lh
2613,51,demo_parcel_51,2,SomMot,lh
2614,51,demo_parcel_51,2,SomMot,lh
2615,51,demo_parcel_51,2,SomMot,lh
2616,51,demo_parcel_51,2,SomMot,lh
2617,51,demo_parcel_51,2,SomMot,lh
2618,51,demo_parcel_51,2,SomMot,lh
2619,51,demo_parcel_51,2,SomMot,lh
2620,51,demo_parcel_51,2,SomMot,lh
2621,51,demo_parcel_51,2,SomMot,lh
2622,51,demo_parcel_51,2,SomMot,lh
2623,51,demo_parcel_51,2,SomMot,lh
2624,51,demo_parcel_51,2,SomMot,lh
2625,51,demo_parcel_51,2,SomMot,lh
2626,51,demo_parcel_51,2,SomMot,lh
2627,51,demo_parcel_51,2,SomMot,lh
2628,51,demo_parcel_51,2,SomMot,lh
2629,51,demo_parcel_51,2,SomMot,lh
2630,51,demo_parcel_51,2,SomMot,lh
2631,51,demo_parcel_51,2,SomMot,lh
2632,51,demo_parcel_51,2,SomMot,lh
2633,51,demo_parcel_51,2,SomMot,lh
2634,51,demo_parcel_51,2,SomMot,lh
2635,51,demo_parcel_51,2,SomMot,lh
2636,51,demo_parcel_51,2,SomMot,lh
2637,51,demo_parcel_51,2,SomMot,lh
2638,51,demo_parcel_51,2,SomMot,lh
2639,51,demo_parcel_51,2,SomMot,lh
2640,51,demo_parcel_51,2,SomMot,lh
2641,51,demo_parcel_51,2,SomMot,lh
2642,51,demo_parcel_51,2,SomMot,lh
2643,51,demo_parcel_51,2,SomMot,lh
2644,51,demo_parcel_51,2,SomMot,lh
2645,51,demo_parcel_51,2,SomMot,lh
2646,51,demo_parcel_51,2,SomMot,lh
2647,51,demo_parcel_51,2,SomMot,lh
2648,51,demo_parcel_51,2,SomMot,lh
2649,51,demo_parcel_51,2,SomMot,lh
2650,51,demo_parcel_51,2,SomMot,lh
2651,51,demo_parcel_51,2,SomMot,lh
2652,52,demo_parcel_52,3,DorsAttn,lh
2653,52,demo_parcel_52,3,DorsAttn,lh
2654,52,demo_parcel_52,3,DorsAttn,lh
2655,52,demo_parcel_52,3,DorsAttn,lh
2656,52,demo_parcel_52,3,DorsAttn,lh
2657,52,demo_parcel_52,3,DorsAttn,lh
2658,52,demo_parcel_52,3,DorsAttn,lh
2659,52,demo_parcel_52,3,DorsAttn,lh
2660,52,demo_parcel_52,3,DorsAttn,lh
2661,52,demo_parcel_52,3,DorsAttn,lh
2662,52,demo_parcel_52,3,DorsAttn,lh
2663,52,demo_parcel_52,3,DorsAttn,lh
2664,52,demo_parcel_52,3,DorsAttn,lh
2665,52,demo_parcel_52,3,DorsAttn,lh
2666,52,demo_parcel_52,3,DorsAttn,lh
2667,52,demo_parcel_52,3,DorsAttn,lh
2668,52,demo_parcel_52,3,DorsAttn,lh
2669,52,demo_parcel_52,3,DorsAttn,lh
2670,52,demo_parcel_52,3,DorsAttn,lh
2671,52,demo_parcel_52,3,DorsAttn,lh
2672,52,demo_parcel_52,3,DorsAttn,lh
2673,52,demo_parcel_52,3,DorsAttn,lh
2674,52,demo_parcel_52,3,DorsAttn,lh
2675,52,demo_parcel_52,3,DorsAttn,lh
2676,52,demo_parcel_52,3,DorsAttn,lh
2677,52,demo_parcel_52,3,DorsAttn,lh
2678,52,demo_parcel_52,3,DorsAttn,lh
2679,52,demo_parcel_52,3,DorsAttn,lh
2680,52,demo_parcel_52,3,DorsAttn,lh
2681,52,demo_parcel_52,3,DorsAttn,lh
2682,52,demo_parcel_52,3,DorsAttn,lh
2683,52,demo_parcel_52,3,DorsAttn,lh
2684,52,demo_parcel_52,3,DorsAttn,lh
2685,52,demo_parcel_52,3,DorsAttn,lh
2686,52,demo_parcel_52,3,DorsAttn,lh
2687,52,demo_parcel_52,3,DorsAttn,lh
2688,52,demo_parcel_52,3,DorsAttn,lh
2689,52,demo_parcel_52,3,DorsAttn,lh
2690,52,demo_parcel_52,3,DorsAttn,lh
2691,52,demo_parcel_52,3,DorsAttn,lh
2692,52,demo_parcel_52,3,DorsAttn,lh
2693,52,demo_parcel_52,3,DorsAttn,lh
2694,52,demo_parcel_52,3,DorsAttn,lh
2695,52,demo_parcel_52,3,DorsAttn,lh
2696,52,demo_parcel_52,3,DorsAttn,lh
2697,52,demo_parcel_52,3,DorsAttn,lh
2698,52,demo_parcel_52,3,DorsAttn,lh
2699,52,demo_parcel_52,3,DorsAttn,lh
2700,52,demo_parcel_52,3,DorsAttn,lh
2701,52,demo_parcel_52,3,DorsAttn,lh
2702,52,demo_parcel_52,3,DorsAttn,lh
2703,52,demo_parcel_52,3,DorsAttn,lh
2704,53,demo_parcel_53,4,SalVentAttn,lh
2705,53,demo_parcel_53,4,SalVentAttn,lh
2706,53,demo_parcel_53,4,SalVentAttn,lh
2707,53,demo_parcel_53,4,SalVentAttn,lh
2708,53,demo_parcel_53,4,SalVentAttn,lh
2709,53,demo_parcel_53,4,SalVentAttn,lh
2710,53,demo_parcel_53,4,SalVentAttn,lh
2711,53,demo_parcel_53,4,SalVentAttn,lh
2712,53,demo_parcel_53,4,SalVentAttn,lh
2713,53,demo_parcel_53,4,SalVentAttn,lh
2714,53,demo_parcel_53,4,SalVentAttn,lh
2715,53,demo_parcel_53,4,SalVentAttn,lh
2716,53,demo_parcel_53,4,SalVentAttn,lh
2717,53,demo_parcel_53,4,SalVentAttn,lh
2718,53,demo_parcel_53,4,SalVentAttn,lh
2719,53,demo_parcel_53,4,SalVentAttn,lh
2720,53,demo_parcel_53,4,SalVentAttn,lh
2721,53,demo_parcel_53,4,SalVentAttn,lh
2722,53,demo_parcel_53,4,SalVentAttn,lh
2723,53,demo_parcel_53,4,SalVentAttn,lh
2724,53,demo_parcel_53,4,SalVentAttn,lh
2725,53,demo_parcel_53,4,SalVentAttn,lh
2726,53,demo_parcel_53,4,SalVentAttn,lh
2727,53,demo_parcel_53,4,SalVentAttn,lh
2728,53,demo_parcel_53,4,SalVentAttn,lh
2729,53,demo_parcel_53,4,SalVentAttn,lh
2730,53,demo_parcel_53,4,SalVentAttn,lh
2731,53,demo_parcel_53,4,SalVentAttn,lh
2732,53,demo_parcel_53,4,SalVentAttn,lh
2733,53,demo_parcel_53,4,SalVentAttn,lh
2734,53,demo_parcel_53,4,SalVentAttn,lh
2735,53,demo_parcel_53,4,SalVentAttn,lh
2736,53,demo_parcel_53,4,SalVentAttn,lh
2737,53,demo_parcel_53,4,SalVentAttn,lh
2738,53,demo_parcel_53,4,SalVentAttn,lh
2739,53,demo_parcel_53,4,SalVentAttn,lh
2740,53,demo_parcel_53,4,SalVentAttn,lh
2741,53,demo_parcel_53,4,SalVentAttn,lh
2742,53,demo_parcel_53,4,SalVentAttn,lh
2743,53,demo_parcel_53,4,SalVentAttn,lh
2744,53,demo_parcel_53,4,SalVentAttn,lh
2745,53,demo_parcel_53,4,SalVentAttn,lh
2746,53,demo_parcel_53,4,SalVentAttn,lh
2747,53,demo_parcel_53,4,SalVentAttn,lh
2748,53,demo_parcel_53,4,SalVentAttn,lh
2749,53,demo_parcel_53,4,SalVentAttn,lh
2750,53,demo_parcel_53,4,SalVentAttn,lh
2751,53,demo_parcel_53,4,SalVentAttn,lh
2752,53,demo_parcel_53,4,SalVentAttn,lh
2753,53,demo_parcel_53,4,SalVentAttn,lh
2754,53,demo_parcel_53,4,SalVentAttn,lh
2755,53,demo_parcel_53,4,SalVentAttn,lh
2756,54,demo_parcel_54,5,Limbic,lh
2757,54,demo_parcel_54,5,Limbic,lh
2758,54,demo_parcel_54,5,Limbic,lh
2759,54,demo_parcel_54,5,Limbic,lh
2760,54,demo_parcel_54,5,Limbic,lh
2761,54,demo_parcel_54,5,Limbic,lh
2762,54,demo_parcel_54,5,Limbic,lh
2763,54,demo_parcel_54,5,Limbic,lh
2764,54,demo_parcel_54,5,Limbic,lh
2765,54,demo_parcel_54,5,Limbic,lh
2766,54,demo_parcel_54,5,Limbic,lh
2767,54,demo_parcel_54,5,Limbic,lh
2768,54,demo_parcel_54,5,Limbic,lh
2769,54,demo_parcel_54,5,Limbic,lh
2770,54,demo_parcel_54,5,Limbic,lh
2771,54,demo_parcel_54,5,Limbic,lh
2772,54,demo_parcel_54,5,Limbic,lh
2773,54,demo_parcel_54,5,Limbic,lh
2774,54,demo_parcel_54,5,Limbic,lh
2775,54,demo_parcel_54,5,Limbic,lh
2776,54,demo_parcel_54,5,Limbic,lh
2777,54,demo_parcel_54,5,Limbic,lh
2778,54,demo_parcel_54,5,Limbic,lh
2779,54,demo_parcel_54,5,Limbic,lh
2780,54,demo_parcel_54,5,Limbic,lh
2781,54,demo_parcel_54,5,Limbic,lh
2782,54,demo_parcel_54,5,Limbic,lh
2783,54,demo_parcel_54,5,Limbic,lh
2784,54,demo_parcel_54,5,Limbic,lh
2785,54,demo_parcel_54,5,Limbic,lh
2786,54,demo_parcel_54,5,Limbic,lh
2787,54,demo_parcel_54,5,Limbic,lh
2788,54,demo_parcel_54,5,Limbic,lh
2789,54,demo_parcel_54,5,Limbic,lh
2790,54,demo_parcel_54,5,Limbic,lh
2791,54,demo_parcel_54,5,Limbic,lh
2792,54,demo_parcel_54,5,Limbic,lh
2793,54,demo_parcel_54,5,Limbic,lh
2794,54,demo_parcel_54,5,Limbic,lh
2795,54,demo_parcel_54,5,Limbic,lh
2796,54,demo_parcel_54,5,Limbic,lh
2797,54,demo_parcel_54,5,Limbic,lh
2798,54,demo_parcel_54,5,Limbic,lh
2799,54,demo_parcel_54,5,Limbic,lh
2800,54,demo_parcel_54,5,Limbic,lh
2801,54,demo_parcel_54,5,Limbic,lh
2802,54,demo_parcel_54,5,Limbic,lh
2803,54,demo_parcel_54,5,Limbic,lh
2804,54,demo_parcel_54,5,Limbic,lh
2805,54,demo_parcel_54,5,Limbic,lh
2806,54,demo_parcel_54,5,Limbic,lh
2807,54,demo_parcel_54,5,Limbic,lh
2808,55,demo_parcel_55,6,Cont,lh
2809,55,demo_parcel_55,6,Cont,lh
2810,55,demo_parcel_55,6,Cont,lh
2811,55,demo_parcel_55,6,Cont,lh
2812,55,demo_parcel_55,6,Cont,lh
2813,55,demo_parcel_55,6,Cont,lh
2814,55,demo_parcel_55,6,Cont,lh
2815,55,demo_parcel_55,6,Cont,lh
2816,55,demo_parcel_55,6,Cont,lh
2817,55,demo_parcel_55,6,Cont,lh
2818,55,demo_parcel_55,6,Cont,lh
2819,55,demo_parcel_55,6,Cont,lh
2820,55,demo_parcel_55,6,Cont,lh
2821,55,demo_parcel_55,6,Cont,lh
2822,55,demo_parcel_55,6,Cont,lh
2823,55,demo_parcel_55,6,Cont,lh
2824,55,demo_parcel_55,6,Cont,lh
2825,55,demo_parcel_55,6,Cont,lh
2826,55,demo_parcel_55,6,Cont,lh
2827,55,demo_parcel_55,6,Cont,lh
2828,55,demo_parcel_55,6,Cont,lh
2829,55,demo_parcel_55,6,Cont,lh
2830,55,demo_parcel_55,6,Cont,lh
2831,55,demo_parcel_55,6,Cont,lh
2832,55,demo_parcel_55,6,Cont,lh
2833,55,demo_parcel_55,6,Cont,lh
2834,55,demo_parcel_55,6,Cont,lh
2835,55,demo_parcel_55,6,Cont,lh
2836,55,demo_parcel_55,6,Cont,lh
2837,55,demo_parcel_55,6,Cont,lh
2838,55,demo_parcel_55,6,Cont,lh
2839,55,demo_parcel_55,6,Cont,lh
2840,55,demo_parcel_55,6,Cont,lh
2841,55,demo_parcel_55,6,Cont,lh
2842,55,demo_parcel_55,6,Cont,lh
2843,55,demo_parcel_55,6,Cont,lh
2844,55,demo_parcel_55,6,Cont,lh
2845,55,demo_parcel_55,6,Cont,lh
2846,55,demo_parcel_55,6,Cont,lh
2847,55,demo_parcel_55,6,Cont,lh
2848,55,demo_parcel_55,6,Cont,lh
2849,55,demo_parcel_55,6,Cont,lh
2850,55,demo_parcel_55,6,Cont,lh
2851,55,demo_parcel_55,6,Cont,lh
2852,55,demo_parcel_55,6,Cont,lh
2853,55,demo_parcel_55,6,Cont,lh
2854,55,demo_parcel_55,6,Cont,lh
2855,55,demo_parcel_55,6,Cont,lh
2856,55,demo_parcel_55,6,Cont,lh
2857,55,demo_parcel_55,6,Cont,lh
2858,55,demo_parcel_55,6,Cont,lh
2859,55,demo_parcel_55,6,Cont,lh
2860,56,demo_parcel_56,7,Default,lh
2861,56,demo_parcel_56,7,Default,lh
2862,56,demo_parcel_56,7,Default,lh
2863,56,demo_parcel_56,7,Default,lh
2864,56,demo_parcel_56,7,Default,lh
2865,56,demo_parcel_56,7,Default,lh
2866,56,demo_parcel_56,7,Default,lh
2867,56,demo_parcel_56,7,Default,lh
2868,56,demo_parcel_56,7,Default,lh
2869,56,demo_parcel_56,7,Default,lh
2870,56,demo_parcel_56,7,Default,lh
2871,56,demo_parcel_56,7,Default,lh
2872,56,demo_parcel_56,7,Default,lh
2873,56,demo_parcel_56,7,Default,lh
2874,56,demo_parcel_56,7,Default,lh
2875,56,demo_parcel_56,7,Default,lh
2876,56,demo_parcel_56,7,Default,lh
2877,56,demo_parcel_56,7,Default,lh
2878,56,demo_parcel_56,7,Default,lh
2879,56,demo_parcel_56,7,Default,lh
2880,56,demo_parcel_56,7,Default,lh
2881,56,demo_parcel_56,7,Default,lh
2882,56,demo_parcel_56,7,Default,lh
2883,56,demo_parcel_56,7,Default,lh
2884,56,demo_parcel_56,7,Default,lh
2885,56,demo_parcel_56,7,Default,lh
2886,56,demo_parcel_56,7,Default,lh
2887,56,demo_parcel_56,7,Default,lh
2888,56,demo_parcel_56,7,Default,lh
2889,56,demo_parcel_56,7,Default,lh
2890,56,demo_parcel_56,7,Default,lh
2891,56,demo_parcel_56,7,Default,lh
2892,56,demo_parcel_56,7,Default,lh
2893,56,demo_parcel_56,7,Default,lh
2894,56,demo_parcel_56,7,Default,lh
2895,56,demo_parcel_56,7,Default,lh
2896,56,demo_parcel_56,7,Default,lh
2897,56,demo_parcel_56,7,Default,lh
2898,56,demo_parcel_56,7,Default,lh
2899,56,demo_parcel_56,7,Default,lh
2900,56,demo_parcel_56,7,Default,lh
2901,56,demo_parcel_56,7,Default,lh
2902,56,demo_parcel_56,7,Default,lh
2903,56,demo_parcel_56,7,Default,lh
2904,56,demo_parcel_56,7,Default,lh
2905,56,demo_parcel_56,7,Default,lh
2906,56,demo_parcel_56,7,Default,lh
2907,56,demo_parcel_56,7,Default,lh
2908,56,demo_parcel_56,7,Default,lh
2909,56,demo_parcel_56,7,Default,lh
2910,56,demo_parcel_56,7,Default,lh
2911,56,demo_parcel_56,7,Default,lh
2912,57,demo_parcel_57,1,Vis,lh
2913,57,demo_parcel_57,1,Vis,lh
2914,57,demo_parcel_57,1,Vis,lh
2915,57,demo_parcel_57,1,Vis,lh
2916,57,demo_parcel_57,1,Vis,lh
2917,57,demo_parcel_57,1,Vis,lh
2918,57,demo_parcel_57,1,Vis,lh
2919,57,demo_parcel_57,1,Vis,lh
2920,57,demo_parcel_57,1,Vis,lh
2921,57,demo_parcel_57,1,Vis,lh
2922,57,demo_parcel_57,1,Vis,lh
2923,57,demo_parcel_57,1,Vis,lh
2924,57,demo_parcel_57,1,Vis,lh
2925,57,demo_parcel_57,1,Vis,lh
2926,57,demo_parcel_57,1,Vis,lh
2927,57,demo_parcel_57,1,Vis,lh
2928,57,demo_parcel_57,1,Vis,lh
2929,57,demo_parcel_57,1,Vis,lh
2930,57,demo_parcel_57,1,Vis,lh
2931,57,demo_parcel_57,1,Vis,lh
2932,57,demo_parcel_57,1,Vis,lh
2933,57,demo_parcel_57,1,Vis,lh
2934,57,demo_parcel_57,1,Vis,lh
2935,57,demo_parcel_57,1,Vis,lh
2936,57,demo_parcel_57,1,Vis,lh
2937,57,demo_parcel_57,1,Vis,lh
2938,57,demo_parcel_57,1,Vis,lh
2939,57,demo_parcel_57,1,Vis,lh
2940,57,demo_parcel_57,1,Vis,lh
2941,57,demo_parcel_57,1,Vis,lh
2942,57,demo_parcel_57,1,Vis,lh
2943,57,demo_parcel_57,1,Vis,lh
2944,57,demo_parcel_57,1,Vis,lh
2945,57,demo_parcel_57,1,Vis,lh
2946,57,demo_parcel_57,1,Vis,lh
2947,57,demo_parcel_57,1,Vis,lh
2948,57,demo_parcel_57,1,Vis,lh
2949,57,demo_parcel_57,1,Vis,lh
2950,57,demo_parcel_57,1,Vis,lh
2951,57,demo_parcel_57,1,Vis,lh
2952,57,demo_parcel_57,1,Vis,lh
2953,57,demo_parcel_57,1,Vis,lh
2954,57,demo_parcel_57,1,Vis,lh
2955,57,demo_parcel_57,1,Vis,lh
2956,57,demo_parcel_57,1,Vis,lh
2957,57,demo_parcel_57,1,Vis,lh
2958,57,demo_parcel_57,1,Vis,lh
2959,57,demo_parcel_57,1,Vis,lh
2960,57,demo_parcel_57,1,Vis,lh
2961,57,demo_parcel_57,1,Vis,lh
2962,57,demo_parcel_57,1,Vis,lh
2963,57,demo_parcel_57,1,Vis,lh
2964,58,demo_parcel_58,2,SomMot,lh
2965,58,demo_parcel_58,2,SomMot,lh
2966,58,demo_parcel_58,2,SomMot,lh
2967,58,demo_parcel_58,2,SomMot,lh
2968,58,demo_parcel_58,2,SomMot,lh
2969,58,demo_parcel_58,2,SomMot,lh
2970,58,demo_parcel_58,2,SomMot,lh
2971,58,demo_parcel_58,2,SomMot,lh
2972,58,demo_parcel_58,2,SomMot,lh
2973,58,demo_parcel_58,2,SomMot,lh
2974,58,demo_parcel_58,2,SomMot,lh
2975,58,demo_parcel_58,2,SomMot,lh
2976,58,demo_parcel_58,2,SomMot,lh
2977,58,demo_parcel_58,2,SomMot,lh
2978,58,demo_parcel_58,2,SomMot,lh
2979,58,demo_parcel_58,2,SomMot,lh
2980,58,demo_parcel_58,2,SomMot,lh
2981,58,demo_parcel_58,2,SomMot,lh
2982,58,demo_parcel_58,2,SomMot,lh
2983,58,demo_parcel_58,2,SomMot,lh
2984,58,demo_parcel_58,2,SomMot,lh
2985,58,demo_parcel_58,2,SomMot,lh
2986,58,demo_parcel_58,2,SomMot,lh
2987,58,demo_parcel_58,2,SomMot,lh
2988,58,demo_parcel_58,2,SomMot,lh
2989,58,demo_parcel_58,2,SomMot,lh
2990,58,demo_parcel_58,2,SomMot,lh
2991,58,demo_parcel_58,2,SomMot,lh
2992,58,demo_parcel_58,2,SomMot,lh
2993,58,demo_parcel_58,2,SomMot,lh
2994,58,demo_parcel_58,2,SomMot,lh
2995,58,demo_parcel_58,2,SomMot,lh
2996,58,demo_parcel_58,2,SomMot,lh
2997,58,demo_parcel_58,2,SomMot,lh
2998,58,demo_parcel_58,2,SomMot,lh
2999,58,demo_parcel_58,2,SomMot,lh
3000,58,demo_parcel_58,2,SomMot,lh
3001,58,demo_parcel_58,2,SomMot,lh
3002,58,demo_parcel_58,2,SomMot,lh
3003,58,demo_parcel_58,2,SomMot,lh
3004,58,demo_parcel_58,2,SomMot,lh
3005,58,demo_parcel_58,2,SomMot,lh
3006,58,demo_parcel_58,2,SomMot,lh
3007,58,demo_parcel_58,2,SomMot,lh
3008,58,demo_parcel_58,2,SomMot,lh
3009,58,demo_parcel_58,2,SomMot,lh
3010,58,demo_parcel_58,2,SomMot,lh
3011,58,demo_parcel_58,2,SomMot,lh
3012,58,demo_parcel_58,2,SomMot,lh
3013,58,demo_parcel_58,2,SomMot,lh
3014,58,demo_parcel_58,2,SomMot,lh
3015,58,demo_parcel_58,2,SomMot,lh
3016,59,demo_parcel_59,3,DorsAttn,lh
3017,59,demo_parcel_59,3,DorsAttn,lh
3018,59,demo_parcel_59,3,DorsAttn,lh
3019,59,demo_parcel_59,3,DorsAttn,lh
3020,59,demo_parcel_59,3,DorsAttn,lh
3021,59,demo_parcel_59,3,DorsAttn,lh
3022,59,demo_parcel_59,3,DorsAttn,lh
3023,59,demo_parcel_59,3,DorsAttn,lh
3024,59,demo_parcel_59,3,DorsAttn,lh
3025,59,demo_parcel_59,3,DorsAttn,lh
3026,59,demo_parcel_59,3,DorsAttn,lh
3027,59,demo_parcel_59,3,DorsAttn,lh
3028,59,demo_parcel_59,3,DorsAttn,lh
3029,59,demo_parcel_59,3,DorsAttn,lh
3030,59,demo_parcel_59,3,DorsAttn,lh
3031,59,demo_parcel_59,3,DorsAttn,lh
3032,59,demo_parcel_59,3,DorsAttn,lh
3033,59,demo_parcel_59,3,DorsAttn,lh
3034,59,demo_parcel_59,3,DorsAttn,lh
3035,59,demo_parcel_59,3,DorsAttn,lh
3036,59,demo_parcel_59,3,DorsAttn,lh
3037,59,demo_parcel_59,3,DorsAttn,lh
3038,59,demo_parcel_59,3,DorsAttn,lh
3039,59,demo_parcel_59,3,DorsAttn,lh
3040,59,demo_parcel_59,3,DorsAttn,lh
3041,59,demo_parcel_59,3,DorsAttn,lh
3042,59,demo_parcel_59,3,DorsAttn,lh
3043,59,demo_parcel_59,3,DorsAttn,lh
3044,59,demo_parcel_59,3,DorsAttn,lh
3045,59,demo_parcel_59,3,DorsAttn,lh
3046,59,demo_parcel_59,3,DorsAttn,lh
3047,59,demo_parcel_59,3,DorsAttn,lh
3048,59,demo_parcel_59,3,DorsAttn,lh
3049,59,demo_parcel_59,3,DorsAttn,lh
3050,59,demo_parcel_59,3,DorsAttn,lh
3051,59,demo_parcel_59,3,DorsAttn,lh
3052,59,demo_parcel_59,3,DorsAttn,lh
3053,59,demo_parcel_59,3,DorsAttn,lh
3054,59,demo_parcel_59,3,DorsAttn,lh
3055,59,demo_parcel_59,3,DorsAttn,lh
3056,59,demo_parcel_59,3,DorsAttn,lh
3057,59,demo_parcel_59,3,DorsAttn,lh
3058,59,demo_parcel_59,3,DorsAttn,lh
3059,59,demo_parcel_59,3,DorsAttn,lh
3060,59,demo_parcel_59,3,DorsAttn,lh
3061,59,demo_parcel_59,3,DorsAttn,lh
3062,59,demo_parcel_59,3,DorsAttn,lh
3063,59,demo_parcel_59,3,DorsAttn,lh
3064,59,demo_parcel_59,3,DorsAttn,lh
3065,59,demo_parcel_59,3,DorsAttn,lh
3066,59,demo_parcel_59,3,DorsAttn,lh
3067,59,demo_parcel_59,3,DorsAttn,lh
3068,60,demo_parcel_60,4,SalVentAttn,lh
3069,60,demo_parcel_60,4,SalVentAttn,lh
3070,60,demo_parcel_60,4,SalVentAttn,lh
3071,60,demo_parcel_60,4,SalVentAttn,lh
3072,60,demo_parcel_60,4,SalVentAttn,lh
3073,60,demo_parcel_60,4,SalVentAttn,lh
3074,60,demo_parcel_60,4,SalVentAttn,lh
3075,60,demo_parcel_60,4,SalVentAttn,lh
3076,60,demo_parcel_60,4,SalVentAttn,lh
3077,60,demo_parcel_60,4,SalVentAttn,lh
3078,60,demo_parcel_60,4,SalVentAttn,lh
3079,60,demo_parcel_60,4,SalVentAttn,lh
3080,60,demo_parcel_60,4,SalVentAttn,lh
3081,60,demo_parcel_60,4,SalVentAttn,lh
3082,60,demo_parcel_60,4,SalVentAttn,lh
3083,60,demo_parcel_60,4,SalVentAttn,lh
3084,60,demo_parcel_60,4,SalVentAttn,lh
3085,60,demo_parcel_60,4,SalVentAttn,lh
3086,60,demo_parcel_60,4,SalVentAttn,lh
3087,60,demo_parcel_60,4,SalVentAttn,lh
3088,60,demo_parcel_60,4,SalVentAttn,lh
3089,60,demo_parcel_60,4,SalVentAttn,lh
3090,60,demo_parcel_60,4,SalVentAttn,lh
3091,60,demo_parcel_60,4,SalVentAttn,lh
3092,60,demo_parcel_60,4,SalVentAttn,lh
3093,60,demo_parcel_60,4,SalVentAttn,lh
3094,60,demo_parcel_60,4,SalVentAttn,lh
3095,60,demo_parcel_60,4,SalVentAttn,lh
3096,60,demo_parcel_60,4,SalVentAttn,lh
3097,60,demo_parcel_60,4,SalVentAttn,lh
3098,60,demo_parcel_60,4,SalVentAttn,lh
3099,60,demo_parcel_60,4,SalVentAttn,lh
3100,60,demo_parcel_60,4,SalVentAttn,lh
3101,60,demo_parcel_60,4,SalVentAttn,lh
3102,60,demo_parcel_60,4,SalVentAttn,lh
3103,60,demo_parcel_60,4,SalVentAttn,lh
3104,60,demo_parcel_60,4,SalVentAttn,lh
3105,60,demo_parcel_60,4,SalVentAttn,lh
3106,60,demo_parcel_60,4,SalVentAttn,lh
3107,60,demo_parcel_60,4,SalVentAttn,lh
3108,60,demo_parcel_60,4,SalVentAttn,lh
3109,60,demo_parcel_60,4,SalVentAttn,lh
3110,60,demo_parcel_60,4,SalVentAttn,lh
3111,60,demo_parcel_60,4,SalVentAttn,lh
3112,60,demo_parcel_60,4,SalVentAttn,lh
3113,60,demo_parcel_60,4,SalVentAttn,lh
3114,60,demo_parcel_60,4,SalVentAttn,lh
3115,60,demo_parcel_60,4,SalVentAttn,lh
3116,60,demo_parcel_60,4,SalVentAttn,lh
3117,60,demo_parcel_60,4,SalVentAttn,lh
3118,60,demo_parcel_60,4,SalVentAttn,lh
3119,60,demo_parcel_60,4,SalVentAttn,lh
3120,61,demo_parcel_61,5,Limbic,lh
3121,61,demo_parcel_61,5,Limbic,lh
3122,61,demo_parcel_61,5,Limbic,lh
3123,61,demo_parcel_61,5,Limbic,lh
3124,61,demo_parcel_61,5,Limbic,lh
3125,61,demo_parcel_61,5,Limbic,lh
3126,61,demo_parcel_61,5,Limbic,lh
3127,61,demo_parcel_61,5,Limbic,lh
3128,61,demo_parcel_61,5,Limbic,lh
3129,61,demo_parcel_61,5,Limbic,lh
3130,61,demo_parcel_61,5,Limbic,lh
3131,61,demo_parcel_61,5,Limbic,lh
3132,61,demo_parcel_61,5,Limbic,lh
3133,61,demo_parcel_61,5,Limbic,lh
3134,61,demo_parcel_61,5,Limbic,lh
3135,61,demo_parcel_61,5,Limbic,lh
3136,61,demo_parcel_61,5,Limbic,lh
3137,61,demo_parcel_61,5,Limbic,lh
3138,61,demo_parcel_61,5,Limbic,lh
3139,61,demo_parcel_61,5,Limbic,lh
3140,61,demo_parcel_61,5,Limbic,lh
3141,61,demo_parcel_61,5,Limbic,lh
3142,61,demo_parcel_61,5,Limbic,lh
3143,61,demo_parcel_61,5,Limbic,lh
3144,61,demo_parcel_61,5,Limbic,lh
3145,61,demo_parcel_61,5,Limbic,lh
3146,61,demo_parcel_61,5,Limbic,lh
3147,61,demo_parcel_61,5,Limbic,lh
3148,61,demo_parcel_61,5,Limbic,lh
3149,61,demo_parcel_61,5,Limbic,lh
3150,61,demo_parcel_61,5,Limbic,lh
3151,61,demo_parcel_61,5,Limbic,lh
3152,61,demo_parcel_61,5,Limbic,lh
3153,61,demo_parcel_61,5,Limbic,lh
3154,61,demo_parcel_61,5,Limbic,lh
3155,61,demo_parcel_61,5,Limbic,lh
3156,61,demo_parcel_61,5,Limbic,lh
3157,61,demo_parcel_61,5,Limbic,lh
3158,61,demo_parcel_61,5,Limbic,lh
3159,61,demo_parcel_61,5,Limbic,lh
3160,61,demo_parcel_61,5,Limbic,lh
3161,61,demo_parcel_61,5,Limbic,lh
3162,61,demo_parcel_61,5,Limbic,lh
3163,61,demo_parcel_61,5,Limbic,lh
3164,61,demo_parcel_61,5,Limbic,lh
3165,61,demo_parcel_61,5,Limbic,lh
3166,61,demo_parcel_61,5,Limbic,lh
3167,61,demo_parcel_61,5,Limbic,lh
3168,61,demo_parcel_61,5,Limbic,lh
3169,61,demo_parcel_61,5,Limbic,lh
3170,61,demo_parcel_61,5,Limbic,lh
3171,61,demo_parcel_61,5,Limbic,lh
3172,62,demo_parcel_62,6,Cont,lh
3173,62,demo_parcel_62,6,Cont,lh
3174,62,demo_parcel_62,6,Cont,lh
3175,62,demo_parcel_62,6,Cont,lh
3176,62,demo_parcel_62,6,Cont,lh
3177,62,demo_parcel_62,6,Cont,lh
3178,62,demo_parcel_62,6,Cont,lh
3179,62,demo_parcel_62,6,Cont,lh
3180,62,demo_parcel_62,6,Cont,lh
3181,62,demo_parcel_62,6,Cont,lh
3182,62,demo_parcel_62,6,Cont,lh
3183,62,demo_parcel_62,6,Cont,lh
3184,62,demo_parcel_62,6,Cont,lh
3185,62,demo_parcel_62,6,Cont,lh
3186,62,demo_parcel_62,6,Cont,lh
3187,62,demo_parcel_62,6,Cont,lh
3188,62,demo_parcel_62,6,Cont,lh
3189,62,demo_parcel_62,6,Cont,lh
3190,62,demo_parcel_62,6,Cont,lh
3191,62,demo_parcel_62,6,Cont,lh
3192,62,demo_parcel_62,6,Cont,lh
3193,62,demo_parcel_62,6,Cont,lh
3194,62,demo_parcel_62,6,Cont,lh
3195,62,demo_parcel_62,6,Cont,lh
3196,62,demo_parcel_62,6,Cont,lh
3197,62,demo_parcel_62,6,Cont,lh
3198,62,demo_parcel_62,6,Cont,lh
3199,62,demo_parcel_62,6,Cont,lh
3200,62,demo_parcel_62,6,Cont,lh
3201,62,demo_parcel_62,6,Cont,lh
3202,62,demo_parcel_62,6,Cont,lh
3203,62,demo_parcel_62,6,Cont,lh
3204,62,demo_parcel_62,6,Cont,lh
3205,62,demo_parcel_62,6,Cont,lh
3206,62,demo_parcel_62,6,Cont,lh
3207,62,demo_parcel_62,6,Cont,lh
3208,62,demo_parcel_62,6,Cont,lh
3209,62,demo_parcel_62,6,Cont,lh
3210,62,demo_parcel_62,6,Cont,lh
3211,62,demo_parcel_62,6,Cont,lh
3212,62,demo_parcel_62,6,Cont,lh
3213,62,demo_parcel_62,6,Cont,lh
3214,62,demo_parcel_62,6,Cont,lh
3215,62,demo_parcel_62,6,Cont,lh
3216,62,demo_parcel_62,6,Cont,lh
3217,62,demo_parcel_62,6,Cont,lh
3218,62,demo_parcel_62,6,Cont,lh
3219,62,demo_parcel_62,6,Cont,lh
3220,62,demo_parcel_62,6,Cont,lh
3221,62,demo_parcel_62,6,Cont,lh
3222,62,demo_parcel_62,6,Cont,lh
3223,62,demo_parcel_62,6,Cont,lh
3224,63,demo_parcel_63,7,Default,lh
3225,63,demo_parcel_63,7,Default,lh
3226,63,demo_parcel_63,7,Default,lh
3227,63,demo_parcel_63,7,Default,lh
3228,63,demo_parcel_63,7,Default,lh
3229,63,demo_parcel_63,7,Default,lh
3230,63,demo_parcel_63,7,Default,lh
3231,63,demo_parcel_63,7,Default,lh
3232,63,demo_parcel_63,7,Default,lh
3233,63,demo_parcel_63,7,Default,lh
3234,63,demo_parcel_63,7,Default,lh
3235,63,demo_parcel_63,7,Default,lh
3236,63,demo_parcel_63,7,Default,lh
3237,63,demo_parcel_63,7,Default,lh
3238,63,demo_parcel_63,7,Default,lh
3239,63,demo_parcel_63,7,Default,lh
3240,63,demo_parcel_63,7,Default,lh
3241,63,demo_parcel_63,7,Default,lh
3242,63,demo_parcel_63,7,Default,lh
3243,63,demo_parcel_63,7,Default,lh
3244,63,demo_parcel_63,7,Default,lh
3245,63,demo_parcel_63,7,Default,lh
3246,63,demo_parcel_63,7,Default,lh
3247,63,demo_parcel_63,7,Default,lh
3248,63,demo_parcel_63,7,Default,lh
3249,63,demo_parcel_63,7,Default,lh
3250,63,demo_parcel_63,7,Default,lh
3251,63,demo_parcel_63,7,Default,lh
3252,63,demo_parcel_63,7,Default,lh
3253,63,demo_parcel_63,7,Default,lh
3254,63,demo_parcel_63,7,Default,lh
3255,63,demo_parcel_63,7,Default,lh
3256,63,demo_parcel_63,7,Default,lh
3257,63,demo_parcel_63,7,Default,lh
3258,63,demo_parcel_63,7,Default,lh
3259,63,demo_parcel_63,7,Default,lh
3260,63,demo_parcel_63,7,Default,lh
3261,63,demo_parcel_63,7,Default,lh
3262,63,demo_parcel_63,7,Default,lh
3263,63,demo_parcel_63,7,Default,lh
3264,63,demo_parcel_63,7,Default,lh
3265,63,demo_parcel_63,7,Default,lh
3266,63,demo_parcel_63,7,Default,lh
3267,63,demo_parcel_63,7,Default,lh
3268,63,demo_parcel_63,7,Default,lh
3269,63,demo_parcel_63,7,Default,lh
3270,63,demo_parcel_63,7,Default,lh
3271,63,demo_parcel_63,7,Default,lh
3272,63,demo_parcel_63,7,Default,lh
3273,63,demo_parcel_63,7,Default,lh
3274,63,demo_parcel_63,7,Default,lh
3275,63,demo_parcel_63,7,Default,lh
3276,64,demo_parcel_64,1,Vis,lh
3277,64,demo_parcel_64,1,Vis,lh
3278,64,demo_parcel_64,1,Vis,lh
3279,64,demo_parcel_64,1,Vis,lh
3280,64,demo_parcel_64,1,Vis,lh
3281,64,demo_parcel_64,1,Vis,lh
3282,64,demo_parcel_64,1,Vis,lh
3283,64,demo_parcel_64,1,Vis,lh
3284,64,demo_parcel_64,1,Vis,lh
3285,64,demo_parcel_64,1,Vis,lh
3286,64,demo_parcel_64,1,Vis,lh
3287,64,demo_parcel_64,1,Vis,lh
3288,64,demo_parcel_64,1,Vis,lh
3289,64,demo_parcel_64,1,Vis,lh
3290,64,demo_parcel_64,1,Vis,lh
3291,64,demo_parcel_64,1,Vis,lh
3292,64,demo_parcel_64,1,Vis,lh
3293,64,demo_parcel_64,1,Vis,lh
3294,64,demo_parcel_64,1,Vis,lh
3295,64,demo_parcel_64,1,Vis,lh
3296,64,demo_parcel_64,1,Vis,lh
3297,64,demo_parcel_64,1,Vis,lh
3298,64,demo_parcel_64,1,Vis,lh
3299,64,demo_parcel_64,1,Vis,lh
3300,64,demo_parcel_64,1,Vis,lh
3301,64,demo_parcel_64,1,Vis,lh
3302,64,demo_parcel_64,1,Vis,lh
3303,64,demo_parcel_64,1,Vis,lh
3304,64,demo_parcel_64,1,Vis,lh
3305,64,demo_parcel_64,1,Vis,lh
3306,64,demo_parcel_64,1,Vis,lh
3307,64,demo_parcel_64,1,Vis,lh
3308,64,demo_parcel_64,1,Vis,lh
3309,64,demo_parcel_64,1,Vis,lh
3310,64,demo_parcel_64,1,Vis,lh
3311,64,demo_parcel_64,1,Vis,lh
3312,64,demo_parcel_64,1,Vis,lh
3313,64,demo_parcel_64,1,Vis,lh
3314,64,demo_parcel_64,1,Vis,lh
3315,64,demo_parcel_64,1,Vis,lh
3316,64,demo_parcel_64,1,Vis,lh
3317,64,demo_parcel_64,1,Vis,lh
3318,64,demo_parcel_64,1,Vis,lh
3319,64,demo_parcel_64,1,Vis,lh
3320,64,demo_parcel_64,1,Vis,lh
3321,64,demo_parcel_64,1,Vis,lh
3322,64,demo_parcel_64,1,Vis,lh
3323,64,demo_parcel_64,1,Vis,lh
3324,64,demo_parcel_64,1,Vis,lh
3325,64,demo_parcel_64,1,Vis,lh
3326,64,demo_parcel_64,1,Vis,lh
3327,64,demo_parcel_64,1,Vis,lh
3328,65,demo_parcel_65,2,SomMot,lh
3329,65,demo_parcel_65,2,SomMot,lh
3330,65,demo_parcel_65,2,SomMot,lh
3331,65,demo_parcel_65,2,SomMot,lh
3332,65,demo_parcel_65,2,SomMot,lh
3333,65,demo_parcel_65,2,SomMot,lh
3334,65,demo_parcel_65,2,SomMot,lh
3335,65,demo_parcel_65,2,SomMot,lh
3336,65,demo_parcel_65,2,SomMot,lh
3337,65,demo_parcel_65,2,SomMot,lh
3338,65,demo_parcel_65,2,SomMot,lh
3339,65,demo_parcel_65,2,SomMot,lh
3340,65,demo_parcel_65,2,SomMot,lh
3341,65,demo_parcel_65,2,SomMot,lh
3342,65,demo_parcel_65,2,SomMot,lh
3343,65,demo_parcel_65,2,SomMot,lh
3344,65,demo_parcel_65,2,SomMot,lh
3345,65,demo_parcel_65,2,SomMot,lh
3346,65,demo_parcel_65,2,SomMot,lh
3347,65,demo_parcel_65,2,SomMot,lh
3348,65,demo_parcel_65,2,SomMot,lh
3349,65,demo_parcel_65,2,SomMot,lh
3350,65,demo_parcel_65,2,SomMot,lh
3351,65,demo_parcel_65,2,SomMot,lh
3352,65,demo_parcel_65,2,SomMot,lh
3353,65,demo_parcel_65,2,SomMot,lh
3354,65,demo_parcel_65,2,SomMot,lh
3355,65,demo_parcel_65,2,SomMot,lh
3356,65,demo_parcel_65,2,SomMot,lh
3357,65,demo_parcel_65,2,SomMot,lh
3358,65,demo_parcel_65,2,SomMot,lh
3359,65,demo_parcel_65,2,SomMot,lh
3360,65,demo_parcel_65,2,SomMot,lh
3361,65,demo_parcel_65,2,SomMot,lh
3362,65,demo_parcel_65,2,SomMot,lh
3363,65,demo_parcel_65,2,SomMot,lh
3364,65,demo_parcel_65,2,SomMot,lh
3365,65,demo_parcel_65,2,SomMot,lh
3366,65,demo_parcel_65,2,SomMot,lh
3367,65,demo_parcel_65,2,SomMot,lh
3368,65,demo_parcel_65,2,SomMot,lh
3369,65,demo_parcel_65,2,SomMot,lh
3370,65,demo_parcel_65,2,SomMot,lh
3371,65,demo_parcel_65,2,SomMot,lh
3372,65,demo_parcel_65,2,SomMot,lh
3373,65,demo_parcel_65,2,SomMot,lh
3374,65,demo_parcel_65,2,SomMot,lh
3375,65,demo_parcel_65,2,SomMot,lh
3376,65,demo_parcel_65,2,SomMot,lh
3377,65,demo_parcel_65,2,SomMot,lh
3378,65,demo_parcel_65,2,SomMot,lh
3379,65,demo_parcel_65,2,SomMot,lh
3380,66,demo_parcel_66,3,DorsAttn,lh
3381,66,demo_parcel_66,3,DorsAttn,lh
3382,66,demo_parcel_66,3,DorsAttn,lh
3383,66,demo_parcel_66,3,DorsAttn,lh
3384,66,demo_parcel_66,3,DorsAttn,lh
3385,66,demo_parcel_66,3,DorsAttn,lh
3386,66,demo_parcel_66,3,DorsAttn,lh
3387,66,demo_parcel_66,3,DorsAttn,lh
3388,66,demo_parcel_66,3,DorsAttn,lh
3389,66,demo_parcel_66,3,DorsAttn,lh
3390,66,demo_parcel_66,3,DorsAttn,lh
3391,66,demo_parcel_66,3,DorsAttn,lh
3392,66,demo_parcel_66,3,DorsAttn,lh
3393,66,demo_parcel_66,3,DorsAttn,lh
3394,66,demo_parcel_66,3,DorsAttn,lh
3395,66,demo_parcel_66,3,DorsAttn,lh
3396,66,demo_parcel_66,3,DorsAttn,lh
3397,66,demo_parcel_66,3,DorsAttn,lh
3398,66,demo_parcel_66,3,DorsAttn,lh
3399,66,demo_parcel_66,3,DorsAttn,lh
3400,66,demo_parcel_66,3,DorsAttn,lh
3401,66,demo_parcel_66,3,DorsAttn,lh
3402,66,demo_parcel_66,3,DorsAttn,lh
3403,66,demo_parcel_66,3,DorsAttn,lh
3404,66,demo_parcel_66,3,DorsAttn,lh
3405,66,demo_parcel_66,3,DorsAttn,lh
3406,66,demo_parcel_66,3,DorsAttn,lh
3407,66,demo_parcel_66,3,DorsAttn,lh
3408,66,demo_parcel_66,3,DorsAttn,lh
3409,66,demo_parcel_66,3,DorsAttn,lh
3410,66,demo_parcel_66,3,DorsAttn,lh
3411,66,demo_parcel_66,3,DorsAttn,lh
3412,66,demo_parcel_66,3,DorsAttn,lh
3413,66,demo_parcel_66,3,DorsAttn,lh
3414,66,demo_parcel_66,3,DorsAttn,lh
3415,66,demo_parcel_66,3,DorsAttn,lh
3416,66,demo_parcel_66,3,DorsAttn,lh
3417,66,demo_parcel_66,3,DorsAttn,lh
3418,66,demo_parcel_66,3,DorsAttn,lh
3419,66,demo_parcel_66,3,DorsAttn,lh
3420,66,demo_parcel_66,3,DorsAttn,lh
3421,66,demo_parcel_66,3,DorsAttn,lh
3422,66,demo_parcel_66,3,DorsAttn,lh
3423,66,demo_parcel_66,3,DorsAttn,lh
3424,66,demo_parcel_66,3,DorsAttn,lh
3425,66,demo_parcel_66,3,DorsAttn,lh
3426,66,demo_parcel_66,3,DorsAttn,lh
3427,66,demo_parcel_66,3,DorsAttn,lh
3428,66,demo_parcel_66,3,DorsAttn,lh
3429,66,demo_parcel_66,3,DorsAttn,lh
3430,66,demo_parcel_66,3,DorsAttn,lh
3431,66,demo_parcel_66,3,DorsAttn,lh
3432,67,demo_parcel_67,4,SalVentAttn,lh
3433,67,demo_parcel_67,4,SalVentAttn,lh
3434,67,demo_parcel_67,4,SalVentAttn,lh
3435,67,demo_parcel_67,4,SalVentAttn,lh
3436,67,demo_parcel_67,4,SalVentAttn,lh
3437,67,demo_parcel_67,4,SalVentAttn,lh
3438,67,demo_parcel_67,4,SalVentAttn,lh
3439,67,demo_parcel_67,4,SalVentAttn,lh
3440,67,demo_parcel_67,4,SalVentAttn,lh
3441,67,demo_parcel_67,4,SalVentAttn,lh
3442,67,demo_parcel_67,4,SalVentAttn,lh
3443,67,demo_parcel_67,4,SalVentAttn,lh
3444,67,demo_parcel_67,4,SalVentAttn,lh
3445,67,demo_parcel_67,4,SalVentAttn,lh
3446,67,demo_parcel_67,4,SalVentAttn,lh
3447,67,demo_parcel_67,4,SalVentAttn,lh
3448,67,demo_parcel_67,4,SalVentAttn,lh
3449,67,demo_parcel_67,4,SalVentAttn,lh
3450,67,demo_parcel_67,4,SalVentAttn,lh
3451,67,demo_parcel_67,4,SalVentAttn,lh
3452,67,demo_parcel_67,4,SalVentAttn,lh
3453,67,demo_parcel_67,4,SalVentAttn,lh
3454,67,demo_parcel_67,4,SalVentAttn,lh
3455,67,demo_parcel_67,4,SalVentAttn,lh
3456,67,demo_parcel_67,4,SalVentAttn,lh
3457,67,demo_parcel_67,4,SalVentAttn,lh
3458,67,demo_parcel_67,4,SalVentAttn,lh
3459,67,demo_parcel_67,4,SalVentAttn,lh
3460,67,demo_parcel_67,4,SalVentAttn,lh
3461,67,demo_parcel_67,4,SalVentAttn,lh
3462,67,demo_parcel_67,4,SalVentAttn,lh
3463,67,demo_parcel_67,4,SalVentAttn,lh
3464,67,demo_parcel_67,4,SalVentAttn,lh
3465,67,demo_parcel_67,4,SalVentAttn,lh
3466,67,demo_parcel_67,4,SalVentAttn,lh
3467,67,demo_parcel_67,4,SalVentAttn,lh
3468,67,demo_parcel_67,4,SalVentAttn,lh
3469,67,demo_parcel_67,4,SalVentAttn,lh
3470,67,demo_parcel_67,4,SalVentAttn,lh
3471,67,demo_parcel_67,4,SalVentAttn,lh
3472,67,demo_parcel_67,4,SalVentAttn,lh
3473,67,demo_parcel_67,4,SalVentAttn,lh
3474,67,demo_parcel_67,4,SalVentAttn,lh
3475,67,demo_parcel_67,4,SalVentAttn,lh
3476,67,demo_parcel_67,4,SalVentAttn,lh
3477,67,demo_parcel_67,4,SalVentAttn,lh
3478,67,demo_parcel_67,4,SalVentAttn,lh
3479,67,demo_parcel_67,4,SalVentAttn,lh
3480,67,demo_parcel_67,4,SalVentAttn,lh
3481,67,demo_parcel_67,4,SalVentAttn,lh
3482,67,demo_parcel_67,4,SalVentAttn,lh
3483,67,demo_parcel_67,4,SalVentAttn,lh
3484,68,demo_parcel_68,5,Limbic,lh
3485,68,demo_parcel_68,5,Limbic,lh
3486,68,demo_parcel_68,5,Limbic,lh
3487,68,demo_parcel_68,5,Limbic,lh
3488,68,demo_parcel_68,5,Limbic,lh
3489,68,demo_parcel_68,5,Limbic,lh
3490,68,demo_parcel_68,5,Limbic,lh
3491,68,demo_parcel_68,5,Limbic,lh
3492,68,demo_parcel_68,5,Limbic,lh
3493,68,demo_parcel_68,5,Limbic,lh
3494,68,demo_parcel_68,5,Limbic,lh
3495,68,demo_parcel_68,5,Limbic,lh
3496,68,demo_parcel_68,5,Limbic,lh
3497,68,demo_parcel_68,5,Limbic,lh
3498,68,demo_parcel_68,5,Limbic,lh
3499,68,demo_parcel_68,5,Limbic,lh
3500,68,demo_parcel_68,5,Limbic,lh
3501,68,demo_parcel_68,5,Limbic,lh
3502,68,demo_parcel_68,5,Limbic,lh
3503,68,demo_parcel_68,5,Limbic,lh
3504,68,demo_parcel_68,5,Limbic,lh
3505,68,demo_parcel_68,5,Limbic,lh
3506,68,demo_parcel_68,5,Limbic,lh
3507,68,demo_parcel_68,5,Limbic,lh
3508,68,demo_parcel_68,5,Limbic,lh
3509,68,demo_parcel_68,5,Limbic,lh
3510,68,demo_parcel_68,5,Limbic,lh
3511,68,demo_parcel_68,5,Limbic,lh
3512,68,demo_parcel_68,5,Limbic,lh
3513,68,demo_parcel_68,5,Limbic,lh
3514,68,demo_parcel_68,5,Limbic,lh
3515,68,demo_parcel_68,5,Limbic,lh
3516,68,demo_parcel_68,5,Limbic,lh
3517,68,demo_parcel_68,5,Limbic,lh
3518,68,demo_parcel_68,5,Limbic,lh
3519,68,demo_parcel_68,5,Limbic,lh
3520,68,demo_parcel_68,5,Limbic,lh
3521,68,demo_parcel_68,5,Limbic,lh
3522,68,demo_parcel_68,5,Limbic,lh
3523,68,demo_parcel_68,5,Limbic,lh
3524,68,demo_parcel_68,5,Limbic,lh
3525,68,demo_parcel_68,5,Limbic,lh
3526,68,demo_parcel_68,5,Limbic,lh
3527,68,demo_parcel_68,5,Limbic,lh
3528,68,demo_parcel_68,5,Limbic,lh
3529,68,demo_parcel_68,5,Limbic,lh
3530,68,demo_parcel_68,5,Limbic,lh
3531,68,demo_parcel_68,5,Limbic,lh
3532,68,demo_parcel_68,5,Limbic,lh
3533,68,demo_parcel_68,5,Limbic,lh
3534,68,demo_parcel_68,5,Limbic,lh
3535,68,demo_parcel_68,5,Limbic,lh
3536,69,demo_parcel_69,6,Cont,lh
3537,69,demo_parcel_69,6,Cont,lh
3538,69,demo_parcel_69,6,Cont,lh
3539,69,demo_parcel_69,6,Cont,lh
3540,69,demo_parcel_69,6,Cont,lh
3541,69,demo_parcel_69,6,Cont,lh
3542,69,demo_parcel_69,6,Cont,lh
3543,69,demo_parcel_69,6,Cont,lh
3544,69,demo_parcel_69,6,Cont,lh
3545,69,demo_parcel_69,6,Cont,lh
3546,69,demo_parcel_69,6,Cont,lh
3547,69,demo_parcel_69,6,Cont,lh
3548,69,demo_parcel_69,6,Cont,lh
3549,69,demo_parcel_69,6,Cont,lh
3550,69,demo_parcel_69,6,Cont,lh
3551,69,demo_parcel_69,6,Cont,lh
3552,69,demo_parcel_69,6,Cont,lh
3553,69,demo_parcel_69,6,Cont,lh
3554,69,demo_parcel_69,6,Cont,lh
3555,69,demo_parcel_69,6,Cont,lh
3556,69,demo_parcel_69,6,Cont,lh
3557,69,demo_parcel_69,6,Cont,lh
3558,69,demo_parcel_69,6,Cont,lh
3559,69,demo_parcel_69,6,Cont,lh
3560,69,demo_parcel_69,6,Cont,lh
3561,69,demo_parcel_69,6,Cont,lh
3562,69,demo_parcel_69,6,Cont,lh
3563,69,demo_parcel_69,6,Cont,lh
3564,69,demo_parcel_69,6,Cont,lh
3565,69,demo_parcel_69,6,Cont,lh
3566,69,demo_parcel_69,6,Cont,lh
3567,69,demo_parcel_69,6,Cont,lh
3568,69,demo_parcel_69,6,Cont,lh
3569,69,demo_parcel_69,6,Cont,lh
3570,69,demo_parcel_69,6,Cont,lh
3571,69,demo_parcel_69,6,Cont,lh
3572,69,demo_parcel_69,6,Cont,lh
3573,69,demo_parcel_69,6,Cont,lh
3574,69,demo_parcel_69,6,Cont,lh
3575,69,demo_parcel_69,6,Cont,lh
3576,69,demo_parcel_69,6,Cont,lh
3577,69,demo_parcel_69,6,Cont,lh
3578,69,demo_parcel_69,6,Cont,lh
3579,69,demo_parcel_69,6,Cont,lh
3580,69,demo_parcel_69,6,Cont,lh
3581,69,demo_parcel_69,6,Cont,lh
3582,69,demo_parcel_69,6,Cont,lh
3583,69,demo_parcel_69,6,Cont,lh
3584,69,demo_parcel_69,6,Cont,lh
3585,69,demo_parcel_69,6,Cont,lh
3586,69,demo_parcel_69,6,Cont,lh
3587,69,demo_parcel_69,6,Cont,lh
3588,70,demo_parcel_70,7,Default,lh
3589,70,demo_parcel_70,7,Default,lh
3590,70,demo_parcel_70,7,Default,lh
3591,70,demo_parcel_70,7,Default,lh
3592,70,demo_parcel_70,7,Default,lh
3593,70,demo_parcel_70,7,Default,lh
3594,70,demo_parcel_70,7,Default,lh
3595,70,demo_parcel_70,7,Default,lh
3596,70,demo_parcel_70,7,Default,lh
3597,70,demo_parcel_70,7,Default,lh
3598,70,demo_parcel_70,7,Default,lh
3599,70,demo_parcel_70,7,Default,lh
3600,70,demo_parcel_70,7,Default,lh
3601,70,demo_parcel_70,7,Default,lh
3602,70,demo_parcel_70,7,Default,lh
3603,70,demo_parcel_70,7,Default,lh
3604,70,demo_parcel_70,7,Default,lh
3605,70,demo_parcel_70,7,Default,lh
3606,70,demo_parcel_70,7,Default,lh
3607,70,demo_parcel_70,7,Default,lh
3608,70,demo_parcel_70,7,Default,lh
3609,70,demo_parcel_70,7,Default,lh
3610,70,demo_parcel_70,7,Default,lh
3611,70,demo_parcel_70,7,Default,lh
3612,70,demo_parcel_70,7,Default,lh
3613,70,demo_parcel_70,7,Default,lh
3614,70,demo_parcel_70,7,Default,lh
3615,70,demo_parcel_70,7,Default,lh
3616,70,demo_parcel_70,7,Default,lh
3617,70,demo_parcel_70,7,Default,lh
3618,70,demo_parcel_70,7,Default,lh
3619,70,demo_parcel_70,7,Default,lh
3620,70,demo_parcel_70,7,Default,lh
3621,70,demo_parcel_70,7,Default,lh
3622,70,demo_parcel_70,7,Default,lh
3623,70,demo_parcel_70,7,Default,lh
3624,70,demo_parcel_70,7,Default,lh
3625,70,demo_parcel_70,7,Default,lh
3626,70,demo_parcel_70,7,Default,lh
3627,70,demo_parcel_70,7,Default,lh
3628,70,demo_parcel_70,7,Default,lh
3629,70,demo_parcel_70,7,Default,lh
3630,70,demo_parcel_70,7,Default,lh
3631,70,demo_parcel_70,7,Default,lh
3632,70,demo_parcel_70,7,Default,lh
3633,70,demo_parcel_70,7,Default,lh
3634,70,demo_parcel_70,7,Default,lh
3635,70,demo_parcel_70,7,Default,lh
3636,70,demo_parcel_70,7,Default,lh
3637,70,demo_parcel_70,7,Default,lh
3638,70,demo_parcel_70,7,Default,lh
3639,70,demo_parcel_70,7,Default,lh
3640,71,demo_parcel_71,1,Vis,lh
3641,71,demo_parcel_71,1,Vis,lh
3642,71,demo_parcel_71,1,Vis,lh
3643,71,demo_parcel_71,1,Vis,lh
3644,71,demo_parcel_71,1,Vis,lh
3645,71,demo_parcel_71,1,Vis,lh
3646,71,demo_parcel_71,1,Vis,lh
3647,71,demo_parcel_71,1,Vis,lh
3648,71,demo_parcel_71,1,Vis,lh
3649,71,demo_parcel_71,1,Vis,lh
3650,71,demo_parcel_71,1,Vis,lh
3651,71,demo_parcel_71,1,Vis,lh
3652,71,demo_parcel_71,1,Vis,lh
3653,71,demo_parcel_71,1,Vis,lh
3654,71,demo_parcel_71,1,Vis,lh
3655,71,demo_parcel_71,1,Vis,lh
3656,71,demo_parcel_71,1,Vis,lh
3657,71,demo_parcel_71,1,Vis,lh
3658,71,demo_parcel_71,1,Vis,lh
3659,71,demo_parcel_71,1,Vis,lh
3660,71,demo_parcel_71,1,Vis,lh
3661,71,demo_parcel_71,1,Vis,lh
3662,71,demo_parcel_71,1,Vis,lh
3663,71,demo_parcel_71,1,Vis,lh
3664,71,demo_parcel_71,1,Vis,lh
3665,71,demo_parcel_71,1,Vis,lh
3666,71,demo_parcel_71,1,Vis,lh
3667,71,demo_parcel_71,1,Vis,lh
3668,71,demo_parcel_71,1,Vis,lh
3669,71,demo_parcel_71,1,Vis,lh
3670,71,demo_parcel_71,1,Vis,lh
3671,71,demo_parcel_71,1,Vis,lh
3672,71,demo_parcel_71,1,Vis,lh
3673,71,demo_parcel_71,1,Vis,lh
3674,71,demo_parcel_71,1,Vis,lh
3675,71,demo_parcel_71,1,Vis,lh
3676,71,demo_parcel_71,1,Vis,lh
3677,71,demo_parcel_71,1,Vis,lh
3678,71,demo_parcel_71,1,Vis,lh
3679,71,demo_parcel_71,1,Vis,lh
3680,71,demo_parcel_71,1,Vis,lh
3681,71,demo_parcel_71,1,Vis,lh
3682,71,demo_parcel_71,1,Vis,lh
3683,71,demo_parcel_71,1,Vis,lh
3684,71,demo_parcel_71,1,Vis,lh
3685,71,demo_parcel_71,1,Vis,lh
3686,71,demo_parcel_71,1,Vis,lh
3687,71,demo_parcel_71,1,Vis,lh
3688,71,demo_parcel_71,1,Vis,lh
3689,71,demo_parcel_71,1,Vis,lh
3690,71,demo_parcel_71,1,Vis,lh
3691,71,demo_parcel_71,1,Vis,lh
3692,72,demo_parcel_72,2,SomMot,lh
3693,72,demo_parcel_72,2,SomMot,lh
3694,72,demo_parcel_72,2,SomMot,lh
3695,72,demo_parcel_72,2,SomMot,lh
3696,72,demo_parcel_72,2,SomMot,lh
3697,72,demo_parcel_72,2,SomMot,lh
3698,72,demo_parcel_72,2,SomMot,lh
3699,72,demo_parcel_72,2,SomMot,lh
3700,72,demo_parcel_72,2,SomMot,lh
3701,72,demo_parcel_72,2,SomMot,lh
3702,72,demo_parcel_72,2,SomMot,lh
3703,72,demo_parcel_72,2,SomMot,lh
3704,72,demo_parcel_72,2,SomMot,lh
3705,72,demo_parcel_72,2,SomMot,lh
3706,72,demo_parcel_72,2,SomMot,lh
3707,72,demo_parcel_72,2,SomMot,lh
3708,72,demo_parcel_72,2,SomMot,lh
3709,72,demo_parcel_72,2,SomMot,lh
3710,72,demo_parcel_72,2,SomMot,lh
3711,72,demo_parcel_72,2,SomMot,lh
3712,72,demo_parcel_72,2,SomMot,lh
3713,72,demo_parcel_72,2,SomMot,lh
3714,72,demo_parcel_72,2,SomMot,lh
3715,72,demo_parcel_72,2,SomMot,lh
3716,72,demo_parcel_72,2,SomMot,lh
3717,72,demo_parcel_72,2,SomMot,lh
3718,72,demo_parcel_72,2,SomMot,lh
3719,72,demo_parcel_72,2,SomMot,lh
3720,72,demo_parcel_72,2,SomMot,lh
3721,72,demo_parcel_72,2,SomMot,lh
3722,72,demo_parcel_72,2,SomMot,lh
3723,72,demo_parcel_72,2,SomMot,lh
3724,72,demo_parcel_72,2,SomMot,lh
3725,72,demo_parcel_72,2,SomMot,lh
3726,72,demo_parcel_72,2,SomMot,lh
3727,72,demo_parcel_72,2,SomMot,lh
3728,72,demo_parcel_72,2,SomMot,lh
3729,72,demo_parcel_72,2,SomMot,lh
3730,72,demo_parcel_72,2,SomMot,lh
3731,72,demo_parcel_72,2,SomMot,lh
3732,72,demo_parcel_72,2,SomMot,lh
3733,72,demo_parcel_72,2,SomMot,lh
3734,72,demo_parcel_72,2,SomMot,lh
3735,72,demo_parcel_72,2,SomMot,lh
3736,72,demo_parcel_72,2,SomMot,lh
3737,72,demo_parcel_72,2,SomMot,lh
3738,72,demo_parcel_72,2,SomMot,lh
3739,72,demo_parcel_72,2,SomMot,lh
3740,72,demo_parcel_72,2,SomMot,lh
3741,72,demo_parcel_72,2,SomMot,lh
3742,72,demo_parcel_72,2,SomMot,lh
3743,72,demo_parcel_72,2,SomMot,lh
3744,73,demo_parcel_73,3,DorsAttn,lh
3745,73,demo_parcel_73,3,DorsAttn,lh
3746,73,demo_parcel_73,3,DorsAttn,lh
3747,73,demo_parcel_73,3,DorsAttn,lh
3748,73,demo_parcel_73,3,DorsAttn,lh
3749,73,demo_parcel_73,3,DorsAttn,lh
3750,73,demo_parcel_73,3,DorsAttn,lh
3751,73,demo_parcel_73,3,DorsAttn,lh
3752,73,demo_parcel_73,3,DorsAttn,lh
3753,73,demo_parcel_73,3,DorsAttn,lh
3754,73,demo_parcel_73,3,DorsAttn,lh
3755,73,demo_parcel_73,3,DorsAttn,lh
3756,73,demo_parcel_73,3,DorsAttn,lh
3757,73,demo_parcel_73,3,DorsAttn,lh
3758,73,demo_parcel_73,3,DorsAttn,lh
3759,73,demo_parcel_73,3,DorsAttn,lh
3760,73,demo_parcel_73,3,DorsAttn,lh
3761,73,demo_parcel_73,3,DorsAttn,lh
3762,73,demo_parcel_73,3,DorsAttn,lh
3763,73,demo_parcel_73,3,DorsAttn,lh
3764,73,demo_parcel_73,3,DorsAttn,lh
3765,73,demo_parcel_73,3,DorsAttn,lh
3766,73,demo_parcel_73,3,DorsAttn,lh
3767,73,demo_parcel_73,3,DorsAttn,lh
3768,73,demo_parcel_73,3,DorsAttn,lh
3769,73,demo_parcel_73,3,DorsAttn,lh
3770,73,demo_parcel_73,3,DorsAttn,lh
3771,73,demo_parcel_73,3,DorsAttn,lh
3772,73,demo_parcel_73,3,DorsAttn,lh
3773,73,demo_parcel_73,3,DorsAttn,lh
3774,73,demo_parcel_73,3,DorsAttn,lh
3775,73,demo_parcel_73,3,DorsAttn,lh
3776,73,demo_parcel_73,3,DorsAttn,lh
3777,73,demo_parcel_73,3,DorsAttn,lh
3778,73,demo_parcel_73,3,DorsAttn,lh
3779,73,demo_parcel_73,3,DorsAttn,lh
3780,73,demo_parcel_73,3,DorsAttn,lh
3781,73,demo_parcel_73,3,DorsAttn,lh
3782,73,demo_parcel_73,3,DorsAttn,lh
3783,73,demo_parcel_73,3,DorsAttn,lh
3784,73,demo_parcel_73,3,DorsAttn,lh
3785,73,demo_parcel_73,3,DorsAttn,lh
3786,73,demo_parcel_73,3,DorsAttn,lh
3787,73,demo_parcel_73,3,DorsAttn,lh
3788,73,demo_parcel_73,3,DorsAttn,lh
3789,73,demo_parcel_73,3,DorsAttn,lh
3790,73,demo_parcel_73,3,DorsAttn,lh
3791,73,demo_parcel_73,3,DorsAttn,lh
3792,73,demo_parcel_73,3,DorsAttn,lh
3793,73,demo_parcel_73,3,DorsAttn,lh
3794,73,demo_parcel_73,3,DorsAttn,lh
3795,73,demo_parcel_73,3,DorsAttn,lh
3796,74,demo_parcel_74,4,SalVentAttn,lh
3797,74,demo_parcel_74,4,SalVentAttn,lh
3798,74,demo_parcel_74,4,SalVentAttn,lh
3799,74,demo_parcel_74,4,SalVentAttn,lh
3800,74,demo_parcel_74,4,SalVentAttn,lh
3801,74,demo_parcel_74,4,SalVentAttn,lh
3802,74,demo_parcel_74,4,SalVentAttn,lh
3803,74,demo_parcel_74,4,SalVentAttn,lh
3804,74,demo_parcel_74,4,SalVentAttn,lh
3805,74,demo_parcel_74,4,SalVentAttn,lh
3806,74,demo_parcel_74,4,SalVentAttn,lh
3807,74,demo_parcel_74,4,SalVentAttn,lh
3808,74,demo_parcel_74,4,SalVentAttn,lh
3809,74,demo_parcel_74,4,SalVentAttn,lh
3810,74,demo_parcel_74,4,SalVentAttn,lh
3811,74,demo_parcel_74,4,SalVentAttn,lh
3812,74,demo_parcel_74,4,SalVentAttn,lh
3813,74,demo_parcel_74,4,SalVentAttn,lh
3814,74,demo_parcel_74,4,SalVentAttn,lh
3815,74,demo_parcel_74,4,SalVentAttn,lh
3816,74,demo_parcel_74,4,SalVentAttn,lh
3817,74,demo_parcel_74,4,SalVentAttn,lh
3818,74,demo_parcel_74,4,SalVentAttn,lh
3819,74,demo_parcel_74,4,SalVentAttn,lh
3820,74,demo_parcel_74,4,SalVentAttn,lh
3821,74,demo_parcel_74,4,SalVentAttn,lh
3822,74,demo_parcel_74,4,SalVentAttn,lh
3823,74,demo_parcel_74,4,SalVentAttn,lh
3824,74,demo_parcel_74,4,SalVentAttn,lh
3825,74,demo_parcel_74,4,SalVentAttn,lh
3826,74,demo_parcel_74,4,SalVentAttn,lh
3827,74,demo_parcel_74,4,SalVentAttn,lh
3828,74,demo_parcel_74,4,SalVentAttn,lh
3829,74,demo_parcel_74,4,SalVentAttn,lh
3830,74,demo_parcel_74,4,SalVentAttn,lh
3831,74,demo_parcel_74,4,SalVentAttn,lh
3832,74,demo_parcel_74,4,SalVentAttn,lh
3833,74,demo_parcel_74,4,SalVentAttn,lh
3834,74,demo_parcel_74,4,SalVentAttn,lh
3835,74,demo_parcel_74,4,SalVentAttn,lh
3836,74,demo_parcel_74,4,SalVentAttn,lh
3837,74,demo_parcel_74,4,SalVentAttn,lh
3838,74,demo_parcel_74,4,SalVentAttn,lh
3839,74,demo_parcel_74,4,SalVentAttn,lh
3840,74,demo_parcel_74,4,SalVentAttn,lh
3841,74,demo_parcel_74,4,SalVentAttn,lh
3842,74,demo_parcel_74,4,SalVentAttn,lh
3843,74,demo_parcel_74,4,SalVentAttn,lh
3844,74,demo_parcel_74,4,SalVentAttn,lh
3845,74,demo_parcel_74,4,SalVentAttn,lh
3846,74,demo_parcel_74,4,SalVentAttn,lh
3847,74,demo_parcel_74,4,SalVentAttn,lh
3848,75,demo_parcel_75,5,Limbic,lh
3849,75,demo_parcel_75,5,Limbic,lh
3850,75,demo_parcel_75,5,Limbic,lh
3851,75,demo_parcel_75,5,Limbic,lh
3852,75,demo_parcel_75,5,Limbic,lh
3853,75,demo_parcel_75,5,Limbic,lh
3854,75,demo_parcel_75,5,Limbic,lh
3855,75,demo_parcel_75,5,Limbic,lh
3856,75,demo_parcel_75,5,Limbic,lh
3857,75,demo_parcel_75,5,Limbic,lh
3858,75,demo_parcel_75,5,Limbic,lh
3859,75,demo_parcel_75,5,Limbic,lh
3860,75,demo_parcel_75,5,Limbic,lh
3861,75,demo_parcel_75,5,Limbic,lh
3862,75,demo_parcel_75,5,Limbic,lh
3863,75,demo_parcel_75,5,Limbic,lh
3864,75,demo_parcel_75,5,Limbic,lh
3865,75,demo_parcel_75,5,Limbic,lh
3866,75,demo_parcel_75,5,Limbic,lh
3867,75,demo_parcel_75,5,Limbic,lh
3868,75,demo_parcel_75,5,Limbic,lh
3869,75,demo_parcel_75,5,Limbic,lh
3870,75,demo_parcel_75,5,Limbic,lh
3871,75,demo_parcel_75,5,Limbic,lh
3872,75,demo_parcel_75,5,Limbic,lh
3873,75,demo_parcel_75,5,Limbic,lh
3874,75,demo_parcel_75,5,Limbic,lh
3875,75,demo_parcel_75,5,Limbic,lh
3876,75,demo_parcel_75,5,Limbic,lh
3877,75,demo_parcel_75,5,Limbic,lh
3878,75,demo_parcel_75,5,Limbic,lh
3879,75,demo_parcel_75,5,Limbic,lh
3880,75,demo_parcel_75,5,Limbic,lh
3881,75,demo_parcel_75,5,Limbic,lh
3882,75,demo_parcel_75,5,Limbic,lh
3883,75,demo_parcel_75,5,Limbic,lh
3884,75,demo_parcel_75,5,Limbic,lh
3885,75,demo_parcel_75,5,Limbic,lh
3886,75,demo_parcel_75,5,Limbic,lh
3887,75,demo_parcel_75,5,Limbic,lh
3888,75,demo_parcel_75,5,Limbic,lh
3889,75,demo_parcel_75,5,Limbic,lh
3890,75,demo_parcel_75,5,Limbic,lh
3891,75,demo_parcel_75,5,Limbic,lh
3892,75,demo_parcel_75,5,Limbic,lh
3893,75,demo_parcel_75,5,Limbic,lh
3894,75,demo_parcel_75,5,Limbic,lh
3895,75,demo_parcel_75,5,Limbic,lh
3896,75,demo_parcel_75,5,Limbic,lh
3897,75,demo_parcel_75,5,Limbic,lh
3898,75,demo_parcel_75,5,Limbic,lh
3899,75,demo_parcel_75,5,Limbic,lh
3900,76,demo_parcel_76,6,Cont,lh
3901,76,demo_parcel_76,6,Cont,lh
3902,76,demo_parcel_76,6,Cont,lh
3903,76,demo_parcel_76,6,Cont,lh
3904,76,demo_parcel_76,6,Cont,lh
3905,76,demo_parcel_76,6,Cont,lh
3906,76,demo_parcel_76,6,Cont,lh
3907,76,demo_parcel_76,6,Cont,lh
3908,76,demo_parcel_76,6,Cont,lh
3909,76,demo_parcel_76,6,Cont,lh
3910,76,demo_parcel_76,6,Cont,lh
3911,76,demo_parcel_76,6,Cont,lh
3912,76,demo_parcel_76,6,Cont,lh
3913,76,demo_parcel_76,6,Cont,lh
3914,76,demo_parcel_76,6,Cont,lh
3915,76,demo_parcel_76,6,Cont,lh
3916,76,demo_parcel_76,6,Cont,lh
3917,76,demo_parcel_76,6,Cont,lh
3918,76,demo_parcel_76,6,Cont,lh
3919,76,demo_parcel_76,6,Cont,lh
3920,76,demo_parcel_76,6,Cont,lh
3921,76,demo_parcel_76,6,Cont,lh
3922,76,demo_parcel_76,6,Cont,lh
3923,76,demo_parcel_76,6,Cont,lh
3924,76,demo_parcel_76,6,Cont,lh
3925,76,demo_parcel_76,6,Cont,lh
3926,76,demo_parcel_76,6,Cont,lh
3927,76,demo_parcel_76,6,Cont,lh
3928,76,demo_parcel_76,6,Cont,lh
3929,76,demo_parcel_76,6,Cont,lh
3930,76,demo_parcel_76,6,Cont,lh
3931,76,demo_parcel_76,6,Cont,lh
3932,76,demo_parcel_76,6,Cont,lh
3933,76,demo_parcel_76,6,Cont,lh
3934,76,demo_parcel_76,6,Cont,lh
3935,76,demo_parcel_76,6,Cont,lh
3936,76,demo_parcel_76,6,Cont,lh
3937,76,demo_parcel_76,6,Cont,lh
3938,76,demo_parcel_76,6,Cont,lh
3939,76,demo_parcel_76,6,Cont,lh
3940,76,demo_parcel_76,6,Cont,lh
3941,76,demo_parcel_76,6,Cont,lh
3942,76,demo_parcel_76,6,Cont,lh
3943,76,demo_parcel_76,6,Cont,lh
3944,76,demo_parcel_76,6,Cont,lh
3945,76,demo_parcel_76,6,Cont,lh
3946,76,demo_parcel_76,6,Cont,lh
3947,76,demo_parcel_76,6,Cont,lh
3948,76,demo_parcel_76,6,Cont,lh
3949,76,demo_parcel_76,6,Cont,lh
3950,76,demo_parcel_76,6,Cont,lh
3951,76,demo_parcel_76,6,Cont,lh
3952,77,demo_parcel_77,7,Default,lh
3953,77,demo_parcel_77,7,Default,lh
3954,77,demo_parcel_77,7,Default,lh
3955,77,demo_parcel_77,7,Default,lh
3956,77,demo_parcel_77,7,Default,lh
3957,77,demo_parcel_77,7,Default,lh
3958,77,demo_parcel_77,7,Default,lh
3959,77,demo_parcel_77,7,Default,lh
3960,77,demo_parcel_77,7,Default,lh
3961,77,demo_parcel_77,7,Default,lh
3962,77,demo_parcel_77,7,Default,lh
3963,77,demo_parcel_77,7,Default,lh
3964,77,demo_parcel_77,7,Default,lh
3965,77,demo_parcel_77,7,Default,lh
3966,77,demo_parcel_77,7,Default,lh
3967,77,demo_parcel_77,7,Default,lh
3968,77,demo_parcel_77,7,Default,lh
3969,77,demo_parcel_77,7,Default,lh
3970,77,demo_parcel_77,7,Default,lh
3971,77,demo_parcel_77,7,Default,lh
3972,77,demo_parcel_77,7,Default,lh
3973,77,demo_parcel_77,7,Default,lh
3974,77,demo_parcel_77,7,Default,lh
3975,77,demo_parcel_77,7,Default,lh
3976,77,demo_parcel_77,7,Default,lh
3977,77,demo_parcel_77,7,Default,lh
3978,77,demo_parcel_77,7,Default,lh
3979,77,demo_parcel_77,7,Default,lh
3980,77,demo_parcel_77,7,Default,lh
3981,77,demo_parcel_77,7,Default,lh
3982,77,demo_parcel_77,7,Default,lh
3983,77,demo_parcel_77,7,Default,lh
3984,77,demo_parcel_77,7,Default,lh
3985,77,demo_parcel_77,7,Default,lh
3986,77,demo_parcel_77,7,Default,lh
3987,77,demo_parcel_77,7,Default,lh
3988,77,demo_parcel_77,7,Default,lh
3989,77,demo_parcel_77,7,Default,lh
3990,77,demo_parcel_77,7,Default,lh
3991,77,demo_parcel_77,7,Default,lh
3992,77,demo_parcel_77,7,Default,lh
3993,77,demo_parcel_77,7,Default,lh
3994,77,demo_parcel_77,7,Default,lh
3995,77,demo_parcel_77,7,Default,lh
3996,77,demo_parcel_77,7,Default,lh
3997,77,demo_parcel_77,7,Default,lh
3998,77,demo_parcel_77,7,Default,lh
3999,77,demo_parcel_77,7,Default,lh
4000,77,demo_parcel_77,7,Default,lh
4001,77,demo_parcel_77,7,Default,lh
4002,77,demo_parcel_77,7,Default,lh
4003,77,demo_parcel_77,7,Default,lh
4004,78,demo_parcel_78,1,Vis,lh
4005,78,demo_parcel_78,1,Vis,lh
4006,78,demo_parcel_78,1,Vis,lh
4007,78,demo_parcel_78,1,Vis,lh
4008,78,demo_parcel_78,1,Vis,lh
4009,78,demo_parcel_78,1,Vis,lh
4010,78,demo_parcel_78,1,Vis,lh
4011,78,demo_parcel_78,1,Vis,lh
4012,78,demo_parcel_78,1,Vis,lh
4013,78,demo_parcel_78,1,Vis,lh
4014,78,demo_parcel_78,1,Vis,lh
4015,78,demo_parcel_78,1,Vis,lh
4016,78,demo_parcel_78,1,Vis,lh
4017,78,demo_parcel_78,1,Vis,lh
4018,78,demo_parcel_78,1,Vis,lh
4019,78,demo_parcel_78,1,Vis,lh
4020,78,demo_parcel_78,1,Vis,lh
4021,78,demo_parcel_78,1,Vis,lh
4022,78,demo_parcel_78,1,Vis,lh
4023,78,demo_parcel_78,1,Vis,lh
4024,78,demo_parcel_78,1,Vis,lh
4025,78,demo_parcel_78,1,Vis,lh
4026,78,demo_parcel_78,1,Vis,lh
4027,78,demo_parcel_78,1,Vis,lh
4028,78,demo_parcel_78,1,Vis,lh
4029,78,demo_parcel_78,1,Vis,lh
4030,78,demo_parcel_78,1,Vis,lh
4031,78,demo_parcel_78,1,Vis,lh
4032,78,demo_parcel_78,1,Vis,lh
4033,78,demo_parcel_78,1,Vis,lh
4034,78,demo_parcel_78,1,Vis,lh
4035,78,demo_parcel_78,1,Vis,lh
4036,78,demo_parcel_78,1,Vis,lh
4037,78,demo_parcel_78,1,Vis,lh
4038,78,demo_parcel_78,1,Vis,lh
4039,78,demo_parcel_78,1,Vis,lh
4040,78,demo_parcel_78,1,Vis,lh
4041,78,demo_parcel_78,1,Vis,lh
4042,78,demo_parcel_78,1,Vis,lh
4043,78,demo_parcel_78,1,Vis,lh
4044,78,demo_parcel_78,1,Vis,lh
4045,78,demo_parcel_78,1,Vis,lh
4046,78,demo_parcel_78,1,Vis,lh
4047,78,demo_parcel_78,1,Vis,lh
4048,78,demo_parcel_78,1,Vis,lh
4049,78,demo_parcel_78,1,Vis,lh
4050,78,demo_parcel_78,1,Vis,lh
4051,78,demo_parcel_78,1,Vis,lh
4052,78,demo_parcel_78,1,Vis,lh
4053,78,demo_parcel_78,1,Vis,lh
4054,78,demo_parcel_78,1,Vis,lh
4055,78,demo_parcel_78,1,Vis,lh
4056,79,demo_parcel_79,2,SomMot,lh
4057,79,demo_parcel_79,2,SomMot,lh
4058,79,demo_parcel_79,2,SomMot,lh
4059,79,demo_parcel_79,2,SomMot,lh
4060,79,demo_parcel_79,2,SomMot,lh
4061,79,demo_parcel_79,2,SomMot,lh
4062,79,demo_parcel_79,2,SomMot,lh
4063,79,demo_parcel_79,2,SomMot,lh
4064,79,demo_parcel_79,2,SomMot,lh
4065,79,demo_parcel_79,2,SomMot,lh
4066,79,demo_parcel_79,2,SomMot,lh
4067,79,demo_parcel_79,2,SomMot,lh
4068,79,demo_parcel_79,2,SomMot,lh
4069,79,demo_parcel_79,2,SomMot,lh
4070,79,demo_parcel_79,2,SomMot,lh
4071,79,demo_parcel_79,2,SomMot,lh
4072,79,demo_parcel_79,2,SomMot,lh
4073,79,demo_parcel_79,2,SomMot,lh
4074,79,demo_parcel_79,2,SomMot,lh
4075,79,demo_parcel_79,2,SomMot,lh
4076,79,demo_parcel_79,2,SomMot,lh
4077,79,demo_parcel_79,2,SomMot,lh
4078,79,demo_parcel_79,2,SomMot,lh
4079,79,demo_parcel_79,2,SomMot,lh
4080,79,demo_parcel_79,2,SomMot,lh
4081,79,demo_parcel_79,2,SomMot,lh
4082,79,demo_parcel_79,2,SomMot,lh
4083,79,demo_parcel_79,2,SomMot,lh
4084,79,demo_parcel_79,2,SomMot,lh
4085,79,demo_parcel_79,2,SomMot,lh
4086,79,demo_parcel_79,2,SomMot,lh
4087,79,demo_parcel_79,2,SomMot,lh
4088,79,demo_parcel_79,2,SomMot,lh
4089,79,demo_parcel_79,2,SomMot,lh
4090,79,demo_parcel_79,2,SomMot,lh
4091,79,demo_parcel_79,2,SomMot,lh
4092,79,demo_parcel_79,2,SomMot,lh
4093,79,demo_parcel_79,2,SomMot,lh
4094,79,demo_parcel_79,2,SomMot,lh
4095,79,demo_parcel_79,2,SomMot,lh
4096,79,demo_parcel_79,2,SomMot,lh
4097,79,demo_parcel_79,2,SomMot,lh
4098,79,demo_parcel_79,2,SomMot,lh
4099,79,demo_parcel_79,2,SomMot,lh
4100,79,demo_parcel_79,2,SomMot,lh
4101,79,demo_parcel_79,2,SomMot,lh
4102,79,demo_parcel_79,2,SomMot,lh
4103,79,demo_parcel_79,2,SomMot,lh
4104,79,demo_parcel_79,2,SomMot,lh
4105,79,demo_parcel_79,2,SomMot,lh
4106,79,demo_parcel_79,2,SomMot,lh
4107,79,demo_parcel_79,2,SomMot,lh
4108,80,demo_parcel_80,3,DorsAttn,lh
4109,80,demo_parcel_80,3,DorsAttn,lh
4110,80,demo_parcel_80,3,DorsAttn,lh
4111,80,demo_parcel_80,3,DorsAttn,lh
4112,80,demo_parcel_80,3,DorsAttn,lh
4113,80,demo_parcel_80,3,DorsAttn,lh
4114,80,demo_parcel_80,3,DorsAttn,lh
4115,80,demo_parcel_80,3,DorsAttn,lh
4116,80,demo_parcel_80,3,DorsAttn,lh
4117,80,demo_parcel_80,3,DorsAttn,lh
4118,80,demo_parcel_80,3,DorsAttn,lh
4119,80,demo_parcel_80,3,DorsAttn,lh
4120,80,demo_parcel_80,3,DorsAttn,lh
4121,80,demo_parcel_80,3,DorsAttn,lh
4122,80,demo_parcel_80,3,DorsAttn,lh
4123,80,demo_parcel_80,3,DorsAttn,lh
4124,80,demo_parcel_80,3,DorsAttn,lh
4125,80,demo_parcel_80,3,DorsAttn,lh
4126,80,demo_parcel_80,3,DorsAttn,lh
4127,80,demo_parcel_80,3,DorsAttn,lh
4128,80,demo_parcel_80,3,DorsAttn,lh
4129,80,demo_parcel_80,3,DorsAttn,lh
4130,80,demo_parcel_80,3,DorsAttn,lh
4131,80,demo_parcel_80,3,DorsAttn,lh
4132,80,demo_parcel_80,3,DorsAttn,lh
4133,80,demo_parcel_80,3,DorsAttn,lh
4134,80,demo_parcel_80,3,DorsAttn,lh
4135,80,demo_parcel_80,3,DorsAttn,lh
4136,80,demo_parcel_80,3,DorsAttn,lh
4137,80,demo_parcel_80,3,DorsAttn,lh
4138,80,demo_parcel_80,3,DorsAttn,lh
4139,80,demo_parcel_80,3,DorsAttn,lh
4140,80,demo_parcel_80,3,DorsAttn,lh
4141,80,demo_parcel_80,3,DorsAttn,lh
4142,80,demo_parcel_80,3,DorsAttn,lh
4143,80,demo_parcel_80,3,DorsAttn,lh
4144,80,demo_parcel_80,3,DorsAttn,lh
4145,80,demo_parcel_80,3,DorsAttn,lh
4146,80,demo_parcel_80,3,DorsAttn,lh
4147,80,demo_parcel_80,3,DorsAttn,lh
4148,80,demo_parcel_80,3,DorsAttn,lh
4149,80,demo_parcel_80,3,DorsAttn,lh
4150,80,demo_parcel_80,3,DorsAttn,lh
4151,80,demo_parcel_80,3,DorsAttn,lh
4152,80,demo_parcel_80,3,DorsAttn,lh
4153,80,demo_parcel_80,3,DorsAttn,lh
4154,80,demo_parcel_80,3,DorsAttn,lh
4155,80,demo_parcel_80,3,DorsAttn,lh
4156,80,demo_parcel_80,3,DorsAttn,lh
4157,80,demo_parcel_80,3,DorsAttn,lh
4158,80,demo_parcel_80,3,DorsAttn,lh
4159,80,demo_parcel_80,3,DorsAttn,lh
4160,81,demo_parcel_81,4,SalVentAttn,lh
4161,81,demo_parcel_81,4,SalVentAttn,lh
4162,81,demo_parcel_81,4,SalVentAttn,lh
4163,81,demo_parcel_81,4,SalVentAttn,lh
4164,81,demo_parcel_81,4,SalVentAttn,lh
4165,81,demo_parcel_81,4,SalVentAttn,lh
4166,81,demo_parcel_81,4,SalVentAttn,lh
4167,81,demo_parcel_81,4,SalVentAttn,lh
4168,81,demo_parcel_81,4,SalVentAttn,lh
4169,81,demo_parcel_81,4,SalVentAttn,lh
4170,81,demo_parcel_81,4,SalVentAttn,lh
4171,81,demo_parcel_81,4,SalVentAttn,lh
4172,81,demo_parcel_81,4,SalVentAttn,lh
4173,81,demo_parcel_81,4,SalVentAttn,lh
4174,81,demo_parcel_81,4,SalVentAttn,lh
4175,81,demo_parcel_81,4,SalVentAttn,lh
4176,81,demo_parcel_81,4,SalVentAttn,lh
4177,81,demo_parcel_81,4,SalVentAttn,lh
4178,81,demo_parcel_81,4,SalVentAttn,lh
4179,81,demo_parcel_81,4,SalVentAttn,lh
4180,81,demo_parcel_81,4,SalVentAttn,lh
4181,81,demo_parcel_81,4,SalVentAttn,lh
4182,81,demo_parcel_81,4,SalVentAttn,lh
4183,81,demo_parcel_81,4,SalVentAttn,lh
4184,81,demo_parcel_81,4,SalVentAttn,lh
4185,81,demo_parcel_81,4,SalVentAttn,lh
4186,81,demo_parcel_81,4,SalVentAttn,lh
4187,81,demo_parcel_81,4,SalVentAttn,lh
4188,81,demo_parcel_81,4,SalVentAttn,lh
4189,81,demo_parcel_81,4,SalVentAttn,lh
4190,81,demo_parcel_81,4,SalVentAttn,lh
4191,81,demo_parcel_81,4,SalVentAttn,lh
4192,81,demo_parcel_81,4,SalVentAttn,lh
4193,81,demo_parcel_81,4,SalVentAttn,lh
4194,81,demo_parcel_81,4,SalVentAttn,lh
4195,81,demo_parcel_81,4,SalVentAttn,lh
4196,81,demo_parcel_81,4,SalVentAttn,lh
4197,81,demo_parcel_81,4,SalVentAttn,lh
4198,81,demo_parcel_81,4,SalVentAttn,lh
4199,81,demo_parcel_81,4,SalVentAttn,lh
4200,81,demo_parcel_81,4,SalVentAttn,lh
4201,81,demo_parcel_81,4,SalVentAttn,lh
4202,81,demo_parcel_81,4,SalVentAttn,lh
4203,81,demo_parcel_81,4,SalVentAttn,lh
4204,81,demo_parcel_81,4,SalVentAttn,lh
4205,81,demo_parcel_81,4,SalVentAttn,lh
4206,81,demo_parcel_81,4,SalVentAttn,lh
4207,81,demo_parcel_81,4,SalVentAttn,lh
4208,81,demo_parcel_81,4,SalVentAttn,lh
4209,81,demo_parcel_81,4,SalVentAttn,lh
4210,81,demo_parcel_81,4,SalVentAttn,lh
4211,81,demo_parcel_81,4,SalVentAttn,lh
4212,82,demo_parcel_82,5,Limbic,lh
4213,82,demo_parcel_82,5,Limbic,lh
4214,82,demo_parcel_82,5,Limbic,lh
4215,82,demo_parcel_82,5,Limbic,lh
4216,82,demo_parcel_82,5,Limbic,lh
4217,82,demo_parcel_82,5,Limbic,lh
4218,82,demo_parcel_82,5,Limbic,lh
4219,82,demo_parcel_82,5,Limbic,lh
4220,82,demo_parcel_82,5,Limbic,lh
4221,82,demo_parcel_82,5,Limbic,lh
4222,82,demo_parcel_82,5,Limbic,lh
4223,82,demo_parcel_82,5,Limbic,lh
4224,82,demo_parcel_82,5,Limbic,lh
4225,82,demo_parcel_82,5,Limbic,lh
4226,82,demo_parcel_82,5,Limbic,lh
4227,82,demo_parcel_82,5,Limbic,lh
4228,82,demo_parcel_82,5,Limbic,lh
4229,82,demo_parcel_82,5,Limbic,lh
4230,82,demo_parcel_82,5,Limbic,lh
4231,82,demo_parcel_82,5,Limbic,lh
4232,82,demo_parcel_82,5,Limbic,lh
4233,82,demo_parcel_82,5,Limbic,lh
4234,82,demo_parcel_82,5,Limbic,lh
4235,82,demo_parcel_82,5,Limbic,lh
4236,82,demo_parcel_82,5,Limbic,lh
4237,82,demo_parcel_82,5,Limbic,lh
4238,82,demo_parcel_82,5,Limbic,lh
4239,82,demo_parcel_82,5,Limbic,lh
4240,82,demo_parcel_82,5,Limbic,lh
4241,82,demo_parcel_82,5,Limbic,lh
4242,82,demo_parcel_82,5,Limbic,lh
4243,82,demo_parcel_82,5,Limbic,lh
4244,82,demo_parcel_82,5,Limbic,lh
4245,82,demo_parcel_82,5,Limbic,lh
4246,82,demo_parcel_82,5,Limbic,lh
4247,82,demo_parcel_82,5,Limbic,lh
4248,82,demo_parcel_82,5,Limbic,lh
4249,82,demo_parcel_82,5,Limbic,lh
4250,82,demo_parcel_82,5,Limbic,lh
4251,82,demo_parcel_82,5,Limbic,lh
4252,82,demo_parcel_82,5,Limbic,lh
4253,82,demo_parcel_82,5,Limbic,lh
4254,82,demo_parcel_82,5,Limbic,lh
4255,82,demo_parcel_82,5,Limbic,lh
4256,82,demo_parcel_82,5,Limbic,lh
4257,82,demo_parcel_82,5,Limbic,lh
4258,82,demo_parcel_82,5,Limbic,lh
4259,82,demo_parcel_82,5,Limbic,lh
4260,82,demo_parcel_82,5,Limbic,lh
4261,82,demo_parcel_82,5,Limbic,lh
4262,82,demo_parcel_82,5,Limbic,lh
4263,82,demo_parcel_82,5,Limbic,lh
4264,83,demo_parcel_83,6,Cont,lh
4265,83,demo_parcel_83,6,Cont,lh
4266,83,demo_parcel_83,6,Cont,lh
4267,83,demo_parcel_83,6,Cont,lh
4268,83,demo_parcel_83,6,Cont,lh
4269,83,demo_parcel_83,6,Cont,lh
4270,83,demo_parcel_83,6,Cont,lh
4271,83,demo_parcel_83,6,Cont,lh
4272,83,demo_parcel_83,6,Cont,lh
4273,83,demo_parcel_83,6,Cont,lh
4274,83,demo_parcel_83,6,Cont,lh
4275,83,demo_parcel_83,6,Cont,lh
4276,83,demo_parcel_83,6,Cont,lh
4277,83,demo_parcel_83,6,Cont,lh
4278,83,demo_parcel_83,6,Cont,lh
4279,83,demo_parcel_83,6,Cont,lh
4280,83,demo_parcel_83,6,Cont,lh
4281,83,demo_parcel_83,6,Cont,lh
4282,83,demo_parcel_83,6,Cont,lh
4283,83,demo_parcel_83,6,Cont,lh
4284,83,demo_parcel_83,6,Cont,lh
4285,83,demo_parcel_83,6,Cont,lh
4286,83,demo_parcel_83,6,Cont,lh
4287,83,demo_parcel_83,6,Cont,lh
4288,83,demo_parcel_83,6,Cont,lh
4289,83,demo_parcel_83,6,Cont,lh
4290,83,demo_parcel_83,6,Cont,lh
4291,83,demo_parcel_83,6,Cont,lh
4292,83,demo_parcel_83,6,Cont,lh
4293,83,demo_parcel_83,6,Cont,lh
4294,83,demo_parcel_83,6,Cont,lh
4295,83,demo_parcel_83,6,Cont,lh
4296,83,demo_parcel_83,6,Cont,lh
4297,83,demo_parcel_83,6,Cont,lh
4298,83,demo_parcel_83,6,Cont,lh
4299,83,demo_parcel_83,6,Cont,lh
4300,83,demo_parcel_83,6,Cont,lh
4301,83,demo_parcel_83,6,Cont,lh
4302,83,demo_parcel_83,6,Cont,lh
4303,83,demo_parcel_83,6,Cont,lh
4304,83,demo_parcel_83,6,Cont,lh
4305,83,demo_parcel_83,6,Cont,lh
4306,83,demo_parcel_83,6,Cont,lh
4307,83,demo_parcel_83,6,Cont,lh
4308,83,demo_parcel_83,6,Cont,lh
4309,83,demo_parcel_83,6,Cont,lh
4310,83,demo_parcel_83,6,Cont,lh
4311,83,demo_parcel_83,6,Cont,lh
4312,83,demo_parcel_83,6,Cont,lh
4313,83,demo_parcel_83,6,Cont,lh
4314,83,demo_parcel_83,6,Cont,lh
4315,83,demo_parcel_83,6,Cont,lh
4316,84,demo_parcel_84,7,Default,lh
4317,84,demo_parcel_84,7,Default,lh
4318,84,demo_parcel_84,7,Default,lh
4319,84,demo_parcel_84,7,Default,lh
4320,84,demo_parcel_84,7,Default,lh
4321,84,demo_parcel_84,7,Default,lh
4322,84,demo_parcel_84,7,Default,lh
4323,84,demo_parcel_84,7,Default,lh
4324,84,demo_parcel_84,7,Default,lh
4325,84,demo_parcel_84,7,Default,lh
4326,84,demo_parcel_84,7,Default,lh
4327,84,demo_parcel_84,7,Default,lh
4328,84,demo_parcel_84,7,Default,lh
4329,84,demo_parcel_84,7,Default,lh
4330,84,demo_parcel_84,7,Default,lh
4331,84,demo_parcel_84,7,Default,lh
4332,84,demo_parcel_84,7,Default,lh
4333,84,demo_parcel_84,7,Default,lh
4334,84,demo_parcel_84,7,Default,lh
4335,84,demo_parcel_84,7,Default,lh
4336,84,demo_parcel_84,7,Default,lh
4337,84,demo_parcel_84,7,Default,lh
4338,84,demo_parcel_84,7,Default,lh
4339,84,demo_parcel_84,7,Default,lh
4340,84,demo_parcel_84,7,Default,lh
4341,84,demo_parcel_84,7,Default,lh
4342,84,demo_parcel_84,7,Default,lh
4343,84,demo_parcel_84,7,Default,lh
4344,84,demo_parcel_84,7,Default,lh
4345,84,demo_parcel_84,7,Default,lh
4346,84,demo_parcel_84,7,Default,lh
4347,84,demo_parcel_84,7,Default,lh
4348,84,demo_parcel_84,7,Default,lh
4349,84,demo_parcel_84,7,Default,lh
4350,84,demo_parcel_84,7,Default,lh
4351,84,demo_parcel_84,7,Default,lh
4352,84,demo_parcel_84,7,Default,lh
4353,84,demo_parcel_84,7,Default,lh
4354,84,demo_parcel_84,7,Default,lh
4355,84,demo_parcel_84,7,Default,lh
4356,84,demo_parcel_84,7,Default,lh
4357,84,demo_parcel_84,7,Default,lh
4358,84,demo_parcel_84,7,Default,lh
4359,84,demo_parcel_84,7,Default,lh
4360,84,demo_parcel_84,7,Default,lh
4361,84,demo_parcel_84,7,Default,lh
4362,84,demo_parcel_84,7,Default,lh
4363,84,demo_parcel_84,7,Default,lh
4364,84,demo_parcel_84,7,Default,lh
4365,84,demo_parcel_84,7,Default,lh
4366,84,demo_parcel_84,7,Default,lh
4367,84,demo_parcel_84,7,Default,lh
4368,85,demo_parcel_85,1,Vis,lh
4369,85,demo_parcel_85,1,Vis,lh
4370,85,demo_parcel_85,1,Vis,lh
4371,85,demo_parcel_85,1,Vis,lh
4372,85,demo_parcel_85,1,Vis,lh
4373,85,demo_parcel_85,1,Vis,lh
4374,85,demo_parcel_85,1,Vis,lh
4375,85,demo_parcel_85,1,Vis,lh
4376,85,demo_parcel_85,1,Vis,lh
4377,85,demo_parcel_85,1,Vis,lh
4378,85,demo_parcel_85,1,Vis,lh
4379,85,demo_parcel_85,1,Vis,lh
4380,85,demo_parcel_85,1,Vis,lh
4381,85,demo_parcel_85,1,Vis,lh
4382,85,demo_parcel_85,1,Vis,lh
4383,85,demo_parcel_85,1,Vis,lh
4384,85,demo_parcel_85,1,Vis,lh
4385,85,demo_parcel_85,1,Vis,lh
4386,85,demo_parcel_85,1,Vis,lh
4387,85,demo_parcel_85,1,Vis,lh
4388,85,demo_parcel_85,1,Vis,lh
4389,85,demo_parcel_85,1,Vis,lh
4390,85,demo_parcel_85,1,Vis,lh
4391,85,demo_parcel_85,1,Vis,lh
4392,85,demo_parcel_85,1,Vis,lh
4393,85,demo_parcel_85,1,Vis,lh
4394,85,demo_parcel_85,1,Vis,lh
4395,85,demo_parcel_85,1,Vis,lh
4396,85,demo_parcel_85,1,Vis,lh
4397,85,demo_parcel_85,1,Vis,lh
4398,85,demo_parcel_85,1,Vis,lh
4399,85,demo_parcel_85,1,Vis,lh
4400,85,demo_parcel_85,1,Vis,lh
4401,85,demo_parcel_85,1,Vis,lh
4402,85,demo_parcel_85,1,Vis,lh
4403,85,demo_parcel_85,1,Vis,lh
4404,85,demo_parcel_85,1,Vis,lh
4405,85,demo_parcel_85,1,Vis,lh
4406,85,demo_parcel_85,1,Vis,lh
4407,85,demo_parcel_85,1,Vis,lh
4408,85,demo_parcel_85,1,Vis,lh
4409,85,demo_parcel_85,1,Vis,lh
4410,85,demo_parcel_85,1,Vis,lh
4411,85,demo_parcel_85,1,Vis,lh
4412,85,demo_parcel_85,1,Vis,lh
4413,85,demo_parcel_85,1,Vis,lh
4414,85,demo_parcel_85,1,Vis,lh
4415,85,demo_parcel_85,1,Vis,lh
4416,85,demo_parcel_85,1,Vis,lh
4417,85,demo_parcel_85,1,Vis,lh
4418,85,demo_parcel_85,1,Vis,lh
4419,86,demo_parcel_86,2,SomMot,lh
4420,86,demo_parcel_86,2,SomMot,lh
4421,86,demo_parcel_86,2,SomMot,lh
4422,86,demo_parcel_86,2,SomMot,lh
4423,86,demo_parcel_86,2,SomMot,lh
4424,86,demo_parcel_86,2,SomMot,lh
4425,86,demo_parcel_86,2,SomMot,lh
4426,86,demo_parcel_86,2,SomMot,lh
4427,86,demo_parcel_86,2,SomMot,lh
4428,86,demo_parcel_86,2,SomMot,lh
4429,86,demo_parcel_86,2,SomMot,lh
4430,86,demo_parcel_86,2,SomMot,lh
4431,86,demo_parcel_86,2,SomMot,lh
4432,86,demo_parcel_86,2,SomMot,lh
4433,86,demo_parcel_86,2,SomMot,lh
4434,86,demo_parcel_86,2,SomMot,lh
4435,86,demo_parcel_86,2,SomMot,lh
4436,86,demo_parcel_86,2,SomMot,lh
4437,86,demo_parcel_86,2,SomMot,lh
4438,86,demo_parcel_86,2,SomMot,lh
4439,86,demo_parcel_86,2,SomMot,lh
4440,86,demo_parcel_86,2,SomMot,lh
4441,86,demo_parcel_86,2,SomMot,lh
4442,86,demo_parcel_86,2,SomMot,lh
4443,86,demo_parcel_86,2,SomMot,lh
4444,86,demo_parcel_86,2,SomMot,lh
4445,86,demo_parcel_86,2,SomMot,lh
4446,86,demo_parcel_86,2,SomMot,lh
4447,86,demo_parcel_86,2,SomMot,lh
4448,86,demo_parcel_86,2,SomMot,lh
4449,86,demo_parcel_86,2,SomMot,lh
4450,86,demo_parcel_86,2,SomMot,lh
4451,86,demo_parcel_86,2,SomMot,lh
4452,86,demo_parcel_86,2,SomMot,lh
4453,86,demo_parcel_86,2,SomMot,lh
4454,86,demo_parcel_86,2,SomMot,lh
4455,86,demo_parcel_86,2,SomMot,lh
4456,86,demo_parcel_86,2,SomMot,lh
4457,86,demo_parcel_86,2,SomMot,lh
4458,86,demo_parcel_86,2,SomMot,lh
4459,86,demo_parcel_86,2,SomMot,lh
4460,86,demo_parcel_86,2,SomMot,lh
4461,86,demo_parcel_86,2,SomMot,lh
4462,86,demo_parcel_86,2,SomMot,lh
4463,86,demo_parcel_86,2,SomMot,lh
4464,86,demo_parcel_86,2,SomMot,lh
4465,86,demo_parcel_86,2,SomMot,lh
4466,86,demo_parcel_86,2,SomMot,lh
4467,86,demo_parcel_86,2,SomMot,lh
4468,86,demo_parcel_86,2,SomMot,lh
4469,86,demo_parcel_86,2,SomMot,lh
4470,87,demo_parcel_87,3,DorsAttn,lh
4471,87,demo_parcel_87,3,DorsAttn,lh
4472,87,demo_parcel_87,3,DorsAttn,lh
4473,87,demo_parcel_87,3,DorsAttn,lh
4474,87,demo_parcel_87,3,DorsAttn,lh
4475,87,demo_parcel_87,3,DorsAttn,lh
4476,87,demo_parcel_87,3,DorsAttn,lh
4477,87,demo_parcel_87,3,DorsAttn,lh
4478,87,demo_parcel_87,3,DorsAttn,lh
4479,87,demo_parcel_87,3,DorsAttn,lh
4480,87,demo_parcel_87,3,DorsAttn,lh
4481,87,demo_parcel_87,3,DorsAttn,lh
4482,87,demo_parcel_87,3,DorsAttn,lh
4483,87,demo_parcel_87,3,DorsAttn,lh
4484,87,demo_parcel_87,3,DorsAttn,lh
4485,87,demo_parcel_87,3,DorsAttn,lh
4486,87,demo_parcel_87,3,DorsAttn,lh
4487,87,demo_parcel_87,3,DorsAttn,lh
4488,87,demo_parcel_87,3,DorsAttn,lh
4489,87,demo_parcel_87,3,DorsAttn,lh
4490,87,demo_parcel_87,3,DorsAttn,lh
4491,87,demo_parcel_87,3,DorsAttn,lh
4492,87,demo_parcel_87,3,DorsAttn,lh
4493,87,demo_parcel_87,3,DorsAttn,lh
4494,87,demo_parcel_87,3,DorsAttn,lh
4495,87,demo_parcel_87,3,DorsAttn,lh
4496,87,demo_parcel_87,3,DorsAttn,lh
4497,87,demo_parcel_87,3,DorsAttn,lh
4498,87,demo_parcel_87,3,DorsAttn,lh
4499,87,demo_parcel_87,3,DorsAttn,lh
4500,87,demo_parcel_87,3,DorsAttn,lh
4501,87,demo_parcel_87,3,DorsAttn,lh
4502,87,demo_parcel_87,3,DorsAttn,lh
4503,87,demo_parcel_87,3,DorsAttn,lh
4504,87,demo_parcel_87,3,DorsAttn,lh
4505,87,demo_parcel_87,3,DorsAttn,lh
4506,87,demo_parcel_87,3,DorsAttn,lh
4507,87,demo_parcel_87,3,DorsAttn,lh
4508,87,demo_parcel_87,3,DorsAttn,lh
4509,87,demo_parcel_87,3,DorsAttn,lh
4510,87,demo_parcel_87,3,DorsAttn,lh
4511,87,demo_parcel_87,3,DorsAttn,lh
4512,87,demo_parcel_87,3,DorsAttn,lh
4513,87,demo_parcel_87,3,DorsAttn,lh
4514,87,demo_parcel_87,3,DorsAttn,lh
4515,87,demo_parcel_87,3,DorsAttn,lh
4516,87,demo_parcel_87,3,DorsAttn,lh
4517,87,demo_parcel_87,3,DorsAttn,lh
4518,87,demo_parcel_87,3,DorsAttn,lh
4519,87,demo_parcel_87,3,DorsAttn,lh
4520,87,demo_parcel_87,3,DorsAttn,lh
4521,88,demo_parcel_88,4,SalVentAttn,lh
4522,88,demo_parcel_88,4,SalVentAttn,lh
4523,88,demo_parcel_88,4,SalVentAttn,lh
4524,88,demo_parcel_88,4,SalVentAttn,lh
4525,88,demo_parcel_88,4,SalVentAttn,lh
4526,88,demo_parcel_88,4,SalVentAttn,lh
4527,88,demo_parcel_88,4,SalVentAttn,lh
4528,88,demo_parcel_88,4,SalVentAttn,lh
4529,88,demo_parcel_88,4,SalVentAttn,lh
4530,88,demo_parcel_88,4,SalVentAttn,lh
4531,88,demo_parcel_88,4,SalVentAttn,lh
4532,88,demo_parcel_88,4,SalVentAttn,lh
4533,88,demo_parcel_88,4,SalVentAttn,lh
4534,88,demo_parcel_88,4,SalVentAttn,lh
4535,88,demo_parcel_88,4,SalVentAttn,lh
4536,88,demo_parcel_88,4,SalVentAttn,lh
4537,88,demo_parcel_88,4,SalVentAttn,lh
4538,88,demo_parcel_88,4,SalVentAttn,lh
4539,88,demo_parcel_88,4,SalVentAttn,lh
4540,88,demo_parcel_88,4,SalVentAttn,lh
4541,88,demo_parcel_88,4,SalVentAttn,lh
4542,88,demo_parcel_88,4,SalVentAttn,lh
4543,88,demo_parcel_88,4,SalVentAttn,lh
4544,88,demo_parcel_88,4,SalVentAttn,lh
4545,88,demo_parcel_88,4,SalVentAttn,lh
4546,88,demo_parcel_88,4,SalVentAttn,lh
4547,88,demo_parcel_88,4,SalVentAttn,lh
4548,88,demo_parcel_88,4,SalVentAttn,lh
4549,88,demo_parcel_88,4,SalVentAttn,lh
4550,88,demo_parcel_88,4,SalVentAttn,lh
4551,88,demo_parcel_88,4,SalVentAttn,lh
4552,88,demo_parcel_88,4,SalVentAttn,lh
4553,88,demo_parcel_88,4,SalVentAttn,lh
4554,88,demo_parcel_88,4,SalVentAttn,lh
4555,88,demo_parcel_88,4,SalVentAttn,lh
4556,88,demo_parcel_88,4,SalVentAttn,lh
4557,88,demo_parcel_88,4,SalVentAttn,lh
4558,88,demo_parcel_88,4,SalVentAttn,lh
4559,88,demo_parcel_88,4,SalVentAttn,lh
4560,88,demo_parcel_88,4,SalVentAttn,lh
4561,88,demo_parcel_88,4,SalVentAttn,lh
4562,88,demo_parcel_88,4,SalVentAttn,lh
4563,88,demo_parcel_88,4,SalVentAttn,lh
4564,88,demo_parcel_88,4,SalVentAttn,lh
4565,88,demo_parcel_88,4,SalVentAttn,lh
4566,88,demo_parcel_88,4,SalVentAttn,lh
4567,88,demo_parcel_88,4,SalVentAttn,lh
4568,88,demo_parcel_88,4,SalVentAttn,lh
4569,88,demo_parcel_88,4,SalVentAttn,lh
4570,88,demo_parcel_88,4,SalVentAttn,lh
4571,88,demo_parcel_88,4,SalVentAttn,lh
4572,89,demo_parcel_89,5,Limbic,lh
4573,89,demo_parcel_89,5,Limbic,lh
4574,89,demo_parcel_89,5,Limbic,lh
4575,89,demo_parcel_89,5,Limbic,lh
4576,89,demo_parcel_89,5,Limbic,lh
4577,89,demo_parcel_89,5,Limbic,lh
4578,89,demo_parcel_89,5,Limbic,lh
4579,89,demo_parcel_89,5,Limbic,lh
4580,89,demo_parcel_89,5,Limbic,lh
4581,89,demo_parcel_89,5,Limbic,lh
4582,89,demo_parcel_89,5,Limbic,lh
4583,89,demo_parcel_89,5,Limbic,lh
4584,89,demo_parcel_89,5,Limbic,lh
4585,89,demo_parcel_89,5,Limbic,lh
4586,89,demo_parcel_89,5,Limbic,lh
4587,89,demo_parcel_89,5,Limbic,lh
4588,89,demo_parcel_89,5,Limbic,lh
4589,89,demo_parcel_89,5,Limbic,lh
4590,89,demo_parcel_89,5,Limbic,lh
4591,89,demo_parcel_89,5,Limbic,lh
4592,89,demo_parcel_89,5,Limbic,lh
4593,89,demo_parcel_89,5,Limbic,lh
4594,89,demo_parcel_89,5,Limbic,lh
4595,89,demo_parcel_89,5,Limbic,lh
4596,89,demo_parcel_89,5,Limbic,lh
4597,89,demo_parcel_89,5,Limbic,lh
4598,89,demo_parcel_89,5,Limbic,lh
4599,89,demo_parcel_89,5,Limbic,lh
4600,89,demo_parcel_89,5,Limbic,lh
4601,89,demo_parcel_89,5,Limbic,lh
4602,89,demo_parcel_89,5,Limbic,lh
4603,89,demo_parcel_89,5,Limbic,lh
4604,89,demo_parcel_89,5,Limbic,lh
4605,89,demo_parcel_89,5,Limbic,lh
4606,89,demo_parcel_89,5,Limbic,lh
4607,89,demo_parcel_89,5,Limbic,lh
4608,89,demo_parcel_89,5,Limbic,lh
4609,89,demo_parcel_89,5,Limbic,lh
4610,89,demo_parcel_89,5,Limbic,lh
4611,89,demo_parcel_89,5,Limbic,lh
4612,89,demo_parcel_89,5,Limbic,lh
4613,89,demo_parcel_89,5,Limbic,lh
4614,89,demo_parcel_89,5,Limbic,lh
4615,89,demo_parcel_89,5,Limbic,lh
4616,89,demo_parcel_89,5,Limbic,lh
4617,89,demo_parcel_89,5,Limbic,lh
4618,89,demo_parcel_89,5,Limbic,lh
4619,89,demo_parcel_89,5,Limbic,lh
4620,89,demo_parcel_89,5,Limbic,lh
4621,89,demo_parcel_89,5,Limbic,lh
4622,89,demo_parcel_89,5,Limbic,lh
4623,90,demo_parcel_90,6,Cont,lh
4624,90,demo_parcel_90,6,Cont,lh
4625,90,demo_parcel_90,6,Cont,lh
4626,90,demo_parcel_90,6,Cont,lh
4627,90,demo_parcel_90,6,Cont,lh
4628,90,demo_parcel_90,6,Cont,lh
4629,90,demo_parcel_90,6,Cont,lh
4630,90,demo_parcel_90,6,Cont,lh
4631,90,demo_parcel_90,6,Cont,lh
4632,90,demo_parcel_90,6,Cont,lh
4633,90,demo_parcel_90,6,Cont,lh
4634,90,demo_parcel_90,6,Cont,lh
4635,90,demo_parcel_90,6,Cont,lh
4636,90,demo_parcel_90,6,Cont,lh
4637,90,demo_parcel_90,6,Cont,lh
4638,90,demo_parcel_90,6,Cont,lh
4639,90,demo_parcel_90,6,Cont,lh
4640,90,demo_parcel_90,6,Cont,lh
4641,90,demo_parcel_90,6,Cont,lh
4642,90,demo_parcel_90,6,Cont,lh
4643,90,demo_parcel_90,6,Cont,lh
4644,90,demo_parcel_90,6,Cont,lh
4645,90,demo_parcel_90,6,Cont,lh
4646,90,demo_parcel_90,6,Cont,lh
4647,90,demo_parcel_90,6,Cont,lh
4648,90,demo_parcel_90,6,Cont,lh
4649,90,demo_parcel_90,6,Cont,lh
4650,90,demo_parcel_90,6,Cont,lh
4651,90,demo_parcel_90,6,Cont,lh
4652,90,demo_parcel_90,6,Cont,lh
4653,90,demo_parcel_90,6,Cont,lh
4654,90,demo_parcel_90,6,Cont,lh
4655,90,demo_parcel_90,6,Cont,lh
4656,90,demo_parcel_90,6,Cont,lh
4657,90,demo_parcel_90,6,Cont,lh
4658,90,demo_parcel_90,6,Cont,lh
4659,90,demo_parcel_90,6,Cont,lh
4660,90,demo_parcel_90,6,Cont,lh
4661,90,demo_parcel_90,6,Cont,lh
4662,90,demo_parcel_90,6,Cont,lh
4663,90,demo_parcel_90,6,Cont,lh
4664,90,demo_parcel_90,6,Cont,lh
4665,90,demo_parcel_90,6,Cont,lh
4666,90,demo_parcel_90,6,Cont,lh
4667,90,demo_parcel_90,6,Cont,lh
4668,90,demo_parcel_90,6,Cont,lh
4669,90,demo_parcel_90,6,Cont,lh
4670,90,demo_parcel_90,6,Cont,lh
4671,90,demo_parcel_90,6,Cont,lh
4672,90,demo_parcel_90,6,Cont,lh
4673,90,demo_parcel_90,6,Cont,lh
4674,91,demo_parcel_91,7,Default,lh
4675,91,demo_parcel_91,7,Default,lh
4676,91,demo_parcel_91,7,Default,lh
4677,91,demo_parcel_91,7,Default,lh
4678,91,demo_parcel_91,7,Default,lh
4679,91,demo_parcel_91,7,Default,lh
4680,91,demo_parcel_91,7,Default,lh
4681,91,demo_parcel_91,7,Default,lh
4682,91,demo_parcel_91,7,Default,lh
4683,91,demo_parcel_91,7,Default,lh
4684,91,demo_parcel_91,7,Default,lh
4685,91,demo_parcel_91,7,Default,lh
4686,91,demo_parcel_91,7,Default,lh
4687,91,demo_parcel_91,7,Default,lh
4688,91,demo_parcel_91,7,Default,lh
4689,91,demo_parcel_91,7,Default,lh
4690,91,demo_parcel_91,7,Default,lh
4691,91,demo_parcel_91,7,Default,lh
4692,91,demo_parcel_91,7,Default,lh
4693,91,demo_parcel_91,7,Default,lh
4694,91,demo_parcel_91,7,Default,lh
4695,91,demo_parcel_91,7,Default,lh
4696,91,demo_parcel_91,7,Default,lh
4697,91,demo_parcel_91,7,Default,lh
4698,91,demo_parcel_91,7,Default,lh
4699,91,demo_parcel_91,7,Default,lh
4700,91,demo_parcel_91,7,Default,lh
4701,91,demo_parcel_91,7,Default,lh
4702,91,demo_parcel_91,7,Default,lh
4703,91,demo_parcel_91,7,Default,lh
4704,91,demo_parcel_91,7,Default,lh
4705,91,demo_parcel_91,7,Default,lh
4706,91,demo_parcel_91,7,Default,lh
4707,91,demo_parcel_91,7,Default,lh
4708,91,demo_parcel_91,7,Default,lh
4709,91,demo_parcel_91,7,Default,lh
4710,91,demo_parcel_91,7,Default,lh
4711,91,demo_parcel_91,7,Default,lh
4712,91,demo_parcel_91,7,Default,lh
4713,91,demo_parcel_91,7,Default,lh
4714,91,demo_parcel_91,7,Default,lh
4715,91,demo_parcel_91,7,Default,lh
4716,91,demo_parcel_91,7,Default,lh
4717,91,demo_parcel_91,7,Default,lh
4718,91,demo_parcel_91,7,Default,lh
4719,91,demo_parcel_91,7,Default,lh
4720,91,demo_parcel_91,7,Default,lh
4721,91,demo_parcel_91,7,Default,lh
4722,91,demo_parcel_91,7,Default,lh
4723,91,demo_parcel_91,7,Default,lh
4724,91,demo_parcel_91,7,Default,lh
4725,92,demo_parcel_92,1,Vis,lh
4726,92,demo_parcel_92,1,Vis,lh
4727,92,demo_parcel_92,1,Vis,lh
4728,92,demo_parcel_92,1,Vis,lh
4729,92,demo_parcel_92,1,Vis,lh
4730,92,demo_parcel_92,1,Vis,lh
4731,92,demo_parcel_92,1,Vis,lh
4732,92,demo_parcel_92,1,Vis,lh
4733,92,demo_parcel_92,1,Vis,lh
4734,92,demo_parcel_92,1,Vis,lh
4735,92,demo_parcel_92,1,Vis,lh
4736,92,demo_parcel_92,1,Vis,lh
4737,92,demo_parcel_92,1,Vis,lh
4738,92,demo_parcel_92,1,Vis,lh
4739,92,demo_parcel_92,1,Vis,lh
4740,92,demo_parcel_92,1,Vis,lh
4741,92,demo_parcel_92,1,Vis,lh
4742,92,demo_parcel_92,1,Vis,lh
4743,92,demo_parcel_92,1,Vis,lh
4744,92,demo_parcel_92,1,Vis,lh
4745,92,demo_parcel_92,1,Vis,lh
4746,92,demo_parcel_92,1,Vis,lh
4747,92,demo_parcel_92,1,Vis,lh
4748,92,demo_parcel_92,1,Vis,lh
4749,92,demo_parcel_92,1,Vis,lh
4750,92,demo_parcel_92,1,Vis,lh
4751,92,demo_parcel_92,1,Vis,lh
4752,92,demo_parcel_92,1,Vis,lh
4753,92,demo_parcel_92,1,Vis,lh
4754,92,demo_parcel_92,1,Vis,lh
4755,92,demo_parcel_92,1,Vis,lh
4756,92,demo_parcel_92,1,Vis,lh
4757,92,demo_parcel_92,1,Vis,lh
4758,92,demo_parcel_92,1,Vis,lh
4759,92,demo_parcel_92,1,Vis,lh
4760,92,demo_parcel_92,1,Vis,lh
4761,92,demo_parcel_92,1,Vis,lh
4762,92,demo_parcel_92,1,Vis,lh
4763,92,demo_parcel_92,1,Vis,lh
4764,92,demo_parcel_92,1,Vis,lh
4765,92,demo_parcel_92,1,Vis,lh
4766,92,demo_parcel_92,1,Vis,lh
4767,92,demo_parcel_92,1,Vis,lh
4768,92,demo_parcel_92,1,Vis,lh
4769,92,demo_parcel_92,1,Vis,lh
4770,92,demo_parcel_92,1,Vis,lh
4771,92,demo_parcel_92,1,Vis,lh
4772,92,demo_parcel_92,1,Vis,lh
4773,92,demo_parcel_92,1,Vis,lh
4774,92,demo_parcel_92,1,Vis,lh
4775,92,demo_parcel_92,1,Vis,lh
4776,93,demo_parcel_93,2,SomMot,lh
4777,93,demo_parcel_93,2,SomMot,lh
4778,93,demo_parcel_93,2,SomMot,lh
4779,93,demo_parcel_93,2,SomMot,lh
4780,93,demo_parcel_93,2,SomMot,lh
4781,93,demo_parcel_93,2,SomMot,lh
4782,93,demo_parcel_93,2,SomMot,lh
4783,93,demo_parcel_93,2,SomMot,lh
4784,93,demo_parcel_93,2,SomMot,lh
4785,93,demo_parcel_93,2,SomMot,lh
4786,93,demo_parcel_93,2,SomMot,lh
4787,93,demo_parcel_93,2,SomMot,lh
4788,93,demo_parcel_93,2,SomMot,lh
4789,93,demo_parcel_93,2,SomMot,lh
4790,93,demo_parcel_93,2,SomMot,lh
4791,93,demo_parcel_93,2,SomMot,lh
4792,93,demo_parcel_93,2,SomMot,lh
4793,93,demo_parcel_93,2,SomMot,lh
4794,93,demo_parcel_93,2,SomMot,lh
4795,93,demo_parcel_93,2,SomMot,lh
4796,93,demo_parcel_93,2,SomMot,lh
4797,93,demo_parcel_93,2,SomMot,lh
4798,93,demo_parcel_93,2,SomMot,lh
4799,93,demo_parcel_93,2,SomMot,lh
4800,93,demo_parcel_93,2,SomMot,lh
4801,93,demo_parcel_93,2,SomMot,lh
4802,93,demo_parcel_93,2,SomMot,lh
4803,93,demo_parcel_93,2,SomMot,lh
4804,93,demo_parcel_93,2,SomMot,lh
4805,93,demo_parcel_93,2,SomMot,lh
4806,93,demo_parcel_93,2,SomMot,lh
4807,93,demo_parcel_93,2,SomMot,lh
4808,93,demo_parcel_93,2,SomMot,lh
4809,93,demo_parcel_93,2,SomMot,lh
4810,93,demo_parcel_93,2,SomMot,lh
4811,93,demo_parcel_93,2,SomMot,lh
4812,93,demo_parcel_93,2,SomMot,lh
4813,93,demo_parcel_93,2,SomMot,lh
4814,93,demo_parcel_93,2,SomMot,lh
4815,93,demo_parcel_93,2,SomMot,lh
4816,93,demo_parcel_93,2,SomMot,lh
4817,93,demo_parcel_93,2,SomMot,lh
4818,93,demo_parcel_93,2,SomMot,lh
4819,93,demo_parcel_93,2,SomMot,lh
4820,93,demo_parcel_93,2,SomMot,lh
4821,93,demo_parcel_93,2,SomMot,lh
4822,93,demo_parcel_93,2,SomMot,lh
4823,93,demo_parcel_93,2,SomMot,lh
4824,93,demo_parcel_93,2,SomMot,lh
4825,93,demo_parcel_93,2,SomMot,lh
4826,93,demo_parcel_93,2,SomMot,lh
4827,94,demo_parcel_94,3,DorsAttn,lh
4828,94,demo_parcel_94,3,DorsAttn,lh
4829,94,demo_parcel_94,3,DorsAttn,lh
4830,94,demo_parcel_94,3,DorsAttn,lh
4831,94,demo_parcel_94,3,DorsAttn,lh
4832,94,demo_parcel_94,3,DorsAttn,lh
4833,94,demo_parcel_94,3,DorsAttn,lh
4834,94,demo_parcel_94,3,DorsAttn,lh
4835,94,demo_parcel_94,3,DorsAttn,lh
4836,94,demo_parcel_94,3,DorsAttn,lh
4837,94,demo_parcel_94,3,DorsAttn,lh
4838,94,demo_parcel_94,3,DorsAttn,lh
4839,94,demo_parcel_94,3,DorsAttn,lh
4840,94,demo_parcel_94,3,DorsAttn,lh
4841,94,demo_parcel_94,3,DorsAttn,lh
4842,94,demo_parcel_94,3,DorsAttn,lh
4843,94,demo_parcel_94,3,DorsAttn,lh
4844,94,demo_parcel_94,3,DorsAttn,lh
4845,94,demo_parcel_94,3,DorsAttn,lh
4846,94,demo_parcel_94,3,DorsAttn,lh
4847,94,demo_parcel_94,3,DorsAttn,lh
4848,94,demo_parcel_94,3,DorsAttn,lh
4849,94,demo_parcel_94,3,DorsAttn,lh
4850,94,demo_parcel_94,3,DorsAttn,lh
4851,94,demo_parcel_94,3,DorsAttn,lh
4852,94,demo_parcel_94,3,DorsAttn,lh
4853,94,demo_parcel_94,3,DorsAttn,lh
4854,94,demo_parcel_94,3,DorsAttn,lh
4855,94,demo_parcel_94,3,DorsAttn,lh
4856,94,demo_parcel_94,3,DorsAttn,lh
4857,94,demo_parcel_94,3,DorsAttn,lh
4858,94,demo_parcel_94,3,DorsAttn,lh
4859,94,demo_parcel_94,3,DorsAttn,lh
4860,94,demo_parcel_94,3,DorsAttn,lh
4861,94,demo_parcel_94,3,DorsAttn,lh
4862,94,demo_parcel_94,3,DorsAttn,lh
4863,94,demo_parcel_94,3,DorsAttn,lh
4864,94,demo_parcel_94,3,DorsAttn,lh
4865,94,demo_parcel_94,3,DorsAttn,lh
4866,94,demo_parcel_94,3,DorsAttn,lh
4867,94,demo_parcel_94,3,DorsAttn,lh
4868,94,demo_parcel_94,3,DorsAttn,lh
4869,94,demo_parcel_94,3,DorsAttn,lh
4870,94,demo_parcel_94,3,DorsAttn,lh
4871,94,demo_parcel_94,3,DorsAttn,lh
4872,94,demo_parcel_94,3,DorsAttn,lh
4873,94,demo_parcel_94,3,DorsAttn,lh
4874,94,demo_parcel_94,3,DorsAttn,lh
4875,94,demo_parcel_94,3,DorsAttn,lh
4876,94,demo_parcel_94,3,DorsAttn,lh
4877,94,demo_parcel_94,3,DorsAttn,lh
4878,95,demo_parcel_95,4,SalVentAttn,lh
4879,95,demo_parcel_95,4,SalVentAttn,lh
4880,95,demo_parcel_95,4,SalVentAttn,lh
4881,95,demo_parcel_95,4,SalVentAttn,lh
4882,95,demo_parcel_95,4,SalVentAttn,lh
4883,95,demo_parcel_95,4,SalVentAttn,lh
4884,95,demo_parcel_95,4,SalVentAttn,lh
4885,95,demo_parcel_95,4,SalVentAttn,lh
4886,95,demo_parcel_95,4,SalVentAttn,lh
4887,95,demo_parcel_95,4,SalVentAttn,lh
4888,95,demo_parcel_95,4,SalVentAttn,lh
4889,95,demo_parcel_95,4,SalVentAttn,lh
4890,95,demo_parcel_95,4,SalVentAttn,lh
4891,95,demo_parcel_95,4,SalVentAttn,lh
4892,95,demo_parcel_95,4,SalVentAttn,lh
4893,95,demo_parcel_95,4,SalVentAttn,lh
4894,95,demo_parcel_95,4,SalVentAttn,lh
4895,95,demo_parcel_95,4,SalVentAttn,lh
4896,95,demo_parcel_95,4,SalVentAttn,lh
4897,95,demo_parcel_95,4,SalVentAttn,lh
4898,95,demo_parcel_95,4,SalVentAttn,lh
4899,95,demo_parcel_95,4,SalVentAttn,lh
4900,95,demo_parcel_95,4,SalVentAttn,lh
4901,95,demo_parcel_95,4,SalVentAttn,lh
4902,95,demo_parcel_95,4,SalVentAttn,lh
4903,95,demo_parcel_95,4,SalVentAttn,lh
4904,95,demo_parcel_95,4,SalVentAttn,lh
4905,95,demo_parcel_95,4,SalVentAttn,lh
4906,95,demo_parcel_95,4,SalVentAttn,lh
4907,95,demo_parcel_95,4,SalVentAttn,lh
4908,95,demo_parcel_95,4,SalVentAttn,lh
4909,95,demo_parcel_95,4,SalVentAttn,lh
4910,95,demo_parcel_95,4,SalVentAttn,lh
4911,95,demo_parcel_95,4,SalVentAttn,lh
4912,95,demo_parcel_95,4,SalVentAttn,lh
4913,95,demo_parcel_95,4,SalVentAttn,lh
4914,95,demo_parcel_95,4,SalVentAttn,lh
4915,95,demo_parcel_95,4,SalVentAttn,lh
4916,95,demo_parcel_95,4,SalVentAttn,lh
4917,95,demo_parcel_95,4,SalVentAttn,lh
4918,95,demo_parcel_95,4,SalVentAttn,lh
4919,95,demo_parcel_95,4,SalVentAttn,lh
4920,95,demo_parcel_95,4,SalVentAttn,lh
4921,95,demo_parcel_95,4,SalVentAttn,lh
4922,95,demo_parcel_95,4,SalVentAttn,lh
4923,95,demo_parcel_95,4,SalVentAttn,lh
4924,95,demo_parcel_95,4,SalVentAttn,lh
4925,95,demo_parcel_95,4,SalVentAttn,lh
4926,95,demo_parcel_95,4,SalVentAttn,lh
4927,95,demo_parcel_95,4,SalVentAttn,lh
4928,95,demo_parcel_95,4,SalVentAttn,lh
4929,96,demo_parcel_96,5,Limbic,lh
4930,96,demo_parcel_96,5,Limbic,lh
4931,96,demo_parcel_96,5,Limbic,lh
4932,96,demo_parcel_96,5,Limbic,lh
4933,96,demo_parcel_96,5,Limbic,lh
4934,96,demo_parcel_96,5,Limbic,lh
4935,96,demo_parcel_96,5,Limbic,lh
4936,96,demo_parcel_96,5,Limbic,lh
4937,96,demo_parcel_96,5,Limbic,lh
4938,96,demo_parcel_96,5,Limbic,lh
4939,96,demo_parcel_96,5,Limbic,lh
4940,96,demo_parcel_96,5,Limbic,lh
4941,96,demo_parcel_96,5,Limbic,lh
4942,96,demo_parcel_96,5,Limbic,lh
4943,96,demo_parcel_96,5,Limbic,lh
4944,96,demo_parcel_96,5,Limbic,lh
4945,96,demo_parcel_96,5,Limbic,lh
4946,96,demo_parcel_96,5,Limbic,lh
4947,96,demo_parcel_96,5,Limbic,lh
4948,96,demo_parcel_96,5,Limbic,lh
4949,96,demo_parcel_96,5,Limbic,lh
4950,96,demo_parcel_96,5,Limbic,lh
4951,96,demo_parcel_96,5,Limbic,lh
4952,96,demo_parcel_96,5,Limbic,lh
4953,96,demo_parcel_96,5,Limbic,lh
4954,96,demo_parcel_96,5,Limbic,lh
4955,96,demo_parcel_96,5,Limbic,lh
4956,96,demo_parcel_96,5,Limbic,lh
4957,96,demo_parcel_96,5,Limbic,lh
4958,96,demo_parcel_96,5,Limbic,lh
4959,96,demo_parcel_96,5,Limbic,lh
4960,96,demo_parcel_96,5,Limbic,lh
4961,96,demo_parcel_96,5,Limbic,lh
4962,96,demo_parcel_96,5,Limbic,lh
4963,96,demo_parcel_96,5,Limbic,lh
4964,96,demo_parcel_96,5,Limbic,lh
4965,96,demo_parcel_96,5,Limbic,lh
4966,96,demo_parcel_96,5,Limbic,lh
4967,96,demo_parcel_96,5,Limbic,lh
4968,96,demo_parcel_96,5,Limbic,lh
4969,96,demo_parcel_96,5,Limbic,lh
4970,96,demo_parcel_96,5,Limbic,lh
4971,96,demo_parcel_96,5,Limbic,lh
4972,96,demo_parcel_96,5,Limbic,lh
4973,96,demo_parcel_96,5,Limbic,lh
4974,96,demo_parcel_96,5,Limbic,lh
4975,96,demo_parcel_96,5,Limbic,lh
4976,96,demo_parcel_96,5,Limbic,lh
4977,96,demo_parcel_96,5,Limbic,lh
4978,96,demo_parcel_96,5,Limbic,lh
4979,96,demo_parcel_96,5,Limbic,lh
4980,97,demo_parcel_97,6,Cont,lh
4981,97,demo_parcel_97,6,Cont,lh
4982,97,demo_parcel_97,6,Cont,lh
4983,97,demo_parcel_97,6,Cont,lh
4984,97,demo_parcel_97,6,Cont,lh
4985,97,demo_parcel_97,6,Cont,lh
4986,97,demo_parcel_97,6,Cont,lh
4987,97,demo_parcel_97,6,Cont,lh
4988,97,demo_parcel_97,6,Cont,lh
4989,97,demo_parcel_97,6,Cont,lh
4990,97,demo_parcel_97,6,Cont,lh
4991,97,demo_parcel_97,6,Cont,lh
4992,97,demo_parcel_97,6,Cont,lh
4993,97,demo_parcel_97,6,Cont,lh
4994,97,demo_parcel_97,6,Cont,lh
4995,97,demo_parcel_97,6,Cont,lh
4996,97,demo_parcel_97,6,Cont,lh
4997,97,demo_parcel_97,6,Cont,lh
4998,97,demo_parcel_97,6,Cont,lh
4999,97,demo_parcel_97,6,Cont,lh
5000,97,demo_parcel_97,6,Cont,lh
5001,97,demo_parcel_97,6,Cont,lh
5002,97,demo_parcel_97,6,Cont,lh
5003,97,demo_parcel_97,6,Cont,lh
5004,97,demo_parcel_97,6,Cont,lh
5005,97,demo_parcel_97,6,Cont,lh
5006,97,demo_parcel_97,6,Cont,lh
5007,97,demo_parcel_97,6,Cont,lh
5008,97,demo_parcel_97,6,Cont,lh
5009,97,demo_parcel_97,6,Cont,lh
5010,97,demo_parcel_97,6,Cont,lh
5011,97,demo_parcel_97,6,Cont,lh
5012,97,demo_parcel_97,6,Cont,lh
5013,97,demo_parcel_97,6,Cont,lh
5014,97,demo_parcel_97,6,Cont,lh
5015,97,demo_parcel_97,6,Cont,lh
5016,97,demo_parcel_97,6,Cont,lh
5017,97,demo_parcel_97,6,Cont,lh
5018,97,demo_parcel_97,6,Cont,lh
5019,97,demo_parcel_97,6,Cont,lh
5020,97,demo_parcel_97,6,Cont,lh
5021,97,demo_parcel_97,6,Cont,lh
5022,97,demo_parcel_97,6,Cont,lh
5023,97,demo_parcel_97,6,Cont,lh
5024,97,demo_parcel_97,6,Cont,lh
5025,97,demo_parcel_97,6,Cont,lh
5026,97,demo_parcel_97,6,Cont,lh
5027,97,demo_parcel_97,6,Cont,lh
5028,97,demo_parcel_97,6,Cont,lh
5029,97,demo_parcel_97,6,Cont,lh
5030,97,demo_parcel_97,6,Cont,lh
5031,98,demo_parcel_98,7,Default,lh
5032,98,demo_parcel_98,7,Default,lh
5033,98,demo_parcel_98,7,Default,lh
5034,98,demo_parcel_98,7,Default,lh
5035,98,demo_parcel_98,7,Default,lh
5036,98,demo_parcel_98,7,Default,lh
5037,98,demo_parcel_98,7,Default,lh
5038,98,demo_parcel_98,7,Default,lh
5039,98,demo_parcel_98,7,Default,lh
5040,98,demo_parcel_98,7,Default,lh
5041,98,demo_parcel_98,7,Default,lh
5042,98,demo_parcel_98,7,Default,lh
5043,98,demo_parcel_98,7,Default,lh
5044,98,demo_parcel_98,7,Default,lh
5045,98,demo_parcel_98,7,Default,lh
5046,98,demo_parcel_98,7,Default,lh
5047,98,demo_parcel_98,7,Default,lh
5048,98,demo_parcel_98,7,Default,lh
5049,98,demo_parcel_98,7,Default,lh
5050,98,demo_parcel_98,7,Default,lh
5051,98,demo_parcel_98,7,Default,lh
5052,98,demo_parcel_98,7,Default,lh
5053,98,demo_parcel_98,7,Default,lh
5054,98,demo_parcel_98,7,Default,lh
5055,98,demo_parcel_98,7,Default,lh
5056,98,demo_parcel_98,7,Default,lh
5057,98,demo_parcel_98,7,Default,lh
5058,98,demo_parcel_98,7,Default,lh
5059,98,demo_parcel_98,7,Default,lh
5060,98,demo_parcel_98,7,Default,lh
5061,98,demo_parcel_98,7,Default,lh
5062,98,demo_parcel_98,7,Default,lh
5063,98,demo_parcel_98,7,Default,lh
5064,98,demo_parcel_98,7,Default,lh
5065,98,demo_parcel_98,7,Default,lh
5066,98,demo_parcel_98,7,Default,lh
5067,98,demo_parcel_98,7,Default,lh
5068,98,demo_parcel_98,7,Default,lh
5069,98,demo_parcel_98,7,Default,lh
5070,98,demo_parcel_98,7,Default,lh
5071,98,demo_parcel_98,7,Default,lh
5072,98,demo_parcel_98,7,Default,lh
5073,98,demo_parcel_98,7,Default,lh
5074,98,demo_parcel_98,7,Default,lh
5075,98,demo_parcel_98,7,Default,lh
5076,98,demo_parcel_98,7,Default,lh
5077,98,demo_parcel_98,7,Default,lh
5078,98,demo_parcel_98,7,Default,lh
5079,98,demo_parcel_98,7,Default,lh
5080,98,demo_parcel_98,7,Default,lh
5081,98,demo_parcel_98,7,Default,lh
5082,99,demo_parcel_99,1,Vis,lh
5083,99,demo_parcel_99,1,Vis,lh
5084,99,demo_parcel_99,1,Vis,lh
5085,99,demo_parcel_99,1,Vis,lh
5086,99,demo_parcel_99,1,Vis,lh
5087,99,demo_parcel_99,1,Vis,lh
5088,99,demo_parcel_99,1,Vis,lh
5089,99,demo_parcel_99,1,Vis,lh
5090,99,demo_parcel_99,1,Vis,lh
5091,99,demo_parcel_99,1,Vis,lh
5092,99,demo_parcel_99,1,Vis,lh
5093,99,demo_parcel_99,1,Vis,lh
5094,99,demo_parcel_99,1,Vis,lh
5095,99,demo_parcel_99,1,Vis,lh
5096,99,demo_parcel_99,1,Vis,lh
5097,99,demo_parcel_99,1,Vis,lh
5098,99,demo_parcel_99,1,Vis,lh
5099,99,demo_parcel_99,1,Vis,lh
5100,99,demo_parcel_99,1,Vis,lh
5101,99,demo_parcel_99,1,Vis,lh
5102,99,demo_parcel_99,1,Vis,lh
5103,99,demo_parcel_99,1,Vis,lh
5104,99,demo_parcel_99,1,Vis,lh
5105,99,demo_parcel_99,1,Vis,lh
5106,99,demo_parcel_99,1,Vis,lh
5107,99,demo_parcel_99,1,Vis,lh
5108,99,demo_parcel_99,1,Vis,lh
5109,99,demo_parcel_99,1,Vis,lh
5110,99,demo_parcel_99,1,Vis,lh
5111,99,demo_parcel_99,1,Vis,lh
5112,99,demo_parcel_99,1,Vis,lh
5113,99,demo_parcel_99,1,Vis,lh
5114,99,demo_parcel_99,1,Vis,lh
5115,99,demo_parcel_99,1,Vis,lh
5116,99,demo_parcel_99,1,Vis,lh
5117,99,demo_parcel_99,1,Vis,lh
5118,99,demo_parcel_99,1,Vis,lh
5119,99,demo_parcel_99,1,Vis,lh
5120,99,demo_parcel_99,1,Vis,lh
5121,99,demo_parcel_99,1,Vis,lh
5122,99,demo_parcel_99,1,Vis,lh
5123,99,demo_parcel_99,1,Vis,lh
5124,99,demo_parcel_99,1,Vis,lh
5125,99,demo_parcel_99,1,Vis,lh
5126,99,demo_parcel_99,1,Vis,lh
5127,99,demo_parcel_99,1,Vis,lh
5128,99,demo_parcel_99,1,Vis,lh
5129,99,demo_parcel_99,1,Vis,lh
5130,99,demo_parcel_99,1,Vis,lh
5131,99,demo_parcel_99,1,Vis,lh
5132,99,demo_parcel_99,1,Vis,lh
5133,100,demo_parcel_100,2,SomMot,lh
5134,100,demo_parcel_100,2,SomMot,lh
5135,100,demo_parcel_100,2,SomMot,lh
5136,100,demo_parcel_100,2,SomMot,lh
5137,100,demo_parcel_100,2,SomMot,lh
5138,100,demo_parcel_100,2,SomMot,lh
5139,100,demo_parcel_100,2,SomMot,lh
5140,100,demo_parcel_100,2,SomMot,lh
5141,100,demo_parcel_100,2,SomMot,lh
5142,100,demo_parcel_100,2,SomMot,lh
5143,100,demo_parcel_100,2,SomMot,lh
5144,100,demo_parcel_100,2,SomMot,lh
5145,100,demo_parcel_100,2,SomMot,lh
5146,100,demo_parcel_100,2,SomMot,lh
5147,100,demo_parcel_100,2,SomMot,lh
5148,100,demo_parcel_100,2,SomMot,lh
5149,100,demo_parcel_100,2,SomMot,lh
5150,100,demo_parcel_100,2,SomMot,lh
5151,100,demo_parcel_100,2,SomMot,lh
5152,100,demo_parcel_100,2,SomMot,lh
5153,100,demo_parcel_100,2,SomMot,lh
5154,100,demo_parcel_100,2,SomMot,lh
5155,100,demo_parcel_100,2,SomMot,lh
5156,100,demo_parcel_100,2,SomMot,lh
5157,100,demo_parcel_100,2,SomMot,lh
5158,100,demo_parcel_100,2,SomMot,lh
5159,100,demo_parcel_100,2,SomMot,lh
5160,100,demo_parcel_100,2,SomMot,lh
5161,100,demo_parcel_100,2,SomMot,lh
5162,100,demo_parcel_100,2,SomMot,lh
5163,100,demo_parcel_100,2,SomMot,lh
5164,100,demo_parcel_100,2,SomMot,lh
5165,100,demo_parcel_100,2,SomMot,lh
5166,100,demo_parcel_100,2,SomMot,lh
5167,100,demo_parcel_100,2,SomMot,lh
5168,100,demo_parcel_100,2,SomMot,lh
5169,100,demo_parcel_100,2,SomMot,lh
5170,100,demo_parcel_100,2,SomMot,lh
5171,100,demo_parcel_100,2,SomMot,lh
5172,100,demo_parcel_100,2,SomMot,lh
5173,100,demo_parcel_100,2,SomMot,lh
5174,100,demo_parcel_100,2,SomMot,lh
5175,100,demo_parcel_100,2,SomMot,lh
5176,100,demo_parcel_100,2,SomMot,lh
5177,100,demo_parcel_100,2,SomMot,lh
5178,100,demo_parcel_100,2,SomMot,lh
5179,100,demo_parcel_100,2,SomMot,lh
5180,100,demo_parcel_100,2,SomMot,lh
5181,100,demo_parcel_100,2,SomMot,lh
5182,100,demo_parcel_100,2,SomMot,lh
5183,100,demo_parcel_100,2,SomMot,lh
5184,101,demo_parcel_101,3,DorsAttn,lh
5185,101,demo_parcel_101,3,DorsAttn,lh
5186,101,demo_parcel_101,3,DorsAttn,lh
5187,101,demo_parcel_101,3,DorsAttn,lh
5188,101,demo_parcel_101,3,DorsAttn,lh
5189,101,demo_parcel_101,3,DorsAttn,lh
5190,101,demo_parcel_101,3,DorsAttn,lh
5191,101,demo_parcel_101,3,DorsAttn,lh
5192,101,demo_parcel_101,3,DorsAttn,lh
5193,101,demo_parcel_101,3,DorsAttn,lh
5194,101,demo_parcel_101,3,DorsAttn,lh
5195,101,demo_parcel_101,3,DorsAttn,lh
5196,101,demo_parcel_101,3,DorsAttn,lh
5197,101,demo_parcel_101,3,DorsAttn,lh
5198,101,demo_parcel_101,3,DorsAttn,lh
5199,101,demo_parcel_101,3,DorsAttn,lh
5200,101,demo_parcel_101,3,DorsAttn,lh
5201,101,demo_parcel_101,3,DorsAttn,lh
5202,101,demo_parcel_101,3,DorsAttn,lh
5203,101,demo_parcel_101,3,DorsAttn,lh
5204,101,demo_parcel_101,3,DorsAttn,lh
5205,101,demo_parcel_101,3,DorsAttn,lh
5206,101,demo_parcel_101,3,DorsAttn,lh
5207,101,demo_parcel_101,3,DorsAttn,lh
5208,101,demo_parcel_101,3,DorsAttn,lh
5209,101,demo_parcel_101,3,DorsAttn,lh
5210,101,demo_parcel_101,3,DorsAttn,lh
5211,101,demo_parcel_101,3,DorsAttn,lh
5212,101,demo_parcel_101,3,DorsAttn,lh
5213,101,demo_parcel_101,3,DorsAttn,lh
5214,101,demo_parcel_101,3,DorsAttn,lh
5215,101,demo_parcel_101,3,DorsAttn,lh
5216,101,demo_parcel_101,3,DorsAttn,lh
5217,101,demo_parcel_101,3,DorsAttn,lh
5218,101,demo_parcel_101,3,DorsAttn,lh
5219,101,demo_parcel_101,3,DorsAttn,lh
5220,101,demo_parcel_101,3,DorsAttn,lh
5221,101,demo_parcel_101,3,DorsAttn,lh
5222,101,demo_parcel_101,3,DorsAttn,lh
5223,101,demo_parcel_101,3,DorsAttn,lh
5224,101,demo_parcel_101,3,DorsAttn,lh
5225,101,demo_parcel_101,3,DorsAttn,lh
5226,101,demo_parcel_101,3,DorsAttn,lh
5227,101,demo_parcel_101,3,DorsAttn,lh
5228,101,demo_parcel_101,3,DorsAttn,lh
5229,101,demo_parcel_101,3,DorsAttn,lh
5230,101,demo_parcel_101,3,DorsAttn,lh
5231,101,demo_parcel_101,3,DorsAttn,lh
5232,101,demo_parcel_101,3,DorsAttn,lh
5233,101,demo_parcel_101,3,DorsAttn,lh
5234,101,demo_parcel_101,3,DorsAttn,lh
5235,102,demo_parcel_102,4,SalVentAttn,lh
5236,102,demo_parcel_102,4,SalVentAttn,lh
5237,102,demo_parcel_102,4,SalVentAttn,lh
5238,102,demo_parcel_102,4,SalVentAttn,lh
5239,102,demo_parcel_102,4,SalVentAttn,lh
5240,102,demo_parcel_102,4,SalVentAttn,lh
5241,102,demo_parcel_102,4,SalVentAttn,lh
5242,102,demo_parcel_102,4,SalVentAttn,lh
5243,102,demo_parcel_102,4,SalVentAttn,lh
5244,102,demo_parcel_102,4,SalVentAttn,lh
5245,102,demo_parcel_102,4,SalVentAttn,lh
5246,102,demo_parcel_102,4,SalVentAttn,lh
5247,102,demo_parcel_102,4,SalVentAttn,lh
5248,102,demo_parcel_102,4,SalVentAttn,lh
5249,102,demo_parcel_102,4,SalVentAttn,lh
5250,102,demo_parcel_102,4,SalVentAttn,lh
5251,102,demo_parcel_102,4,SalVentAttn,lh
5252,102,demo_parcel_102,4,SalVentAttn,lh
5253,102,demo_parcel_102,4,SalVentAttn,lh
5254,102,demo_parcel_102,4,SalVentAttn,lh
5255,102,demo_parcel_102,4,SalVentAttn,lh
5256,102,demo_parcel_102,4,SalVentAttn,lh
5257,102,demo_parcel_102,4,SalVentAttn,lh
5258,102,demo_parcel_102,4,SalVentAttn,lh
5259,102,demo_parcel_102,4,SalVentAttn,lh
5260,102,demo_parcel_102,4,SalVentAttn,lh
5261,102,demo_parcel_102,4,SalVentAttn,lh
5262,102,demo_parcel_102,4,SalVentAttn,lh
5263,102,demo_parcel_102,4,SalVentAttn,lh
5264,102,demo_parcel_102,4,SalVentAttn,lh
5265,102,demo_parcel_102,4,SalVentAttn,lh
5266,102,demo_parcel_102,4,SalVentAttn,lh
5267,102,demo_parcel_102,4,SalVentAttn,lh
5268,102,demo_parcel_102,4,SalVentAttn,lh
5269,102,demo_parcel_102,4,SalVentAttn,lh
5270,102,demo_parcel_102,4,SalVentAttn,lh
5271,102,demo_parcel_102,4,SalVentAttn,lh
5272,102,demo_parcel_102,4,SalVentAttn,lh
5273,102,demo_parcel_102,4,SalVentAttn,lh
5274,102,demo_parcel_102,4,SalVentAttn,lh
5275,102,demo_parcel_102,4,SalVentAttn,lh
5276,102,demo_parcel_102,4,SalVentAttn,lh
5277,102,demo_parcel_102,4,SalVentAttn,lh
5278,102,demo_parcel_102,4,SalVentAttn,lh
5279,102,demo_parcel_102,4,SalVentAttn,lh
5280,102,demo_parcel_102,4,SalVentAttn,lh
5281,102,demo_parcel_102,4,SalVentAttn,lh
5282,102,demo_parcel_102,4,SalVentAttn,lh
5283,102,demo_parcel_102,4,SalVentAttn,lh
5284,102,demo_parcel_102,4,SalVentAttn,lh
5285,102,demo_parcel_102,4,SalVentAttn,lh
5286,103,demo_parcel_103,5,Limbic,lh
5287,103,demo_parcel_103,5,Limbic,lh
5288,103,demo_parcel_103,5,Limbic,lh
5289,103,demo_parcel_103,5,Limbic,lh
5290,103,demo_parcel_103,5,Limbic,lh
5291,103,demo_parcel_103,5,Limbic,lh
5292,103,demo_parcel_103,5,Limbic,lh
5293,103,demo_parcel_103,5,Limbic,lh
5294,103,demo_parcel_103,5,Limbic,lh
5295,103,demo_parcel_103,5,Limbic,lh
5296,103,demo_parcel_103,5,Limbic,lh
5297,103,demo_parcel_103,5,Limbic,lh
5298,103,demo_parcel_103,5,Limbic,lh
5299,103,demo_parcel_103,5,Limbic,lh
5300,103,demo_parcel_103,5,Limbic,lh
5301,103,demo_parcel_103,5,Limbic,lh
5302,103,demo_parcel_103,5,Limbic,lh
5303,103,demo_parcel_103,5,Limbic,lh
5304,103,demo_parcel_103,5,Limbic,lh
5305,103,demo_parcel_103,5,Limbic,lh
5306,103,demo_parcel_103,5,Limbic,lh
5307,103,demo_parcel_103,5,Limbic,lh
5308,103,demo_parcel_103,5,Limbic,lh
5309,103,demo_parcel_103,5,Limbic,lh
5310,103,demo_parcel_103,5,Limbic,lh
5311,103,demo_parcel_103,5,Limbic,lh
5312,103,demo_parcel_103,5,Limbic,lh
5313,103,demo_parcel_103,5,Limbic,lh
5314,103,demo_parcel_103,5,Limbic,lh
5315,103,demo_parcel_103,5,Limbic,lh
5316,103,demo_parcel_103,5,Limbic,lh
5317,103,demo_parcel_103,5,Limbic,lh
5318,103,demo_parcel_103,5,Limbic,lh
5319,103,demo_parcel_103,5,Limbic,lh
5320,103,demo_parcel_103,5,Limbic,lh
5321,103,demo_parcel_103,5,Limbic,lh
5322,103,demo_parcel_103,5,Limbic,lh
5323,103,demo_parcel_103,5,Limbic,lh
5324,103,demo_parcel_103,5,Limbic,lh
5325,103,demo_parcel_103,5,Limbic,lh
5326,103,demo_parcel_103,5,Limbic,lh
5327,103,demo_parcel_103,5,Limbic,lh
5328,103,demo_parcel_103,5,Limbic,lh
5329,103,demo_parcel_103,5,Limbic,lh
5330,103,demo_parcel_103,5,Limbic,lh
5331,103,demo_parcel_103,5,Limbic,lh
5332,103,demo_parcel_103,5,Limbic,lh
5333,103,demo_parcel_103,5,Limbic,lh
5334,103,demo_parcel_103,5,Limbic,lh
5335,103,demo_parcel_103,5,Limbic,lh
5336,103,demo_parcel_103,5,Limbic,lh
5337,104,demo_parcel_104,6,Cont,lh
5338,104,demo_parcel_104,6,Cont,lh
5339,104,demo_parcel_104,6,Cont,lh
5340,104,demo_parcel_104,6,Cont,lh
5341,104,demo_parcel_104,6,Cont,lh
5342,104,demo_parcel_104,6,Cont,lh
5343,104,demo_parcel_104,6,Cont,lh
5344,104,demo_parcel_104,6,Cont,lh
5345,104,demo_parcel_104,6,Cont,lh
5346,104,demo_parcel_104,6,Cont,lh
5347,104,demo_parcel_104,6,Cont,lh
5348,104,demo_parcel_104,6,Cont,lh
5349,104,demo_parcel_104,6,Cont,lh
5350,104,demo_parcel_104,6,Cont,lh
5351,104,demo_parcel_104,6,Cont,lh
5352,104,demo_parcel_104,6,Cont,lh
5353,104,demo_parcel_104,6,Cont,lh
5354,104,demo_parcel_104,6,Cont,lh
5355,104,demo_parcel_104,6,Cont,lh
5356,104,demo_parcel_104,6,Cont,lh
5357,104,demo_parcel_104,6,Cont,lh
5358,104,demo_parcel_104,6,Cont,lh
5359,104,demo_parcel_104,6,Cont,lh
5360,104,demo_parcel_104,6,Cont,lh
5361,104,demo_parcel_104,6,Cont,lh
5362,104,demo_parcel_104,6,Cont,lh
5363,104,demo_parcel_104,6,Cont,lh
5364,104,demo_parcel_104,6,Cont,lh
5365,104,demo_parcel_104,6,Cont,lh
5366,104,demo_parcel_104,6,Cont,lh
5367,104,demo_parcel_104,6,Cont,lh
5368,104,demo_parcel_104,6,Cont,lh
5369,104,demo_parcel_104,6,Cont,lh
5370,104,demo_parcel_104,6,Cont,lh
5371,104,demo_parcel_104,6,Cont,lh
5372,104,demo_parcel_104,6,Cont,lh
5373,104,demo_parcel_104,6,Cont,lh
5374,104,demo_parcel_104,6,Cont,lh
5375,104,demo_parcel_104,6,Cont,lh
5376,104,demo_parcel_104,6,Cont,lh
5377,104,demo_parcel_104,6,Cont,lh
5378,104,demo_parcel_104,6,Cont,lh
5379,104,demo_parcel_104,6,Cont,lh
5380,104,demo_parcel_104,6,Cont,lh
5381,104,demo_parcel_104,6,Cont,lh
5382,104,demo_parcel_104,6,Cont,lh
5383,104,demo_parcel_104,6,Cont,lh
5384,104,demo_parcel_104,6,Cont,lh
5385,104,demo_parcel_104,6,Cont,lh
5386,104,demo_parcel_104,6,Cont,lh
5387,104,demo_parcel_104,6,Cont,lh
5388,105,demo_parcel_105,7,Default,lh
5389,105,demo_parcel_105,7,Default,lh
5390,105,demo_parcel_105,7,Default,lh
5391,105,demo_parcel_105,7,Default,lh
5392,105,demo_parcel_105,7,Default,lh
5393,105,demo_parcel_105,7,Default,lh
5394,105,demo_parcel_105,7,Default,lh
5395,105,demo_parcel_105,7,Default,lh
5396,105,demo_parcel_105,7,Default,lh
5397,105,demo_parcel_105,7,Default,lh
5398,105,demo_parcel_105,7,Default,lh
5399,105,demo_parcel_105,7,Default,lh
5400,105,demo_parcel_105,7,Default,lh
5401,105,demo_parcel_105,7,Default,lh
5402,105,demo_parcel_105,7,Default,lh
5403,105,demo_parcel_105,7,Default,lh
5404,105,demo_parcel_105,7,Default,lh
5405,105,demo_parcel_105,7,Default,lh
5406,105,demo_parcel_105,7,Default,lh
5407,105,demo_parcel_105,7,Default,lh
5408,105,demo_parcel_105,7,Default,lh
5409,105,demo_parcel_105,7,Default,lh
5410,105,demo_parcel_105,7,Default,lh
5411,105,demo_parcel_105,7,Default,lh
5412,105,demo_parcel_105,7,Default,lh
5413,105,demo_parcel_105,7,Default,lh
5414,105,demo_parcel_105,7,Default,lh
5415,105,demo_parcel_105,7,Default,lh
5416,105,demo_parcel_105,7,Default,lh
5417,105,demo_parcel_105,7,Default,lh
5418,105,demo_parcel_105,7,Default,lh
5419,105,demo_parcel_105,7,Default,lh
5420,105,demo_parcel_105,7,Default,lh
5421,105,demo_parcel_105,7,Default,lh
5422,105,demo_parcel_105,7,Default,lh
5423,105,demo_parcel_105,7,Default,lh
5424,105,demo_parcel_105,7,Default,lh
5425,105,demo_parcel_105,7,Default,lh
5426,105,demo_parcel_105,7,Default,lh
5427,105,demo_parcel_105,7,Default,lh
5428,105,demo_parcel_105,7,Default,lh
5429,105,demo_parcel_105,7,Default,lh
5430,105,demo_parcel_105,7,Default,lh
5431,105,demo_parcel_105,7,Default,lh
5432,105,demo_parcel_105,7,Default,lh
5433,105,demo_parcel_105,7,Default,lh
5434,105,demo_parcel_105,7,Default,lh
5435,105,demo_parcel_105,7,Default,lh
5436,105,demo_parcel_105,7,Default,lh
5437,105,demo_parcel_105,7,Default,lh
5438,105,demo_parcel_105,7,Default,lh
5439,106,demo_parcel_106,1,Vis,lh
5440,106,demo_parcel_106,1,Vis,lh
5441,106,demo_parcel_106,1,Vis,lh
5442,106,demo_parcel_106,1,Vis,lh
5443,106,demo_parcel_106,1,Vis,lh
5444,106,demo_parcel_106,1,Vis,lh
5445,106,demo_parcel_106,1,Vis,lh
5446,106,demo_parcel_106,1,Vis,lh
5447,106,demo_parcel_106,1,Vis,lh
5448,106,demo_parcel_106,1,Vis,lh
5449,106,demo_parcel_106,1,Vis,lh
5450,106,demo_parcel_106,1,Vis,lh
5451,106,demo_parcel_106,1,Vis,lh
5452,106,demo_parcel_106,1,Vis,lh
5453,106,demo_parcel_106,1,Vis,lh
5454,106,demo_parcel_106,1,Vis,lh
5455,106,demo_parcel_106,1,Vis,lh
5456,106,demo_parcel_106,1,Vis,lh
5457,106,demo_parcel_106,1,Vis,lh
5458,106,demo_parcel_106,1,Vis,lh
5459,106,demo_parcel_106,1,Vis,lh
5460,106,demo_parcel_106,1,Vis,lh
5461,106,demo_parcel_106,1,Vis,lh
5462,106,demo_parcel_106,1,Vis,lh
5463,106,demo_parcel_106,1,Vis,lh
5464,106,demo_parcel_106,1,Vis,lh
5465,106,demo_parcel_106,1,Vis,lh
5466,106,demo_parcel_106,1,Vis,lh
5467,106,demo_parcel_106,1,Vis,lh
5468,106,demo_parcel_106,1,Vis,lh
5469,106,demo_parcel_106,1,Vis,lh
5470,106,demo_parcel_106,1,Vis,lh
5471,106,demo_parcel_106,1,Vis,lh
5472,106,demo_parcel_106,1,Vis,lh
5473,106,demo_parcel_106,1,Vis,lh
5474,106,demo_parcel_106,1,Vis,lh
5475,106,demo_parcel_106,1,Vis,lh
5476,106,demo_parcel_106,1,Vis,lh
5477,106,demo_parcel_106,1,Vis,lh
5478,106,demo_parcel_106,1,Vis,lh
5479,106,demo_parcel_106,1,Vis,lh
5480,106,demo_parcel_106,1,Vis,lh
5481,106,demo_parcel_106,1,Vis,lh
5482,106,demo_parcel_106,1,Vis,lh
5483,106,demo_parcel_106,1,Vis,lh
5484,106,demo_parcel_106,1,Vis,lh
5485,106,demo_parcel_106,1,Vis,lh
5486,106,demo_parcel_106,1,Vis,lh
5487,106,demo_parcel_106,1,Vis,lh
5488,106,demo_parcel_106,1,Vis,lh
5489,106,demo_parcel_106,1,Vis,lh
5490,107,demo_parcel_107,2,SomMot,lh
5491,107,demo_parcel_107,2,SomMot,lh
5492,107,demo_parcel_107,2,SomMot,lh
5493,107,demo_parcel_107,2,SomMot,lh
5494,107,demo_parcel_107,2,SomMot,lh
5495,107,demo_parcel_107,2,SomMot,lh
5496,107,demo_parcel_107,2,SomMot,lh
5497,107,demo_parcel_107,2,SomMot,lh
5498,107,demo_parcel_107,2,SomMot,lh
5499,107,demo_parcel_107,2,SomMot,lh
5500,107,demo_parcel_107,2,SomMot,lh
5501,107,demo_parcel_107,2,SomMot,lh
5502,107,demo_parcel_107,2,SomMot,lh
5503,107,demo_parcel_107,2,SomMot,lh
5504,107,demo_parcel_107,2,SomMot,lh
5505,107,demo_parcel_107,2,SomMot,lh
5506,107,demo_parcel_107,2,SomMot,lh
5507,107,demo_parcel_107,2,SomMot,lh
5508,107,demo_parcel_107,2,SomMot,lh
5509,107,demo_parcel_107,2,SomMot,lh
5510,107,demo_parcel_107,2,SomMot,lh
5511,107,demo_parcel_107,2,SomMot,lh
5512,107,demo_parcel_107,2,SomMot,lh
5513,107,demo_parcel_107,2,SomMot,lh
5514,107,demo_parcel_107,2,SomMot,lh
5515,107,demo_parcel_107,2,SomMot,lh
5516,107,demo_parcel_107,2,SomMot,lh
5517,107,demo_parcel_107,2,SomMot,lh
5518,107,demo_parcel_107,2,SomMot,lh
5519,107,demo_parcel_107,2,SomMot,lh
5520,107,demo_parcel_107,2,SomMot,lh
5521,107,demo_parcel_107,2,SomMot,lh
5522,107,demo_parcel_107,2,SomMot,lh
5523,107,demo_parcel_107,2,SomMot,lh
5524,107,demo_parcel_107,2,SomMot,lh
5525,107,demo_parcel_107,2,SomMot,lh
5526,107,demo_parcel_107,2,SomMot,lh
5527,107,demo_parcel_107,2,SomMot,lh
5528,107,demo_parcel_107,2,SomMot,lh
5529,107,demo_parcel_107,2,SomMot,lh
5530,107,demo_parcel_107,2,SomMot,lh
5531,107,demo_parcel_107,2,SomMot,lh
5532,107,demo_parcel_107,2,SomMot,lh
5533,107,demo_parcel_107,2,SomMot,lh
5534,107,demo_parcel_107,2,SomMot,lh
5535,107,demo_parcel_107,2,SomMot,lh
5536,107,demo_parcel_107,2,SomMot,lh
5537,107,demo_parcel_107,2,SomMot,lh
5538,107,demo_parcel_107,2,SomMot,lh
5539,107,demo_parcel_107,2,SomMot,lh
5540,107,demo_parcel_107,2,SomMot,lh
5541,108,demo_parcel_108,3,DorsAttn,lh
5542,108,demo_parcel_108,3,DorsAttn,lh
5543,108,demo_parcel_108,3,DorsAttn,lh
5544,108,demo_parcel_108,3,DorsAttn,lh
5545,108,demo_parcel_108,3,DorsAttn,lh
5546,108,demo_parcel_108,3,DorsAttn,lh
5547,108,demo_parcel_108,3,DorsAttn,lh
5548,108,demo_parcel_108,3,DorsAttn,lh
5549,108,demo_parcel_108,3,DorsAttn,lh
5550,108,demo_parcel_108,3,DorsAttn,lh
5551,108,demo_parcel_108,3,DorsAttn,lh
5552,108,demo_parcel_108,3,DorsAttn,lh
5553,108,demo_parcel_108,3,DorsAttn,lh
5554,108,demo_parcel_108,3,DorsAttn,lh
5555,108,demo_parcel_108,3,DorsAttn,lh
5556,108,demo_parcel_108,3,DorsAttn,lh
5557,108,demo_parcel_108,3,DorsAttn,lh
5558,108,demo_parcel_108,3,DorsAttn,lh
5559,108,demo_parcel_108,3,DorsAttn,lh
5560,108,demo_parcel_108,3,DorsAttn,lh
5561,108,demo_parcel_108,3,DorsAttn,lh
5562,108,demo_parcel_108,3,DorsAttn,lh
5563,108,demo_parcel_108,3,DorsAttn,lh
5564,108,demo_parcel_108,3,DorsAttn,lh
5565,108,demo_parcel_108,3,DorsAttn,lh
5566,108,demo_parcel_108,3,DorsAttn,lh
5567,108,demo_parcel_108,3,DorsAttn,lh
5568,108,demo_parcel_108,3,DorsAttn,lh
5569,108,demo_parcel_108,3,DorsAttn,lh
5570,108,demo_parcel_108,3,DorsAttn,lh
5571,108,demo_parcel_108,3,DorsAttn,lh
5572,108,demo_parcel_108,3,DorsAttn,lh
5573,108,demo_parcel_108,3,DorsAttn,lh
5574,108,demo_parcel_108,3,DorsAttn,lh
5575,108,demo_parcel_108,3,DorsAttn,lh
5576,108,demo_parcel_108,3,DorsAttn,lh
5577,108,demo_parcel_108,3,DorsAttn,lh
5578,108,demo_parcel_108,3,DorsAttn,lh
5579,108,demo_parcel_108,3,DorsAttn,lh
5580,108,demo_parcel_108,3,DorsAttn,lh
5581,108,demo_parcel_108,3,DorsAttn,lh
5582,108,demo_parcel_108,3,DorsAttn,lh
5583,108,demo_parcel_108,3,DorsAttn,lh
5584,108,demo_parcel_108,3,DorsAttn,lh
5585,108,demo_parcel_108,3,DorsAttn,lh
5586,108,demo_parcel_108,3,DorsAttn,lh
5587,108,demo_parcel_108,3,DorsAttn,lh
5588,108,demo_parcel_108,3,DorsAttn,lh
5589,108,demo_parcel_108,3,DorsAttn,lh
5590,108,demo_parcel_108,3,DorsAttn,lh
5591,108,demo_parcel_108,3,DorsAttn,lh
5592,109,demo_parcel_109,4,SalVentAttn,lh
5593,109,demo_parcel_109,4,SalVentAttn,lh
5594,109,demo_parcel_109,4,SalVentAttn,lh
5595,109,demo_parcel_109,4,SalVentAttn,lh
5596,109,demo_parcel_109,4,SalVentAttn,lh
5597,109,demo_parcel_109,4,SalVentAttn,lh
5598,109,demo_parcel_109,4,SalVentAttn,lh
5599,109,demo_parcel_109,4,SalVentAttn,lh
5600,109,demo_parcel_109,4,SalVentAttn,lh
5601,109,demo_parcel_109,4,SalVentAttn,lh
5602,109,demo_parcel_109,4,SalVentAttn,lh
5603,109,demo_parcel_109,4,SalVentAttn,lh
5604,109,demo_parcel_109,4,SalVentAttn,lh
5605,109,demo_parcel_109,4,SalVentAttn,lh
5606,109,demo_parcel_109,4,SalVentAttn,lh
5607,109,demo_parcel_109,4,SalVentAttn,lh
5608,109,demo_parcel_109,4,SalVentAttn,lh
5609,109,demo_parcel_109,4,SalVentAttn,lh
5610,109,demo_parcel_109,4,SalVentAttn,lh
5611,109,demo_parcel_109,4,SalVentAttn,lh
5612,109,demo_parcel_109,4,SalVentAttn,lh
5613,109,demo_parcel_109,4,SalVentAttn,lh
5614,109,demo_parcel_109,4,SalVentAttn,lh
5615,109,demo_parcel_109,4,SalVentAttn,lh
5616,109,demo_parcel_109,4,SalVentAttn,lh
5617,109,demo_parcel_109,4,SalVentAttn,lh
5618,109,demo_parcel_109,4,SalVentAttn,lh
5619,109,demo_parcel_109,4,SalVentAttn,lh
5620,109,demo_parcel_109,4,SalVentAttn,lh
5621,109,demo_parcel_109,4,SalVentAttn,lh
5622,109,demo_parcel_109,4,SalVentAttn,lh
5623,109,demo_parcel_109,4,SalVentAttn,lh
5624,109,demo_parcel_109,4,SalVentAttn,lh
5625,109,demo_parcel_109,4,SalVentAttn,lh
5626,109,demo_parcel_109,4,SalVentAttn,lh
5627,109,demo_parcel_109,4,SalVentAttn,lh
5628,109,demo_parcel_109,4,SalVentAttn,lh
5629,109,demo_parcel_109,4,SalVentAttn,lh
5630,109,demo_parcel_109,4,SalVentAttn,lh
5631,109,demo_parcel_109,4,SalVentAttn,lh
5632,109,demo_parcel_109,4,SalVentAttn,lh
5633,109,demo_parcel_109,4,SalVentAttn,lh
5634,109,demo_parcel_109,4,SalVentAttn,lh
5635,109,demo_parcel_109,4,SalVentAttn,lh
5636,109,demo_parcel_109,4,SalVentAttn,lh
5637,109,demo_parcel_109,4,SalVentAttn,lh
5638,109,demo_parcel_109,4,SalVentAttn,lh
5639,109,demo_parcel_109,4,SalVentAttn,lh
5640,109,demo_parcel_109,4,SalVentAttn,lh
5641,109,demo_parcel_109,4,SalVentAttn,lh
5642,109,demo_parcel_109,4,SalVentAttn,lh
5643,110,demo_parcel_110,5,Limbic,lh
5644,110,demo_parcel_110,5,Limbic,lh
5645,110,demo_parcel_110,5,Limbic,lh
5646,110,demo_parcel_110,5,Limbic,lh
5647,110,demo_parcel_110,5,Limbic,lh
5648,110,demo_parcel_110,5,Limbic,lh
5649,110,demo_parcel_110,5,Limbic,lh
5650,110,demo_parcel_110,5,Limbic,lh
5651,110,demo_parcel_110,5,Limbic,lh
5652,110,demo_parcel_110,5,Limbic,lh
5653,110,demo_parcel_110,5,Limbic,lh
5654,110,demo_parcel_110,5,Limbic,lh
5655,110,demo_parcel_110,5,Limbic,lh
5656,110,demo_parcel_110,5,Limbic,lh
5657,110,demo_parcel_110,5,Limbic,lh
5658,110,demo_parcel_110,5,Limbic,lh
5659,110,demo_parcel_110,5,Limbic,lh
5660,110,demo_parcel_110,5,Limbic,lh
5661,110,demo_parcel_110,5,Limbic,lh
5662,110,demo_parcel_110,5,Limbic,lh
5663,110,demo_parcel_110,5,Limbic,lh
5664,110,demo_parcel_110,5,Limbic,lh
5665,110,demo_parcel_110,5,Limbic,lh
5666,110,demo_parcel_110,5,Limbic,lh
5667,110,demo_parcel_110,5,Limbic,lh
5668,110,demo_parcel_110,5,Limbic,lh
5669,110,demo_parcel_110,5,Limbic,lh
5670,110,demo_parcel_110,5,Limbic,lh
5671,110,demo_parcel_110,5,Limbic,lh
5672,110,demo_parcel_110,5,Limbic,lh
5673,110,demo_parcel_110,5,Limbic,lh
5674,110,demo_parcel_110,5,Limbic,lh
5675,110,demo_parcel_110,5,Limbic,lh
5676,110,demo_parcel_110,5,Limbic,lh
5677,110,demo_parcel_110,5,Limbic,lh
5678,110,demo_parcel_110,5,Limbic,lh
5679,110,demo_parcel_110,5,Limbic,lh
5680,110,demo_parcel_110,5,Limbic,lh
5681,110,demo_parcel_110,5,Limbic,lh
5682,110,demo_parcel_110,5,Limbic,lh
5683,110,demo_parcel_110,5,Limbic,lh
5684,110,demo_parcel_110,5,Limbic,lh
5685,110,demo_parcel_110,5,Limbic,lh
5686,110,demo_parcel_110,5,Limbic,lh
5687,110,demo_parcel_110,5,Limbic,lh
5688,110,demo_parcel_110,5,Limbic,lh
5689,110,demo_parcel_110,5,Limbic,lh
5690,110,demo_parcel_110,5,Limbic,lh
5691,110,demo_parcel_110,5,Limbic,lh
5692,110,demo_parcel_110,5,Limbic,lh
5693,110,demo_parcel_110,5,Limbic,lh
5694,111,demo_parcel_111,6,Cont,lh
5695,111,demo_parcel_111,6,Cont,lh
5696,111,demo_parcel_111,6,Cont,lh
5697,111,demo_parcel_111,6,Cont,lh
5698,111,demo_parcel_111,6,Cont,lh
5699,111,demo_parcel_111,6,Cont,lh
5700,111,demo_parcel_111,6,Cont,lh
5701,111,demo_parcel_111,6,Cont,lh
5702,111,demo_parcel_111,6,Cont,lh
5703,111,demo_parcel_111,6,Cont,lh
5704,111,demo_parcel_111,6,Cont,lh
5705,111,demo_parcel_111,6,Cont,lh
5706,111,demo_parcel_111,6,Cont,lh
5707,111,demo_parcel_111,6,Cont,lh
5708,111,demo_parcel_111,6,Cont,lh
5709,111,demo_parcel_111,6,Cont,lh
5710,111,demo_parcel_111,6,Cont,lh
5711,111,demo_parcel_111,6,Cont,lh
5712,111,demo_parcel_111,6,Cont,lh
5713,111,demo_parcel_111,6,Cont,lh
5714,111,demo_parcel_111,6,Cont,lh
5715,111,demo_parcel_111,6,Cont,lh
5716,111,demo_parcel_111,6,Cont,lh
5717,111,demo_parcel_111,6,Cont,lh
5718,111,demo_parcel_111,6,Cont,lh
5719,111,demo_parcel_111,6,Cont,lh
5720,111,demo_parcel_111,6,Cont,lh
5721,111,demo_parcel_111,6,Cont,lh
5722,111,demo_parcel_111,6,Cont,lh
5723,111,demo_parcel_111,6,Cont,lh
5724,111,demo_parcel_111,6,Cont,lh
5725,111,demo_parcel_111,6,Cont,lh
5726,111,demo_parcel_111,6,Cont,lh
5727,111,demo_parcel_111,6,Cont,lh
5728,111,demo_parcel_111,6,Cont,lh
5729,111,demo_parcel_111,6,Cont,lh
5730,111,demo_parcel_111,6,Cont,lh
5731,111,demo_parcel_111,6,Cont,lh
5732,111,demo_parcel_111,6,Cont,lh
5733,111,demo_parcel_111,6,Cont,lh
5734,111,demo_parcel_111,6,Cont,lh
5735,111,demo_parcel_111,6,Cont,lh
5736,111,demo_parcel_111,6,Cont,lh
5737,111,demo_parcel_111,6,Cont,lh
5738,111,demo_parcel_111,6,Cont,lh
5739,111,demo_parcel_111,6,Cont,lh
5740,111,demo_parcel_111,6,Cont,lh
5741,111,demo_parcel_111,6,Cont,lh
5742,111,demo_parcel_111,6,Cont,lh
5743,111,demo_parcel_111,6,Cont,lh
5744,111,demo_parcel_111,6,Cont,lh
5745,112,demo_parcel_112,7,Default,lh
5746,112,demo_parcel_112,7,Default,lh
5747,112,demo_parcel_112,7,Default,lh
5748,112,demo_parcel_112,7,Default,lh
5749,112,demo_parcel_112,7,Default,lh
5750,112,demo_parcel_112,7,Default,lh
5751,112,demo_parcel_112,7,Default,lh
5752,112,demo_parcel_112,7,Default,lh
5753,112,demo_parcel_112,7,Default,lh
5754,112,demo_parcel_112,7,Default,lh
5755,112,demo_parcel_112,7,Default,lh
5756,112,demo_parcel_112,7,Default,lh
5757,112,demo_parcel_112,7,Default,lh
5758,112,demo_parcel_112,7,Default,lh
5759,112,demo_parcel_112,7,Default,lh
5760,112,demo_parcel_112,7,Default,lh
5761,112,demo_parcel_112,7,Default,lh
5762,112,demo_parcel_112,7,Default,lh
5763,112,demo_parcel_112,7,Default,lh
5764,112,demo_parcel_112,7,Default,lh
5765,112,demo_parcel_112,7,Default,lh
5766,112,demo_parcel_112,7,Default,lh
5767,112,demo_parcel_112,7,Default,lh
5768,112,demo_parcel_112,7,Default,lh
5769,112,demo_parcel_112,7,Default,lh
5770,112,demo_parcel_112,7,Default,lh
5771,112,demo_parcel_112,7,Default,lh
5772,112,demo_parcel_112,7,Default,lh
5773,112,demo_parcel_112,7,Default,lh
5774,112,demo_parcel_112,7,Default,lh
5775,112,demo_parcel_112,7,Default,lh
5776,112,demo_parcel_112,7,Default,lh
5777,112,demo_parcel_112,7,Default,lh
5778,112,demo_parcel_112,7,Default,lh
5779,112,demo_parcel_112,7,Default,lh
5780,112,demo_parcel_112,7,Default,lh
5781,112,demo_parcel_112,7,Default,lh
5782,112,demo_parcel_112,7,Default,lh
5783,112,demo_parcel_112,7,Default,lh
5784,112,demo_parcel_112,7,Default,lh
5785,112,demo_parcel_112,7,Default,lh
5786,112,demo_parcel_112,7,Default,lh
5787,112,demo_parcel_112,7,Default,lh
5788,112,demo_parcel_112,7,Default,lh
5789,112,demo_parcel_112,7,Default,lh
5790,112,demo_parcel_112,7,Default,lh
5791,112,demo_parcel_112,7,Default,lh
5792,112,demo_parcel_112,7,Default,lh
5793,112,demo_parcel_112,7,Default,lh
5794,112,demo_parcel_112,7,Default,lh
5795,112,demo_parcel_112,7,Default,lh
5796,113,demo_parcel_113,1,Vis,lh
5797,113,demo_parcel_113,1,Vis,lh
5798,113,demo_parcel_113,1,Vis,lh
5799,113,demo_parcel_113,1,Vis,lh
5800,113,demo_parcel_113,1,Vis,lh
5801,113,demo_parcel_113,1,Vis,lh
5802,113,demo_parcel_113,1,Vis,lh
5803,113,demo_parcel_113,1,Vis,lh
5804,113,demo_parcel_113,1,Vis,lh
5805,113,demo_parcel_113,1,Vis,lh
5806,113,demo_parcel_113,1,Vis,lh
5807,113,demo_parcel_113,1,Vis,lh
5808,113,demo_parcel_113,1,Vis,lh
5809,113,demo_parcel_113,1,Vis,lh
5810,113,demo_parcel_113,1,Vis,lh
5811,113,demo_parcel_113,1,Vis,lh
5812,113,demo_parcel_113,1,Vis,lh
5813,113,demo_parcel_113,1,Vis,lh
5814,113,demo_parcel_113,1,Vis,lh
5815,113,demo_parcel_113,1,Vis,lh
5816,113,demo_parcel_113,1,Vis,lh
5817,113,demo_parcel_113,1,Vis,lh
5818,113,demo_parcel_113,1,Vis,lh
5819,113,demo_parcel_113,1,Vis,lh
5820,113,demo_parcel_113,1,Vis,lh
5821,113,demo_parcel_113,1,Vis,lh
5822,113,demo_parcel_113,1,Vis,lh
5823,113,demo_parcel_113,1,Vis,lh
5824,113,demo_parcel_113,1,Vis,lh
5825,113,demo_parcel_113,1,Vis,lh
5826,113,demo_parcel_113,1,Vis,lh
5827,113,demo_parcel_113,1,Vis,lh
5828,113,demo_parcel_113,1,Vis,lh
5829,113,demo_parcel_113,1,Vis,lh
5830,113,demo_parcel_113,1,Vis,lh
5831,113,demo_parcel_113,1,Vis,lh
5832,113,demo_parcel_113,1,Vis,lh
5833,113,demo_parcel_113,1,Vis,lh
5834,113,demo_parcel_113,1,Vis,lh
5835,113,demo_parcel_113,1,Vis,lh
5836,113,demo_parcel_113,1,Vis,lh
5837,113,demo_parcel_113,1,Vis,lh
5838,113,demo_parcel_113,1,Vis,lh
5839,113,demo_parcel_113,1,Vis,lh
5840,113,demo_parcel_113,1,Vis,lh
5841,113,demo_parcel_113,1,Vis,lh
5842,113,demo_parcel_113,1,Vis,lh
5843,113,demo_parcel_113,1,Vis,lh
5844,113,demo_parcel_113,1,Vis,lh
5845,113,demo_parcel_113,1,Vis,lh
5846,113,demo_parcel_113,1,Vis,lh
5847,114,demo_parcel_114,2,SomMot,lh
5848,114,demo_parcel_114,2,SomMot,lh
5849,114,demo_parcel_114,2,SomMot,lh
5850,114,demo_parcel_114,2,SomMot,lh
5851,114,demo_parcel_114,2,SomMot,lh
5852,114,demo_parcel_114,2,SomMot,lh
5853,114,demo_parcel_114,2,SomMot,lh
5854,114,demo_parcel_114,2,SomMot,lh
5855,114,demo_parcel_114,2,SomMot,lh
5856,114,demo_parcel_114,2,SomMot,lh
5857,114,demo_parcel_114,2,SomMot,lh
5858,114,demo_parcel_114,2,SomMot,lh
5859,114,demo_parcel_114,2,SomMot,lh
5860,114,demo_parcel_114,2,SomMot,lh
5861,114,demo_parcel_114,2,SomMot,lh
5862,114,demo_parcel_114,2,SomMot,lh
5863,114,demo_parcel_114,2,SomMot,lh
5864,114,demo_parcel_114,2,SomMot,lh
5865,114,demo_parcel_114,2,SomMot,lh
5866,114,demo_parcel_114,2,SomMot,lh
5867,114,demo_parcel_114,2,SomMot,lh
5868,114,demo_parcel_114,2,SomMot,lh
5869,114,demo_parcel_114,2,SomMot,lh
5870,114,demo_parcel_114,2,SomMot,lh
5871,114,demo_parcel_114,2,SomMot,lh
5872,114,demo_parcel_114,2,SomMot,lh
5873,114,demo_parcel_114,2,SomMot,lh
5874,114,demo_parcel_114,2,SomMot,lh
5875,114,demo_parcel_114,2,SomMot,lh
5876,114,demo_parcel_114,2,SomMot,lh
5877,114,demo_parcel_114,2,SomMot,lh
5878,114,demo_parcel_114,2,SomMot,lh
5879,114,demo_parcel_114,2,SomMot,lh
5880,114,demo_parcel_114,2,SomMot,lh
5881,114,demo_parcel_114,2,SomMot,lh
5882,114,demo_parcel_114,2,SomMot,lh
5883,114,demo_parcel_114,2,SomMot,lh
5884,114,demo_parcel_114,2,SomMot,lh
5885,114,demo_parcel_114,2,SomMot,lh
5886,114,demo_parcel_114,2,SomMot,lh
5887,114,demo_parcel_114,2,SomMot,lh
5888,114,demo_parcel_114,2,SomMot,lh
5889,114,demo_parcel_114,2,SomMot,lh
5890,114,demo_parcel_114,2,SomMot,lh
5891,114,demo_parcel_114,2,SomMot,lh
5892,114,demo_parcel_114,2,SomMot,lh
5893,114,demo_parcel_114,2,SomMot,lh
5894,114,demo_parcel_114,2,SomMot,lh
5895,114,demo_parcel_114,2,SomMot,lh
5896,114,demo_parcel_114,2,SomMot,lh
5897,114,demo_parcel_114,2,SomMot,lh
5898,115,demo_parcel_115,3,DorsAttn,lh
5899,115,demo_parcel_115,3,DorsAttn,lh
5900,115,demo_parcel_115,3,DorsAttn,lh
5901,115,demo_parcel_115,3,DorsAttn,lh
5902,115,demo_parcel_115,3,DorsAttn,lh
5903,115,demo_parcel_115,3,DorsAttn,lh
5904,115,demo_parcel_115,3,DorsAttn,lh
5905,115,demo_parcel_115,3,DorsAttn,lh
5906,115,demo_parcel_115,3,DorsAttn,lh
5907,115,demo_parcel_115,3,DorsAttn,lh
5908,115,demo_parcel_115,3,DorsAttn,lh
5909,115,demo_parcel_115,3,DorsAttn,lh
5910,115,demo_parcel_115,3,DorsAttn,lh
5911,115,demo_parcel_115,3,DorsAttn,lh
5912,115,demo_parcel_115,3,DorsAttn,lh
5913,115,demo_parcel_115,3,DorsAttn,lh
5914,115,demo_parcel_115,3,DorsAttn,lh
5915,115,demo_parcel_115,3,DorsAttn,lh
5916,115,demo_parcel_115,3,DorsAttn,lh
5917,115,demo_parcel_115,3,DorsAttn,lh
5918,115,demo_parcel_115,3,DorsAttn,lh
5919,115,demo_parcel_115,3,DorsAttn,lh
5920,115,demo_parcel_115,3,DorsAttn,lh
5921,115,demo_parcel_115,3,DorsAttn,lh
5922,115,demo_parcel_115,3,DorsAttn,lh
5923,115,demo_parcel_115,3,DorsAttn,lh
5924,115,demo_parcel_115,3,DorsAttn,lh
5925,115,demo_parcel_115,3,DorsAttn,lh
5926,115,demo_parcel_115,3,DorsAttn,lh
5927,115,demo_parcel_115,3,DorsAttn,lh
5928,115,demo_parcel_115,3,DorsAttn,lh
5929,115,demo_parcel_115,3,DorsAttn,lh
5930,115,demo_parcel_115,3,DorsAttn,lh
5931,115,demo_parcel_115,3,DorsAttn,lh
5932,115,demo_parcel_115,3,DorsAttn,lh
5933,115,demo_parcel_115,3,DorsAttn,lh
5934,115,demo_parcel_115,3,DorsAttn,lh
5935,115,demo_parcel_115,3,DorsAttn,lh
5936,115,demo_parcel_115,3,DorsAttn,lh
5937,115,demo_parcel_115,3,DorsAttn,lh
5938,115,demo_parcel_115,3,DorsAttn,lh
5939,115,demo_parcel_115,3,DorsAttn,lh
5940,115,demo_parcel_115,3,DorsAttn,lh
5941,115,demo_parcel_115,3,DorsAttn,lh
5942,115,demo_parcel_115,3,DorsAttn,lh
5943,115,demo_parcel_115,3,DorsAttn,lh
5944,115,demo_parcel_115,3,DorsAttn,lh
5945,115,demo_parcel_115,3,DorsAttn,lh
5946,115,demo_parcel_115,3,DorsAttn,lh
5947,115,demo_parcel_115,3,DorsAttn,lh
5948,115,demo_parcel_115,3,DorsAttn,lh
5949,116,demo_parcel_116,4,SalVentAttn,lh
5950,116,demo_parcel_116,4,SalVentAttn,lh
5951,116,demo_parcel_116,4,SalVentAttn,lh
5952,116,demo_parcel_116,4,SalVentAttn,lh
5953,116,demo_parcel_116,4,SalVentAttn,lh
5954,116,demo_parcel_116,4,SalVentAttn,lh
5955,116,demo_parcel_116,4,SalVentAttn,lh
5956,116,demo_parcel_116,4,SalVentAttn,lh
5957,116,demo_parcel_116,4,SalVentAttn,lh
5958,116,demo_parcel_116,4,SalVentAttn,lh
5959,116,demo_parcel_116,4,SalVentAttn,lh
5960,116,demo_parcel_116,4,SalVentAttn,lh
5961,116,demo_parcel_116,4,SalVentAttn,lh
5962,116,demo_parcel_116,4,SalVentAttn,lh
5963,116,demo_parcel_116,4,SalVentAttn,lh
5964,116,demo_parcel_116,4,SalVentAttn,lh
5965,116,demo_parcel_116,4,SalVentAttn,lh
5966,116,demo_parcel_116,4,SalVentAttn,lh
5967,116,demo_parcel_116,4,SalVentAttn,lh
5968,116,demo_parcel_116,4,SalVentAttn,lh
5969,116,demo_parcel_116,4,SalVentAttn,lh
5970,116,demo_parcel_116,4,SalVentAttn,lh
5971,116,demo_parcel_116,4,SalVentAttn,lh
5972,116,demo_parcel_116,4,SalVentAttn,lh
5973,116,demo_parcel_116,4,SalVentAttn,lh
5974,116,demo_parcel_116,4,SalVentAttn,lh
5975,116,demo_parcel_116,4,SalVentAttn,lh
5976,116,demo_parcel_116,4,SalVentAttn,lh
5977,116,demo_parcel_116,4,SalVentAttn,lh
5978,116,demo_parcel_116,4,SalVentAttn,lh
5979,116,demo_parcel_116,4,SalVentAttn,lh
5980,116,demo_parcel_116,4,SalVentAttn,lh
5981,116,demo_parcel_116,4,SalVentAttn,lh
5982,116,demo_parcel_116,4,SalVentAttn,lh
5983,116,demo_parcel_116,4,SalVentAttn,lh
5984,116,demo_parcel_116,4,SalVentAttn,lh
5985,116,demo_parcel_116,4,SalVentAttn,lh
5986,116,demo_parcel_116,4,SalVentAttn,lh
5987,116,demo_parcel_116,4,SalVentAttn,lh
5988,116,demo_parcel_116,4,SalVentAttn,lh
5989,116,demo_parcel_116,4,SalVentAttn,lh
5990,116,demo_parcel_116,4,SalVentAttn,lh
5991,116,demo_parcel_116,4,SalVentAttn,lh
5992,116,demo_parcel_116,4,SalVentAttn,lh
5993,116,demo_parcel_116,4,SalVentAttn,lh
5994,116,demo_parcel_116,4,SalVentAttn,lh
5995,116,demo_parcel_116,4,SalVentAttn,lh
5996,116,demo_parcel_116,4,SalVentAttn,lh
5997,116,demo_parcel_116,4,SalVentAttn,lh
5998,116,demo_parcel_116,4,SalVentAttn,lh
5999,116,demo_parcel_116,4,SalVentAttn,lh
6000,117,demo_parcel_117,5,Limbic,lh
6001,117,demo_parcel_117,5,Limbic,lh
6002,117,demo_parcel_117,5,Limbic,lh
6003,117,demo_parcel_117,5,Limbic,lh
6004,117,demo_parcel_117,5,Limbic,lh
6005,117,demo_parcel_117,5,Limbic,lh
6006,117,demo_parcel_117,5,Limbic,lh
6007,117,demo_parcel_117,5,Limbic,lh
6008,117,demo_parcel_117,5,Limbic,lh
6009,117,demo_parcel_117,5,Limbic,lh
6010,117,demo_parcel_117,5,Limbic,lh
6011,117,demo_parcel_117,5,Limbic,lh
6012,117,demo_parcel_117,5,Limbic,lh
6013,117,demo_parcel_117,5,Limbic,lh
6014,117,demo_parcel_117,5,Limbic,lh
6015,117,demo_parcel_117,5,Limbic,lh
6016,117,demo_parcel_117,5,Limbic,lh
6017,117,demo_parcel_117,5,Limbic,lh
6018,117,demo_parcel_117,5,Limbic,lh
6019,117,demo_parcel_117,5,Limbic,lh
6020,117,demo_parcel_117,5,Limbic,lh
6021,117,demo_parcel_117,5,Limbic,lh
6022,117,demo_parcel_117,5,Limbic,lh
6023,117,demo_parcel_117,5,Limbic,lh
6024,117,demo_parcel_117,5,Limbic,lh
6025,117,demo_parcel_117,5,Limbic,lh
6026,117,demo_parcel_117,5,Limbic,lh
6027,117,demo_parcel_117,5,Limbic,lh
6028,117,demo_parcel_117,5,Limbic,lh
6029,117,demo_parcel_117,5,Limbic,lh
6030,117,demo_parcel_117,5,Limbic,lh
6031,117,demo_parcel_117,5,Limbic,lh
6032,117,demo_parcel_117,5,Limbic,lh
6033,117,demo_parcel_117,5,Limbic,lh
6034,117,demo_parcel_117,5,Limbic,lh
6035,117,demo_parcel_117,5,Limbic,lh
6036,117,demo_parcel_117,5,Limbic,lh
6037,117,demo_parcel_117,5,Limbic,lh
6038,117,demo_parcel_117,5,Limbic,lh
6039,117,demo_parcel_117,5,Limbic,lh
6040,117,demo_parcel_117,5,Limbic,lh
6041,117,demo_parcel_117,5,Limbic,lh
6042,117,demo_parcel_117,5,Limbic,lh
6043,117,demo_parcel_117,5,Limbic,lh
6044,117,demo_parcel_117,5,Limbic,lh
6045,117,demo_parcel_117,5,Limbic,lh
6046,117,demo_parcel_117,5,Limbic,lh
6047,117,demo_parcel_117,5,Limbic,lh
6048,117,demo_parcel_117,5,Limbic,lh
6049,117,demo_parcel_117,5,Limbic,lh
6050,117,demo_parcel_117,5,Limbic,lh
6051,118,demo_parcel_118,6,Cont,lh
6052,118,demo_parcel_118,6,Cont,lh
6053,118,demo_parcel_118,6,Cont,lh
6054,118,demo_parcel_118,6,Cont,lh
6055,118,demo_parcel_118,6,Cont,lh
6056,118,demo_parcel_118,6,Cont,lh
6057,118,demo_parcel_118,6,Cont,lh
6058,118,demo_parcel_118,6,Cont,lh
6059,118,demo_parcel_118,6,Cont,lh
6060,118,demo_parcel_118,6,Cont,lh
6061,118,demo_parcel_118,6,Cont,lh
6062,118,demo_parcel_118,6,Cont,lh
6063,118,demo_parcel_118,6,Cont,lh
6064,118,demo_parcel_118,6,Cont,lh
6065,118,demo_parcel_118,6,Cont,lh
6066,118,demo_parcel_118,6,Cont,lh
6067,118,demo_parcel_118,6,Cont,lh
6068,118,demo_parcel_118,6,Cont,lh
6069,118,demo_parcel_118,6,Cont,lh
6070,118,demo_parcel_118,6,Cont,lh
6071,118,demo_parcel_118,6,Cont,lh
6072,118,demo_parcel_118,6,Cont,lh
6073,118,demo_parcel_118,6,Cont,lh
6074,118,demo_parcel_118,6,Cont,lh
6075,118,demo_parcel_118,6,Cont,lh
6076,118,demo_parcel_118,6,Cont,lh
6077,118,demo_parcel_118,6,Cont,lh
6078,118,demo_parcel_118,6,Cont,lh
6079,118,demo_parcel_118,6,Cont,lh
6080,118,demo_parcel_118,6,Cont,lh
6081,118,demo_parcel_118,6,Cont,lh
6082,118,demo_parcel_118,6,Cont,lh
6083,118,demo_parcel_118,6,Cont,lh
6084,118,demo_parcel_118,6,Cont,lh
6085,118,demo_parcel_118,6,Cont,lh
6086,118,demo_parcel_118,6,Cont,lh
6087,118,demo_parcel_118,6,Cont,lh
6088,118,demo_parcel_118,6,Cont,lh
6089,118,demo_parcel_118,6,Cont,lh
6090,118,demo_parcel_118,6,Cont,lh
6091,118,demo_parcel_118,6,Cont,lh
6092,118,demo_parcel_118,6,Cont,lh
6093,118,demo_parcel_118,6,Cont,lh
6094,118,demo_parcel_118,6,Cont,lh
6095,118,demo_parcel_118,6,Cont,lh
6096,118,demo_parcel_118,6,Cont,lh
6097,118,demo_parcel_118,6,Cont,lh
6098,118,demo_parcel_118,6,Cont,lh
6099,118,demo_parcel_118,6,Cont,lh
6100,118,demo_parcel_118,6,Cont,lh
6101,118,demo_parcel_118,6,Cont,lh
6102,119,demo_parcel_119,7,Default,lh
6103,119,demo_parcel_119,7,Default,lh
6104,119,demo_parcel_119,7,Default,lh
6105,119,demo_parcel_119,7,Default,lh
6106,119,demo_parcel_119,7,Default,lh
6107,119,demo_parcel_119,7,Default,lh
6108,119,demo_parcel_119,7,Default,lh
6109,119,demo_parcel_119,7,Default,lh
6110,119,demo_parcel_119,7,Default,lh
6111,119,demo_parcel_119,7,Default,lh
6112,119,demo_parcel_119,7,Default,lh
6113,119,demo_parcel_119,7,Default,lh
6114,119,demo_parcel_119,7,Default,lh
6115,119,demo_parcel_119,7,Default,lh
6116,119,demo_parcel_119,7,Default,lh
6117,119,demo_parcel_119,7,Default,lh
6118,119,demo_parcel_119,7,Default,lh
6119,119,demo_parcel_119,7,Default,lh
6120,119,demo_parcel_119,7,Default,lh
6121,119,demo_parcel_119,7,Default,lh
6122,119,demo_parcel_119,7,Default,lh
6123,119,demo_parcel_119,7,Default,lh
6124,119,demo_parcel_119,7,Default,lh
6125,119,demo_parcel_119,7,Default,lh
6126,119,demo_parcel_119,7,Default,lh
6127,119,demo_parcel_119,7,Default,lh
6128,119,demo_parcel_119,7,Default,lh
6129,119,demo_parcel_119,7,Default,lh
6130,119,demo_parcel_119,7,Default,lh
6131,119,demo_parcel_119,7,Default,lh
6132,119,demo_parcel_119,7,Default,lh
6133,119,demo_parcel_119,7,Default,lh
6134,119,demo_parcel_119,7,Default,lh
6135,119,demo_parcel_119,7,Default,lh
6136,119,demo_parcel_119,7,Default,lh
6137,119,demo_parcel_119,7,Default,lh
6138,119,demo_parcel_119,7,Default,lh
6139,119,demo_parcel_119,7,Default,lh
6140,119,demo_parcel_119,7,Default,lh
6141,119,demo_parcel_119,7,Default,lh
6142,119,demo_parcel_119,7,Default,lh
6143,119,demo_parcel_119,7,Default,lh
6144,119,demo_parcel_119,7,Default,lh
6145,119,demo_parcel_119,7,Default,lh
6146,119,demo_parcel_119,7,Default,lh
6147,119,demo_parcel_119,7,Default,lh
6148,119,demo_parcel_119,7,Default,lh
6149,119,demo_parcel_119,7,Default,lh
6150,119,demo_parcel_119,7,Default,lh
6151,119,demo_parcel_119,7,Default,lh
6152,119,demo_parcel_119,7,Default,lh
6153,120,demo_parcel_120,1,Vis,lh
6154,120,demo_parcel_120,1,Vis,lh
6155,120,demo_parcel_120,1,Vis,lh
6156,120,demo_parcel_120,1,Vis,lh
6157,120,demo_parcel_120,1,Vis,lh
6158,120,demo_parcel_120,1,Vis,lh
6159,120,demo_parcel_120,1,Vis,lh
6160,120,demo_parcel_120,1,Vis,lh
6161,120,demo_parcel_120,1,Vis,lh
6162,120,demo_parcel_120,1,Vis,lh
6163,120,demo_parcel_120,1,Vis,lh
6164,120,demo_parcel_120,1,Vis,lh
6165,120,demo_parcel_120,1,Vis,lh
6166,120,demo_parcel_120,1,Vis,lh
6167,120,demo_parcel_120,1,Vis,lh
6168,120,demo_parcel_120,1,Vis,lh
6169,120,demo_parcel_120,1,Vis,lh
6170,120,demo_parcel_120,1,Vis,lh
6171,120,demo_parcel_120,1,Vis,lh
6172,120,demo_parcel_120,1,Vis,lh
6173,120,demo_parcel_120,1,Vis,lh
6174,120,demo_parcel_120,1,Vis,lh
6175,120,demo_parcel_120,1,Vis,lh
6176,120,demo_parcel_120,1,Vis,lh
6177,120,demo_parcel_120,1,Vis,lh
6178,120,demo_parcel_120,1,Vis,lh
6179,120,demo_parcel_120,1,Vis,lh
6180,120,demo_parcel_120,1,Vis,lh
6181,120,demo_parcel_120,1,Vis,lh
6182,120,demo_parcel_120,1,Vis,lh
6183,120,demo_parcel_120,1,Vis,lh
6184,120,demo_parcel_120,1,Vis,lh
6185,120,demo_parcel_120,1,Vis,lh
6186,120,demo_parcel_120,1,Vis,lh
6187,120,demo_parcel_120,1,Vis,lh
6188,120,demo_parcel_120,1,Vis,lh
6189,120,demo_parcel_120,1,Vis,lh
6190,120,demo_parcel_120,1,Vis,lh
6191,120,demo_parcel_120,1,Vis,lh
6192,120,demo_parcel_120,1,Vis,lh
6193,120,demo_parcel_120,1,Vis,lh
6194,120,demo_parcel_120,1,Vis,lh
6195,120,demo_parcel_120,1,Vis,lh
6196,120,demo_parcel_120,1,Vis,lh
6197,120,demo_parcel_120,1,Vis,lh
6198,120,demo_parcel_120,1,Vis,lh
6199,120,demo_parcel_120,1,Vis,lh
6200,120,demo_parcel_120,1,Vis,lh
6201,120,demo_parcel_120,1,Vis,lh
6202,120,demo_parcel_120,1,Vis,lh
6203,120,demo_parcel_120,1,Vis,lh
6204,121,demo_parcel_121,2,SomMot,lh
6205,121,demo_parcel_121,2,SomMot,lh
6206,121,demo_parcel_121,2,SomMot,lh
6207,121,demo_parcel_121,2,SomMot,lh
6208,121,demo_parcel_121,2,SomMot,lh
6209,121,demo_parcel_121,2,SomMot,lh
6210,121,demo_parcel_121,2,SomMot,lh
6211,121,demo_parcel_121,2,SomMot,lh
6212,121,demo_parcel_121,2,SomMot,lh
6213,121,demo_parcel_121,2,SomMot,lh
6214,121,demo_parcel_121,2,SomMot,lh
6215,121,demo_parcel_121,2,SomMot,lh
6216,121,demo_parcel_121,2,SomMot,lh
6217,121,demo_parcel_121,2,SomMot,lh
6218,121,demo_parcel_121,2,SomMot,lh
6219,121,demo_parcel_121,2,SomMot,lh
6220,121,demo_parcel_121,2,SomMot,lh
6221,121,demo_parcel_121,2,SomMot,lh
6222,121,demo_parcel_121,2,SomMot,lh
6223,121,demo_parcel_121,2,SomMot,lh
6224,121,demo_parcel_121,2,SomMot,lh
6225,121,demo_parcel_121,2,SomMot,lh
6226,121,demo_parcel_121,2,SomMot,lh
6227,121,demo_parcel_121,2,SomMot,lh
6228,121,demo_parcel_121,2,SomMot,lh
6229,121,demo_parcel_121,2,SomMot,lh
6230,121,demo_parcel_121,2,SomMot,lh
6231,121,demo_parcel_121,2,SomMot,lh
6232,121,demo_parcel_121,2,SomMot,lh
6233,121,demo_parcel_121,2,SomMot,lh
6234,121,demo_parcel_121,2,SomMot,lh
6235,121,demo_parcel_121,2,SomMot,lh
6236,121,demo_parcel_121,2,SomMot,lh
6237,121,demo_parcel_121,2,SomMot,lh
6238,121,demo_parcel_121,2,SomMot,lh
6239,121,demo_parcel_121,2,SomMot,lh
6240,121,demo_parcel_121,2,SomMot,lh
6241,121,demo_parcel_121,2,SomMot,lh
6242,121,demo_parcel_121,2,SomMot,lh
6243,121,demo_parcel_121,2,SomMot,lh
6244,121,demo_parcel_121,2,SomMot,lh
6245,121,demo_parcel_121,2,SomMot,lh
6246,121,demo_parcel_121,2,SomMot,lh
6247,121,demo_parcel_121,2,SomMot,lh
6248,121,demo_parcel_121,2,SomMot,lh
6249,121,demo_parcel_121,2,SomMot,lh
6250,121,demo_parcel_121,2,SomMot,lh
6251,121,demo_parcel_121,2,SomMot,lh
6252,121,demo_parcel_121,2,SomMot,lh
6253,121,demo_parcel_121,2,SomMot,lh
6254,121,demo_parcel_121,2,SomMot,lh
6255,122,demo_parcel_122,3,DorsAttn,lh
6256,122,demo_parcel_122,3,DorsAttn,lh
6257,122,demo_parcel_122,3,DorsAttn,lh
6258,122,demo_parcel_122,3,DorsAttn,lh
6259,122,demo_parcel_122,3,DorsAttn,lh
6260,122,demo_parcel_122,3,DorsAttn,lh
6261,122,demo_parcel_122,3,DorsAttn,lh
6262,122,demo_parcel_122,3,DorsAttn,lh
6263,122,demo_parcel_122,3,DorsAttn,lh
6264,122,demo_parcel_122,3,DorsAttn,lh
6265,122,demo_parcel_122,3,DorsAttn,lh
6266,122,demo_parcel_122,3,DorsAttn,lh
6267,122,demo_parcel_122,3,DorsAttn,lh
6268,122,demo_parcel_122,3,DorsAttn,lh
6269,122,demo_parcel_122,3,DorsAttn,lh
6270,122,demo_parcel_122,3,DorsAttn,lh
6271,122,demo_parcel_122,3,DorsAttn,lh
6272,122,demo_parcel_122,3,DorsAttn,lh
6273,122,demo_parcel_122,3,DorsAttn,lh
6274,122,demo_parcel_122,3,DorsAttn,lh
6275,122,demo_parcel_122,3,DorsAttn,lh
6276,122,demo_parcel_122,3,DorsAttn,lh
6277,122,demo_parcel_122,3,DorsAttn,lh
6278,122,demo_parcel_122,3,DorsAttn,lh
6279,122,demo_parcel_122,3,DorsAttn,lh
6280,122,demo_parcel_122,3,DorsAttn,lh
6281,122,demo_parcel_122,3,DorsAttn,lh
6282,122,demo_parcel_122,3,DorsAttn,lh
6283,122,demo_parcel_122,3,DorsAttn,lh
6284,122,demo_parcel_122,3,DorsAttn,lh
6285,122,demo_parcel_122,3,DorsAttn,lh
6286,122,demo_parcel_122,3,DorsAttn,lh
6287,122,demo_parcel_122,3,DorsAttn,lh
6288,122,demo_parcel_122,3,DorsAttn,lh
6289,122,demo_parcel_122,3,DorsAttn,lh
6290,122,demo_parcel_122,3,DorsAttn,lh
6291,122,demo_parcel_122,3,DorsAttn,lh
6292,122,demo_parcel_122,3,DorsAttn,lh
6293,122,demo_parcel_122,3,DorsAttn,lh
6294,122,demo_parcel_122,3,DorsAttn,lh
6295,122,demo_parcel_122,3,DorsAttn,lh
6296,122,demo_parcel_122,3,DorsAttn,lh
6297,122,demo_parcel_122,3,DorsAttn,lh
6298,122,demo_parcel_122,3,DorsAttn,lh
6299,122,demo_parcel_122,3,DorsAttn,lh
6300,122,demo_parcel_122,3,DorsAttn,lh
6301,122,demo_parcel_122,3,DorsAttn,lh
6302,122,demo_parcel_122,3,DorsAttn,lh
6303,122,demo_parcel_122,3,DorsAttn,lh
6304,122,demo_parcel_122,3,DorsAttn,lh
6305,122,demo_parcel_122,3,DorsAttn,lh
6306,123,demo_parcel_123,4,SalVentAttn,lh
6307,123,demo_parcel_123,4,SalVentAttn,lh
6308,123,demo_parcel_123,4,SalVentAttn,lh
6309,123,demo_parcel_123,4,SalVentAttn,lh
6310,123,demo_parcel_123,4,SalVentAttn,lh
6311,123,demo_parcel_123,4,SalVentAttn,lh
6312,123,demo_parcel_123,4,SalVentAttn,lh
6313,123,demo_parcel_123,4,SalVentAttn,lh
6314,123,demo_parcel_123,4,SalVentAttn,lh
6315,123,demo_parcel_123,4,SalVentAttn,lh
6316,123,demo_parcel_123,4,SalVentAttn,lh
6317,123,demo_parcel_123,4,SalVentAttn,lh
6318,123,demo_parcel_123,4,SalVentAttn,lh
6319,123,demo_parcel_123,4,SalVentAttn,lh
6320,123,demo_parcel_123,4,SalVentAttn,lh
6321,123,demo_parcel_123,4,SalVentAttn,lh
6322,123,demo_parcel_123,4,SalVentAttn,lh
6323,123,demo_parcel_123,4,SalVentAttn,lh
6324,123,demo_parcel_123,4,SalVentAttn,lh
6325,123,demo_parcel_123,4,SalVentAttn,lh
6326,123,demo_parcel_123,4,SalVentAttn,lh
6327,123,demo_parcel_123,4,SalVentAttn,lh
6328,123,demo_parcel_123,4,SalVentAttn,lh
6329,123,demo_parcel_123,4,SalVentAttn,lh
6330,123,demo_parcel_123,4,SalVentAttn,lh
6331,123,demo_parcel_123,4,SalVentAttn,lh
6332,123,demo_parcel_123,4,SalVentAttn,lh
6333,123,demo_parcel_123,4,SalVentAttn,lh
6334,123,demo_parcel_123,4,SalVentAttn,lh
6335,123,demo_parcel_123,4,SalVentAttn,lh
6336,123,demo_parcel_123,4,SalVentAttn,lh
6337,123,demo_parcel_123,4,SalVentAttn,lh
6338,123,demo_parcel_123,4,SalVentAttn,lh
6339,123,demo_parcel_123,4,SalVentAttn,lh
6340,123,demo_parcel_123,4,SalVentAttn,lh
6341,123,demo_parcel_123,4,SalVentAttn,lh
6342,123,demo_parcel_123,4,SalVentAttn,lh
6343,123,demo_parcel_123,4,SalVentAttn,lh
6344,123,demo_parcel_123,4,SalVentAttn,lh
6345,123,demo_parcel_123,4,SalVentAttn,lh
6346,123,demo_parcel_123,4,SalVentAttn,lh
6347,123,demo_parcel_123,4,SalVentAttn,lh
6348,123,demo_parcel_123,4,SalVentAttn,lh
6349,123,demo_parcel_123,4,SalVentAttn,lh
6350,123,demo_parcel_123,4,SalVentAttn,lh
6351,123,demo_parcel_123,4,SalVentAttn,lh
6352,123,demo_parcel_123,4,SalVentAttn,lh
6353,123,demo_parcel_123,4,SalVentAttn,lh
6354,123,demo_parcel_123,4,SalVentAttn,lh
6355,123,demo_parcel_123,4,SalVentAttn,lh
6356,123,demo_parcel_123,4,SalVentAttn,lh
6357,124,demo_parcel_124,5,Limbic,lh
6358,124,demo_parcel_124,5,Limbic,lh
6359,124,demo_parcel_124,5,Limbic,lh
6360,124,demo_parcel_124,5,Limbic,lh
6361,124,demo_parcel_124,5,Limbic,lh
6362,124,demo_parcel_124,5,Limbic,lh
6363,124,demo_parcel_124,5,Limbic,lh
6364,124,demo_parcel_124,5,Limbic,lh
6365,124,demo_parcel_124,5,Limbic,lh
6366,124,demo_parcel_124,5,Limbic,lh
6367,124,demo_parcel_124,5,Limbic,lh
6368,124,demo_parcel_124,5,Limbic,lh
6369,124,demo_parcel_124,5,Limbic,lh
6370,124,demo_parcel_124,5,Limbic,lh
6371,124,demo_parcel_124,5,Limbic,lh
6372,124,demo_parcel_124,5,Limbic,lh
6373,124,demo_parcel_124,5,Limbic,lh
6374,124,demo_parcel_124,5,Limbic,lh
6375,124,demo_parcel_124,5,Limbic,lh
6376,124,demo_parcel_124,5,Limbic,lh
6377,124,demo_parcel_124,5,Limbic,lh
6378,124,demo_parcel_124,5,Limbic,lh
6379,124,demo_parcel_124,5,Limbic,lh
6380,124,demo_parcel_124,5,Limbic,lh
6381,124,demo_parcel_124,5,Limbic,lh
6382,124,demo_parcel_124,5,Limbic,lh
6383,124,demo_parcel_124,5,Limbic,lh
6384,124,demo_parcel_124,5,Limbic,lh
6385,124,demo_parcel_124,5,Limbic,lh
6386,124,demo_parcel_124,5,Limbic,lh
6387,124,demo_parcel_124,5,Limbic,lh
6388,124,demo_parcel_124,5,Limbic,lh
6389,124,demo_parcel_124,5,Limbic,lh
6390,124,demo_parcel_124,5,Limbic,lh
6391,124,demo_parcel_124,5,Limbic,lh
6392,124,demo_parcel_124,5,Limbic,lh
6393,124,demo_parcel_124,5,Limbic,lh
6394,124,demo_parcel_124,5,Limbic,lh
6395,124,demo_parcel_124,5,Limbic,lh
6396,124,demo_parcel_124,5,Limbic,lh
6397,124,demo_parcel_124,5,Limbic,lh
6398,124,demo_parcel_124,5,Limbic,lh
6399,124,demo_parcel_124,5,Limbic,lh
6400,124,demo_parcel_124,5,Limbic,lh
6401,124,demo_parcel_124,5,Limbic,lh
6402,124,demo_parcel_124,5,Limbic,lh
6403,124,demo_parcel_124,5,Limbic,lh
6404,124,demo_parcel_124,5,Limbic,lh
6405,124,demo_parcel_124,5,Limbic,lh
6406,124,demo_parcel_124,5,Limbic,lh
6407,124,demo_parcel_124,5,Limbic,lh
6408,125,demo_parcel_125,6,Cont,lh
6409,125,demo_parcel_125,6,Cont,lh
6410,125,demo_parcel_125,6,Cont,lh
6411,125,demo_parcel_125,6,Cont,lh
6412,125,demo_parcel_125,6,Cont,lh
6413,125,demo_parcel_125,6,Cont,lh
6414,125,demo_parcel_125,6,Cont,lh
6415,125,demo_parcel_125,6,Cont,lh
6416,125,demo_parcel_125,6,Cont,lh
6417,125,demo_parcel_125,6,Cont,lh
6418,125,demo_parcel_125,6,Cont,lh
6419,125,demo_parcel_125,6,Cont,lh
6420,125,demo_parcel_125,6,Cont,lh
6421,125,demo_parcel_125,6,Cont,lh
6422,125,demo_parcel_125,6,Cont,lh
6423,125,demo_parcel_125,6,Cont,lh
6424,125,demo_parcel_125,6,Cont,lh
6425,125,demo_parcel_125,6,Cont,lh
6426,125,demo_parcel_125,6,Cont,lh
6427,125,demo_parcel_125,6,Cont,lh
6428,125,demo_parcel_125,6,Cont,lh
6429,125,demo_parcel_125,6,Cont,lh
6430,125,demo_parcel_125,6,Cont,lh
6431,125,demo_parcel_125,6,Cont,lh
6432,125,demo_parcel_125,6,Cont,lh
6433,125,demo_parcel_125,6,Cont,lh
6434,125,demo_parcel_125,6,Cont,lh
6435,125,demo_parcel_125,6,Cont,lh
6436,125,demo_parcel_125,6,Cont,lh
6437,125,demo_parcel_125,6,Cont,lh
6438,125,demo_parcel_125,6,Cont,lh
6439,125,demo_parcel_125,6,Cont,lh
6440,125,demo_parcel_125,6,Cont,lh
6441,125,demo_parcel_125,6,Cont,lh
6442,125,demo_parcel_125,6,Cont,lh
6443,125,demo_parcel_125,6,Cont,lh
6444,125,demo_parcel_125,6,Cont,lh
6445,125,demo_parcel_125,6,Cont,lh
6446,125,demo_parcel_125,6,Cont,lh
6447,125,demo_parcel_125,6,Cont,lh
6448,125,demo_parcel_125,6,Cont,lh
6449,125,demo_parcel_125,6,Cont,lh
6450,125,demo_parcel_125,6,Cont,lh
6451,125,demo_parcel_125,6,Cont,lh
6452,125,demo_parcel_125,6,Cont,lh
6453,125,demo_parcel_125,6,Cont,lh
6454,125,demo_parcel_125,6,Cont,lh
6455,125,demo_parcel_125,6,Cont,lh
6456,125,demo_parcel_125,6,Cont,lh
6457,125,demo_parcel_125,6,Cont,lh
6458,125,demo_parcel_125,6,Cont,lh
6459,126,demo_parcel_126,7,Default,lh
6460,126,demo_parcel_126,7,Default,lh
6461,126,demo_parcel_126,7,Default,lh
6462,126,demo_parcel_126,7,Default,lh
6463,126,demo_parcel_126,7,Default,lh
6464,126,demo_parcel_126,7,Default,lh
6465,126,demo_parcel_126,7,Default,lh
6466,126,demo_parcel_126,7,Default,lh
6467,126,demo_parcel_126,7,Default,lh
6468,126,demo_parcel_126,7,Default,lh
6469,126,demo_parcel_126,7,Default,lh
6470,126,demo_parcel_126,7,Default,lh
6471,126,demo_parcel_126,7,Default,lh
6472,126,demo_parcel_126,7,Default,lh
6473,126,demo_parcel_126,7,Default,lh
6474,126,demo_parcel_126,7,Default,lh
6475,126,demo_parcel_126,7,Default,lh
6476,126,demo_parcel_126,7,Default,lh
6477,126,demo_parcel_126,7,Default,lh
6478,126,demo_parcel_126,7,Default,lh
6479,126,demo_parcel_126,7,Default,lh
6480,126,demo_parcel_126,7,Default,lh
6481,126,demo_parcel_126,7,Default,lh
6482,126,demo_parcel_126,7,Default,lh
6483,126,demo_parcel_126,7,Default,lh
6484,126,demo_parcel_126,7,Default,lh
6485,126,demo_parcel_126,7,Default,lh
6486,126,demo_parcel_126,7,Default,lh
6487,126,demo_parcel_126,7,Default,lh
6488,126,demo_parcel_126,7,Default,lh
6489,126,demo_parcel_126,7,Default,lh
6490,126,demo_parcel_126,7,Default,lh
6491,126,demo_parcel_126,7,Default,lh
6492,126,demo_parcel_126,7,Default,lh
6493,126,demo_parcel_126,7,Default,lh
6494,126,demo_parcel_126,7,Default,lh
6495,126,demo_parcel_126,7,Default,lh
6496,126,demo_parcel_126,7,Default,lh
6497,126,demo_parcel_126,7,Default,lh
6498,126,demo_parcel_126,7,Default,lh
6499,126,demo_parcel_126,7,Default,lh
6500,126,demo_parcel_126,7,Default,lh
6501,126,demo_parcel_126,7,Default,lh
6502,126,demo_parcel_126,7,Default,lh
6503,126,demo_parcel_126,7,Default,lh
6504,126,demo_parcel_126,7,Default,lh
6505,126,demo_parcel_126,7,Default,lh
6506,126,demo_parcel_126,7,Default,lh
6507,126,demo_parcel_126,7,Default,lh
6508,126,demo_parcel_126,7,Default,lh
6509,126,demo_parcel_126,7,Default,lh
6510,127,demo_parcel_127,1,Vis,lh
6511,127,demo_parcel_127,1,Vis,lh
6512,127,demo_parcel_127,1,Vis,lh
6513,127,demo_parcel_127,1,Vis,lh
6514,127,demo_parcel_127,1,Vis,lh
6515,127,demo_parcel_127,1,Vis,lh
6516,127,demo_parcel_127,1,Vis,lh
6517,127,demo_parcel_127,1,Vis,lh
6518,127,demo_parcel_127,1,Vis,lh
6519,127,demo_parcel_127,1,Vis,lh
6520,127,demo_parcel_127,1,Vis,lh
6521,127,demo_parcel_127,1,Vis,lh
6522,127,demo_parcel_127,1,Vis,lh
6523,127,demo_parcel_127,1,Vis,lh
6524,127,demo_parcel_127,1,Vis,lh
6525,127,demo_parcel_127,1,Vis,lh
6526,127,demo_parcel_127,1,Vis,lh
6527,127,demo_parcel_127,1,Vis,lh
6528,127,demo_parcel_127,1,Vis,lh
6529,127,demo_parcel_127,1,Vis,lh
6530,127,demo_parcel_127,1,Vis,lh
6531,127,demo_parcel_127,1,Vis,lh
6532,127,demo_parcel_127,1,Vis,lh
6533,127,demo_parcel_127,1,Vis,lh
6534,127,demo_parcel_127,1,Vis,lh
6535,127,demo_parcel_127,1,Vis,lh
6536,127,demo_parcel_127,1,Vis,lh
6537,127,demo_parcel_127,1,Vis,lh
6538,127,demo_parcel_127,1,Vis,lh
6539,127,demo_parcel_127,1,Vis,lh
6540,127,demo_parcel_127,1,Vis,lh
6541,127,demo_parcel_127,1,Vis,lh
6542,127,demo_parcel_127,1,Vis,lh
6543,127,demo_parcel_127,1,Vis,lh
6544,127,demo_parcel_127,1,Vis,lh
6545,127,demo_parcel_127,1,Vis,lh
6546,127,demo_parcel_127,1,Vis,lh
6547,127,demo_parcel_127,1,Vis,lh
6548,127,demo_parcel_127,1,Vis,lh
6549,127,demo_parcel_127,1,Vis,lh
6550,127,demo_parcel_127,1,Vis,lh
6551,127,demo_parcel_127,1,Vis,lh
6552,127,demo_parcel_127,1,Vis,lh
6553,127,demo_parcel_127,1,Vis,lh
6554,127,demo_parcel_127,1,Vis,lh
6555,127,demo_parcel_127,1,Vis,lh
6556,127,demo_parcel_127,1,Vis,lh
6557,127,demo_parcel_127,1,Vis,lh
6558,127,demo_parcel_127,1,Vis,lh
6559,127,demo_parcel_127,1,Vis,lh
6560,127,demo_parcel_127,1,Vis,lh
6561,128,demo_parcel_128,2,SomMot,lh
6562,128,demo_parcel_128,2,SomMot,lh
6563,128,demo_parcel_128,2,SomMot,lh
6564,128,demo_parcel_128,2,SomMot,lh
6565,128,demo_parcel_128,2,SomMot,lh
6566,128,demo_parcel_128,2,SomMot,lh
6567,128,demo_parcel_128,2,SomMot,lh
6568,128,demo_parcel_128,2,SomMot,lh
6569,128,demo_parcel_128,2,SomMot,lh
6570,128,demo_parcel_128,2,SomMot,lh
6571,128,demo_parcel_128,2,SomMot,lh
6572,128,demo_parcel_128,2,SomMot,lh
6573,128,demo_parcel_128,2,SomMot,lh
6574,128,demo_parcel_128,2,SomMot,lh
6575,128,demo_parcel_128,2,SomMot,lh
6576,128,demo_parcel_128,2,SomMot,lh
6577,128,demo_parcel_128,2,SomMot,lh
6578,128,demo_parcel_128,2,SomMot,lh
6579,128,demo_parcel_128,2,SomMot,lh
6580,128,demo_parcel_128,2,SomMot,lh
6581,128,demo_parcel_128,2,SomMot,lh
6582,128,demo_parcel_128,2,SomMot,lh
6583,128,demo_parcel_128,2,SomMot,lh
6584,128,demo_parcel_128,2,SomMot,lh
6585,128,demo_parcel_128,2,SomMot,lh
6586,128,demo_parcel_128,2,SomMot,lh
6587,128,demo_parcel_128,2,SomMot,lh
6588,128,demo_parcel_128,2,SomMot,lh
6589,128,demo_parcel_128,2,SomMot,lh
6590,128,demo_parcel_128,2,SomMot,lh
6591,128,demo_parcel_128,2,SomMot,lh
6592,128,demo_parcel_128,2,SomMot,lh
6593,128,demo_parcel_128,2,SomMot,lh
6594,128,demo_parcel_128,2,SomMot,lh
6595,128,demo_parcel_128,2,SomMot,lh
6596,128,demo_parcel_128,2,SomMot,lh
6597,128,demo_parcel_128,2,SomMot,lh
6598,128,demo_parcel_128,2,SomMot,lh
6599,128,demo_parcel_128,2,SomMot,lh
6600,128,demo_parcel_128,2,SomMot,lh
6601,128,demo_parcel_128,2,SomMot,lh
6602,128,demo_parcel_128,2,SomMot,lh
6603,128,demo_parcel_128,2,SomMot,lh
6604,128,demo_parcel_128,2,SomMot,lh
6605,128,demo_parcel_128,2,SomMot,lh
6606,128,demo_parcel_128,2,SomMot,lh
6607,128,demo_parcel_128,2,SomMot,lh
6608,128,demo_parcel_128,2,SomMot,lh
6609,128,demo_parcel_128,2,SomMot,lh
6610,128,demo_parcel_128,2,SomMot,lh
6611,128,demo_parcel_128,2,SomMot,lh
6612,129,demo_parcel_129,3,DorsAttn,lh
6613,129,demo_parcel_129,3,DorsAttn,lh
6614,129,demo_parcel_129,3,DorsAttn,lh
6615,129,demo_parcel_129,3,DorsAttn,lh
6616,129,demo_parcel_129,3,DorsAttn,lh
6617,129,demo_parcel_129,3,DorsAttn,lh
6618,129,demo_parcel_129,3,DorsAttn,lh
6619,129,demo_parcel_129,3,DorsAttn,lh
6620,129,demo_parcel_129,3,DorsAttn,lh
6621,129,demo_parcel_129,3,DorsAttn,lh
6622,129,demo_parcel_129,3,DorsAttn,lh
6623,129,demo_parcel_129,3,DorsAttn,lh
6624,129,demo_parcel_129,3,DorsAttn,lh
6625,129,demo_parcel_129,3,DorsAttn,lh
6626,129,demo_parcel_129,3,DorsAttn,lh
6627,129,demo_parcel_129,3,DorsAttn,lh
6628,129,demo_parcel_129,3,DorsAttn,lh
6629,129,demo_parcel_129,3,DorsAttn,lh
6630,129,demo_parcel_129,3,DorsAttn,lh
6631,129,demo_parcel_129,3,DorsAttn,lh
6632,129,demo_parcel_129,3,DorsAttn,lh
6633,129,demo_parcel_129,3,DorsAttn,lh
6634,129,demo_parcel_129,3,DorsAttn,lh
6635,129,demo_parcel_129,3,DorsAttn,lh
6636,129,demo_parcel_129,3,DorsAttn,lh
6637,129,demo_parcel_129,3,DorsAttn,lh
6638,129,demo_parcel_129,3,DorsAttn,lh
6639,129,demo_parcel_129,3,DorsAttn,lh
6640,129,demo_parcel_129,3,DorsAttn,lh
6641,129,demo_parcel_129,3,DorsAttn,lh
6642,129,demo_parcel_129,3,DorsAttn,lh
6643,129,demo_parcel_129,3,DorsAttn,lh
6644,129,demo_parcel_129,3,DorsAttn,lh
6645,129,demo_parcel_129,3,DorsAttn,lh
6646,129,demo_parcel_129,3,DorsAttn,lh
6647,129,demo_parcel_129,3,DorsAttn,lh
6648,129,demo_parcel_129,3,DorsAttn,lh
6649,129,demo_parcel_129,3,DorsAttn,lh
6650,129,demo_parcel_129,3,DorsAttn,lh
6651,129,demo_parcel_129,3,DorsAttn,lh
6652,129,demo_parcel_129,3,DorsAttn,lh
6653,129,demo_parcel_129,3,DorsAttn,lh
6654,129,demo_parcel_129,3,DorsAttn,lh
6655,129,demo_parcel_129,3,DorsAttn,lh
6656,129,demo_parcel_129,3,DorsAttn,lh
6657,129,demo_parcel_129,3,DorsAttn,lh
6658,129,demo_parcel_129,3,DorsAttn,lh
6659,129,demo_parcel_129,3,DorsAttn,lh
6660,129,demo_parcel_129,3,DorsAttn,lh
6661,129,demo_parcel_129,3,DorsAttn,lh
6662,129,demo_parcel_129,3,DorsAttn,lh
6663,130,demo_parcel_130,4,SalVentAttn,lh
6664,130,demo_parcel_130,4,SalVentAttn,lh
6665,130,demo_parcel_130,4,SalVentAttn,lh
6666,130,demo_parcel_130,4,SalVentAttn,lh
6667,130,demo_parcel_130,4,SalVentAttn,lh
6668,130,demo_parcel_130,4,SalVentAttn,lh
6669,130,demo_parcel_130,4,SalVentAttn,lh
6670,130,demo_parcel_130,4,SalVentAttn,lh
6671,130,demo_parcel_130,4,SalVentAttn,lh
6672,130,demo_parcel_130,4,SalVentAttn,lh
6673,130,demo_parcel_130,4,SalVentAttn,lh
6674,130,demo_parcel_130,4,SalVentAttn,lh
6675,130,demo_parcel_130,4,SalVentAttn,lh
6676,130,demo_parcel_130,4,SalVentAttn,lh
6677,130,demo_parcel_130,4,SalVentAttn,lh
6678,130,demo_parcel_130,4,SalVentAttn,lh
6679,130,demo_parcel_130,4,SalVentAttn,lh
6680,130,demo_parcel_130,4,SalVentAttn,lh
6681,130,demo_parcel_130,4,SalVentAttn,lh
6682,130,demo_parcel_130,4,SalVentAttn,lh
6683,130,demo_parcel_130,4,SalVentAttn,lh
6684,130,demo_parcel_130,4,SalVentAttn,lh
6685,130,demo_parcel_130,4,SalVentAttn,lh
6686,130,demo_parcel_130,4,SalVentAttn,lh
6687,130,demo_parcel_130,4,SalVentAttn,lh
6688,130,demo_parcel_130,4,SalVentAttn,lh
6689,130,demo_parcel_130,4,SalVentAttn,lh
6690,130,demo_parcel_130,4,SalVentAttn,lh
6691,130,demo_parcel_130,4,SalVentAttn,lh
6692,130,demo_parcel_130,4,SalVentAttn,lh
6693,130,demo_parcel_130,4,SalVentAttn,lh
6694,130,demo_parcel_130,4,SalVentAttn,lh
6695,130,demo_parcel_130,4,SalVentAttn,lh
6696,130,demo_parcel_130,4,SalVentAttn,lh
6697,130,demo_parcel_130,4,SalVentAttn,lh
6698,130,demo_parcel_130,4,SalVentAttn,lh
6699,130,demo_parcel_130,4,SalVentAttn,lh
6700,130,demo_parcel_130,4,SalVentAttn,lh
6701,130,demo_parcel_130,4,SalVentAttn,lh
6702,130,demo_parcel_130,4,SalVentAttn,lh
6703,130,demo_parcel_130,4,SalVentAttn,lh
6704,130,demo_parcel_130,4,SalVentAttn,lh
6705,130,demo_parcel_130,4,SalVentAttn,lh
6706,130,demo_parcel_130,4,SalVentAttn,lh
6707,130,demo_parcel_130,4,SalVentAttn,lh
6708,130,demo_parcel_130,4,SalVentAttn,lh
6709,130,demo_parcel_130,4,SalVentAttn,lh
6710,130,demo_parcel_130,4,SalVentAttn,lh
6711,130,demo_parcel_130,4,SalVentAttn,lh
6712,130,demo_parcel_130,4,SalVentAttn,lh
6713,130,demo_parcel_130,4,SalVentAttn,lh
6714,131,demo_parcel_131,5,Limbic,lh
6715,131,demo_parcel_131,5,Limbic,lh
6716,131,demo_parcel_131,5,Limbic,lh
6717,131,demo_parcel_131,5,Limbic,lh
6718,131,demo_parcel_131,5,Limbic,lh
6719,131,demo_parcel_131,5,Limbic,lh
6720,131,demo_parcel_131,5,Limbic,lh
6721,131,demo_parcel_131,5,Limbic,lh
6722,131,demo_parcel_131,5,Limbic,lh
6723,131,demo_parcel_131,5,Limbic,lh
6724,131,demo_parcel_131,5,Limbic,lh
6725,131,demo_parcel_131,5,Limbic,lh
6726,131,demo_parcel_131,5,Limbic,lh
6727,131,demo_parcel_131,5,Limbic,lh
6728,131,demo_parcel_131,5,Limbic,lh
6729,131,demo_parcel_131,5,Limbic,lh
6730,131,demo_parcel_131,5,Limbic,lh
6731,131,demo_parcel_131,5,Limbic,lh
6732,131,demo_parcel_131,5,Limbic,lh
6733,131,demo_parcel_131,5,Limbic,lh
6734,131,demo_parcel_131,5,Limbic,lh
6735,131,demo_parcel_131,5,Limbic,lh
6736,131,demo_parcel_131,5,Limbic,lh
6737,131,demo_parcel_131,5,Limbic,lh
6738,131,demo_parcel_131,5,Limbic,lh
6739,131,demo_parcel_131,5,Limbic,lh
6740,131,demo_parcel_131,5,Limbic,lh
6741,131,demo_parcel_131,5,Limbic,lh
6742,131,demo_parcel_131,5,Limbic,lh
6743,131,demo_parcel_131,5,Limbic,lh
6744,131,demo_parcel_131,5,Limbic,lh
6745,131,demo_parcel_131,5,Limbic,lh
6746,131,demo_parcel_131,5,Limbic,lh
6747,131,demo_parcel_131,5,Limbic,lh
6748,131,demo_parcel_131,5,Limbic,lh
6749,131,demo_parcel_131,5,Limbic,lh
6750,131,demo_parcel_131,5,Limbic,lh
6751,131,demo_parcel_131,5,Limbic,lh
6752,131,demo_parcel_131,5,Limbic,lh
6753,131,demo_parcel_131,5,Limbic,lh
6754,131,demo_parcel_131,5,Limbic,lh
6755,131,demo_parcel_131,5,Limbic,lh
6756,131,demo_parcel_131,5,Limbic,lh
6757,131,demo_parcel_131,5,Limbic,lh
6758,131,demo_parcel_131,5,Limbic,lh
6759,131,demo_parcel_131,5,Limbic,lh
6760,131,demo_parcel_131,5,Limbic,lh
6761,131,demo_parcel_131,5,Limbic,lh
6762,131,demo_parcel_131,5,Limbic,lh
6763,131,demo_parcel_131,5,Limbic,lh
6764,131,demo_parcel_131,5,Limbic,lh
6765,132,demo_parcel_132,6,Cont,lh
6766,132,demo_parcel_132,6,Cont,lh
6767,132,demo_parcel_132,6,Cont,lh
6768,132,demo_parcel_132,6,Cont,lh
6769,132,demo_parcel_132,6,Cont,lh
6770,132,demo_parcel_132,6,Cont,lh
6771,132,demo_parcel_132,6,Cont,lh
6772,132,demo_parcel_132,6,Cont,lh
6773,132,demo_parcel_132,6,Cont,lh
6774,132,demo_parcel_132,6,Cont,lh
6775,132,demo_parcel_132,6,Cont,lh
6776,132,demo_parcel_132,6,Cont,lh
6777,132,demo_parcel_132,6,Cont,lh
6778,132,demo_parcel_132,6,Cont,lh
6779,132,demo_parcel_132,6,Cont,lh
6780,132,demo_parcel_132,6,Cont,lh
6781,132,demo_parcel_132,6,Cont,lh
6782,132,demo_parcel_132,6,Cont,lh
6783,132,demo_parcel_132,6,Cont,lh
6784,132,demo_parcel_132,6,Cont,lh
6785,132,demo_parcel_132,6,Cont,lh
6786,132,demo_parcel_132,6,Cont,lh
6787,132,demo_parcel_132,6,Cont,lh
6788,132,demo_parcel_132,6,Cont,lh
6789,132,demo_parcel_132,6,Cont,lh
6790,132,demo_parcel_132,6,Cont,lh
6791,132,demo_parcel_132,6,Cont,lh
6792,132,demo_parcel_132,6,Cont,lh
6793,132,demo_parcel_132,6,Cont,lh
6794,132,demo_parcel_132,6,Cont,lh
6795,132,demo_parcel_132,6,Cont,lh
6796,132,demo_parcel_132,6,Cont,lh
6797,132,demo_parcel_132,6,Cont,lh
6798,132,demo_parcel_132,6,Cont,lh
6799,132,demo_parcel_132,6,Cont,lh
6800,132,demo_parcel_132,6,Cont,lh
6801,132,demo_parcel_132,6,Cont,lh
6802,132,demo_parcel_132,6,Cont,lh
6803,132,demo_parcel_132,6,Cont,lh
6804,132,demo_parcel_132,6,Cont,lh
6805,132,demo_parcel_132,6,Cont,lh
6806,132,demo_parcel_132,6,Cont,lh
6807,132,demo_parcel_132,6,Cont,lh
6808,132,demo_parcel_132,6,Cont,lh
6809,132,demo_parcel_132,6,Cont,lh
6810,132,demo_parcel_132,6,Cont,lh
6811,132,demo_parcel_132,6,Cont,lh
6812,132,demo_parcel_132,6,Cont,lh
6813,132,demo_parcel_132,6,Cont,lh
6814,132,demo_parcel_132,6,Cont,lh
6815,132,demo_parcel_132,6,Cont,lh
6816,133,demo_parcel_133,7,Default,lh
6817,133,demo_parcel_133,7,Default,lh
6818,133,demo_parcel_133,7,Default,lh
6819,133,demo_parcel_133,7,Default,lh
6820,133,demo_parcel_133,7,Default,lh
6821,133,demo_parcel_133,7,Default,lh
6822,133,demo_parcel_133,7,Default,lh
6823,133,demo_parcel_133,7,Default,lh
6824,133,demo_parcel_133,7,Default,lh
6825,133,demo_parcel_133,7,Default,lh
6826,133,demo_parcel_133,7,Default,lh
6827,133,demo_parcel_133,7,Default,lh
6828,133,demo_parcel_133,7,Default,lh
6829,133,demo_parcel_133,7,Default,lh
6830,133,demo_parcel_133,7,Default,lh
6831,133,demo_parcel_133,7,Default,lh
6832,133,demo_parcel_133,7,Default,lh
6833,133,demo_parcel_133,7,Default,lh
6834,133,demo_parcel_133,7,Default,lh
6835,133,demo_parcel_133,7,Default,lh
6836,133,demo_parcel_133,7,Default,lh
6837,133,demo_parcel_133,7,Default,lh
6838,133,demo_parcel_133,7,Default,lh
6839,133,demo_parcel_133,7,Default,lh
6840,133,demo_parcel_133,7,Default,lh
6841,133,demo_parcel_133,7,Default,lh
6842,133,demo_parcel_133,7,Default,lh
6843,133,demo_parcel_133,7,Default,lh
6844,133,demo_parcel_133,7,Default,lh
6845,133,demo_parcel_133,7,Default,lh
6846,133,demo_parcel_133,7,Default,lh
6847,133,demo_parcel_133,7,Default,lh
6848,133,demo_parcel_133,7,Default,lh
6849,133,demo_parcel_133,7,Default,lh
6850,133,demo_parcel_133,7,Default,lh
6851,133,demo_parcel_133,7,Default,lh
6852,133,demo_parcel_133,7,Default,lh
6853,133,demo_parcel_133,7,Default,lh
6854,133,demo_parcel_133,7,Default,lh
6855,133,demo_parcel_133,7,Default,lh
6856,133,demo_parcel_133,7,Default,lh
6857,133,demo_parcel_133,7,Default,lh
6858,133,demo_parcel_133,7,Default,lh
6859,133,demo_parcel_133,7,Default,lh
6860,133,demo_parcel_133,7,Default,lh
6861,133,demo_parcel_133,7,Default,lh
6862,133,demo_parcel_133,7,Default,lh
6863,133,demo_parcel_133,7,Default,lh
6864,133,demo_parcel_133,7,Default,lh
6865,133,demo_parcel_133,7,Default,lh
6866,133,demo_parcel_133,7,Default,lh
6867,134,demo_parcel_134,1,Vis,lh
6868,134,demo_parcel_134,1,Vis,lh
6869,134,demo_parcel_134,1,Vis,lh
6870,134,demo_parcel_134,1,Vis,lh
6871,134,demo_parcel_134,1,Vis,lh
6872,134,demo_parcel_134,1,Vis,lh
6873,134,demo_parcel_134,1,Vis,lh
6874,134,demo_parcel_134,1,Vis,lh
6875,134,demo_parcel_134,1,Vis,lh
6876,134,demo_parcel_134,1,Vis,lh
6877,134,demo_parcel_134,1,Vis,lh
6878,134,demo_parcel_134,1,Vis,lh
6879,134,demo_parcel_134,1,Vis,lh
6880,134,demo_parcel_134,1,Vis,lh
6881,134,demo_parcel_134,1,Vis,lh
6882,134,demo_parcel_134,1,Vis,lh
6883,134,demo_parcel_134,1,Vis,lh
6884,134,demo_parcel_134,1,Vis,lh
6885,134,demo_parcel_134,1,Vis,lh
6886,134,demo_parcel_134,1,Vis,lh
6887,134,demo_parcel_134,1,Vis,lh
6888,134,demo_parcel_134,1,Vis,lh
6889,134,demo_parcel_134,1,Vis,lh
6890,134,demo_parcel_134,1,Vis,lh
6891,134,demo_parcel_134,1,Vis,lh
6892,134,demo_parcel_134,1,Vis,lh
6893,134,demo_parcel_134,1,Vis,lh
6894,134,demo_parcel_134,1,Vis,lh
6895,134,demo_parcel_134,1,Vis,lh
6896,134,demo_parcel_134,1,Vis,lh
6897,134,demo_parcel_134,1,Vis,lh
6898,134,demo_parcel_134,1,Vis,lh
6899,134,demo_parcel_134,1,Vis,lh
6900,134,demo_parcel_134,1,Vis,lh
6901,134,demo_parcel_134,1,Vis,lh
6902,134,demo_parcel_134,1,Vis,lh
6903,134,demo_parcel_134,1,Vis,lh
6904,134,demo_parcel_134,1,Vis,lh
6905,134,demo_parcel_134,1,Vis,lh
6906,134,demo_parcel_134,1,Vis,lh
6907,134,demo_parcel_134,1,Vis,lh
6908,134,demo_parcel_134,1,Vis,lh
6909,134,demo_parcel_134,1,Vis,lh
6910,134,demo_parcel_134,1,Vis,lh
6911,134,demo_parcel_134,1,Vis,lh
6912,134,demo_parcel_134,1,Vis,lh
6913,134,demo_parcel_134,1,Vis,lh
6914,134,demo_parcel_134,1,Vis,lh
6915,134,demo_parcel_134,1,Vis,lh
6916,134,demo_parcel_134,1,Vis,lh
6917,134,demo_parcel_134,1,Vis,lh
6918,135,demo_parcel_135,2,SomMot,lh
6919,135,demo_parcel_135,2,SomMot,lh
6920,135,demo_parcel_135,2,SomMot,lh
6921,135,demo_parcel_135,2,SomMot,lh
6922,135,demo_parcel_135,2,SomMot,lh
6923,135,demo_parcel_135,2,SomMot,lh
6924,135,demo_parcel_135,2,SomMot,lh
6925,135,demo_parcel_135,2,SomMot,lh
6926,135,demo_parcel_135,2,SomMot,lh
6927,135,demo_parcel_135,2,SomMot,lh
6928,135,demo_parcel_135,2,SomMot,lh
6929,135,demo_parcel_135,2,SomMot,lh
6930,135,demo_parcel_135,2,SomMot,lh
6931,135,demo_parcel_135,2,SomMot,lh
6932,135,demo_parcel_135,2,SomMot,lh
6933,135,demo_parcel_135,2,SomMot,lh
6934,135,demo_parcel_135,2,SomMot,lh
6935,135,demo_parcel_135,2,SomMot,lh
6936,135,demo_parcel_135,2,SomMot,lh
6937,135,demo_parcel_135,2,SomMot,lh
6938,135,demo_parcel_135,2,SomMot,lh
6939,135,demo_parcel_135,2,SomMot,lh
6940,135,demo_parcel_135,2,SomMot,lh
6941,135,demo_parcel_135,2,SomMot,lh
6942,135,demo_parcel_135,2,SomMot,lh
6943,135,demo_parcel_135,2,SomMot,lh
6944,135,demo_parcel_135,2,SomMot,lh
6945,135,demo_parcel_135,2,SomMot,lh
6946,135,demo_parcel_135,2,SomMot,lh
6947,135,demo_parcel_135,2,SomMot,lh
6948,135,demo_parcel_135,2,SomMot,lh
6949,135,demo_parcel_135,2,SomMot,lh
6950,135,demo_parcel_135,2,SomMot,lh
6951,135,demo_parcel_135,2,SomMot,lh
6952,135,demo_parcel_135,2,SomMot,lh
6953,135,demo_parcel_135,2,SomMot,lh
6954,135,demo_parcel_135,2,SomMot,lh
6955,135,demo_parcel_135,2,SomMot,lh
6956,135,demo_parcel_135,2,SomMot,lh
6957,135,demo_parcel_135,2,SomMot,lh
6958,135,demo_parcel_135,2,SomMot,lh
6959,135,demo_parcel_135,2,SomMot,lh
6960,135,demo_parcel_135,2,SomMot,lh
6961,135,demo_parcel_135,2,SomMot,lh
6962,135,demo_parcel_135,2,SomMot,lh
6963,135,demo_parcel_135,2,SomMot,lh
6964,135,demo_parcel_135,2,SomMot,lh
6965,135,demo_parcel_135,2,SomMot,lh
6966,135,demo_parcel_135,2,SomMot,lh
6967,135,demo_parcel_135,2,SomMot,lh
6968,135,demo_parcel_135,2,SomMot,lh
6969,136,demo_parcel_136,3,DorsAttn,lh
6970,136,demo_parcel_136,3,DorsAttn,lh
6971,136,demo_parcel_136,3,DorsAttn,lh
6972,136,demo_parcel_136,3,DorsAttn,lh
6973,136,demo_parcel_136,3,DorsAttn,lh
6974,136,demo_parcel_136,3,DorsAttn,lh
6975,136,demo_parcel_136,3,DorsAttn,lh
6976,136,demo_parcel_136,3,DorsAttn,lh
6977,136,demo_parcel_136,3,DorsAttn,lh
6978,136,demo_parcel_136,3,DorsAttn,lh
6979,136,demo_parcel_136,3,DorsAttn,lh
6980,136,demo_parcel_136,3,DorsAttn,lh
6981,136,demo_parcel_136,3,DorsAttn,lh
6982,136,demo_parcel_136,3,DorsAttn,lh
6983,136,demo_parcel_136,3,DorsAttn,lh
6984,136,demo_parcel_136,3,DorsAttn,lh
6985,136,demo_parcel_136,3,DorsAttn,lh
6986,136,demo_parcel_136,3,DorsAttn,lh
6987,136,demo_parcel_136,3,DorsAttn,lh
6988,136,demo_parcel_136,3,DorsAttn,lh
6989,136,demo_parcel_136,3,DorsAttn,lh
6990,136,demo_parcel_136,3,DorsAttn,lh
6991,136,demo_parcel_136,3,DorsAttn,lh
6992,136,demo_parcel_136,3,DorsAttn,lh
6993,136,demo_parcel_136,3,DorsAttn,lh
6994,136,demo_parcel_136,3,DorsAttn,lh
6995,136,demo_parcel_136,3,DorsAttn,lh
6996,136,demo_parcel_136,3,DorsAttn,lh
6997,136,demo_parcel_136,3,DorsAttn,lh
6998,136,demo_parcel_136,3,DorsAttn,lh
6999,136,demo_parcel_136,3,DorsAttn,lh
7000,136,demo_parcel_136,3,DorsAttn,lh
7001,136,demo_parcel_136,3,DorsAttn,lh
7002,136,demo_parcel_136,3,DorsAttn,lh
7003,136,demo_parcel_136,3,DorsAttn,lh
7004,136,demo_parcel_136,3,DorsAttn,lh
7005,136,demo_parcel_136,3,DorsAttn,lh
7006,136,demo_parcel_136,3,DorsAttn,lh
7007,136,demo_parcel_136,3,DorsAttn,lh
7008,136,demo_parcel_136,3,DorsAttn,lh
7009,136,demo_parcel_136,3,DorsAttn,lh
7010,136,demo_parcel_136,3,DorsAttn,lh
7011,136,demo_parcel_136,3,DorsAttn,lh
7012,136,demo_parcel_136,3,DorsAttn,lh
7013,136,demo_parcel_136,3,DorsAttn,lh
7014,136,demo_parcel_136,3,DorsAttn,lh
7015,136,demo_parcel_136,3,DorsAttn,lh
7016,136,demo_parcel_136,3,DorsAttn,lh
7017,136,demo_parcel_136,3,DorsAttn,lh
7018,136,demo_parcel_136,3,DorsAttn,lh
7019,136,demo_parcel_136,3,DorsAttn,lh
7020,137,demo_parcel_137,4,SalVentAttn,lh
7021,137,demo_parcel_137,4,SalVentAttn,lh
7022,137,demo_parcel_137,4,SalVentAttn,lh
7023,137,demo_parcel_137,4,SalVentAttn,lh
7024,137,demo_parcel_137,4,SalVentAttn,lh
7025,137,demo_parcel_137,4,SalVentAttn,lh
7026,137,demo_parcel_137,4,SalVentAttn,lh
7027,137,demo_parcel_137,4,SalVentAttn,lh
7028,137,demo_parcel_137,4,SalVentAttn,lh
7029,137,demo_parcel_137,4,SalVentAttn,lh
7030,137,demo_parcel_137,4,SalVentAttn,lh
7031,137,demo_parcel_137,4,SalVentAttn,lh
7032,137,demo_parcel_137,4,SalVentAttn,lh
7033,137,demo_parcel_137,4,SalVentAttn,lh
7034,137,demo_parcel_137,4,SalVentAttn,lh
7035,137,demo_parcel_137,4,SalVentAttn,lh
7036,137,demo_parcel_137,4,SalVentAttn,lh
7037,137,demo_parcel_137,4,SalVentAttn,lh
7038,137,demo_parcel_137,4,SalVentAttn,lh
7039,137,demo_parcel_137,4,SalVentAttn,lh
7040,137,demo_parcel_137,4,SalVentAttn,lh
7041,137,demo_parcel_137,4,SalVentAttn,lh
7042,137,demo_parcel_137,4,SalVentAttn,lh
7043,137,demo_parcel_137,4,SalVentAttn,lh
7044,137,demo_parcel_137,4,SalVentAttn,lh
7045,137,demo_parcel_137,4,SalVentAttn,lh
7046,137,demo_parcel_137,4,SalVentAttn,lh
7047,137,demo_parcel_137,4,SalVentAttn,lh
7048,137,demo_parcel_137,4,SalVentAttn,lh
7049,137,demo_parcel_137,4,SalVentAttn,lh
7050,137,demo_parcel_137,4,SalVentAttn,lh
7051,137,demo_parcel_137,4,SalVentAttn,lh
7052,137,demo_parcel_137,4,SalVentAttn,lh
7053,137,demo_parcel_137,4,SalVentAttn,lh
7054,137,demo_parcel_137,4,SalVentAttn,lh
7055,137,demo_parcel_137,4,SalVentAttn,lh
7056,137,demo_parcel_137,4,SalVentAttn,lh
7057,137,demo_parcel_137,4,SalVentAttn,lh
7058,137,demo_parcel_137,4,SalVentAttn,lh
7059,137,demo_parcel_137,4,SalVentAttn,lh
7060,137,demo_parcel_137,4,SalVentAttn,lh
7061,137,demo_parcel_137,4,SalVentAttn,lh
7062,137,demo_parcel_137,4,SalVentAttn,lh
7063,137,demo_parcel_137,4,SalVentAttn,lh
7064,137,demo_parcel_137,4,SalVentAttn,lh
7065,137,demo_parcel_137,4,SalVentAttn,lh
7066,137,demo_parcel_137,4,SalVentAttn,lh
7067,137,demo_parcel_137,4,SalVentAttn,lh
7068,137,demo_parcel_137,4,SalVentAttn,lh
7069,137,demo_parcel_137,4,SalVentAttn,lh
7070,137,demo_parcel_137,4,SalVentAttn,lh
7071,138,demo_parcel_138,5,Limbic,lh
7072,138,demo_parcel_138,5,Limbic,lh
7073,138,demo_parcel_138,5,Limbic,lh
7074,138,demo_parcel_138,5,Limbic,lh
7075,138,demo_parcel_138,5,Limbic,lh
7076,138,demo_parcel_138,5,Limbic,lh
7077,138,demo_parcel_138,5,Limbic,lh
7078,138,demo_parcel_138,5,Limbic,lh
7079,138,demo_parcel_138,5,Limbic,lh
7080,138,demo_parcel_138,5,Limbic,lh
7081,138,demo_parcel_138,5,Limbic,lh
7082,138,demo_parcel_138,5,Limbic,lh
7083,138,demo_parcel_138,5,Limbic,lh
7084,138,demo_parcel_138,5,Limbic,lh
7085,138,demo_parcel_138,5,Limbic,lh
7086,138,demo_parcel_138,5,Limbic,lh
7087,138,demo_parcel_138,5,Limbic,lh
7088,138,demo_parcel_138,5,Limbic,lh
7089,138,demo_parcel_138,5,Limbic,lh
7090,138,demo_parcel_138,5,Limbic,lh
7091,138,demo_parcel_138,5,Limbic,lh
7092,138,demo_parcel_138,5,Limbic,lh
7093,138,demo_parcel_138,5,Limbic,lh
7094,138,demo_parcel_138,5,Limbic,lh
7095,138,demo_parcel_138,5,Limbic,lh
7096,138,demo_parcel_138,5,Limbic,lh
7097,138,demo_parcel_138,5,Limbic,lh
7098,138,demo_parcel_138,5,Limbic,lh
7099,138,demo_parcel_138,5,Limbic,lh
7100,138,demo_parcel_138,5,Limbic,lh
7101,138,demo_parcel_138,5,Limbic,lh
7102,138,demo_parcel_138,5,Limbic,lh
7103,138,demo_parcel_138,5,Limbic,lh
7104,138,demo_parcel_138,5,Limbic,lh
7105,138,demo_parcel_138,5,Limbic,lh
7106,138,demo_parcel_138,5,Limbic,lh
7107,138,demo_parcel_138,5,Limbic,lh
7108,138,demo_parcel_138,5,Limbic,lh
7109,138,demo_parcel_138,5,Limbic,lh
7110,138,demo_parcel_138,5,Limbic,lh
7111,138,demo_parcel_138,5,Limbic,lh
7112,138,demo_parcel_138,5,Limbic,lh
7113,138,demo_parcel_138,5,Limbic,lh
7114,138,demo_parcel_138,5,Limbic,lh
7115,138,demo_parcel_138,5,Limbic,lh
7116,138,demo_parcel_138,5,Limbic,lh
7117,138,demo_parcel_138,5,Limbic,lh
7118,138,demo_parcel_138,5,Limbic,lh
7119,138,demo_parcel_138,5,Limbic,lh
7120,138,demo_parcel_138,5,Limbic,lh
7121,138,demo_parcel_138,5,Limbic,lh
7122,139,demo_parcel_139,6,Cont,lh
7123,139,demo_parcel_139,6,Cont,lh
7124,139,demo_parcel_139,6,Cont,lh
7125,139,demo_parcel_139,6,Cont,lh
7126,139,demo_parcel_139,6,Cont,lh
7127,139,demo_parcel_139,6,Cont,lh
7128,139,demo_parcel_139,6,Cont,lh
7129,139,demo_parcel_139,6,Cont,lh
7130,139,demo_parcel_139,6,Cont,lh
7131,139,demo_parcel_139,6,Cont,lh
7132,139,demo_parcel_139,6,Cont,lh
7133,139,demo_parcel_139,6,Cont,lh
7134,139,demo_parcel_139,6,Cont,lh
7135,139,demo_parcel_139,6,Cont,lh
7136,139,demo_parcel_139,6,Cont,lh
7137,139,demo_parcel_139,6,Cont,lh
7138,139,demo_parcel_139,6,Cont,lh
7139,139,demo_parcel_139,6,Cont,lh
7140,139,demo_parcel_139,6,Cont,lh
7141,139,demo_parcel_139,6,Cont,lh
7142,139,demo_parcel_139,6,Cont,lh
7143,139,demo_parcel_139,6,Cont,lh
7144,139,demo_parcel_139,6,Cont,lh
7145,139,demo_parcel_139,6,Cont,lh
7146,139,demo_parcel_139,6,Cont,lh
7147,139,demo_parcel_139,6,Cont,lh
7148,139,demo_parcel_139,6,Cont,lh
7149,139,demo_parcel_139,6,Cont,lh
7150,139,demo_parcel_139,6,Cont,lh
7151,139,demo_parcel_139,6,Cont,lh
7152,139,demo_parcel_139,6,Cont,lh
7153,139,demo_parcel_139,6,Cont,lh
7154,139,demo_parcel_139,6,Cont,lh
7155,139,demo_parcel_139,6,Cont,lh
7156,139,demo_parcel_139,6,Cont,lh
7157,139,demo_parcel_139,6,Cont,lh
7158,139,demo_parcel_139,6,Cont,lh
7159,139,demo_parcel_139,6,Cont,lh
7160,139,demo_parcel_139,6,Cont,lh
7161,139,demo_parcel_139,6,Cont,lh
7162,139,demo_parcel_139,6,Cont,lh
7163,139,demo_parcel_139,6,Cont,lh
7164,139,demo_parcel_139,6,Cont,lh
7165,139,demo_parcel_139,6,Cont,lh
7166,139,demo_parcel_139,6,Cont,lh
7167,139,demo_parcel_139,6,Cont,lh
7168,139,demo_parcel_139,6,Cont,lh
7169,139,demo_parcel_139,6,Cont,lh
7170,139,demo_parcel_139,6,Cont,lh
7171,139,demo_parcel_139,6,Cont,lh
7172,139,demo_parcel_139,6,Cont,lh
7173,140,demo_parcel_140,7,Default,lh
7174,140,demo_parcel_140,7,Default,lh
7175,140,demo_parcel_140,7,Default,lh
7176,140,demo_parcel_140,7,Default,lh
7177,140,demo_parcel_140,7,Default,lh
7178,140,demo_parcel_140,7,Default,lh
7179,140,demo_parcel_140,7,Default,lh
7180,140,demo_parcel_140,7,Default,lh
7181,140,demo_parcel_140,7,Default,lh
7182,140,demo_parcel_140,7,Default,lh
7183,140,demo_parcel_140,7,Default,lh
7184,140,demo_parcel_140,7,Default,lh
7185,140,demo_parcel_140,7,Default,lh
7186,140,demo_parcel_140,7,Default,lh
7187,140,demo_parcel_140,7,Default,lh
7188,140,demo_parcel_140,7,Default,lh
7189,140,demo_parcel_140,7,Default,lh
7190,140,demo_parcel_140,7,Default,lh
7191,140,demo_parcel_140,7,Default,lh
7192,140,demo_parcel_140,7,Default,lh
7193,140,demo_parcel_140,7,Default,lh
7194,140,demo_parcel_140,7,Default,lh
7195,140,demo_parcel_140,7,Default,lh
7196,140,demo_parcel_140,7,Default,lh
7197,140,demo_parcel_140,7,Default,lh
7198,140,demo_parcel_140,7,Default,lh
7199,140,demo_parcel_140,7,Default,lh
7200,140,demo_parcel_140,7,Default,lh
7201,140,demo_parcel_140,7,Default,lh
7202,140,demo_parcel_140,7,Default,lh
7203,140,demo_parcel_140,7,Default,lh
7204,140,demo_parcel_140,7,Default,lh
7205,140,demo_parcel_140,7,Default,lh
7206,140,demo_parcel_140,7,Default,lh
7207,140,demo_parcel_140,7,Default,lh
7208,140,demo_parcel_140,7,Default,lh
7209,140,demo_parcel_140,7,Default,lh
7210,140,demo_parcel_140,7,Default,lh
7211,140,demo_parcel_140,7,Default,lh
7212,140,demo_parcel_140,7,Default,lh
7213,140,demo_parcel_140,7,Default,lh
7214,140,demo_parcel_140,7,Default,lh
7215,140,demo_parcel_140,7,Default,lh
7216,140,demo_parcel_140,7,Default,lh
7217,140,demo_parcel_140,7,Default,lh
7218,140,demo_parcel_140,7,Default,lh
7219,140,demo_parcel_140,7,Default,lh
7220,140,demo_parcel_140,7,Default,lh
7221,140,demo_parcel_140,7,Default,lh
7222,140,demo_parcel_140,7,Default,lh
7223,140,demo_parcel_140,7,Default,lh
7224,141,demo_parcel_141,1,Vis,lh
7225,141,demo_parcel_141,1,Vis,lh
7226,141,demo_parcel_141,1,Vis,lh
7227,141,demo_parcel_141,1,Vis,lh
7228,141,demo_parcel_141,1,Vis,lh
7229,141,demo_parcel_141,1,Vis,lh
7230,141,demo_parcel_141,1,Vis,lh
7231,141,demo_parcel_141,1,Vis,lh
7232,141,demo_parcel_141,1,Vis,lh
7233,141,demo_parcel_141,1,Vis,lh
7234,141,demo_parcel_141,1,Vis,lh
7235,141,demo_parcel_141,1,Vis,lh
7236,141,demo_parcel_141,1,Vis,lh
7237,141,demo_parcel_141,1,Vis,lh
7238,141,demo_parcel_141,1,Vis,lh
7239,141,demo_parcel_141,1,Vis,lh
7240,141,demo_parcel_141,1,Vis,lh
7241,141,demo_parcel_141,1,Vis,lh
7242,141,demo_parcel_141,1,Vis,lh
7243,141,demo_parcel_141,1,Vis,lh
7244,141,demo_parcel_141,1,Vis,lh
7245,141,demo_parcel_141,1,Vis,lh
7246,141,demo_parcel_141,1,Vis,lh
7247,141,demo_parcel_141,1,Vis,lh
7248,141,demo_parcel_141,1,Vis,lh
7249,141,demo_parcel_141,1,Vis,lh
7250,141,demo_parcel_141,1,Vis,lh
7251,141,demo_parcel_141,1,Vis,lh
7252,141,demo_parcel_141,1,Vis,lh
7253,141,demo_parcel_141,1,Vis,lh
7254,141,demo_parcel_141,1,Vis,lh
7255,141,demo_parcel_141,1,Vis,lh
7256,141,demo_parcel_141,1,Vis,lh
7257,141,demo_parcel_141,1,Vis,lh
7258,141,demo_parcel_141,1,Vis,lh
7259,141,demo_parcel_141,1,Vis,lh
7260,141,demo_parcel_141,1,Vis,lh
7261,141,demo_parcel_141,1,Vis,lh
7262,141,demo_parcel_141,1,Vis,lh
7263,141,demo_parcel_141,1,Vis,lh
7264,141,demo_parcel_141,1,Vis,lh
7265,141,demo_parcel_141,1,Vis,lh
7266,141,demo_parcel_141,1,Vis,lh
7267,141,demo_parcel_141,1,Vis,lh
7268,141,demo_parcel_141,1,Vis,lh
7269,141,demo_parcel_141,1,Vis,lh
7270,141,demo_parcel_141,1,Vis,lh
7271,141,demo_parcel_141,1,Vis,lh
7272,141,demo_parcel_141,1,Vis,lh
7273,141,demo_parcel_141,1,Vis,lh
7274,141,demo_parcel_141,1,Vis,lh
7275,142,demo_parcel_142,2,SomMot,lh
7276,142,demo_parcel_142,2,SomMot,lh
7277,142,demo_parcel_142,2,SomMot,lh
7278,142,demo_parcel_142,2,SomMot,lh
7279,142,demo_parcel_142,2,SomMot,lh
7280,142,demo_parcel_142,2,SomMot,lh
7281,142,demo_parcel_142,2,SomMot,lh
7282,142,demo_parcel_142,2,SomMot,lh
7283,142,demo_parcel_142,2,SomMot,lh
7284,142,demo_parcel_142,2,SomMot,lh
7285,142,demo_parcel_142,2,SomMot,lh
7286,142,demo_parcel_142,2,SomMot,lh
7287,142,demo_parcel_142,2,SomMot,lh
7288,142,demo_parcel_142,2,SomMot,lh
7289,142,demo_parcel_142,2,SomMot,lh
7290,142,demo_parcel_142,2,SomMot,lh
7291,142,demo_parcel_142,2,SomMot,lh
7292,142,demo_parcel_142,2,SomMot,lh
7293,142,demo_parcel_142,2,SomMot,lh
7294,142,demo_parcel_142,2,SomMot,lh
7295,142,demo_parcel_142,2,SomMot,lh
7296,142,demo_parcel_142,2,SomMot,lh
7297,142,demo_parcel_142,2,SomMot,lh
7298,142,demo_parcel_142,2,SomMot,lh
7299,142,demo_parcel_142,2,SomMot,lh
7300,142,demo_parcel_142,2,SomMot,lh
7301,142,demo_parcel_142,2,SomMot,lh
7302,142,demo_parcel_142,2,SomMot,lh
7303,142,demo_parcel_142,2,SomMot,lh
7304,142,demo_parcel_142,2,SomMot,lh
7305,142,demo_parcel_142,2,SomMot,lh
7306,142,demo_parcel_142,2,SomMot,lh
7307,142,demo_parcel_142,2,SomMot,lh
7308,142,demo_parcel_142,2,SomMot,lh
7309,142,demo_parcel_142,2,SomMot,lh
7310,142,demo_parcel_142,2,SomMot,lh
7311,142,demo_parcel_142,2,SomMot,lh
7312,142,demo_parcel_142,2,SomMot,lh
7313,142,demo_parcel_142,2,SomMot,lh
7314,142,demo_parcel_142,2,SomMot,lh
7315,142,demo_parcel_142,2,SomMot,lh
7316,142,demo_parcel_142,2,SomMot,lh
7317,142,demo_parcel_142,2,SomMot,lh
7318,142,demo_parcel_142,2,SomMot,lh
7319,142,demo_parcel_142,2,SomMot,lh
7320,142,demo_parcel_142,2,SomMot,lh
7321,142,demo_parcel_142,2,SomMot,lh
7322,142,demo_parcel_142,2,SomMot,lh
7323,142,demo_parcel_142,2,SomMot,lh
7324,142,demo_parcel_142,2,SomMot,lh
7325,142,demo_parcel_142,2,SomMot,lh
7326,143,demo_parcel_143,3,DorsAttn,lh
7327,143,demo_parcel_143,3,DorsAttn,lh
7328,143,demo_parcel_143,3,DorsAttn,lh
7329,143,demo_parcel_143,3,DorsAttn,lh
7330,143,demo_parcel_143,3,DorsAttn,lh
7331,143,demo_parcel_143,3,DorsAttn,lh
7332,143,demo_parcel_143,3,DorsAttn,lh
7333,143,demo_parcel_143,3,DorsAttn,lh
7334,143,demo_parcel_143,3,DorsAttn,lh
7335,143,demo_parcel_143,3,DorsAttn,lh
7336,143,demo_parcel_143,3,DorsAttn,lh
7337,143,demo_parcel_143,3,DorsAttn,lh
7338,143,demo_parcel_143,3,DorsAttn,lh
7339,143,demo_parcel_143,3,DorsAttn,lh
7340,143,demo_parcel_143,3,DorsAttn,lh
7341,143,demo_parcel_143,3,DorsAttn,lh
7342,143,demo_parcel_143,3,DorsAttn,lh
7343,143,demo_parcel_143,3,DorsAttn,lh
7344,143,demo_parcel_143,3,DorsAttn,lh
7345,143,demo_parcel_143,3,DorsAttn,lh
7346,143,demo_parcel_143,3,DorsAttn,lh
7347,143,demo_parcel_143,3,DorsAttn,lh
7348,143,demo_parcel_143,3,DorsAttn,lh
7349,143,demo_parcel_143,3,DorsAttn,lh
7350,143,demo_parcel_143,3,DorsAttn,lh
7351,143,demo_parcel_143,3,DorsAttn,lh
7352,143,demo_parcel_143,3,DorsAttn,lh
7353,143,demo_parcel_143,3,DorsAttn,lh
7354,143,demo_parcel_143,3,DorsAttn,lh
7355,143,demo_parcel_143,3,DorsAttn,lh
7356,143,demo_parcel_143,3,DorsAttn,lh
7357,143,demo_parcel_143,3,DorsAttn,lh
7358,143,demo_parcel_143,3,DorsAttn,lh
7359,143,demo_parcel_143,3,DorsAttn,lh
7360,143,demo_parcel_143,3,DorsAttn,lh
7361,143,demo_parcel_143,3,DorsAttn,lh
7362,143,demo_parcel_143,3,DorsAttn,lh
7363,143,demo_parcel_143,3,DorsAttn,lh
7364,143,demo_parcel_143,3,DorsAttn,lh
7365,143,demo_parcel_143,3,DorsAttn,lh
7366,143,demo_parcel_143,3,DorsAttn,lh
7367,143,demo_parcel_143,3,DorsAttn,lh
7368,143,demo_parcel_143,3,DorsAttn,lh
7369,143,demo_parcel_143,3,DorsAttn,lh
7370,143,demo_parcel_143,3,DorsAttn,lh
7371,143,demo_parcel_143,3,DorsAttn,lh
7372,143,demo_parcel_143,3,DorsAttn,lh
7373,143,demo_parcel_143,3,DorsAttn,lh
7374,143,demo_parcel_143,3,DorsAttn,lh
7375,143,demo_parcel_143,3,DorsAttn,lh
7376,143,demo_parcel_143,3,DorsAttn,lh
7377,144,demo_parcel_144,4,SalVentAttn,lh
7378,144,demo_parcel_144,4,SalVentAttn,lh
7379,144,demo_parcel_144,4,SalVentAttn,lh
7380,144,demo_parcel_144,4,SalVentAttn,lh
7381,144,demo_parcel_144,4,SalVentAttn,lh
7382,144,demo_parcel_144,4,SalVentAttn,lh
7383,144,demo_parcel_144,4,SalVentAttn,lh
7384,144,demo_parcel_144,4,SalVentAttn,lh
7385,144,demo_parcel_144,4,SalVentAttn,lh
7386,144,demo_parcel_144,4,SalVentAttn,lh
7387,144,demo_parcel_144,4,SalVentAttn,lh
7388,144,demo_parcel_144,4,SalVentAttn,lh
7389,144,demo_parcel_144,4,SalVentAttn,lh
7390,144,demo_parcel_144,4,SalVentAttn,lh
7391,144,demo_parcel_144,4,SalVentAttn,lh
7392,144,demo_parcel_144,4,SalVentAttn,lh
7393,144,demo_parcel_144,4,SalVentAttn,lh
7394,144,demo_parcel_144,4,SalVentAttn,lh
7395,144,demo_parcel_144,4,SalVentAttn,lh
7396,144,demo_parcel_144,4,SalVentAttn,lh
7397,144,demo_parcel_144,4,SalVentAttn,lh
7398,144,demo_parcel_144,4,SalVentAttn,lh
7399,144,demo_parcel_144,4,SalVentAttn,lh
7400,144,demo_parcel_144,4,SalVentAttn,lh
7401,144,demo_parcel_144,4,SalVentAttn,lh
7402,144,demo_parcel_144,4,SalVentAttn,lh
7403,144,demo_parcel_144,4,SalVentAttn,lh
7404,144,demo_parcel_144,4,SalVentAttn,lh
7405,144,demo_parcel_144,4,SalVentAttn,lh
7406,144,demo_parcel_144,4,SalVentAttn,lh
7407,144,demo_parcel_144,4,SalVentAttn,lh
7408,144,demo_parcel_144,4,SalVentAttn,lh
7409,144,demo_parcel_144,4,SalVentAttn,lh
7410,144,demo_parcel_144,4,SalVentAttn,lh
7411,144,demo_parcel_144,4,SalVentAttn,lh
7412,144,demo_parcel_144,4,SalVentAttn,lh
7413,144,demo_parcel_144,4,SalVentAttn,lh
7414,144,demo_parcel_144,4,SalVentAttn,lh
7415,144,demo_parcel_144,4,SalVentAttn,lh
7416,144,demo_parcel_144,4,SalVentAttn,lh
7417,144,demo_parcel_144,4,SalVentAttn,lh
7418,144,demo_parcel_144,4,SalVentAttn,lh
7419,144,demo_parcel_144,4,SalVentAttn,lh
7420,144,demo_parcel_144,4,SalVentAttn,lh
7421,144,demo_parcel_144,4,SalVentAttn,lh
7422,144,demo_parcel_144,4,SalVentAttn,lh
7423,144,demo_parcel_144,4,SalVentAttn,lh
7424,144,demo_parcel_144,4,SalVentAttn,lh
7425,144,demo_parcel_144,4,SalVentAttn,lh
7426,144,demo_parcel_144,4,SalVentAttn,lh
7427,144,demo_parcel_144,4,SalVentAttn,lh
7428,145,demo_parcel_145,5,Limbic,lh
7429,145,demo_parcel_145,5,Limbic,lh
7430,145,demo_parcel_145,5,Limbic,lh
7431,145,demo_parcel_145,5,Limbic,lh
7432,145,demo_parcel_145,5,Limbic,lh
7433,145,demo_parcel_145,5,Limbic,lh
7434,145,demo_parcel_145,5,Limbic,lh
7435,145,demo_parcel_145,5,Limbic,lh
7436,145,demo_parcel_145,5,Limbic,lh
7437,145,demo_parcel_145,5,Limbic,lh
7438,145,demo_parcel_145,5,Limbic,lh
7439,145,demo_parcel_145,5,Limbic,lh
7440,145,demo_parcel_145,5,Limbic,lh
7441,145,demo_parcel_145,5,Limbic,lh
7442,145,demo_parcel_145,5,Limbic,lh
7443,145,demo_parcel_145,5,Limbic,lh
7444,145,demo_parcel_145,5,Limbic,lh
7445,145,demo_parcel_145,5,Limbic,lh
7446,145,demo_parcel_145,5,Limbic,lh
7447,145,demo_parcel_145,5,Limbic,lh
7448,145,demo_parcel_145,5,Limbic,lh
7449,145,demo_parcel_145,5,Limbic,lh
7450,145,demo_parcel_145,5,Limbic,lh
7451,145,demo_parcel_145,5,Limbic,lh
7452,145,demo_parcel_145,5,Limbic,lh
7453,145,demo_parcel_145,5,Limbic,lh
7454,145,demo_parcel_145,5,Limbic,lh
7455,145,demo_parcel_145,5,Limbic,lh
7456,145,demo_parcel_145,5,Limbic,lh
7457,145,demo_parcel_145,5,Limbic,lh
7458,145,demo_parcel_145,5,Limbic,lh
7459,145,demo_parcel_145,5,Limbic,lh
7460,145,demo_parcel_145,5,Limbic,lh
7461,145,demo_parcel_145,5,Limbic,lh
7462,145,demo_parcel_145,5,Limbic,lh
7463,145,demo_parcel_145,5,Limbic,lh
7464,145,demo_parcel_145,5,Limbic,lh
7465,145,demo_parcel_145,5,Limbic,lh
7466,145,demo_parcel_145,5,Limbic,lh
7467,145,demo_parcel_145,5,Limbic,lh
7468,145,demo_parcel_145,5,Limbic,lh
7469,145,demo_parcel_145,5,Limbic,lh
7470,145,demo_parcel_145,5,Limbic,lh
7471,145,demo_parcel_145,5,Limbic,lh
7472,145,demo_parcel_145,5,Limbic,lh
7473,145,demo_parcel_145,5,Limbic,lh
7474,145,demo_parcel_145,5,Limbic,lh
7475,145,demo_parcel_145,5,Limbic,lh
7476,145,demo_parcel_145,5,Limbic,lh
7477,145,demo_parcel_145,5,Limbic,lh
7478,145,demo_parcel_145,5,Limbic,lh
7479,146,demo_parcel_146,6,Cont,lh
7480,146,demo_parcel_146,6,Cont,lh
7481,146,demo_parcel_146,6,Cont,lh
7482,146,demo_parcel_146,6,Cont,lh
7483,146,demo_parcel_146,6,Cont,lh
7484,146,demo_parcel_146,6,Cont,lh
7485,146,demo_parcel_146,6,Cont,lh
7486,146,demo_parcel_146,6,Cont,lh
7487,146,demo_parcel_146,6,Cont,lh
7488,146,demo_parcel_146,6,Cont,lh
7489,146,demo_parcel_146,6,Cont,lh
7490,146,demo_parcel_146,6,Cont,lh
7491,146,demo_parcel_146,6,Cont,lh
7492,146,demo_parcel_146,6,Cont,lh
7493,146,demo_parcel_146,6,Cont,lh
7494,146,demo_parcel_146,6,Cont,lh
7495,146,demo_parcel_146,6,Cont,lh
7496,146,demo_parcel_146,6,Cont,lh
7497,146,demo_parcel_146,6,Cont,lh
7498,146,demo_parcel_146,6,Cont,lh
7499,146,demo_parcel_146,6,Cont,lh
7500,146,demo_parcel_146,6,Cont,lh
7501,146,demo_parcel_146,6,Cont,lh
7502,146,demo_parcel_146,6,Cont,lh
7503,146,demo_parcel_146,6,Cont,lh
7504,146,demo_parcel_146,6,Cont,lh
7505,146,demo_parcel_146,6,Cont,lh
7506,146,demo_parcel_146,6,Cont,lh
7507,146,demo_parcel_146,6,Cont,lh
7508,146,demo_parcel_146,6,Cont,lh
7509,146,demo_parcel_146,6,Cont,lh
7510,146,demo_parcel_146,6,Cont,lh
7511,146,demo_parcel_146,6,Cont,lh
7512,146,demo_parcel_146,6,Cont,lh
7513,146,demo_parcel_146,6,Cont,lh
7514,146,demo_parcel_146,6,Cont,lh
7515,146,demo_parcel_146,6,Cont,lh
7516,146,demo_parcel_146,6,Cont,lh
7517,146,demo_parcel_146,6,Cont,lh
7518,146,demo_parcel_146,6,Cont,lh
7519,146,demo_parcel_146,6,Cont,lh
7520,146,demo_parcel_146,6,Cont,lh
7521,146,demo_parcel_146,6,Cont,lh
7522,146,demo_parcel_146,6,Cont,lh
7523,146,demo_parcel_146,6,Cont,lh
7524,146,demo_parcel_146,6,Cont,lh
7525,146,demo_parcel_146,6,Cont,lh
7526,146,demo_parcel_146,6,Cont,lh
7527,146,demo_parcel_146,6,Cont,lh
7528,146,demo_parcel_146,6,Cont,lh
7529,146,demo_parcel_146,6,Cont,lh
7530,147,demo_parcel_147,7,Default,lh
7531,147,demo_parcel_147,7,Default,lh
7532,147,demo_parcel_147,7,Default,lh
7533,147,demo_parcel_147,7,Default,lh
7534,147,demo_parcel_147,7,Default,lh
7535,147,demo_parcel_147,7,Default,lh
7536,147,demo_parcel_147,7,Default,lh
7537,147,demo_parcel_147,7,Default,lh
7538,147,demo_parcel_147,7,Default,lh
7539,147,demo_parcel_147,7,Default,lh
7540,147,demo_parcel_147,7,Default,lh
7541,147,demo_parcel_147,7,Default,lh
7542,147,demo_parcel_147,7,Default,lh
7543,147,demo_parcel_147,7,Default,lh
7544,147,demo_parcel_147,7,Default,lh
7545,147,demo_parcel_147,7,Default,lh
7546,147,demo_parcel_147,7,Default,lh
7547,147,demo_parcel_147,7,Default,lh
7548,147,demo_parcel_147,7,Default,lh
7549,147,demo_parcel_147,7,Default,lh
7550,147,demo_parcel_147,7,Default,lh
7551,147,demo_parcel_147,7,Default,lh
7552,147,demo_parcel_147,7,Default,lh
7553,147,demo_parcel_147,7,Default,lh
7554,147,demo_parcel_147,7,Default,lh
7555,147,demo_parcel_147,7,Default,lh
7556,147,demo_parcel_147,7,Default,lh
7557,147,demo_parcel_147,7,Default,lh
7558,147,demo_parcel_147,7,Default,lh
7559,147,demo_parcel_147,7,Default,lh
7560,147,demo_parcel_147,7,Default,lh
7561,147,demo_parcel_147,7,Default,lh
7562,147,demo_parcel_147,7,Default,lh
7563,147,demo_parcel_147,7,Default,lh
7564,147,demo_parcel_147,7,Default,lh
7565,147,demo_parcel_147,7,Default,lh
7566,147,demo_parcel_147,7,Default,lh
7567,147,demo_parcel_147,7,Default,lh
7568,147,demo_parcel_147,7,Default,lh
7569,147,demo_parcel_147,7,Default,lh
7570,147,demo_parcel_147,7,Default,lh
7571,147,demo_parcel_147,7,Default,lh
7572,147,demo_parcel_147,7,Default,lh
7573,147,demo_parcel_147,7,Default,lh
7574,147,demo_parcel_147,7,Default,lh
7575,147,demo_parcel_147,7,Default,lh
7576,147,demo_parcel_147,7,Default,lh
7577,147,demo_parcel_147,7,Default,lh
7578,147,demo_parcel_147,7,Default,lh
7579,147,demo_parcel_147,7,Default,lh
7580,147,demo_parcel_147,7,Default,lh
7581,148,demo_parcel_148,1,Vis,lh
7582,148,demo_parcel_148,1,Vis,lh
7583,148,demo_parcel_148,1,Vis,lh
7584,148,demo_parcel_148,1,Vis,lh
7585,148,demo_parcel_148,1,Vis,lh
7586,148,demo_parcel_148,1,Vis,lh
7587,148,demo_parcel_148,1,Vis,lh
7588,148,demo_parcel_148,1,Vis,lh
7589,148,demo_parcel_148,1,Vis,lh
7590,148,demo_parcel_148,1,Vis,lh
7591,148,demo_parcel_148,1,Vis,lh
7592,148,demo_parcel_148,1,Vis,lh
7593,148,demo_parcel_148,1,Vis,lh
7594,148,demo_parcel_148,1,Vis,lh
7595,148,demo_parcel_148,1,Vis,lh
7596,148,demo_parcel_148,1,Vis,lh
7597,148,demo_parcel_148,1,Vis,lh
7598,148,demo_parcel_148,1,Vis,lh
7599,148,demo_parcel_148,1,Vis,lh
7600,148,demo_parcel_148,1,Vis,lh
7601,148,demo_parcel_148,1,Vis,lh
7602,148,demo_parcel_148,1,Vis,lh
7603,148,demo_parcel_148,1,Vis,lh
7604,148,demo_parcel_148,1,Vis,lh
7605,148,demo_parcel_148,1,Vis,lh
7606,148,demo_parcel_148,1,Vis,lh
7607,148,demo_parcel_148,1,Vis,lh
7608,148,demo_parcel_148,1,Vis,lh
7609,148,demo_parcel_148,1,Vis,lh
7610,148,demo_parcel_148,1,Vis,lh
7611,148,demo_parcel_148,1,Vis,lh
7612,148,demo_parcel_148,1,Vis,lh
7613,148,demo_parcel_148,1,Vis,lh
7614,148,demo_parcel_148,1,Vis,lh
7615,148,demo_parcel_148,1,Vis,lh
7616,148,demo_parcel_148,1,Vis,lh
7617,148,demo_parcel_148,1,Vis,lh
7618,148,demo_parcel_148,1,Vis,lh
7619,148,demo_parcel_148,1,Vis,lh
7620,148,demo_parcel_148,1,Vis,lh
7621,148,demo_parcel_148,1,Vis,lh
7622,148,demo_parcel_148,1,Vis,lh
7623,148,demo_parcel_148,1,Vis,lh
7624,148,demo_parcel_148,1,Vis,lh
7625,148,demo_parcel_148,1,Vis,lh
7626,148,demo_parcel_148,1,Vis,lh
7627,148,demo_parcel_148,1,Vis,lh
7628,148,demo_parcel_148,1,Vis,lh
7629,148,demo_parcel_148,1,Vis,lh
7630,148,demo_parcel_148,1,Vis,lh
7631,148,demo_parcel_148,1,Vis,lh
7632,149,demo_parcel_149,2,SomMot,lh
7633,149,demo_parcel_149,2,SomMot,lh
7634,149,demo_parcel_149,2,SomMot,lh
7635,149,demo_parcel_149,2,SomMot,lh
7636,149,demo_parcel_149,2,SomMot,lh
7637,149,demo_parcel_149,2,SomMot,lh
7638,149,demo_parcel_149,2,SomMot,lh
7639,149,demo_parcel_149,2,SomMot,lh
7640,149,demo_parcel_149,2,SomMot,lh
7641,149,demo_parcel_149,2,SomMot,lh
7642,149,demo_parcel_149,2,SomMot,lh
7643,149,demo_parcel_149,2,SomMot,lh
7644,149,demo_parcel_149,2,SomMot,lh
7645,149,demo_parcel_149,2,SomMot,lh
7646,149,demo_parcel_149,2,SomMot,lh
7647,149,demo_parcel_149,2,SomMot,lh
7648,149,demo_parcel_149,2,SomMot,lh
7649,149,demo_parcel_149,2,SomMot,lh
7650,149,demo_parcel_149,2,SomMot,lh
7651,149,demo_parcel_149,2,SomMot,lh
7652,149,demo_parcel_149,2,SomMot,lh
7653,149,demo_parcel_149,2,SomMot,lh
7654,149,demo_parcel_149,2,SomMot,lh
7655,149,demo_parcel_149,2,SomMot,lh
7656,149,demo_parcel_149,2,SomMot,lh
7657,149,demo_parcel_149,2,SomMot,lh
7658,149,demo_parcel_149,2,SomMot,lh
7659,149,demo_parcel_149,2,SomMot,lh
7660,149,demo_parcel_149,2,SomMot,lh
7661,149,demo_parcel_149,2,SomMot,lh
7662,149,demo_parcel_149,2,SomMot,lh
7663,149,demo_parcel_149,2,SomMot,lh
7664,149,demo_parcel_149,2,SomMot,lh
7665,149,demo_parcel_149,2,SomMot,lh
7666,149,demo_parcel_149,2,SomMot,lh
7667,149,demo_parcel_149,2,SomMot,lh
7668,149,demo_parcel_149,2,SomMot,lh
7669,149,demo_parcel_149,2,SomMot,lh
7670,149,demo_parcel_149,2,SomMot,lh
7671,149,demo_parcel_149,2,SomMot,lh
7672,149,demo_parcel_149,2,SomMot,lh
7673,149,demo_parcel_149,2,SomMot,lh
7674,149,demo_parcel_149,2,SomMot,lh
7675,149,demo_parcel_149,2,SomMot,lh
7676,149,demo_parcel_149,2,SomMot,lh
7677,149,demo_parcel_149,2,SomMot,lh
7678,149,demo_parcel_149,2,SomMot,lh
7679,149,demo_parcel_149,2,SomMot,lh
7680,149,demo_parcel_149,2,SomMot,lh
7681,149,demo_parcel_149,2,SomMot,lh
7682,149,demo_parcel_149,2,SomMot,lh
7683,150,demo_parcel_150,3,DorsAttn,lh
7684,150,demo_parcel_150,3,DorsAttn,lh
7685,150,demo_parcel_150,3,DorsAttn,lh
7686,150,demo_parcel_150,3,DorsAttn,lh
7687,150,demo_parcel_150,3,DorsAttn,lh
7688,150,demo_parcel_150,3,DorsAttn,lh
7689,150,demo_parcel_150,3,DorsAttn,lh
7690,150,demo_parcel_150,3,DorsAttn,lh
7691,150,demo_parcel_150,3,DorsAttn,lh
7692,150,demo_parcel_150,3,DorsAttn,lh
7693,150,demo_parcel_150,3,DorsAttn,lh
7694,150,demo_parcel_150,3,DorsAttn,lh
7695,150,demo_parcel_150,3,DorsAttn,lh
7696,150,demo_parcel_150,3,DorsAttn,lh
7697,150,demo_parcel_150,3,DorsAttn,lh
7698,150,demo_parcel_150,3,DorsAttn,lh
7699,150,demo_parcel_150,3,DorsAttn,lh
7700,150,demo_parcel_150,3,DorsAttn,lh
7701,150,demo_parcel_150,3,DorsAttn,lh
7702,150,demo_parcel_150,3,DorsAttn,lh
7703,150,demo_parcel_150,3,DorsAttn,lh
7704,150,demo_parcel_150,3,DorsAttn,lh
7705,150,demo_parcel_150,3,DorsAttn,lh
7706,150,demo_parcel_150,3,DorsAttn,lh
7707,150,demo_parcel_150,3,DorsAttn,lh
7708,150,demo_parcel_150,3,DorsAttn,lh
7709,150,demo_parcel_150,3,DorsAttn,lh
7710,150,demo_parcel_150,3,DorsAttn,lh
7711,150,demo_parcel_150,3,DorsAttn,lh
7712,150,demo_parcel_150,3,DorsAttn,lh
7713,150,demo_parcel_150,3,DorsAttn,lh
7714,150,demo_parcel_150,3,DorsAttn,lh
7715,150,demo_parcel_150,3,DorsAttn,lh
7716,150,demo_parcel_150,3,DorsAttn,lh
7717,150,demo_parcel_150,3,DorsAttn,lh
7718,150,demo_parcel_150,3,DorsAttn,lh
7719,150,demo_parcel_150,3,DorsAttn,lh
7720,150,demo_parcel_150,3,DorsAttn,lh
7721,150,demo_parcel_150,3,DorsAttn,lh
7722,150,demo_parcel_150,3,DorsAttn,lh
7723,150,demo_parcel_150,3,DorsAttn,lh
7724,150,demo_parcel_150,3,DorsAttn,lh
7725,150,demo_parcel_150,3,DorsAttn,lh
7726,150,demo_parcel_150,3,DorsAttn,lh
7727,150,demo_parcel_150,3,DorsAttn,lh
7728,150,demo_parcel_150,3,DorsAttn,lh
7729,150,demo_parcel_150,3,DorsAttn,lh
7730,150,demo_parcel_150,3,DorsAttn,lh
7731,150,demo_parcel_150,3,DorsAttn,lh
7732,150,demo_parcel_150,3,DorsAttn,lh
7733,150,demo_parcel_150,3,DorsAttn,lh
7734,151,demo_parcel_151,4,SalVentAttn,lh
7735,151,demo_parcel_151,4,SalVentAttn,lh
7736,151,demo_parcel_151,4,SalVentAttn,lh
7737,151,demo_parcel_151,4,SalVentAttn,lh
7738,151,demo_parcel_151,4,SalVentAttn,lh
7739,151,demo_parcel_151,4,SalVentAttn,lh
7740,151,demo_parcel_151,4,SalVentAttn,lh
7741,151,demo_parcel_151,4,SalVentAttn,lh
7742,151,demo_parcel_151,4,SalVentAttn,lh
7743,151,demo_parcel_151,4,SalVentAttn,lh
7744,151,demo_parcel_151,4,SalVentAttn,lh
7745,151,demo_parcel_151,4,SalVentAttn,lh
7746,151,demo_parcel_151,4,SalVentAttn,lh
7747,151,demo_parcel_151,4,SalVentAttn,lh
7748,151,demo_parcel_151,4,SalVentAttn,lh
7749,151,demo_parcel_151,4,SalVentAttn,lh
7750,151,demo_parcel_151,4,SalVentAttn,lh
7751,151,demo_parcel_151,4,SalVentAttn,lh
7752,151,demo_parcel_151,4,SalVentAttn,lh
7753,151,demo_parcel_151,4,SalVentAttn,lh
7754,151,demo_parcel_151,4,SalVentAttn,lh
7755,151,demo_parcel_151,4,SalVentAttn,lh
7756,151,demo_parcel_151,4,SalVentAttn,lh
7757,151,demo_parcel_151,4,SalVentAttn,lh
7758,151,demo_parcel_151,4,SalVentAttn,lh
7759,151,demo_parcel_151,4,SalVentAttn,lh
7760,151,demo_parcel_151,4,SalVentAttn,lh
7761,151,demo_parcel_151,4,SalVentAttn,lh
7762,151,demo_parcel_151,4,SalVentAttn,lh
7763,151,demo_parcel_151,4,SalVentAttn,lh
7764,151,demo_parcel_151,4,SalVentAttn,lh
7765,151,demo_parcel_151,4,SalVentAttn,lh
7766,151,demo_parcel_151,4,SalVentAttn,lh
7767,151,demo_parcel_151,4,SalVentAttn,lh
7768,151,demo_parcel_151,4,SalVentAttn,lh
7769,151,demo_parcel_151,4,SalVentAttn,lh
7770,151,demo_parcel_151,4,SalVentAttn,lh
7771,151,demo_parcel_151,4,SalVentAttn,lh
7772,151,demo_parcel_151,4,SalVentAttn,lh
7773,151,demo_parcel_151,4,SalVentAttn,lh
7774,151,demo_parcel_151,4,SalVentAttn,lh
7775,151,demo_parcel_151,4,SalVentAttn,lh
7776,151,demo_parcel_151,4,SalVentAttn,lh
7777,151,demo_parcel_151,4,SalVentAttn,lh
7778,151,demo_parcel_151,4,SalVentAttn,lh
7779,151,demo_parcel_151,4,SalVentAttn,lh
7780,151,demo_parcel_151,4,SalVentAttn,lh
7781,151,demo_parcel_151,4,SalVentAttn,lh
7782,151,demo_parcel_151,4,SalVentAttn,lh
7783,151,demo_parcel_151,4,SalVentAttn,lh
7784,151,demo_parcel_151,4,SalVentAttn,lh
7785,152,demo_parcel_152,5,Limbic,lh
7786,152,demo_parcel_152,5,Limbic,lh
7787,152,demo_parcel_152,5,Limbic,lh
7788,152,demo_parcel_152,5,Limbic,lh
7789,152,demo_parcel_152,5,Limbic,lh
7790,152,demo_parcel_152,5,Limbic,lh
7791,152,demo_parcel_152,5,Limbic,lh
7792,152,demo_parcel_152,5,Limbic,lh
7793,152,demo_parcel_152,5,Limbic,lh
7794,152,demo_parcel_152,5,Limbic,lh
7795,152,demo_parcel_152,5,Limbic,lh
7796,152,demo_parcel_152,5,Limbic,lh
7797,152,demo_parcel_152,5,Limbic,lh
7798,152,demo_parcel_152,5,Limbic,lh
7799,152,demo_parcel_152,5,Limbic,lh
7800,152,demo_parcel_152,5,Limbic,lh
7801,152,demo_parcel_152,5,Limbic,lh
7802,152,demo_parcel_152,5,Limbic,lh
7803,152,demo_parcel_152,5,Limbic,lh
7804,152,demo_parcel_152,5,Limbic,lh
7805,152,demo_parcel_152,5,Limbic,lh
7806,152,demo_parcel_152,5,Limbic,lh
7807,152,demo_parcel_152,5,Limbic,lh
7808,152,demo_parcel_152,5,Limbic,lh
7809,152,demo_parcel_152,5,Limbic,lh
7810,152,demo_parcel_152,5,Limbic,lh
7811,152,demo_parcel_152,5,Limbic,lh
7812,152,demo_parcel_152,5,Limbic,lh
7813,152,demo_parcel_152,5,Limbic,lh
7814,152,demo_parcel_152,5,Limbic,lh
7815,152,demo_parcel_152,5,Limbic,lh
7816,152,demo_parcel_152,5,Limbic,lh
7817,152,demo_parcel_152,5,Limbic,lh
7818,152,demo_parcel_152,5,Limbic,lh
7819,152,demo_parcel_152,5,Limbic,lh
7820,152,demo_parcel_152,5,Limbic,lh
7821,152,demo_parcel_152,5,Limbic,lh
7822,152,demo_parcel_152,5,Limbic,lh
7823,152,demo_parcel_152,5,Limbic,lh
7824,152,demo_parcel_152,5,Limbic,lh
7825,152,demo_parcel_152,5,Limbic,lh
7826,152,demo_parcel_152,5,Limbic,lh
7827,152,demo_parcel_152,5,Limbic,lh
7828,152,demo_parcel_152,5,Limbic,lh
7829,152,demo_parcel_152,5,Limbic,lh
7830,152,demo_parcel_152,5,Limbic,lh
7831,152,demo_parcel_152,5,Limbic,lh
7832,152,demo_parcel_152,5,Limbic,lh
7833,152,demo_parcel_152,5,Limbic,lh
7834,152,demo_parcel_152,5,Limbic,lh
7835,152,demo_parcel_152,5,Limbic,lh
7836,153,demo_parcel_153,6,Cont,lh
7837,153,demo_parcel_153,6,Cont,lh
7838,153,demo_parcel_153,6,Cont,lh
7839,153,demo_parcel_153,6,Cont,lh
7840,153,demo_parcel_153,6,Cont,lh
7841,153,demo_parcel_153,6,Cont,lh
7842,153,demo_parcel_153,6,Cont,lh
7843,153,demo_parcel_153,6,Cont,lh
7844,153,demo_parcel_153,6,Cont,lh
7845,153,demo_parcel_153,6,Cont,lh
7846,153,demo_parcel_153,6,Cont,lh
7847,153,demo_parcel_153,6,Cont,lh
7848,153,demo_parcel_153,6,Cont,lh
7849,153,demo_parcel_153,6,Cont,lh
7850,153,demo_parcel_153,6,Cont,lh
7851,153,demo_parcel_153,6,Cont,lh
7852,153,demo_parcel_153,6,Cont,lh
7853,153,demo_parcel_153,6,Cont,lh
7854,153,demo_parcel_153,6,Cont,lh
7855,153,demo_parcel_153,6,Cont,lh
7856,153,demo_parcel_153,6,Cont,lh
7857,153,demo_parcel_153,6,Cont,lh
7858,153,demo_parcel_153,6,Cont,lh
7859,153,demo_parcel_153,6,Cont,lh
7860,153,demo_parcel_153,6,Cont,lh
7861,153,demo_parcel_153,6,Cont,lh
7862,153,demo_parcel_153,6,Cont,lh
7863,153,demo_parcel_153,6,Cont,lh
7864,153,demo_parcel_153,6,Cont,lh
7865,153,demo_parcel_153,6,Cont,lh
7866,153,demo_parcel_153,6,Cont,lh
7867,153,demo_parcel_153,6,Cont,lh
7868,153,demo_parcel_153,6,Cont,lh
7869,153,demo_parcel_153,6,Cont,lh
7870,153,demo_parcel_153,6,Cont,lh
7871,153,demo_parcel_153,6,Cont,lh
7872,153,demo_parcel_153,6,Cont,lh
7873,153,demo_parcel_153,6,Cont,lh
7874,153,demo_parcel_153,6,Cont,lh
7875,153,demo_parcel_153,6,Cont,lh
7876,153,demo_parcel_153,6,Cont,lh
7877,153,demo_parcel_153,6,Cont,lh
7878,153,demo_parcel_153,6,Cont,lh
7879,153,demo_parcel_153,6,Cont,lh
7880,153,demo_parcel_153,6,Cont,lh
7881,153,demo_parcel_153,6,Cont,lh
7882,153,demo_parcel_153,6,Cont,lh
7883,153,demo_parcel_153,6,Cont,lh
7884,153,demo_parcel_153,6,Cont,lh
7885,153,demo_parcel_153,6,Cont,lh
7886,153,demo_parcel_153,6,Cont,lh
7887,154,demo_parcel_154,7,Default,lh
7888,154,demo_parcel_154,7,Default,lh
7889,154,demo_parcel_154,7,Default,lh
7890,154,demo_parcel_154,7,Default,lh
7891,154,demo_parcel_154,7,Default,lh
7892,154,demo_parcel_154,7,Default,lh
7893,154,demo_parcel_154,7,Default,lh
7894,154,demo_parcel_154,7,Default,lh
7895,154,demo_parcel_154,7,Default,lh
7896,154,demo_parcel_154,7,Default,lh
7897,154,demo_parcel_154,7,Default,lh
7898,154,demo_parcel_154,7,Default,lh
7899,154,demo_parcel_154,7,Default,lh
7900,154,demo_parcel_154,7,Default,lh
7901,154,demo_parcel_154,7,Default,lh
7902,154,demo_parcel_154,7,Default,lh
7903,154,demo_parcel_154,7,Default,lh
7904,154,demo_parcel_154,7,Default,lh
7905,154,demo_parcel_154,7,Default,lh
7906,154,demo_parcel_154,7,Default,lh
7907,154,demo_parcel_154,7,Default,lh
7908,154,demo_parcel_154,7,Default,lh
7909,154,demo_parcel_154,7,Default,lh
7910,154,demo_parcel_154,7,Default,lh
7911,154,demo_parcel_154,7,Default,lh
7912,154,demo_parcel_154,7,Default,lh
7913,154,demo_parcel_154,7,Default,lh
7914,154,demo_parcel_154,7,Default,lh
7915,154,demo_parcel_154,7,Default,lh
7916,154,demo_parcel_154,7,Default,lh
7917,154,demo_parcel_154,7,Default,lh
7918,154,demo_parcel_154,7,Default,lh
7919,154,demo_parcel_154,7,Default,lh
7920,154,demo_parcel_154,7,Default,lh
7921,154,demo_parcel_154,7,Default,lh
7922,154,demo_parcel_154,7,Default,lh
7923,154,demo_parcel_154,7,Default,lh
7924,154,demo_parcel_154,7,Default,lh
7925,154,demo_parcel_154,7,Default,lh
7926,154,demo_parcel_154,7,Default,lh
7927,154,demo_parcel_154,7,Default,lh
7928,154,demo_parcel_154,7,Default,lh
7929,154,demo_parcel_154,7,Default,lh
7930,154,demo_parcel_154,7,Default,lh
7931,154,demo_parcel_154,7,Default,lh
7932,154,demo_parcel_154,7,Default,lh
7933,154,demo_parcel_154,7,Default,lh
7934,154,demo_parcel_154,7,Default,lh
7935,154,demo_parcel_154,7,Default,lh
7936,154,demo_parcel_154,7,Default,lh
7937,154,demo_parcel_154,7,Default,lh
7938,155,demo_parcel_155,1,Vis,lh
7939,155,demo_parcel_155,1,Vis,lh
7940,155,demo_parcel_155,1,Vis,lh
7941,155,demo_parcel_155,1,Vis,lh
7942,155,demo_parcel_155,1,Vis,lh
7943,155,demo_parcel_155,1,Vis,lh
7944,155,demo_parcel_155,1,Vis,lh
7945,155,demo_parcel_155,1,Vis,lh
7946,155,demo_parcel_155,1,Vis,lh
7947,155,demo_parcel_155,1,Vis,lh
7948,155,demo_parcel_155,1,Vis,lh
7949,155,demo_parcel_155,1,Vis,lh
7950,155,demo_parcel_155,1,Vis,lh
7951,155,demo_parcel_155,1,Vis,lh
7952,155,demo_parcel_155,1,Vis,lh
7953,155,demo_parcel_155,1,Vis,lh
7954,155,demo_parcel_155,1,Vis,lh
7955,155,demo_parcel_155,1,Vis,lh
7956,155,demo_parcel_155,1,Vis,lh
7957,155,demo_parcel_155,1,Vis,lh
7958,155,demo_parcel_155,1,Vis,lh
7959,155,demo_parcel_155,1,Vis,lh
7960,155,demo_parcel_155,1,Vis,lh
7961,155,demo_parcel_155,1,Vis,lh
7962,155,demo_parcel_155,1,Vis,lh
7963,155,demo_parcel_155,1,Vis,lh
7964,155,demo_parcel_155,1,Vis,lh
7965,155,demo_parcel_155,1,Vis,lh
7966,155,demo_parcel_155,1,Vis,lh
7967,155,demo_parcel_155,1,Vis,lh
7968,155,demo_parcel_155,1,Vis,lh
7969,155,demo_parcel_155,1,Vis,lh
7970,155,demo_parcel_155,1,Vis,lh
7971,155,demo_parcel_155,1,Vis,lh
7972,155,demo_parcel_155,1,Vis,lh
7973,155,demo_parcel_155,1,Vis,lh
7974,155,demo_parcel_155,1,Vis,lh
7975,155,demo_parcel_155,1,Vis,lh
7976,155,demo_parcel_155,1,Vis,lh
7977,155,demo_parcel_155,1,Vis,lh
7978,155,demo_parcel_155,1,Vis,lh
7979,155,demo_parcel_155,1,Vis,lh
7980,155,demo_parcel_155,1,Vis,lh
7981,155,demo_parcel_155,1,Vis,lh
7982,155,demo_parcel_155,1,Vis,lh
7983,155,demo_parcel_155,1,Vis,lh
7984,155,demo_parcel_155,1,Vis,lh
7985,155,demo_parcel_155,1,Vis,lh
7986,155,demo_parcel_155,1,Vis,lh
7987,155,demo_parcel_155,1,Vis,lh
7988,155,demo_parcel_155,1,Vis,lh
7989,156,demo_parcel_156,2,SomMot,lh
7990,156,demo_parcel_156,2,SomMot,lh
7991,156,demo_parcel_156,2,SomMot,lh
7992,156,demo_parcel_156,2,SomMot,lh
7993,156,demo_parcel_156,2,SomMot,lh
7994,156,demo_parcel_156,2,SomMot,lh
7995,156,demo_parcel_156,2,SomMot,lh
7996,156,demo_parcel_156,2,SomMot,lh
7997,156,demo_parcel_156,2,SomMot,lh
7998,156,demo_parcel_156,2,SomMot,lh
7999,156,demo_parcel_156,2,SomMot,lh
8000,156,demo_parcel_156,2,SomMot,lh
8001,156,demo_parcel_156,2,SomMot,lh
8002,156,demo_parcel_156,2,SomMot,lh
8003,156,demo_parcel_156,2,SomMot,lh
8004,156,demo_parcel_156,2,SomMot,lh
8005,156,demo_parcel_156,2,SomMot,lh
8006,156,demo_parcel_156,2,SomMot,lh
8007,156,demo_parcel_156,2,SomMot,lh
8008,156,demo_parcel_156,2,SomMot,lh
8009,156,demo_parcel_156,2,SomMot,lh
8010,156,demo_parcel_156,2,SomMot,lh
8011,156,demo_parcel_156,2,SomMot,lh
8012,156,demo_parcel_156,2,SomMot,lh
8013,156,demo_parcel_156,2,SomMot,lh
8014,156,demo_parcel_156,2,SomMot,lh
8015,156,demo_parcel_156,2,SomMot,lh
8016,156,demo_parcel_156,2,SomMot,lh
8017,156,demo_parcel_156,2,SomMot,lh
8018,156,demo_parcel_156,2,SomMot,lh
8019,156,demo_parcel_156,2,SomMot,lh
8020,156,demo_parcel_156,2,SomMot,lh
8021,156,demo_parcel_156,2,SomMot,lh
8022,156,demo_parcel_156,2,SomMot,lh
8023,156,demo_parcel_156,2,SomMot,lh
8024,156,demo_parcel_156,2,SomMot,lh
8025,156,demo_parcel_156,2,SomMot,lh
8026,156,demo_parcel_156,2,SomMot,lh
8027,156,demo_parcel_156,2,SomMot,lh
8028,156,demo_parcel_156,2,SomMot,lh
8029,156,demo_parcel_156,2,SomMot,lh
8030,156,demo_parcel_156,2,SomMot,lh
8031,156,demo_parcel_156,2,SomMot,lh
8032,156,demo_parcel_156,2,SomMot,lh
8033,156,demo_parcel_156,2,SomMot,lh
8034,156,demo_parcel_156,2,SomMot,lh
8035,156,demo_parcel_156,2,SomMot,lh
8036,156,demo_parcel_156,2,SomMot,lh
8037,156,demo_parcel_156,2,SomMot,lh
8038,156,demo_parcel_156,2,SomMot,lh
8039,156,demo_parcel_156,2,SomMot,lh
8040,157,demo_parcel_157,3,DorsAttn,lh
8041,157,demo_parcel_157,3,DorsAttn,lh
8042,157,demo_parcel_157,3,DorsAttn,lh
8043,157,demo_parcel_157,3,DorsAttn,lh
8044,157,demo_parcel_157,3,DorsAttn,lh
8045,157,demo_parcel_157,3,DorsAttn,lh
8046,157,demo_parcel_157,3,DorsAttn,lh
8047,157,demo_parcel_157,3,DorsAttn,lh
8048,157,demo_parcel_157,3,DorsAttn,lh
8049,157,demo_parcel_157,3,DorsAttn,lh
8050,157,demo_parcel_157,3,DorsAttn,lh
8051,157,demo_parcel_157,3,DorsAttn,lh
8052,157,demo_parcel_157,3,DorsAttn,lh
8053,157,demo_parcel_157,3,DorsAttn,lh
8054,157,demo_parcel_157,3,DorsAttn,lh
8055,157,demo_parcel_157,3,DorsAttn,lh
8056,157,demo_parcel_157,3,DorsAttn,lh
8057,157,demo_parcel_157,3,DorsAttn,lh
8058,157,demo_parcel_157,3,DorsAttn,lh
8059,157,demo_parcel_157,3,DorsAttn,lh
8060,157,demo_parcel_157,3,DorsAttn,lh
8061,157,demo_parcel_157,3,DorsAttn,lh
8062,157,demo_parcel_157,3,DorsAttn,lh
8063,157,demo_parcel_157,3,DorsAttn,lh
8064,157,demo_parcel_157,3,DorsAttn,lh
8065,157,demo_parcel_157,3,DorsAttn,lh
8066,157,demo_parcel_157,3,DorsAttn,lh
8067,157,demo_parcel_157,3,DorsAttn,lh
8068,157,demo_parcel_157,3,DorsAttn,lh
8069,157,demo_parcel_157,3,DorsAttn,lh
8070,157,demo_parcel_157,3,DorsAttn,lh
8071,157,demo_parcel_157,3,DorsAttn,lh
8072,157,demo_parcel_157,3,DorsAttn,lh
8073,157,demo_parcel_157,3,DorsAttn,lh
8074,157,demo_parcel_157,3,DorsAttn,lh
8075,157,demo_parcel_157,3,DorsAttn,lh
8076,157,demo_parcel_157,3,DorsAttn,lh
8077,157,demo_parcel_157,3,DorsAttn,lh
8078,157,demo_parcel_157,3,DorsAttn,lh
8079,157,demo_parcel_157,3,DorsAttn,lh
8080,157,demo_parcel_157,3,DorsAttn,lh
8081,157,demo_parcel_157,3,DorsAttn,lh
8082,157,demo_parcel_157,3,DorsAttn,lh
8083,157,demo_parcel_157,3,DorsAttn,lh
8084,157,demo_parcel_157,3,DorsAttn,lh
8085,157,demo_parcel_157,3,DorsAttn,lh
8086,157,demo_parcel_157,3,DorsAttn,lh
8087,157,demo_parcel_157,3,DorsAttn,lh
8088,157,demo_parcel_157,3,DorsAttn,lh
8089,157,demo_parcel_157,3,DorsAttn,lh
8090,157,demo_parcel_157,3,DorsAttn,lh
8091,158,demo_parcel_158,4,SalVentAttn,lh
8092,158,demo_parcel_158,4,SalVentAttn,lh
8093,158,demo_parcel_158,4,SalVentAttn,lh
8094,158,demo_parcel_158,4,SalVentAttn,lh
8095,158,demo_parcel_158,4,SalVentAttn,lh
8096,158,demo_parcel_158,4,SalVentAttn,lh
8097,158,demo_parcel_158,4,SalVentAttn,lh
8098,158,demo_parcel_158,4,SalVentAttn,lh
8099,158,demo_parcel_158,4,SalVentAttn,lh
8100,158,demo_parcel_158,4,SalVentAttn,lh
8101,158,demo_parcel_158,4,SalVentAttn,lh
8102,158,demo_parcel_158,4,SalVentAttn,lh
8103,158,demo_parcel_158,4,SalVentAttn,lh
8104,158,demo_parcel_158,4,SalVentAttn,lh
8105,158,demo_parcel_158,4,SalVentAttn,lh
8106,158,demo_parcel_158,4,SalVentAttn,lh
8107,158,demo_parcel_158,4,SalVentAttn,lh
8108,158,demo_parcel_158,4,SalVentAttn,lh
8109,158,demo_parcel_158,4,SalVentAttn,lh
8110,158,demo_parcel_158,4,SalVentAttn,lh
8111,158,demo_parcel_158,4,SalVentAttn,lh
8112,158,demo_parcel_158,4,SalVentAttn,lh
8113,158,demo_parcel_158,4,SalVentAttn,lh
8114,158,demo_parcel_158,4,SalVentAttn,lh
8115,158,demo_parcel_158,4,SalVentAttn,lh
8116,158,demo_parcel_158,4,SalVentAttn,lh
8117,158,demo_parcel_158,4,SalVentAttn,lh
8118,158,demo_parcel_158,4,SalVentAttn,lh
8119,158,demo_parcel_158,4,SalVentAttn,lh
8120,158,demo_parcel_158,4,SalVentAttn,lh
8121,158,demo_parcel_158,4,SalVentAttn,lh
8122,158,demo_parcel_158,4,SalVentAttn,lh
8123,158,demo_parcel_158,4,SalVentAttn,lh
8124,158,demo_parcel_158,4,SalVentAttn,lh
8125,158,demo_parcel_158,4,SalVentAttn,lh
8126,158,demo_parcel_158,4,SalVentAttn,lh
8127,158,demo_parcel_158,4,SalVentAttn,lh
8128,158,demo_parcel_158,4,SalVentAttn,lh
8129,158,demo_parcel_158,4,SalVentAttn,lh
8130,158,demo_parcel_158,4,SalVentAttn,lh
8131,158,demo_parcel_158,4,SalVentAttn,lh
8132,158,demo_parcel_158,4,SalVentAttn,lh
8133,158,demo_parcel_158,4,SalVentAttn,lh
8134,158,demo_parcel_158,4,SalVentAttn,lh
8135,158,demo_parcel_158,4,SalVentAttn,lh
8136,158,demo_parcel_158,4,SalVentAttn,lh
8137,158,demo_parcel_158,4,SalVentAttn,lh
8138,158,demo_parcel_158,4,SalVentAttn,lh
8139,158,demo_parcel_158,4,SalVentAttn,lh
8140,158,demo_parcel_158,4,SalVentAttn,lh
8141,158,demo_parcel_158,4,SalVentAttn,lh
8142,159,demo_parcel_159,5,Limbic,lh
8143,159,demo_parcel_159,5,Limbic,lh
8144,159,demo_parcel_159,5,Limbic,lh
8145,159,demo_parcel_159,5,Limbic,lh
8146,159,demo_parcel_159,5,Limbic,lh
8147,159,demo_parcel_159,5,Limbic,lh
8148,159,demo_parcel_159,5,Limbic,lh
8149,159,demo_parcel_159,5,Limbic,lh
8150,159,demo_parcel_159,5,Limbic,lh
8151,159,demo_parcel_159,5,Limbic,lh
8152,159,demo_parcel_159,5,Limbic,lh
8153,159,demo_parcel_159,5,Limbic,lh
8154,159,demo_parcel_159,5,Limbic,lh
8155,159,demo_parcel_159,5,Limbic,lh
8156,159,demo_parcel_159,5,Limbic,lh
8157,159,demo_parcel_159,5,Limbic,lh
8158,159,demo_parcel_159,5,Limbic,lh
8159,159,demo_parcel_159,5,Limbic,lh
8160,159,demo_parcel_159,5,Limbic,lh
8161,159,demo_parcel_159,5,Limbic,lh
8162,159,demo_parcel_159,5,Limbic,lh
8163,159,demo_parcel_159,5,Limbic,lh
8164,159,demo_parcel_159,5,Limbic,lh
8165,159,demo_parcel_159,5,Limbic,lh
8166,159,demo_parcel_159,5,Limbic,lh
8167,159,demo_parcel_159,5,Limbic,lh
8168,159,demo_parcel_159,5,Limbic,lh
8169,159,demo_parcel_159,5,Limbic,lh
8170,159,demo_parcel_159,5,Limbic,lh
8171,159,demo_parcel_159,5,Limbic,lh
8172,159,demo_parcel_159,5,Limbic,lh
8173,159,demo_parcel_159,5,Limbic,lh
8174,159,demo_parcel_159,5,Limbic,lh
8175,159,demo_parcel_159,5,Limbic,lh
8176,159,demo_parcel_159,5,Limbic,lh
8177,159,demo_parcel_159,5,Limbic,lh
8178,159,demo_parcel_159,5,Limbic,lh
8179,159,demo_parcel_159,5,Limbic,lh
8180,159,demo_parcel_159,5,Limbic,lh
8181,159,demo_parcel_159,5,Limbic,lh
8182,159,demo_parcel_159,5,Limbic,lh
8183,159,demo_parcel_159,5,Limbic,lh
8184,159,demo_parcel_159,5,Limbic,lh
8185,159,demo_parcel_159,5,Limbic,lh
8186,159,demo_parcel_159,5,Limbic,lh
8187,159,demo_parcel_159,5,Limbic,lh
8188,159,demo_parcel_159,5,Limbic,lh
8189,159,demo_parcel_159,5,Limbic,lh
8190,159,demo_parcel_159,5,Limbic,lh
8191,159,demo_parcel_159,5,Limbic,lh
8192,159,demo_parcel_159,5,Limbic,lh
8193,160,demo_parcel_160,6,Cont,lh
8194,160,demo_parcel_160,6,Cont,lh
8195,160,demo_parcel_160,6,Cont,lh
8196,160,demo_parcel_160,6,Cont,lh
8197,160,demo_parcel_160,6,Cont,lh
8198,160,demo_parcel_160,6,Cont,lh
8199,160,demo_parcel_160,6,Cont,lh
8200,160,demo_parcel_160,6,Cont,lh
8201,160,demo_parcel_160,6,Cont,lh
8202,160,demo_parcel_160,6,Cont,lh
8203,160,demo_parcel_160,6,Cont,lh
8204,160,demo_parcel_160,6,Cont,lh
8205,160,demo_parcel_160,6,Cont,lh
8206,160,demo_parcel_160,6,Cont,lh
8207,160,demo_parcel_160,6,Cont,lh
8208,160,demo_parcel_160,6,Cont,lh
8209,160,demo_parcel_160,6,Cont,lh
8210,160,demo_parcel_160,6,Cont,lh
8211,160,demo_parcel_160,6,Cont,lh
8212,160,demo_parcel_160,6,Cont,lh
8213,160,demo_parcel_160,6,Cont,lh
8214,160,demo_parcel_160,6,Cont,lh
8215,160,demo_parcel_160,6,Cont,lh
8216,160,demo_parcel_160,6,Cont,lh
8217,160,demo_parcel_160,6,Cont,lh
8218,160,demo_parcel_160,6,Cont,lh
8219,160,demo_parcel_160,6,Cont,lh
8220,160,demo_parcel_160,6,Cont,lh
8221,160,demo_parcel_160,6,Cont,lh
8222,160,demo_parcel_160,6,Cont,lh
8223,160,demo_parcel_160,6,Cont,lh
8224,160,demo_parcel_160,6,Cont,lh
8225,160,demo_parcel_160,6,Cont,lh
8226,160,demo_parcel_160,6,Cont,lh
8227,160,demo_parcel_160,6,Cont,lh
8228,160,demo_parcel_160,6,Cont,lh
8229,160,demo_parcel_160,6,Cont,lh
8230,160,demo_parcel_160,6,Cont,lh
8231,160,demo_parcel_160,6,Cont,lh
8232,160,demo_parcel_160,6,Cont,lh
8233,160,demo_parcel_160,6,Cont,lh
8234,160,demo_parcel_160,6,Cont,lh
8235,160,demo_parcel_160,6,Cont,lh
8236,160,demo_parcel_160,6,Cont,lh
8237,160,demo_parcel_160,6,Cont,lh
8238,160,demo_parcel_160,6,Cont,lh
8239,160,demo_parcel_160,6,Cont,lh
8240,160,demo_parcel_160,6,Cont,lh
8241,160,demo_parcel_160,6,Cont,lh
8242,160,demo_parcel_160,6,Cont,lh
8243,160,demo_parcel_160,6,Cont,lh
8244,161,demo_parcel_161,7,Default,lh
8245,161,demo_parcel_161,7,Default,lh
8246,161,demo_parcel_161,7,Default,lh
8247,161,demo_parcel_161,7,Default,lh
8248,161,demo_parcel_161,7,Default,lh
8249,161,demo_parcel_161,7,Default,lh
8250,161,demo_parcel_161,7,Default,lh
8251,161,demo_parcel_161,7,Default,lh
8252,161,demo_parcel_161,7,Default,lh
8253,161,demo_parcel_161,7,Default,lh
8254,161,demo_parcel_161,7,Default,lh
8255,161,demo_parcel_161,7,Default,lh
8256,161,demo_parcel_161,7,Default,lh
8257,161,demo_parcel_161,7,Default,lh
8258,161,demo_parcel_161,7,Default,lh
8259,161,demo_parcel_161,7,Default,lh
8260,161,demo_parcel_161,7,Default,lh
8261,161,demo_parcel_161,7,Default,lh
8262,161,demo_parcel_161,7,Default,lh
8263,161,demo_parcel_161,7,Default,lh
8264,161,demo_parcel_161,7,Default,lh
8265,161,demo_parcel_161,7,Default,lh
8266,161,demo_parcel_161,7,Default,lh
8267,161,demo_parcel_161,7,Default,lh
8268,161,demo_parcel_161,7,Default,lh
8269,161,demo_parcel_161,7,Default,lh
8270,161,demo_parcel_161,7,Default,lh
8271,161,demo_parcel_161,7,Default,lh
8272,161,demo_parcel_161,7,Default,lh
8273,161,demo_parcel_161,7,Default,lh
8274,161,demo_parcel_161,7,Default,lh
8275,161,demo_parcel_161,7,Default,lh
8276,161,demo_parcel_161,7,Default,lh
8277,161,demo_parcel_161,7,Default,lh
8278,161,demo_parcel_161,7,Default,lh
8279,161,demo_parcel_161,7,Default,lh
8280,161,demo_parcel_161,7,Default,lh
8281,161,demo_parcel_161,7,Default,lh
8282,161,demo_parcel_161,7,Default,lh
8283,161,demo_parcel_161,7,Default,lh
8284,161,demo_parcel_161,7,Default,lh
8285,161,demo_parcel_161,7,Default,lh
8286,161,demo_parcel_161,7,Default,lh
8287,161,demo_parcel_161,7,Default,lh
8288,161,demo_parcel_161,7,Default,lh
8289,161,demo_parcel_161,7,Default,lh
8290,161,demo_parcel_161,7,Default,lh
8291,161,demo_parcel_161,7,Default,lh
8292,161,demo_parcel_161,7,Default,lh
8293,161,demo_parcel_161,7,Default,lh
8294,161,demo_parcel_161,7,Default,lh
8295,162,demo_parcel_162,1,Vis,lh
8296,162,demo_parcel_162,1,Vis,lh
8297,162,demo_parcel_162,1,Vis,lh
8298,162,demo_parcel_162,1,Vis,lh
8299,162,demo_parcel_162,1,Vis,lh
8300,162,demo_parcel_162,1,Vis,lh
8301,162,demo_parcel_162,1,Vis,lh
8302,162,demo_parcel_162,1,Vis,lh
8303,162,demo_parcel_162,1,Vis,lh
8304,162,demo_parcel_162,1,Vis,lh
8305,162,demo_parcel_162,1,Vis,lh
8306,162,demo_parcel_162,1,Vis,lh
8307,162,demo_parcel_162,1,Vis,lh
8308,162,demo_parcel_162,1,Vis,lh
8309,162,demo_parcel_162,1,Vis,lh
8310,162,demo_parcel_162,1,Vis,lh
8311,162,demo_parcel_162,1,Vis,lh
8312,162,demo_parcel_162,1,Vis,lh
8313,162,demo_parcel_162,1,Vis,lh
8314,162,demo_parcel_162,1,Vis,lh
8315,162,demo_parcel_162,1,Vis,lh
8316,162,demo_parcel_162,1,Vis,lh
8317,162,demo_parcel_162,1,Vis,lh
8318,162,demo_parcel_162,1,Vis,lh
8319,162,demo_parcel_162,1,Vis,lh
8320,162,demo_parcel_162,1,Vis,lh
8321,162,demo_parcel_162,1,Vis,lh
8322,162,demo_parcel_162,1,Vis,lh
8323,162,demo_parcel_162,1,Vis,lh
8324,162,demo_parcel_162,1,Vis,lh
8325,162,demo_parcel_162,1,Vis,lh
8326,162,demo_parcel_162,1,Vis,lh
8327,162,demo_parcel_162,1,Vis,lh
8328,162,demo_parcel_162,1,Vis,lh
8329,162,demo_parcel_162,1,Vis,lh
8330,162,demo_parcel_162,1,Vis,lh
8331,162,demo_parcel_162,1,Vis,lh
8332,162,demo_parcel_162,1,Vis,lh
8333,162,demo_parcel_162,1,Vis,lh
8334,162,demo_parcel_162,1,Vis,lh
8335,162,demo_parcel_162,1,Vis,lh
8336,162,demo_parcel_162,1,Vis,lh
8337,162,demo_parcel_162,1,Vis,lh
8338,162,demo_parcel_162,1,Vis,lh
8339,162,demo_parcel_162,1,Vis,lh
8340,162,demo_parcel_162,1,Vis,lh
8341,162,demo_parcel_162,1,Vis,lh
8342,162,demo_parcel_162,1,Vis,lh
8343,162,demo_parcel_162,1,Vis,lh
8344,162,demo_parcel_162,1,Vis,lh
8345,162,demo_parcel_162,1,Vis,lh
8346,163,demo_parcel_163,2,SomMot,lh
8347,163,demo_parcel_163,2,SomMot,lh
8348,163,demo_parcel_163,2,SomMot,lh
8349,163,demo_parcel_163,2,SomMot,lh
8350,163,demo_parcel_163,2,SomMot,lh
8351,163,demo_parcel_163,2,SomMot,lh
8352,163,demo_parcel_163,2,SomMot,lh
8353,163,demo_parcel_163,2,SomMot,lh
8354,163,demo_parcel_163,2,SomMot,lh
8355,163,demo_parcel_163,2,SomMot,lh
8356,163,demo_parcel_163,2,SomMot,lh
8357,163,demo_parcel_163,2,SomMot,lh
8358,163,demo_parcel_163,2,SomMot,lh
8359,163,demo_parcel_163,2,SomMot,lh
8360,163,demo_parcel_163,2,SomMot,lh
8361,163,demo_parcel_163,2,SomMot,lh
8362,163,demo_parcel_163,2,SomMot,lh
8363,163,demo_parcel_163,2,SomMot,lh
8364,163,demo_parcel_163,2,SomMot,lh
8365,163,demo_parcel_163,2,SomMot,lh
8366,163,demo_parcel_163,2,SomMot,lh
8367,163,demo_parcel_163,2,SomMot,lh
8368,163,demo_parcel_163,2,SomMot,lh
8369,163,demo_parcel_163,2,SomMot,lh
8370,163,demo_parcel_163,2,SomMot,lh
8371,163,demo_parcel_163,2,SomMot,lh
8372,163,demo_parcel_163,2,SomMot,lh
8373,163,demo_parcel_163,2,SomMot,lh
8374,163,demo_parcel_163,2,SomMot,lh
8375,163,demo_parcel_163,2,SomMot,lh
8376,163,demo_parcel_163,2,SomMot,lh
8377,163,demo_parcel_163,2,SomMot,lh
8378,163,demo_parcel_163,2,SomMot,lh
8379,163,demo_parcel_163,2,SomMot,lh
8380,163,demo_parcel_163,2,SomMot,lh
8381,163,demo_parcel_163,2,SomMot,lh
8382,163,demo_parcel_163,2,SomMot,lh
8383,163,demo_parcel_163,2,SomMot,lh
8384,163,demo_parcel_163,2,SomMot,lh
8385,163,demo_parcel_163,2,SomMot,lh
8386,163,demo_parcel_163,2,SomMot,lh
8387,163,demo_parcel_163,2,SomMot,lh
8388,163,demo_parcel_163,2,SomMot,lh
8389,163,demo_parcel_163,2,SomMot,lh
8390,163,demo_parcel_163,2,SomMot,lh
8391,163,demo_parcel_163,2,SomMot,lh
8392,163,demo_parcel_163,2,SomMot,lh
8393,163,demo_parcel_163,2,SomMot,lh
8394,163,demo_parcel_163,2,SomMot,lh
8395,163,demo_parcel_163,2,SomMot,lh
8396,163,demo_parcel_163,2,SomMot,lh
8397,164,demo_parcel_164,3,DorsAttn,lh
8398,164,demo_parcel_164,3,DorsAttn,lh
8399,164,demo_parcel_164,3,DorsAttn,lh
8400,164,demo_parcel_164,3,DorsAttn,lh
8401,164,demo_parcel_164,3,DorsAttn,lh
8402,164,demo_parcel_164,3,DorsAttn,lh
8403,164,demo_parcel_164,3,DorsAttn,lh
8404,164,demo_parcel_164,3,DorsAttn,lh
8405,164,demo_parcel_164,3,DorsAttn,lh
8406,164,demo_parcel_164,3,DorsAttn,lh
8407,164,demo_parcel_164,3,DorsAttn,lh
8408,164,demo_parcel_164,3,DorsAttn,lh
8409,164,demo_parcel_164,3,DorsAttn,lh
8410,164,demo_parcel_164,3,DorsAttn,lh
8411,164,demo_parcel_164,3,DorsAttn,lh
8412,164,demo_parcel_164,3,DorsAttn,lh
8413,164,demo_parcel_164,3,DorsAttn,lh
8414,164,demo_parcel_164,3,DorsAttn,lh
8415,164,demo_parcel_164,3,DorsAttn,lh
8416,164,demo_parcel_164,3,DorsAttn,lh
8417,164,demo_parcel_164,3,DorsAttn,lh
8418,164,demo_parcel_164,3,DorsAttn,lh
8419,164,demo_parcel_164,3,DorsAttn,lh
8420,164,demo_parcel_164,3,DorsAttn,lh
8421,164,demo_parcel_164,3,DorsAttn,lh
8422,164,demo_parcel_164,3,DorsAttn,lh
8423,164,demo_parcel_164,3,DorsAttn,lh
8424,164,demo_parcel_164,3,DorsAttn,lh
8425,164,demo_parcel_164,3,DorsAttn,lh
8426,164,demo_parcel_164,3,DorsAttn,lh
8427,164,demo_parcel_164,3,DorsAttn,lh
8428,164,demo_parcel_164,3,DorsAttn,lh
8429,164,demo_parcel_164,3,DorsAttn,lh
8430,164,demo_parcel_164,3,DorsAttn,lh
8431,164,demo_parcel_164,3,DorsAttn,lh
8432,164,demo_parcel_164,3,DorsAttn,lh
8433,164,demo_parcel_164,3,DorsAttn,lh
8434,164,demo_parcel_164,3,DorsAttn,lh
8435,164,demo_parcel_164,3,DorsAttn,lh
8436,164,demo_parcel_164,3,DorsAttn,lh
8437,164,demo_parcel_164,3,DorsAttn,lh
8438,164,demo_parcel_164,3,DorsAttn,lh
8439,164,demo_parcel_164,3,DorsAttn,lh
8440,164,demo_parcel_164,3,DorsAttn,lh
8441,164,demo_parcel_164,3,DorsAttn,lh
8442,164,demo_parcel_164,3,DorsAttn,lh
8443,164,demo_parcel_164,3,DorsAttn,lh
8444,164,demo_parcel_164,3,DorsAttn,lh
8445,164,demo_parcel_164,3,DorsAttn,lh
8446,164,demo_parcel_164,3,DorsAttn,lh
8447,164,demo_parcel_164,3,DorsAttn,lh
8448,165,demo_parcel_165,4,SalVentAttn,lh
8449,165,demo_parcel_165,4,SalVentAttn,lh
8450,165,demo_parcel_165,4,SalVentAttn,lh
8451,165,demo_parcel_165,4,SalVentAttn,lh
8452,165,demo_parcel_165,4,SalVentAttn,lh
8453,165,demo_parcel_165,4,SalVentAttn,lh
8454,165,demo_parcel_165,4,SalVentAttn,lh
8455,165,demo_parcel_165,4,SalVentAttn,lh
8456,165,demo_parcel_165,4,SalVentAttn,lh
8457,165,demo_parcel_165,4,SalVentAttn,lh
8458,165,demo_parcel_165,4,SalVentAttn,lh
8459,165,demo_parcel_165,4,SalVentAttn,lh
8460,165,demo_parcel_165,4,SalVentAttn,lh
8461,165,demo_parcel_165,4,SalVentAttn,lh
8462,165,demo_parcel_165,4,SalVentAttn,lh
8463,165,demo_parcel_165,4,SalVentAttn,lh
8464,165,demo_parcel_165,4,SalVentAttn,lh
8465,165,demo_parcel_165,4,SalVentAttn,lh
8466,165,demo_parcel_165,4,SalVentAttn,lh
8467,165,demo_parcel_165,4,SalVentAttn,lh
8468,165,demo_parcel_165,4,SalVentAttn,lh
8469,165,demo_parcel_165,4,SalVentAttn,lh
8470,165,demo_parcel_165,4,SalVentAttn,lh
8471,165,demo_parcel_165,4,SalVentAttn,lh
8472,165,demo_parcel_165,4,SalVentAttn,lh
8473,165,demo_parcel_165,4,SalVentAttn,lh
8474,165,demo_parcel_165,4,SalVentAttn,lh
8475,165,demo_parcel_165,4,SalVentAttn,lh
8476,165,demo_parcel_165,4,SalVentAttn,lh
8477,165,demo_parcel_165,4,SalVentAttn,lh
8478,165,demo_parcel_165,4,SalVentAttn,lh
8479,165,demo_parcel_165,4,SalVentAttn,lh
8480,165,demo_parcel_165,4,SalVentAttn,lh
8481,165,demo_parcel_165,4,SalVentAttn,lh
8482,165,demo_parcel_165,4,SalVentAttn,lh
8483,165,demo_parcel_165,4,SalVentAttn,lh
8484,165,demo_parcel_165,4,SalVentAttn,lh
8485,165,demo_parcel_165,4,SalVentAttn,lh
8486,165,demo_parcel_165,4,SalVentAttn,lh
8487,165,demo_parcel_165,4,SalVentAttn,lh
8488,165,demo_parcel_165,4,SalVentAttn,lh
8489,165,demo_parcel_165,4,SalVentAttn,lh
8490,165,demo_parcel_165,4,SalVentAttn,lh
8491,165,demo_parcel_165,4,SalVentAttn,lh
8492,165,demo_parcel_165,4,SalVentAttn,lh
8493,165,demo_parcel_165,4,SalVentAttn,lh
8494,165,demo_parcel_165,4,SalVentAttn,lh
8495,165,demo_parcel_165,4,SalVentAttn,lh
8496,165,demo_parcel_165,4,SalVentAttn,lh
8497,165,demo_parcel_165,4,SalVentAttn,lh
8498,165,demo_parcel_165,4,SalVentAttn,lh
8499,166,demo_parcel_166,5,Limbic,lh
8500,166,demo_parcel_166,5,Limbic,lh
8501,166,demo_parcel_166,5,Limbic,lh
8502,166,demo_parcel_166,5,Limbic,lh
8503,166,demo_parcel_166,5,Limbic,lh
8504,166,demo_parcel_166,5,Limbic,lh
8505,166,demo_parcel_166,5,Limbic,lh
8506,166,demo_parcel_166,5,Limbic,lh
8507,166,demo_parcel_166,5,Limbic,lh
8508,166,demo_parcel_166,5,Limbic,lh
8509,166,demo_parcel_166,5,Limbic,lh
8510,166,demo_parcel_166,5,Limbic,lh
8511,166,demo_parcel_166,5,Limbic,lh
8512,166,demo_parcel_166,5,Limbic,lh
8513,166,demo_parcel_166,5,Limbic,lh
8514,166,demo_parcel_166,5,Limbic,lh
8515,166,demo_parcel_166,5,Limbic,lh
8516,166,demo_parcel_166,5,Limbic,lh
8517,166,demo_parcel_166,5,Limbic,lh
8518,166,demo_parcel_166,5,Limbic,lh
8519,166,demo_parcel_166,5,Limbic,lh
8520,166,demo_parcel_166,5,Limbic,lh
8521,166,demo_parcel_166,5,Limbic,lh
8522,166,demo_parcel_166,5,Limbic,lh
8523,166,demo_parcel_166,5,Limbic,lh
8524,166,demo_parcel_166,5,Limbic,lh
8525,166,demo_parcel_166,5,Limbic,lh
8526,166,demo_parcel_166,5,Limbic,lh
8527,166,demo_parcel_166,5,Limbic,lh
8528,166,demo_parcel_166,5,Limbic,lh
8529,166,demo_parcel_166,5,Limbic,lh
8530,166,demo_parcel_166,5,Limbic,lh
8531,166,demo_parcel_166,5,Limbic,lh
8532,166,demo_parcel_166,5,Limbic,lh
8533,166,demo_parcel_166,5,Limbic,lh
8534,166,demo_parcel_166,5,Limbic,lh
8535,166,demo_parcel_166,5,Limbic,lh
8536,166,demo_parcel_166,5,Limbic,lh
8537,166,demo_parcel_166,5,Limbic,lh
8538,166,demo_parcel_166,5,Limbic,lh
8539,166,demo_parcel_166,5,Limbic,lh
8540,166,demo_parcel_166,5,Limbic,lh
8541,166,demo_parcel_166,5,Limbic,lh
8542,166,demo_parcel_166,5,Limbic,lh
8543,166,demo_parcel_166,5,Limbic,lh
8544,166,demo_parcel_166,5,Limbic,lh
8545,166,demo_parcel_166,5,Limbic,lh
8546,166,demo_parcel_166,5,Limbic,lh
8547,166,demo_parcel_166,5,Limbic,lh
8548,166,demo_parcel_166,5,Limbic,lh
8549,166,demo_parcel_166,5,Limbic,lh
8550,167,demo_parcel_167,6,Cont,lh
8551,167,demo_parcel_167,6,Cont,lh
8552,167,demo_parcel_167,6,Cont,lh
8553,167,demo_parcel_167,6,Cont,lh
8554,167,demo_parcel_167,6,Cont,lh
8555,167,demo_parcel_167,6,Cont,lh
8556,167,demo_parcel_167,6,Cont,lh
8557,167,demo_parcel_167,6,Cont,lh
8558,167,demo_parcel_167,6,Cont,lh
8559,167,demo_parcel_167,6,Cont,lh
8560,167,demo_parcel_167,6,Cont,lh
8561,167,demo_parcel_167,6,Cont,lh
8562,167,demo_parcel_167,6,Cont,lh
8563,167,demo_parcel_167,6,Cont,lh
8564,167,demo_parcel_167,6,Cont,lh
8565,167,demo_parcel_167,6,Cont,lh
8566,167,demo_parcel_167,6,Cont,lh
8567,167,demo_parcel_167,6,Cont,lh
8568,167,demo_parcel_167,6,Cont,lh
8569,167,demo_parcel_167,6,Cont,lh
8570,167,demo_parcel_167,6,Cont,lh
8571,167,demo_parcel_167,6,Cont,lh
8572,167,demo_parcel_167,6,Cont,lh
8573,167,demo_parcel_167,6,Cont,lh
8574,167,demo_parcel_167,6,Cont,lh
8575,167,demo_parcel_167,6,Cont,lh
8576,167,demo_parcel_167,6,Cont,lh
8577,167,demo_parcel_167,6,Cont,lh
8578,167,demo_parcel_167,6,Cont,lh
8579,167,demo_parcel_167,6,Cont,lh
8580,167,demo_parcel_167,6,Cont,lh
8581,167,demo_parcel_167,6,Cont,lh
8582,167,demo_parcel_167,6,Cont,lh
8583,167,demo_parcel_167,6,Cont,lh
8584,167,demo_parcel_167,6,Cont,lh
8585,167,demo_parcel_167,6,Cont,lh
8586,167,demo_parcel_167,6,Cont,lh
8587,167,demo_parcel_167,6,Cont,lh
8588,167,demo_parcel_167,6,Cont,lh
8589,167,demo_parcel_167,6,Cont,lh
8590,167,demo_parcel_167,6,Cont,lh
8591,167,demo_parcel_167,6,Cont,lh
8592,167,demo_parcel_167,6,Cont,lh
8593,167,demo_parcel_167,6,Cont,lh
8594,167,demo_parcel_167,6,Cont,lh
8595,167,demo_parcel_167,6,Cont,lh
8596,167,demo_parcel_167,6,Cont,lh
8597,167,demo_parcel_167,6,Cont,lh
8598,167,demo_parcel_167,6,Cont,lh
8599,167,demo_parcel_167,6,Cont,lh
8600,167,demo_parcel_167,6,Cont,lh
8601,168,demo_parcel_168,7,Default,lh
8602,168,demo_parcel_168,7,Default,lh
8603,168,demo_parcel_168,7,Default,lh
8604,168,demo_parcel_168,7,Default,lh
8605,168,demo_parcel_168,7,Default,lh
8606,168,demo_parcel_168,7,Default,lh
8607,168,demo_parcel_168,7,Default,lh
8608,168,demo_parcel_168,7,Default,lh
8609,168,demo_parcel_168,7,Default,lh
8610,168,demo_parcel_168,7,Default,lh
8611,168,demo_parcel_168,7,Default,lh
8612,168,demo_parcel_168,7,Default,lh
8613,168,demo_parcel_168,7,Default,lh
8614,168,demo_parcel_168,7,Default,lh
8615,168,demo_parcel_168,7,Default,lh
8616,168,demo_parcel_168,7,Default,lh
8617,168,demo_parcel_168,7,Default,lh
8618,168,demo_parcel_168,7,Default,lh
8619,168,demo_parcel_168,7,Default,lh
8620,168,demo_parcel_168,7,Default,lh
8621,168,demo_parcel_168,7,Default,lh
8622,168,demo_parcel_168,7,Default,lh
8623,168,demo_parcel_168,7,Default,lh
8624,168,demo_parcel_168,7,Default,lh
8625,168,demo_parcel_168,7,Default,lh
8626,168,demo_parcel_168,7,Default,lh
8627,168,demo_parcel_168,7,Default,lh
8628,168,demo_parcel_168,7,Default,lh
8629,168,demo_parcel_168,7,Default,lh
8630,168,demo_parcel_168,7,Default,lh
8631,168,demo_parcel_168,7,Default,lh
8632,168,demo_parcel_168,7,Default,lh
8633,168,demo_parcel_168,7,Default,lh
8634,168,demo_parcel_168,7,Default,lh
8635,168,demo_parcel_168,7,Default,lh
8636,168,demo_parcel_168,7,Default,lh
8637,168,demo_parcel_168,7,Default,lh
8638,168,demo_parcel_168,7,Default,lh
8639,168,demo_parcel_168,7,Default,lh
8640,168,demo_parcel_168,7,Default,lh
8641,168,demo_parcel_168,7,Default,lh
8642,168,demo_parcel_168,7,Default,lh
8643,168,demo_parcel_168,7,Default,lh
8644,168,demo_parcel_168,7,Default,lh
8645,168,demo_parcel_168,7,Default,lh
8646,168,demo_parcel_168,7,Default,lh
8647,168,demo_parcel_168,7,Default,lh
8648,168,demo_parcel_168,7,Default,lh
8649,168,demo_parcel_168,7,Default,lh
8650,168,demo_parcel_168,7,Default,lh
8651,168,demo_parcel_168,7,Default,lh
8652,169,demo_parcel_169,1,Vis,lh
8653,169,demo_parcel_169,1,Vis,lh
8654,169,demo_parcel_169,1,Vis,lh
8655,169,demo_parcel_169,1,Vis,lh
8656,169,demo_parcel_169,1,Vis,lh
8657,169,demo_parcel_169,1,Vis,lh
8658,169,demo_parcel_169,1,Vis,lh
8659,169,demo_parcel_169,1,Vis,lh
8660,169,demo_parcel_169,1,Vis,lh
8661,169,demo_parcel_169,1,Vis,lh
8662,169,demo_parcel_169,1,Vis,lh
8663,169,demo_parcel_169,1,Vis,lh
8664,169,demo_parcel_169,1,Vis,lh
8665,169,demo_parcel_169,1,Vis,lh
8666,169,demo_parcel_169,1,Vis,lh
8667,169,demo_parcel_169,1,Vis,lh
8668,169,demo_parcel_169,1,Vis,lh
8669,169,demo_parcel_169,1,Vis,lh
8670,169,demo_parcel_169,1,Vis,lh
8671,169,demo_parcel_169,1,Vis,lh
8672,169,demo_parcel_169,1,Vis,lh
8673,169,demo_parcel_169,1,Vis,lh
8674,169,demo_parcel_169,1,Vis,lh
8675,169,demo_parcel_169,1,Vis,lh
8676,169,demo_parcel_169,1,Vis,lh
8677,169,demo_parcel_169,1,Vis,lh
8678,169,demo_parcel_169,1,Vis,lh
8679,169,demo_parcel_169,1,Vis,lh
8680,169,demo_parcel_169,1,Vis,lh
8681,169,demo_parcel_169,1,Vis,lh
8682,169,demo_parcel_169,1,Vis,lh
8683,169,demo_parcel_169,1,Vis,lh
8684,169,demo_parcel_169,1,Vis,lh
8685,169,demo_parcel_169,1,Vis,lh
8686,169,demo_parcel_169,1,Vis,lh
8687,169,demo_parcel_169,1,Vis,lh
8688,169,demo_parcel_169,1,Vis,lh
8689,169,demo_parcel_169,1,Vis,lh
8690,169,demo_parcel_169,1,Vis,lh
8691,169,demo_parcel_169,1,Vis,lh
8692,169,demo_parcel_169,1,Vis,lh
8693,169,demo_parcel_169,1,Vis,lh
8694,169,demo_parcel_169,1,Vis,lh
8695,169,demo_parcel_169,1,Vis,lh
8696,169,demo_parcel_169,1,Vis,lh
8697,169,demo_parcel_169,1,Vis,lh
8698,169,demo_parcel_169,1,Vis,lh
8699,169,demo_parcel_169,1,Vis,lh
8700,169,demo_parcel_169,1,Vis,lh
8701,169,demo_parcel_169,1,Vis,lh
8702,169,demo_parcel_169,1,Vis,lh
8703,170,demo_parcel_170,2,SomMot,lh
8704,170,demo_parcel_170,2,SomMot,lh
8705,170,demo_parcel_170,2,SomMot,lh
8706,170,demo_parcel_170,2,SomMot,lh
8707,170,demo_parcel_170,2,SomMot,lh
8708,170,demo_parcel_170,2,SomMot,lh
8709,170,demo_parcel_170,2,SomMot,lh
8710,170,demo_parcel_170,2,SomMot,lh
8711,170,demo_parcel_170,2,SomMot,lh
8712,170,demo_parcel_170,2,SomMot,lh
8713,170,demo_parcel_170,2,SomMot,lh
8714,170,demo_parcel_170,2,SomMot,lh
8715,170,demo_parcel_170,2,SomMot,lh
8716,170,demo_parcel_170,2,SomMot,lh
8717,170,demo_parcel_170,2,SomMot,lh
8718,170,demo_parcel_170,2,SomMot,lh
8719,170,demo_parcel_170,2,SomMot,lh
8720,170,demo_parcel_170,2,SomMot,lh
8721,170,demo_parcel_170,2,SomMot,lh
8722,170,demo_parcel_170,2,SomMot,lh
8723,170,demo_parcel_170,2,SomMot,lh
8724,170,demo_parcel_170,2,SomMot,lh
8725,170,demo_parcel_170,2,SomMot,lh
8726,170,demo_parcel_170,2,SomMot,lh
8727,170,demo_parcel_170,2,SomMot,lh
8728,170,demo_parcel_170,2,SomMot,lh
8729,170,demo_parcel_170,2,SomMot,lh
8730,170,demo_parcel_170,2,SomMot,lh
8731,170,demo_parcel_170,2,SomMot,lh
8732,170,demo_parcel_170,2,SomMot,lh
8733,170,demo_parcel_170,2,SomMot,lh
8734,170,demo_parcel_170,2,SomMot,lh
8735,170,demo_parcel_170,2,SomMot,lh
8736,170,demo_parcel_170,2,SomMot,lh
8737,170,demo_parcel_170,2,SomMot,lh
8738,170,demo_parcel_170,2,SomMot,lh
8739,170,demo_parcel_170,2,SomMot,lh
8740,170,demo_parcel_170,2,SomMot,lh
8741,170,demo_parcel_170,2,SomMot,lh
8742,170,demo_parcel_170,2,SomMot,lh
8743,170,demo_parcel_170,2,SomMot,lh
8744,170,demo_parcel_170,2,SomMot,lh
8745,170,demo_parcel_170,2,SomMot,lh
8746,170,demo_parcel_170,2,SomMot,lh
8747,170,demo_parcel_170,2,SomMot,lh
8748,170,demo_parcel_170,2,SomMot,lh
8749,170,demo_parcel_170,2,SomMot,lh
8750,170,demo_parcel_170,2,SomMot,lh
8751,170,demo_parcel_170,2,SomMot,lh
8752,170,demo_parcel_170,2,SomMot,lh
8753,170,demo_parcel_170,2,SomMot,lh
8754,171,demo_parcel_171,3,DorsAttn,lh
8755,171,demo_parcel_171,3,DorsAttn,lh
8756,171,demo_parcel_171,3,DorsAttn,lh
8757,171,demo_parcel_171,3,DorsAttn,lh
8758,171,demo_parcel_171,3,DorsAttn,lh
8759,171,demo_parcel_171,3,DorsAttn,lh
8760,171,demo_parcel_171,3,DorsAttn,lh
8761,171,demo_parcel_171,3,DorsAttn,lh
8762,171,demo_parcel_171,3,DorsAttn,lh
8763,171,demo_parcel_171,3,DorsAttn,lh
8764,171,demo_parcel_171,3,DorsAttn,lh
8765,171,demo_parcel_171,3,DorsAttn,lh
8766,171,demo_parcel_171,3,DorsAttn,lh
8767,171,demo_parcel_171,3,DorsAttn,lh
8768,171,demo_parcel_171,3,DorsAttn,lh
8769,171,demo_parcel_171,3,DorsAttn,lh
8770,171,demo_parcel_171,3,DorsAttn,lh
8771,171,demo_parcel_171,3,DorsAttn,lh
8772,171,demo_parcel_171,3,DorsAttn,lh
8773,171,demo_parcel_171,3,DorsAttn,lh
8774,171,demo_parcel_171,3,DorsAttn,lh
8775,171,demo_parcel_171,3,DorsAttn,lh
8776,171,demo_parcel_171,3,DorsAttn,lh
8777,171,demo_parcel_171,3,DorsAttn,lh
8778,171,demo_parcel_171,3,DorsAttn,lh
8779,171,demo_parcel_171,3,DorsAttn,lh
8780,171,demo_parcel_171,3,DorsAttn,lh
8781,171,demo_parcel_171,3,DorsAttn,lh
8782,171,demo_parcel_171,3,DorsAttn,lh
8783,171,demo_parcel_171,3,DorsAttn,lh
8784,171,demo_parcel_171,3,DorsAttn,lh
8785,171,demo_parcel_171,3,DorsAttn,lh
8786,171,demo_parcel_171,3,DorsAttn,lh
8787,171,demo_parcel_171,3,DorsAttn,lh
8788,171,demo_parcel_171,3,DorsAttn,lh
8789,171,demo_parcel_171,3,DorsAttn,lh
8790,171,demo_parcel_171,3,DorsAttn,lh
8791,171,demo_parcel_171,3,DorsAttn,lh
8792,171,demo_parcel_171,3,DorsAttn,lh
8793,171,demo_parcel_171,3,DorsAttn,lh
8794,171,demo_parcel_171,3,DorsAttn,lh
8795,171,demo_parcel_171,3,DorsAttn,lh
8796,171,demo_parcel_171,3,DorsAttn,lh
8797,171,demo_parcel_171,3,DorsAttn,lh
8798,171,demo_parcel_171,3,DorsAttn,lh
8799,171,demo_parcel_171,3,DorsAttn,lh
8800,171,demo_parcel_171,3,DorsAttn,lh
8801,171,demo_parcel_171,3,DorsAttn,lh
8802,171,demo_parcel_171,3,DorsAttn,lh
8803,171,demo_parcel_171,3,DorsAttn,lh
8804,171,demo_parcel_171,3,DorsAttn,lh
8805,172,demo_parcel_172,4,SalVentAttn,lh
8806,172,demo_parcel_172,4,SalVentAttn,lh
8807,172,demo_parcel_172,4,SalVentAttn,lh
8808,172,demo_parcel_172,4,SalVentAttn,lh
8809,172,demo_parcel_172,4,SalVentAttn,lh
8810,172,demo_parcel_172,4,SalVentAttn,lh
8811,172,demo_parcel_172,4,SalVentAttn,lh
8812,172,demo_parcel_172,4,SalVentAttn,lh
8813,172,demo_parcel_172,4,SalVentAttn,lh
8814,172,demo_parcel_172,4,SalVentAttn,lh
8815,172,demo_parcel_172,4,SalVentAttn,lh
8816,172,demo_parcel_172,4,SalVentAttn,lh
8817,172,demo_parcel_172,4,SalVentAttn,lh
8818,172,demo_parcel_172,4,SalVentAttn,lh
8819,172,demo_parcel_172,4,SalVentAttn,lh
8820,172,demo_parcel_172,4,SalVentAttn,lh
8821,172,demo_parcel_172,4,SalVentAttn,lh
8822,172,demo_parcel_172,4,SalVentAttn,lh
8823,172,demo_parcel_172,4,SalVentAttn,lh
8824,172,demo_parcel_172,4,SalVentAttn,lh
8825,172,demo_parcel_172,4,SalVentAttn,lh
8826,172,demo_parcel_172,4,SalVentAttn,lh
8827,172,demo_parcel_172,4,SalVentAttn,lh
8828,172,demo_parcel_172,4,SalVentAttn,lh
8829,172,demo_parcel_172,4,SalVentAttn,lh
8830,172,demo_parcel_172,4,SalVentAttn,lh
8831,172,demo_parcel_172,4,SalVentAttn,lh
8832,172,demo_parcel_172,4,SalVentAttn,lh
8833,172,demo_parcel_172,4,SalVentAttn,lh
8834,172,demo_parcel_172,4,SalVentAttn,lh
8835,172,demo_parcel_172,4,SalVentAttn,lh
8836,172,demo_parcel_172,4,SalVentAttn,lh
8837,172,demo_parcel_172,4,SalVentAttn,lh
8838,172,demo_parcel_172,4,SalVentAttn,lh
8839,172,demo_parcel_172,4,SalVentAttn,lh
8840,172,demo_parcel_172,4,SalVentAttn,lh
8841,172,demo_parcel_172,4,SalVentAttn,lh
8842,172,demo_parcel_172,4,SalVentAttn,lh
8843,172,demo_parcel_172,4,SalVentAttn,lh
8844,172,demo_parcel_172,4,SalVentAttn,lh
8845,172,demo_parcel_172,4,SalVentAttn,lh
8846,172,demo_parcel_172,4,SalVentAttn,lh
8847,172,demo_parcel_172,4,SalVentAttn,lh
8848,172,demo_parcel_172,4,SalVentAttn,lh
8849,172,demo_parcel_172,4,SalVentAttn,lh
8850,172,demo_parcel_172,4,SalVentAttn,lh
8851,172,demo_parcel_172,4,SalVentAttn,lh
8852,172,demo_parcel_172,4,SalVentAttn,lh
8853,172,demo_parcel_172,4,SalVentAttn,lh
8854,172,demo_parcel_172,4,SalVentAttn,lh
8855,172,demo_parcel_172,4,SalVentAttn,lh
8856,173,demo_parcel_173,5,Limbic,lh
8857,173,demo_parcel_173,5,Limbic,lh
8858,173,demo_parcel_173,5,Limbic,lh
8859,173,demo_parcel_173,5,Limbic,lh
8860,173,demo_parcel_173,5,Limbic,lh
8861,173,demo_parcel_173,5,Limbic,lh
8862,173,demo_parcel_173,5,Limbic,lh
8863,173,demo_parcel_173,5,Limbic,lh
8864,173,demo_parcel_173,5,Limbic,lh
8865,173,demo_parcel_173,5,Limbic,lh
8866,173,demo_parcel_173,5,Limbic,lh
8867,173,demo_parcel_173,5,Limbic,lh
8868,173,demo_parcel_173,5,Limbic,lh
8869,173,demo_parcel_173,5,Limbic,lh
8870,173,demo_parcel_173,5,Limbic,lh
8871,173,demo_parcel_173,5,Limbic,lh
8872,173,demo_parcel_173,5,Limbic,lh
8873,173,demo_parcel_173,5,Limbic,lh
8874,173,demo_parcel_173,5,Limbic,lh
8875,173,demo_parcel_173,5,Limbic,lh
8876,173,demo_parcel_173,5,Limbic,lh
8877,173,demo_parcel_173,5,Limbic,lh
8878,173,demo_parcel_173,5,Limbic,lh
8879,173,demo_parcel_173,5,Limbic,lh
8880,173,demo_parcel_173,5,Limbic,lh
8881,173,demo_parcel_173,5,Limbic,lh
8882,173,demo_parcel_173,5,Limbic,lh
8883,173,demo_parcel_173,5,Limbic,lh
8884,173,demo_parcel_173,5,Limbic,lh
8885,173,demo_parcel_173,5,Limbic,lh
8886,173,demo_parcel_173,5,Limbic,lh
8887,173,demo_parcel_173,5,Limbic,lh
8888,173,demo_parcel_173,5,Limbic,lh
8889,173,demo_parcel_173,5,Limbic,lh
8890,173,demo_parcel_173,5,Limbic,lh
8891,173,demo_parcel_173,5,Limbic,lh
8892,173,demo_parcel_173,5,Limbic,lh
8893,173,demo_parcel_173,5,Limbic,lh
8894,173,demo_parcel_173,5,Limbic,lh
8895,173,demo_parcel_173,5,Limbic,lh
8896,173,demo_parcel_173,5,Limbic,lh
8897,173,demo_parcel_173,5,Limbic,lh
8898,173,demo_parcel_173,5,Limbic,lh
8899,173,demo_parcel_173,5,Limbic,lh
8900,173,demo_parcel_173,5,Limbic,lh
8901,173,demo_parcel_173,5,Limbic,lh
8902,173,demo_parcel_173,5,Limbic,lh
8903,173,demo_parcel_173,5,Limbic,lh
8904,173,demo_parcel_173,5,Limbic,lh
8905,173,demo_parcel_173,5,Limbic,lh
8906,173,demo_parcel_173,5,Limbic,lh
8907,174,demo_parcel_174,6,Cont,lh
8908,174,demo_parcel_174,6,Cont,lh
8909,174,demo_parcel_174,6,Cont,lh
8910,174,demo_parcel_174,6,Cont,lh
8911,174,demo_parcel_174,6,Cont,lh
8912,174,demo_parcel_174,6,Cont,lh
8913,174,demo_parcel_174,6,Cont,lh
8914,174,demo_parcel_174,6,Cont,lh
8915,174,demo_parcel_174,6,Cont,lh
8916,174,demo_parcel_174,6,Cont,lh
8917,174,demo_parcel_174,6,Cont,lh
8918,174,demo_parcel_174,6,Cont,lh
8919,174,demo_parcel_174,6,Cont,lh
8920,174,demo_parcel_174,6,Cont,lh
8921,174,demo_parcel_174,6,Cont,lh
8922,174,demo_parcel_174,6,Cont,lh
8923,174,demo_parcel_174,6,Cont,lh
8924,174,demo_parcel_174,6,Cont,lh
8925,174,demo_parcel_174,6,Cont,lh
8926,174,demo_parcel_174,6,Cont,lh
8927,174,demo_parcel_174,6,Cont,lh
8928,174,demo_parcel_174,6,Cont,lh
8929,174,demo_parcel_174,6,Cont,lh
8930,174,demo_parcel_174,6,Cont,lh
8931,174,demo_parcel_174,6,Cont,lh
8932,174,demo_parcel_174,6,Cont,lh
8933,174,demo_parcel_174,6,Cont,lh
8934,174,demo_parcel_174,6,Cont,lh
8935,174,demo_parcel_174,6,Cont,lh
8936,174,demo_parcel_174,6,Cont,lh
8937,174,demo_parcel_174,6,Cont,lh
8938,174,demo_parcel_174,6,Cont,lh
8939,174,demo_parcel_174,6,Cont,lh
8940,174,demo_parcel_174,6,Cont,lh
8941,174,demo_parcel_174,6,Cont,lh
8942,174,demo_parcel_174,6,Cont,lh
8943,174,demo_parcel_174,6,Cont,lh
8944,174,demo_parcel_174,6,Cont,lh
8945,174,demo_parcel_174,6,Cont,lh
8946,174,demo_parcel_174,6,Cont,lh
8947,174,demo_parcel_174,6,Cont,lh
8948,174,demo_parcel_174,6,Cont,lh
8949,174,demo_parcel_174,6,Cont,lh
8950,174,demo_parcel_174,6,Cont,lh
8951,174,demo_parcel_174,6,Cont,lh
8952,174,demo_parcel_174,6,Cont,lh
8953,174,demo_parcel_174,6,Cont,lh
8954,174,demo_parcel_174,6,Cont,lh
8955,174,demo_parcel_174,6,Cont,lh
8956,174,demo_parcel_174,6,Cont,lh
8957,174,demo_parcel_174,6,Cont,lh
8958,175,demo_parcel_175,7,Default,lh
8959,175,demo_parcel_175,7,Default,lh
8960,175,demo_parcel_175,7,Default,lh
8961,175,demo_parcel_175,7,Default,lh
8962,175,demo_parcel_175,7,Default,lh
8963,175,demo_parcel_175,7,Default,lh
8964,175,demo_parcel_175,7,Default,lh
8965,175,demo_parcel_175,7,Default,lh
8966,175,demo_parcel_175,7,Default,lh
8967,175,demo_parcel_175,7,Default,lh
8968,175,demo_parcel_175,7,Default,lh
8969,175,demo_parcel_175,7,Default,lh
8970,175,demo_parcel_175,7,Default,lh
8971,175,demo_parcel_175,7,Default,lh
8972,175,demo_parcel_175,7,Default,lh
8973,175,demo_parcel_175,7,Default,lh
8974,175,demo_parcel_175,7,Default,lh
8975,175,demo_parcel_175,7,Default,lh
8976,175,demo_parcel_175,7,Default,lh
8977,175,demo_parcel_175,7,Default,lh
8978,175,demo_parcel_175,7,Default,lh
8979,175,demo_parcel_175,7,Default,lh
8980,175,demo_parcel_175,7,Default,lh
8981,175,demo_parcel_175,7,Default,lh
8982,175,demo_parcel_175,7,Default,lh
8983,175,demo_parcel_175,7,Default,lh
8984,175,demo_parcel_175,7,Default,lh
8985,175,demo_parcel_175,7,Default,lh
8986,175,demo_parcel_175,7,Default,lh
8987,175,demo_parcel_175,7,Default,lh
8988,175,demo_parcel_175,7,Default,lh
8989,175,demo_parcel_175,7,Default,lh
8990,175,demo_parcel_175,7,Default,lh
8991,175,demo_parcel_175,7,Default,lh
8992,175,demo_parcel_175,7,Default,lh
8993,175,demo_parcel_175,7,Default,lh
8994,175,demo_parcel_175,7,Default,lh
8995,175,demo_parcel_175,7,Default,lh
8996,175,demo_parcel_175,7,Default,lh
8997,175,demo_parcel_175,7,Default,lh
8998,175,demo_parcel_175,7,Default,lh
8999,175,demo_parcel_175,7,Default,lh
9000,175,demo_parcel_175,7,Default,lh
9001,175,demo_parcel_175,7,Default,lh
9002,175,demo_parcel_175,7,Default,lh
9003,175,demo_parcel_175,7,Default,lh
9004,175,demo_parcel_175,7,Default,lh
9005,175,demo_parcel_175,7,Default,lh
9006,175,demo_parcel_175,7,Default,lh
9007,175,demo_parcel_175,7,Default,lh
9008,175,demo_parcel_175,7,Default,lh
9009,176,demo_parcel_176,1,Vis,lh
9010,176,demo_parcel_176,1,Vis,lh
9011,176,demo_parcel_176,1,Vis,lh
9012,176,demo_parcel_176,1,Vis,lh
9013,176,demo_parcel_176,1,Vis,lh
9014,176,demo_parcel_176,1,Vis,lh
9015,176,demo_parcel_176,1,Vis,lh
9016,176,demo_parcel_176,1,Vis,lh
9017,176,demo_parcel_176,1,Vis,lh
9018,176,demo_parcel_176,1,Vis,lh
9019,176,demo_parcel_176,1,Vis,lh
9020,176,demo_parcel_176,1,Vis,lh
9021,176,demo_parcel_176,1,Vis,lh
9022,176,demo_parcel_176,1,Vis,lh
9023,176,demo_parcel_176,1,Vis,lh
9024,176,demo_parcel_176,1,Vis,lh
9025,176,demo_parcel_176,1,Vis,lh
9026,176,demo_parcel_176,1,Vis,lh
9027,176,demo_parcel_176,1,Vis,lh
9028,176,demo_parcel_176,1,Vis,lh
9029,176,demo_parcel_176,1,Vis,lh
9030,176,demo_parcel_176,1,Vis,lh
9031,176,demo_parcel_176,1,Vis,lh
9032,176,demo_parcel_176,1,Vis,lh
9033,176,demo_parcel_176,1,Vis,lh
9034,176,demo_parcel_176,1,Vis,lh
9035,176,demo_parcel_176,1,Vis,lh
9036,176,demo_parcel_176,1,Vis,lh
9037,176,demo_parcel_176,1,Vis,lh
9038,176,demo_parcel_176,1,Vis,lh
9039,176,demo_parcel_176,1,Vis,lh
9040,176,demo_parcel_176,1,Vis,lh
9041,176,demo_parcel_176,1,Vis,lh
9042,176,demo_parcel_176,1,Vis,lh
9043,176,demo_parcel_176,1,Vis,lh
9044,176,demo_parcel_176,1,Vis,lh
9045,176,demo_parcel_176,1,Vis,lh
9046,176,demo_parcel_176,1,Vis,lh
9047,176,demo_parcel_176,1,Vis,lh
9048,176,demo_parcel_176,1,Vis,lh
9049,176,demo_parcel_176,1,Vis,lh
9050,176,demo_parcel_176,1,Vis,lh
9051,176,demo_parcel_176,1,Vis,lh
9052,176,demo_parcel_176,1,Vis,lh
9053,176,demo_parcel_176,1,Vis,lh
9054,176,demo_parcel_176,1,Vis,lh
9055,176,demo_parcel_176,1,Vis,lh
9056,176,demo_parcel_176,1,Vis,lh
9057,176,demo_parcel_176,1,Vis,lh
9058,176,demo_parcel_176,1,Vis,lh
9059,176,demo_parcel_176,1,Vis,lh
9060,177,demo_parcel_177,2,SomMot,lh
9061,177,demo_parcel_177,2,SomMot,lh
9062,177,demo_parcel_177,2,SomMot,lh
9063,177,demo_parcel_177,2,SomMot,lh
9064,177,demo_parcel_177,2,SomMot,lh
9065,177,demo_parcel_177,2,SomMot,lh
9066,177,demo_parcel_177,2,SomMot,lh
9067,177,demo_parcel_177,2,SomMot,lh
9068,177,demo_parcel_177,2,SomMot,lh
9069,177,demo_parcel_177,2,SomMot,lh
9070,177,demo_parcel_177,2,SomMot,lh
9071,177,demo_parcel_177,2,SomMot,lh
9072,177,demo_parcel_177,2,SomMot,lh
9073,177,demo_parcel_177,2,SomMot,lh
9074,177,demo_parcel_177,2,SomMot,lh
9075,177,demo_parcel_177,2,SomMot,lh
9076,177,demo_parcel_177,2,SomMot,lh
9077,177,demo_parcel_177,2,SomMot,lh
9078,177,demo_parcel_177,2,SomMot,lh
9079,177,demo_parcel_177,2,SomMot,lh
9080,177,demo_parcel_177,2,SomMot,lh
9081,177,demo_parcel_177,2,SomMot,lh
9082,177,demo_parcel_177,2,SomMot,lh
9083,177,demo_parcel_177,2,SomMot,lh
9084,177,demo_parcel_177,2,SomMot,lh
9085,177,demo_parcel_177,2,SomMot,lh
9086,177,demo_parcel_177,2,SomMot,lh
9087,177,demo_parcel_177,2,SomMot,lh
9088,177,demo_parcel_177,2,SomMot,lh
9089,177,demo_parcel_177,2,SomMot,lh
9090,177,demo_parcel_177,2,SomMot,lh
9091,177,demo_parcel_177,2,SomMot,lh
9092,177,demo_parcel_177,2,SomMot,lh
9093,177,demo_parcel_177,2,SomMot,lh
9094,177,demo_parcel_177,2,SomMot,lh
9095,177,demo_parcel_177,2,SomMot,lh
9096,177,demo_parcel_177,2,SomMot,lh
9097,177,demo_parcel_177,2,SomMot,lh
9098,177,demo_parcel_177,2,SomMot,lh
9099,177,demo_parcel_177,2,SomMot,lh
9100,177,demo_parcel_177,2,SomMot,lh
9101,177,demo_parcel_177,2,SomMot,lh
9102,177,demo_parcel_177,2,SomMot,lh
9103,177,demo_parcel_177,2,SomMot,lh
9104,177,demo_parcel_177,2,SomMot,lh
9105,177,demo_parcel_177,2,SomMot,lh
9106,177,demo_parcel_177,2,SomMot,lh
9107,177,demo_parcel_177,2,SomMot,lh
9108,177,demo_parcel_177,2,SomMot,lh
9109,177,demo_parcel_177,2,SomMot,lh
9110,177,demo_parcel_177,2,SomMot,lh
9111,178,demo_parcel_178,3,DorsAttn,lh
9112,178,demo_parcel_178,3,DorsAttn,lh
9113,178,demo_parcel_178,3,DorsAttn,lh
9114,178,demo_parcel_178,3,DorsAttn,lh
9115,178,demo_parcel_178,3,DorsAttn,lh
9116,178,demo_parcel_178,3,DorsAttn,lh
9117,178,demo_parcel_178,3,DorsAttn,lh
9118,178,demo_parcel_178,3,DorsAttn,lh
9119,178,demo_parcel_178,3,DorsAttn,lh
9120,178,demo_parcel_178,3,DorsAttn,lh
9121,178,demo_parcel_178,3,DorsAttn,lh
9122,178,demo_parcel_178,3,DorsAttn,lh
9123,178,demo_parcel_178,3,DorsAttn,lh
9124,178,demo_parcel_178,3,DorsAttn,lh
9125,178,demo_parcel_178,3,DorsAttn,lh
9126,178,demo_parcel_178,3,DorsAttn,lh
9127,178,demo_parcel_178,3,DorsAttn,lh
9128,178,demo_parcel_178,3,DorsAttn,lh
9129,178,demo_parcel_178,3,DorsAttn,lh
9130,178,demo_parcel_178,3,DorsAttn,lh
9131,178,demo_parcel_178,3,DorsAttn,lh
9132,178,demo_parcel_178,3,DorsAttn,lh
9133,178,demo_parcel_178,3,DorsAttn,lh
9134,178,demo_parcel_178,3,DorsAttn,lh
9135,178,demo_parcel_178,3,DorsAttn,lh
9136,178,demo_parcel_178,3,DorsAttn,lh
9137,178,demo_parcel_178,3,DorsAttn,lh
9138,178,demo_parcel_178,3,DorsAttn,lh
9139,178,demo_parcel_178,3,DorsAttn,lh
9140,178,demo_parcel_178,3,DorsAttn,lh
9141,178,demo_parcel_178,3,DorsAttn,lh
9142,178,demo_parcel_178,3,DorsAttn,lh
9143,178,demo_parcel_178,3,DorsAttn,lh
9144,178,demo_parcel_178,3,DorsAttn,lh
9145,178,demo_parcel_178,3,DorsAttn,lh
9146,178,demo_parcel_178,3,DorsAttn,lh
9147,178,demo_parcel_178,3,DorsAttn,lh
9148,178,demo_parcel_178,3,DorsAttn,lh
9149,178,demo_parcel_178,3,DorsAttn,lh
9150,178,demo_parcel_178,3,DorsAttn,lh
9151,178,demo_parcel_178,3,DorsAttn,lh
9152,178,demo_parcel_178,3,DorsAttn,lh
9153,178,demo_parcel_178,3,DorsAttn,lh
9154,178,demo_parcel_178,3,DorsAttn,lh
9155,178,demo_parcel_178,3,DorsAttn,lh
9156,178,demo_parcel_178,3,DorsAttn,lh
9157,178,demo_parcel_178,3,DorsAttn,lh
9158,178,demo_parcel_178,3,DorsAttn,lh
9159,178,demo_parcel_178,3,DorsAttn,lh
9160,178,demo_parcel_178,3,DorsAttn,lh
9161,178,demo_parcel_178,3,DorsAttn,lh
9162,179,demo_parcel_179,4,SalVentAttn,lh
9163,179,demo_parcel_179,4,SalVentAttn,lh
9164,179,demo_parcel_179,4,SalVentAttn,lh
9165,179,demo_parcel_179,4,SalVentAttn,lh
9166,179,demo_parcel_179,4,SalVentAttn,lh
9167,179,demo_parcel_179,4,SalVentAttn,lh
9168,179,demo_parcel_179,4,SalVentAttn,lh
9169,179,demo_parcel_179,4,SalVentAttn,lh
9170,179,demo_parcel_179,4,SalVentAttn,lh
9171,179,demo_parcel_179,4,SalVentAttn,lh
9172,179,demo_parcel_179,4,SalVentAttn,lh
9173,179,demo_parcel_179,4,SalVentAttn,lh
9174,179,demo_parcel_179,4,SalVentAttn,lh
9175,179,demo_parcel_179,4,SalVentAttn,lh
9176,179,demo_parcel_179,4,SalVentAttn,lh
9177,179,demo_parcel_179,4,SalVentAttn,lh
9178,179,demo_parcel_179,4,SalVentAttn,lh
9179,179,demo_parcel_179,4,SalVentAttn,lh
9180,179,demo_parcel_179,4,SalVentAttn,lh
9181,179,demo_parcel_179,4,SalVentAttn,lh
9182,179,demo_parcel_179,4,SalVentAttn,lh
9183,179,demo_parcel_179,4,SalVentAttn,lh
9184,179,demo_parcel_179,4,SalVentAttn,lh
9185,179,demo_parcel_179,4,SalVentAttn,lh
9186,179,demo_parcel_179,4,SalVentAttn,lh
9187,179,demo_parcel_179,4,SalVentAttn,lh
9188,179,demo_parcel_179,4,SalVentAttn,lh
9189,179,demo_parcel_179,4,SalVentAttn,lh
9190,179,demo_parcel_179,4,SalVentAttn,lh
9191,179,demo_parcel_179,4,SalVentAttn,lh
9192,179,demo_parcel_179,4,SalVentAttn,lh
9193,179,demo_parcel_179,4,SalVentAttn,lh
9194,179,demo_parcel_179,4,SalVentAttn,lh
9195,179,demo_parcel_179,4,SalVentAttn,lh
9196,179,demo_parcel_179,4,SalVentAttn,lh
9197,179,demo_parcel_179,4,SalVentAttn,lh
9198,179,demo_parcel_179,4,SalVentAttn,lh
9199,179,demo_parcel_179,4,SalVentAttn,lh
9200,179,demo_parcel_179,4,SalVentAttn,lh
9201,179,demo_parcel_179,4,SalVentAttn,lh
9202,179,demo_parcel_179,4,SalVentAttn,lh
9203,179,demo_parcel_179,4,SalVentAttn,lh
9204,179,demo_parcel_179,4,SalVentAttn,lh
9205,179,demo_parcel_179,4,SalVentAttn,lh
9206,179,demo_parcel_179,4,SalVentAttn,lh
9207,179,demo_parcel_179,4,SalVentAttn,lh
9208,179,demo_parcel_179,4,SalVentAttn,lh
9209,179,demo_parcel_179,4,SalVentAttn,lh
9210,179,demo_parcel_179,4,SalVentAttn,lh
9211,179,demo_parcel_179,4,SalVentAttn,lh
9212,179,demo_parcel_179,4,SalVentAttn,lh
9213,180,demo_parcel_180,5,Limbic,lh
9214,180,demo_parcel_180,5,Limbic,lh
9215,180,demo_parcel_180,5,Limbic,lh
9216,180,demo_parcel_180,5,Limbic,lh
9217,180,demo_parcel_180,5,Limbic,lh
9218,180,demo_parcel_180,5,Limbic,lh
9219,180,demo_parcel_180,5,Limbic,lh
9220,180,demo_parcel_180,5,Limbic,lh
9221,180,demo_parcel_180,5,Limbic,lh
9222,180,demo_parcel_180,5,Limbic,lh
9223,180,demo_parcel_180,5,Limbic,lh
9224,180,demo_parcel_180,5,Limbic,lh
9225,180,demo_parcel_180,5,Limbic,lh
9226,180,demo_parcel_180,5,Limbic,lh
9227,180,demo_parcel_180,5,Limbic,lh
9228,180,demo_parcel_180,5,Limbic,lh
9229,180,demo_parcel_180,5,Limbic,lh
9230,180,demo_parcel_180,5,Limbic,lh
9231,180,demo_parcel_180,5,Limbic,lh
9232,180,demo_parcel_180,5,Limbic,lh
9233,180,demo_parcel_180,5,Limbic,lh
9234,180,demo_parcel_180,5,Limbic,lh
9235,180,demo_parcel_180,5,Limbic,lh
9236,180,demo_parcel_180,5,Limbic,lh
9237,180,demo_parcel_180,5,Limbic,lh
9238,180,demo_parcel_180,5,Limbic,lh
9239,180,demo_parcel_180,5,Limbic,lh
9240,180,demo_parcel_180,5,Limbic,lh
9241,180,demo_parcel_180,5,Limbic,lh
9242,180,demo_parcel_180,5,Limbic,lh
9243,180,demo_parcel_180,5,Limbic,lh
9244,180,demo_parcel_180,5,Limbic,lh
9245,180,demo_parcel_180,5,Limbic,lh
9246,180,demo_parcel_180,5,Limbic,lh
9247,180,demo_parcel_180,5,Limbic,lh
9248,180,demo_parcel_180,5,Limbic,lh
9249,180,demo_parcel_180,5,Limbic,lh
9250,180,demo_parcel_180,5,Limbic,lh
9251,180,demo_parcel_180,5,Limbic,lh
9252,180,demo_parcel_180,5,Limbic,lh
9253,180,demo_parcel_180,5,Limbic,lh
9254,180,demo_parcel_180,5,Limbic,lh
9255,180,demo_parcel_180,5,Limbic,lh
9256,180,demo_parcel_180,5,Limbic,lh
9257,180,demo_parcel_180,5,Limbic,lh
9258,180,demo_parcel_180,5,Limbic,lh
9259,180,demo_parcel_180,5,Limbic,lh
9260,180,demo_parcel_180,5,Limbic,lh
9261,180,demo_parcel_180,5,Limbic,lh
9262,180,demo_parcel_180,5,Limbic,lh
9263,180,demo_parcel_180,5,Limbic,lh
9264,181,demo_parcel_181,6,Cont,lh
9265,181,demo_parcel_181,6,Cont,lh
9266,181,demo_parcel_181,6,Cont,lh
9267,181,demo_parcel_181,6,Cont,lh
9268,181,demo_parcel_181,6,Cont,lh
9269,181,demo_parcel_181,6,Cont,lh
9270,181,demo_parcel_181,6,Cont,lh
9271,181,demo_parcel_181,6,Cont,lh
9272,181,demo_parcel_181,6,Cont,lh
9273,181,demo_parcel_181,6,Cont,lh
9274,181,demo_parcel_181,6,Cont,lh
9275,181,demo_parcel_181,6,Cont,lh
9276,181,demo_parcel_181,6,Cont,lh
9277,181,demo_parcel_181,6,Cont,lh
9278,181,demo_parcel_181,6,Cont,lh
9279,181,demo_parcel_181,6,Cont,lh
9280,181,demo_parcel_181,6,Cont,lh
9281,181,demo_parcel_181,6,Cont,lh
9282,181,demo_parcel_181,6,Cont,lh
9283,181,demo_parcel_181,6,Cont,lh
9284,181,demo_parcel_181,6,Cont,lh
9285,181,demo_parcel_181,6,Cont,lh
9286,181,demo_parcel_181,6,Cont,lh
9287,181,demo_parcel_181,6,Cont,lh
9288,181,demo_parcel_181,6,Cont,lh
9289,181,demo_parcel_181,6,Cont,lh
9290,181,demo_parcel_181,6,Cont,lh
9291,181,demo_parcel_181,6,Cont,lh
9292,181,demo_parcel_181,6,Cont,lh
9293,181,demo_parcel_181,6,Cont,lh
9294,181,demo_parcel_181,6,Cont,lh
9295,181,demo_parcel_181,6,Cont,lh
9296,181,demo_parcel_181,6,Cont,lh
9297,181,demo_parcel_181,6,Cont,lh
9298,181,demo_parcel_181,6,Cont,lh
9299,181,demo_parcel_181,6,Cont,lh
9300,181,demo_parcel_181,6,Cont,lh
9301,181,demo_parcel_181,6,Cont,lh
9302,181,demo_parcel_181,6,Cont,lh
9303,181,demo_parcel_181,6,Cont,lh
9304,181,demo_parcel_181,6,Cont,lh
9305,181,demo_parcel_181,6,Cont,lh
9306,181,demo_parcel_181,6,Cont,lh
9307,181,demo_parcel_181,6,Cont,lh
9308,181,demo_parcel_181,6,Cont,lh
9309,181,demo_parcel_181,6,Cont,lh
9310,181,demo_parcel_181,6,Cont,lh
9311,181,demo_parcel_181,6,Cont,lh
9312,181,demo_parcel_181,6,Cont,lh
9313,181,demo_parcel_181,6,Cont,lh
9314,181,demo_parcel_181,6,Cont,lh
9315,182,demo_parcel_182,7,Default,lh
9316,182,demo_parcel_182,7,Default,lh
9317,182,demo_parcel_182,7,Default,lh
9318,182,demo_parcel_182,7,Default,lh
9319,182,demo_parcel_182,7,Default,lh
9320,182,demo_parcel_182,7,Default,lh
9321,182,demo_parcel_182,7,Default,lh
9322,182,demo_parcel_182,7,Default,lh
9323,182,demo_parcel_182,7,Default,lh
9324,182,demo_parcel_182,7,Default,lh
9325,182,demo_parcel_182,7,Default,lh
9326,182,demo_parcel_182,7,Default,lh
9327,182,demo_parcel_182,7,Default,lh
9328,182,demo_parcel_182,7,Default,lh
9329,182,demo_parcel_182,7,Default,lh
9330,182,demo_parcel_182,7,Default,lh
9331,182,demo_parcel_182,7,Default,lh
9332,182,demo_parcel_182,7,Default,lh
9333,182,demo_parcel_182,7,Default,lh
9334,182,demo_parcel_182,7,Default,lh
9335,182,demo_parcel_182,7,Default,lh
9336,182,demo_parcel_182,7,Default,lh
9337,182,demo_parcel_182,7,Default,lh
9338,182,demo_parcel_182,7,Default,lh
9339,182,demo_parcel_182,7,Default,lh
9340,182,demo_parcel_182,7,Default,lh
9341,182,demo_parcel_182,7,Default,lh
9342,182,demo_parcel_182,7,Default,lh
9343,182,demo_parcel_182,7,Default,lh
9344,182,demo_parcel_182,7,Default,lh
9345,182,demo_parcel_182,7,Default,lh
9346,182,demo_parcel_182,7,Default,lh
9347,182,demo_parcel_182,7,Default,lh
9348,182,demo_parcel_182,7,Default,lh
9349,182,demo_parcel_182,7,Default,lh
9350,182,demo_parcel_182,7,Default,lh
9351,182,demo_parcel_182,7,Default,lh
9352,182,demo_parcel_182,7,Default,lh
9353,182,demo_parcel_182,7,Default,lh
9354,182,demo_parcel_182,7,Default,lh
9355,182,demo_parcel_182,7,Default,lh
9356,182,demo_parcel_182,7,Default,lh
9357,182,demo_parcel_182,7,Default,lh
9358,182,demo_parcel_182,7,Default,lh
9359,182,demo_parcel_182,7,Default,lh
9360,182,demo_parcel_182,7,Default,lh
9361,182,demo_parcel_182,7,Default,lh
9362,182,demo_parcel_182,7,Default,lh
9363,182,demo_parcel_182,7,Default,lh
9364,182,demo_parcel_182,7,Default,lh
9365,182,demo_parcel_182,7,Default,lh
9366,183,demo_parcel_183,1,Vis,lh
9367,183,demo_parcel_183,1,Vis,lh
9368,183,demo_parcel_183,1,Vis,lh
9369,183,demo_parcel_183,1,Vis,lh
9370,183,demo_parcel_183,1,Vis,lh
9371,183,demo_parcel_183,1,Vis,lh
9372,183,demo_parcel_183,1,Vis,lh
9373,183,demo_parcel_183,1,Vis,lh
9374,183,demo_parcel_183,1,Vis,lh
9375,183,demo_parcel_183,1,Vis,lh
9376,183,demo_parcel_183,1,Vis,lh
9377,183,demo_parcel_183,1,Vis,lh
9378,183,demo_parcel_183,1,Vis,lh
9379,183,demo_parcel_183,1,Vis,lh
9380,183,demo_parcel_183,1,Vis,lh
9381,183,demo_parcel_183,1,Vis,lh
9382,183,demo_parcel_183,1,Vis,lh
9383,183,demo_parcel_183,1,Vis,lh
9384,183,demo_parcel_183,1,Vis,lh
9385,183,demo_parcel_183,1,Vis,lh
9386,183,demo_parcel_183,1,Vis,lh
9387,183,demo_parcel_183,1,Vis,lh
9388,183,demo_parcel_183,1,Vis,lh
9389,183,demo_parcel_183,1,Vis,lh
9390,183,demo_parcel_183,1,Vis,lh
9391,183,demo_parcel_183,1,Vis,lh
9392,183,demo_parcel_183,1,Vis,lh
9393,183,demo_parcel_183,1,Vis,lh
9394,183,demo_parcel_183,1,Vis,lh
9395,183,demo_parcel_183,1,Vis,lh
9396,183,demo_parcel_183,1,Vis,lh
9397,183,demo_parcel_183,1,Vis,lh
9398,183,demo_parcel_183,1,Vis,lh
9399,183,demo_parcel_183,1,Vis,lh
9400,183,demo_parcel_183,1,Vis,lh
9401,183,demo_parcel_183,1,Vis,lh
9402,183,demo_parcel_183,1,Vis,lh
9403,183,demo_parcel_183,1,Vis,lh
9404,183,demo_parcel_183,1,Vis,lh
9405,183,demo_parcel_183,1,Vis,lh
9406,183,demo_parcel_183,1,Vis,lh
9407,183,demo_parcel_183,1,Vis,lh
9408,183,demo_parcel_183,1,Vis,lh
9409,183,demo_parcel_183,1,Vis,lh
9410,183,demo_parcel_183,1,Vis,lh
9411,183,demo_parcel_183,1,Vis,lh
9412,183,demo_parcel_183,1,Vis,lh
9413,183,demo_parcel_183,1,Vis,lh
9414,183,demo_parcel_183,1,Vis,lh
9415,183,demo_parcel_183,1,Vis,lh
9416,183,demo_parcel_183,1,Vis,lh
9417,184,demo_parcel_184,2,SomMot,lh
9418,184,demo_parcel_184,2,SomMot,lh
9419,184,demo_parcel_184,2,SomMot,lh
9420,184,demo_parcel_184,2,SomMot,lh
9421,184,demo_parcel_184,2,SomMot,lh
9422,184,demo_parcel_184,2,SomMot,lh
9423,184,demo_parcel_184,2,SomMot,lh
9424,184,demo_parcel_184,2,SomMot,lh
9425,184,demo_parcel_184,2,SomMot,lh
9426,184,demo_parcel_184,2,SomMot,lh
9427,184,demo_parcel_184,2,SomMot,lh
9428,184,demo_parcel_184,2,SomMot,lh
9429,184,demo_parcel_184,2,SomMot,lh
9430,184,demo_parcel_184,2,SomMot,lh
9431,184,demo_parcel_184,2,SomMot,lh
9432,184,demo_parcel_184,2,SomMot,lh
9433,184,demo_parcel_184,2,SomMot,lh
9434,184,demo_parcel_184,2,SomMot,lh
9435,184,demo_parcel_184,2,SomMot,lh
9436,184,demo_parcel_184,2,SomMot,lh
9437,184,demo_parcel_184,2,SomMot,lh
9438,184,demo_parcel_184,2,SomMot,lh
9439,184,demo_parcel_184,2,SomMot,lh
9440,184,demo_parcel_184,2,SomMot,lh
9441,184,demo_parcel_184,2,SomMot,lh
9442,184,demo_parcel_184,2,SomMot,lh
9443,184,demo_parcel_184,2,SomMot,lh
9444,184,demo_parcel_184,2,SomMot,lh
9445,184,demo_parcel_184,2,SomMot,lh
9446,184,demo_parcel_184,2,SomMot,lh
9447,184,demo_parcel_184,2,SomMot,lh
9448,184,demo_parcel_184,2,SomMot,lh
9449,184,demo_parcel_184,2,SomMot,lh
9450,184,demo_parcel_184,2,SomMot,lh
9451,184,demo_parcel_184,2,SomMot,lh
9452,184,demo_parcel_184,2,SomMot,lh
9453,184,demo_parcel_184,2,SomMot,lh
9454,184,demo_parcel_184,2,SomMot,lh
9455,184,demo_parcel_184,2,SomMot,lh
9456,184,demo_parcel_184,2,SomMot,lh
9457,184,demo_parcel_184,2,SomMot,lh
9458,184,demo_parcel_184,2,SomMot,lh
9459,184,demo_parcel_184,2,SomMot,lh
9460,184,demo_parcel_184,2,SomMot,lh
9461,184,demo_parcel_184,2,SomMot,lh
9462,184,demo_parcel_184,2,SomMot,lh
9463,184,demo_parcel_184,2,SomMot,lh
9464,184,demo_parcel_184,2,SomMot,lh
9465,184,demo_parcel_184,2,SomMot,lh
9466,184,demo_parcel_184,2,SomMot,lh
9467,184,demo_parcel_184,2,SomMot,lh
9468,185,demo_parcel_185,3,DorsAttn,lh
9469,185,demo_parcel_185,3,DorsAttn,lh
9470,185,demo_parcel_185,3,DorsAttn,lh
9471,185,demo_parcel_185,3,DorsAttn,lh
9472,185,demo_parcel_185,3,DorsAttn,lh
9473,185,demo_parcel_185,3,DorsAttn,lh
9474,185,demo_parcel_185,3,DorsAttn,lh
9475,185,demo_parcel_185,3,DorsAttn,lh
9476,185,demo_parcel_185,3,DorsAttn,lh
9477,185,demo_parcel_185,3,DorsAttn,lh
9478,185,demo_parcel_185,3,DorsAttn,lh
9479,185,demo_parcel_185,3,DorsAttn,lh
9480,185,demo_parcel_185,3,DorsAttn,lh
9481,185,demo_parcel_185,3,DorsAttn,lh
9482,185,demo_parcel_185,3,DorsAttn,lh
9483,185,demo_parcel_185,3,DorsAttn,lh
9484,185,demo_parcel_185,3,DorsAttn,lh
9485,185,demo_parcel_185,3,DorsAttn,lh
9486,185,demo_parcel_185,3,DorsAttn,lh
9487,185,demo_parcel_185,3,DorsAttn,lh
9488,185,demo_parcel_185,3,DorsAttn,lh
9489,185,demo_parcel_185,3,DorsAttn,lh
9490,185,demo_parcel_185,3,DorsAttn,lh
9491,185,demo_parcel_185,3,DorsAttn,lh
9492,185,demo_parcel_185,3,DorsAttn,lh
9493,185,demo_parcel_185,3,DorsAttn,lh
9494,185,demo_parcel_185,3,DorsAttn,lh
9495,185,demo_parcel_185,3,DorsAttn,lh
9496,185,demo_parcel_185,3,DorsAttn,lh
9497,185,demo_parcel_185,3,DorsAttn,lh
9498,185,demo_parcel_185,3,DorsAttn,lh
9499,185,demo_parcel_185,3,DorsAttn,lh
9500,185,demo_parcel_185,3,DorsAttn,lh
9501,185,demo_parcel_185,3,DorsAttn,lh
9502,185,demo_parcel_185,3,DorsAttn,lh
9503,185,demo_parcel_185,3,DorsAttn,lh
9504,185,demo_parcel_185,3,DorsAttn,lh
9505,185,demo_parcel_185,3,DorsAttn,lh
9506,185,demo_parcel_185,3,DorsAttn,lh
9507,185,demo_parcel_185,3,DorsAttn,lh
9508,185,demo_parcel_185,3,DorsAttn,lh
9509,185,demo_parcel_185,3,DorsAttn,lh
9510,185,demo_parcel_185,3,DorsAttn,lh
9511,185,demo_parcel_185,3,DorsAttn,lh
9512,185,demo_parcel_185,3,DorsAttn,lh
9513,185,demo_parcel_185,3,DorsAttn,lh
9514,185,demo_parcel_185,3,DorsAttn,lh
9515,185,demo_parcel_185,3,DorsAttn,lh
9516,185,demo_parcel_185,3,DorsAttn,lh
9517,185,demo_parcel_185,3,DorsAttn,lh
9518,185,demo_parcel_185,3,DorsAttn,lh
9519,186,demo_parcel_186,4,SalVentAttn,lh
9520,186,demo_parcel_186,4,SalVentAttn,lh
9521,186,demo_parcel_186,4,SalVentAttn,lh
9522,186,demo_parcel_186,4,SalVentAttn,lh
9523,186,demo_parcel_186,4,SalVentAttn,lh
9524,186,demo_parcel_186,4,SalVentAttn,lh
9525,186,demo_parcel_186,4,SalVentAttn,lh
9526,186,demo_parcel_186,4,SalVentAttn,lh
9527,186,demo_parcel_186,4,SalVentAttn,lh
9528,186,demo_parcel_186,4,SalVentAttn,lh
9529,186,demo_parcel_186,4,SalVentAttn,lh
9530,186,demo_parcel_186,4,SalVentAttn,lh
9531,186,demo_parcel_186,4,SalVentAttn,lh
9532,186,demo_parcel_186,4,SalVentAttn,lh
9533,186,demo_parcel_186,4,SalVentAttn,lh
9534,186,demo_parcel_186,4,SalVentAttn,lh
9535,186,demo_parcel_186,4,SalVentAttn,lh
9536,186,demo_parcel_186,4,SalVentAttn,lh
9537,186,demo_parcel_186,4,SalVentAttn,lh
9538,186,demo_parcel_186,4,SalVentAttn,lh
9539,186,demo_parcel_186,4,SalVentAttn,lh
9540,186,demo_parcel_186,4,SalVentAttn,lh
9541,186,demo_parcel_186,4,SalVentAttn,lh
9542,186,demo_parcel_186,4,SalVentAttn,lh
9543,186,demo_parcel_186,4,SalVentAttn,lh
9544,186,demo_parcel_186,4,SalVentAttn,lh
9545,186,demo_parcel_186,4,SalVentAttn,lh
9546,186,demo_parcel_186,4,SalVentAttn,lh
9547,186,demo_parcel_186,4,SalVentAttn,lh
9548,186,demo_parcel_186,4,SalVentAttn,lh
9549,186,demo_parcel_186,4,SalVentAttn,lh
9550,186,demo_parcel_186,4,SalVentAttn,lh
9551,186,demo_parcel_186,4,SalVentAttn,lh
9552,186,demo_parcel_186,4,SalVentAttn,lh
9553,186,demo_parcel_186,4,SalVentAttn,lh
9554,186,demo_parcel_186,4,SalVentAttn,lh
9555,186,demo_parcel_186,4,SalVentAttn,lh
9556,186,demo_parcel_186,4,SalVentAttn,lh
9557,186,demo_parcel_186,4,SalVentAttn,lh
9558,186,demo_parcel_186,4,SalVentAttn,lh
9559,186,demo_parcel_186,4,SalVentAttn,lh
9560,186,demo_parcel_186,4,SalVentAttn,lh
9561,186,demo_parcel_186,4,SalVentAttn,lh
9562,186,demo_parcel_186,4,SalVentAttn,lh
9563,186,demo_parcel_186,4,SalVentAttn,lh
9564,186,demo_parcel_186,4,SalVentAttn,lh
9565,186,demo_parcel_186,4,SalVentAttn,lh
9566,186,demo_parcel_186,4,SalVentAttn,lh
9567,186,demo_parcel_186,4,SalVentAttn,lh
9568,186,demo_parcel_186,4,SalVentAttn,lh
9569,186,demo_parcel_186,4,SalVentAttn,lh
9570,187,demo_parcel_187,5,Limbic,lh
9571,187,demo_parcel_187,5,Limbic,lh
9572,187,demo_parcel_187,5,Limbic,lh
9573,187,demo_parcel_187,5,Limbic,lh
9574,187,demo_parcel_187,5,Limbic,lh
9575,187,demo_parcel_187,5,Limbic,lh
9576,187,demo_parcel_187,5,Limbic,lh
9577,187,demo_parcel_187,5,Limbic,lh
9578,187,demo_parcel_187,5,Limbic,lh
9579,187,demo_parcel_187,5,Limbic,lh
9580,187,demo_parcel_187,5,Limbic,lh
9581,187,demo_parcel_187,5,Limbic,lh
9582,187,demo_parcel_187,5,Limbic,lh
9583,187,demo_parcel_187,5,Limbic,lh
9584,187,demo_parcel_187,5,Limbic,lh
9585,187,demo_parcel_187,5,Limbic,lh
9586,187,demo_parcel_187,5,Limbic,lh
9587,187,demo_parcel_187,5,Limbic,lh
9588,187,demo_parcel_187,5,Limbic,lh
9589,187,demo_parcel_187,5,Limbic,lh
9590,187,demo_parcel_187,5,Limbic,lh
9591,187,demo_parcel_187,5,Limbic,lh
9592,187,demo_parcel_187,5,Limbic,lh
9593,187,demo_parcel_187,5,Limbic,lh
9594,187,demo_parcel_187,5,Limbic,lh
9595,187,demo_parcel_187,5,Limbic,lh
9596,187,demo_parcel_187,5,Limbic,lh
9597,187,demo_parcel_187,5,Limbic,lh
9598,187,demo_parcel_187,5,Limbic,lh
9599,187,demo_parcel_187,5,Limbic,lh
9600,187,demo_parcel_187,5,Limbic,lh
9601,187,demo_parcel_187,5,Limbic,lh
9602,187,demo_parcel_187,5,Limbic,lh
9603,187,demo_parcel_187,5,Limbic,lh
9604,187,demo_parcel_187,5,Limbic,lh
9605,187,demo_parcel_187,5,Limbic,lh
9606,187,demo_parcel_187,5,Limbic,lh
9607,187,demo_parcel_187,5,Limbic,lh
9608,187,demo_parcel_187,5,Limbic,lh
9609,187,demo_parcel_187,5,Limbic,lh
9610,187,demo_parcel_187,5,Limbic,lh
9611,187,demo_parcel_187,5,Limbic,lh
9612,187,demo_parcel_187,5,Limbic,lh
9613,187,demo_parcel_187,5,Limbic,lh
9614,187,demo_parcel_187,5,Limbic,lh
9615,187,demo_parcel_187,5,Limbic,lh
9616,187,demo_parcel_187,5,Limbic,lh
9617,187,demo_parcel_187,5,Limbic,lh
9618,187,demo_parcel_187,5,Limbic,lh
9619,187,demo_parcel_187,5,Limbic,lh
9620,187,demo_parcel_187,5,Limbic,lh
9621,188,demo_parcel_188,6,Cont,lh
9622,188,demo_parcel_188,6,Cont,lh
9623,188,demo_parcel_188,6,Cont,lh
9624,188,demo_parcel_188,6,Cont,lh
9625,188,demo_parcel_188,6,Cont,lh
9626,188,demo_parcel_188,6,Cont,lh
9627,188,demo_parcel_188,6,Cont,lh
9628,188,demo_parcel_188,6,Cont,lh
9629,188,demo_parcel_188,6,Cont,lh
9630,188,demo_parcel_188,6,Cont,lh
9631,188,demo_parcel_188,6,Cont,lh
9632,188,demo_parcel_188,6,Cont,lh
9633,188,demo_parcel_188,6,Cont,lh
9634,188,demo_parcel_188,6,Cont,lh
9635,188,demo_parcel_188,6,Cont,lh
9636,188,demo_parcel_188,6,Cont,lh
9637,188,demo_parcel_188,6,Cont,lh
9638,188,demo_parcel_188,6,Cont,lh
9639,188,demo_parcel_188,6,Cont,lh
9640,188,demo_parcel_188,6,Cont,lh
9641,188,demo_parcel_188,6,Cont,lh
9642,188,demo_parcel_188,6,Cont,lh
9643,188,demo_parcel_188,6,Cont,lh
9644,188,demo_parcel_188,6,Cont,lh
9645,188,demo_parcel_188,6,Cont,lh
9646,188,demo_parcel_188,6,Cont,lh
9647,188,demo_parcel_188,6,Cont,lh
9648,188,demo_parcel_188,6,Cont,lh
9649,188,demo_parcel_188,6,Cont,lh
9650,188,demo_parcel_188,6,Cont,lh
9651,188,demo_parcel_188,6,Cont,lh
9652,188,demo_parcel_188,6,Cont,lh
9653,188,demo_parcel_188,6,Cont,lh
9654,188,demo_parcel_188,6,Cont,lh
9655,188,demo_parcel_188,6,Cont,lh
9656,188,demo_parcel_188,6,Cont,lh
9657,188,demo_parcel_188,6,Cont,lh
9658,188,demo_parcel_188,6,Cont,lh
9659,188,demo_parcel_188,6,Cont,lh
9660,188,demo_parcel_188,6,Cont,lh
9661,188,demo_parcel_188,6,Cont,lh
9662,188,demo_parcel_188,6,Cont,lh
9663,188,demo_parcel_188,6,Cont,lh
9664,188,demo_parcel_188,6,Cont,lh
9665,188,demo_parcel_188,6,Cont,lh
9666,188,demo_parcel_188,6,Cont,lh
9667,188,demo_parcel_188,6,Cont,lh
9668,188,demo_parcel_188,6,Cont,lh
9669,188,demo_parcel_188,6,Cont,lh
9670,188,demo_parcel_188,6,Cont,lh
9671,188,demo_parcel_188,6,Cont,lh
9672,189,demo_parcel_189,7,Default,lh
9673,189,demo_parcel_189,7,Default,lh
9674,189,demo_parcel_189,7,Default,lh
9675,189,demo_parcel_189,7,Default,lh
9676,189,demo_parcel_189,7,Default,lh
9677,189,demo_parcel_189,7,Default,lh
9678,189,demo_parcel_189,7,Default,lh
9679,189,demo_parcel_189,7,Default,lh
9680,189,demo_parcel_189,7,Default,lh
9681,189,demo_parcel_189,7,Default,lh
9682,189,demo_parcel_189,7,Default,lh
9683,189,demo_parcel_189,7,Default,lh
9684,189,demo_parcel_189,7,Default,lh
9685,189,demo_parcel_189,7,Default,lh
9686,189,demo_parcel_189,7,Default,lh
9687,189,demo_parcel_189,7,Default,lh
9688,189,demo_parcel_189,7,Default,lh
9689,189,demo_parcel_189,7,Default,lh
9690,189,demo_parcel_189,7,Default,lh
9691,189,demo_parcel_189,7,Default,lh
9692,189,demo_parcel_189,7,Default,lh
9693,189,demo_parcel_189,7,Default,lh
9694,189,demo_parcel_189,7,Default,lh
9695,189,demo_parcel_189,7,Default,lh
9696,189,demo_parcel_189,7,Default,lh
9697,189,demo_parcel_189,7,Default,lh
9698,189,demo_parcel_189,7,Default,lh
9699,189,demo_parcel_189,7,Default,lh
9700,189,demo_parcel_189,7,Default,lh
9701,189,demo_parcel_189,7,Default,lh
9702,189,demo_parcel_189,7,Default,lh
9703,189,demo_parcel_189,7,Default,lh
9704,189,demo_parcel_189,7,Default,lh
9705,189,demo_parcel_189,7,Default,lh
9706,189,demo_parcel_189,7,Default,lh
9707,189,demo_parcel_189,7,Default,lh
9708,189,demo_parcel_189,7,Default,lh
9709,189,demo_parcel_189,7,Default,lh
9710,189,demo_parcel_189,7,Default,lh
9711,189,demo_parcel_189,7,Default,lh
9712,189,demo_parcel_189,7,Default,lh
9713,189,demo_parcel_189,7,Default,lh
9714,189,demo_parcel_189,7,Default,lh
9715,189,demo_parcel_189,7,Default,lh
9716,189,demo_parcel_189,7,Default,lh
9717,189,demo_parcel_189,7,Default,lh
9718,189,demo_parcel_189,7,Default,lh
9719,189,demo_parcel_189,7,Default,lh
9720,189,demo_parcel_189,7,Default,lh
9721,189,demo_parcel_189,7,Default,lh
9722,189,demo_parcel_189,7,Default,lh
9723,190,demo_parcel_190,1,Vis,lh
9724,190,demo_parcel_190,1,Vis,lh
9725,190,demo_parcel_190,1,Vis,lh
9726,190,demo_parcel_190,1,Vis,lh
9727,190,demo_parcel_190,1,Vis,lh
9728,190,demo_parcel_190,1,Vis,lh
9729,190,demo_parcel_190,1,Vis,lh
9730,190,demo_parcel_190,1,Vis,lh
9731,190,demo_parcel_190,1,Vis,lh
9732,190,demo_parcel_190,1,Vis,lh
9733,190,demo_parcel_190,1,Vis,lh
9734,190,demo_parcel_190,1,Vis,lh
9735,190,demo_parcel_190,1,Vis,lh
9736,190,demo_parcel_190,1,Vis,lh
9737,190,demo_parcel_190,1,Vis,lh
9738,190,demo_parcel_190,1,Vis,lh
9739,190,demo_parcel_190,1,Vis,lh
9740,190,demo_parcel_190,1,Vis,lh
9741,190,demo_parcel_190,1,Vis,lh
9742,190,demo_parcel_190,1,Vis,lh
9743,190,demo_parcel_190,1,Vis,lh
9744,190,demo_parcel_190,1,Vis,lh
9745,190,demo_parcel_190,1,Vis,lh
9746,190,demo_parcel_190,1,Vis,lh
9747,190,demo_parcel_190,1,Vis,lh
9748,190,demo_parcel_190,1,Vis,lh
9749,190,demo_parcel_190,1,Vis,lh
9750,190,demo_parcel_190,1,Vis,lh
9751,190,demo_parcel_190,1,Vis,lh
9752,190,demo_parcel_190,1,Vis,lh
9753,190,demo_parcel_190,1,Vis,lh
9754,190,demo_parcel_190,1,Vis,lh
9755,190,demo_parcel_190,1,Vis,lh
9756,190,demo_parcel_190,1,Vis,lh
9757,190,demo_parcel_190,1,Vis,lh
9758,190,demo_parcel_190,1,Vis,lh
9759,190,demo_parcel_190,1,Vis,lh
9760,190,demo_parcel_190,1,Vis,lh
9761,190,demo_parcel_190,1,Vis,lh
9762,190,demo_parcel_190,1,Vis,lh
9763,190,demo_parcel_190,1,Vis,lh
9764,190,demo_parcel_190,1,Vis,lh
9765,190,demo_parcel_190,1,Vis,lh
9766,190,demo_parcel_190,1,Vis,lh
9767,190,demo_parcel_190,1,Vis,lh
9768,190,demo_parcel_190,1,Vis,lh
9769,190,demo_parcel_190,1,Vis,lh
9770,190,demo_parcel_190,1,Vis,lh
9771,190,demo_parcel_190,1,Vis,lh
9772,190,demo_parcel_190,1,Vis,lh
9773,190,demo_parcel_190,1,Vis,lh
9774,191,demo_parcel_191,2,SomMot,lh
9775,191,demo_parcel_191,2,SomMot,lh
9776,191,demo_parcel_191,2,SomMot,lh
9777,191,demo_parcel_191,2,SomMot,lh
9778,191,demo_parcel_191,2,SomMot,lh
9779,191,demo_parcel_191,2,SomMot,lh
9780,191,demo_parcel_191,2,SomMot,lh
9781,191,demo_parcel_191,2,SomMot,lh
9782,191,demo_parcel_191,2,SomMot,lh
9783,191,demo_parcel_191,2,SomMot,lh
9784,191,demo_parcel_191,2,SomMot,lh
9785,191,demo_parcel_191,2,SomMot,lh
9786,191,demo_parcel_191,2,SomMot,lh
9787,191,demo_parcel_191,2,SomMot,lh
9788,191,demo_parcel_191,2,SomMot,lh
9789,191,demo_parcel_191,2,SomMot,lh
9790,191,demo_parcel_191,2,SomMot,lh
9791,191,demo_parcel_191,2,SomMot,lh
9792,191,demo_parcel_191,2,SomMot,lh
9793,191,demo_parcel_191,2,SomMot,lh
9794,191,demo_parcel_191,2,SomMot,lh
9795,191,demo_parcel_191,2,SomMot,lh
9796,191,demo_parcel_191,2,SomMot,lh
9797,191,demo_parcel_191,2,SomMot,lh
9798,191,demo_parcel_191,2,SomMot,lh
9799,191,demo_parcel_191,2,SomMot,lh
9800,191,demo_parcel_191,2,SomMot,lh
9801,191,demo_parcel_191,2,SomMot,lh
9802,191,demo_parcel_191,2,SomMot,lh
9803,191,demo_parcel_191,2,SomMot,lh
9804,191,demo_parcel_191,2,SomMot,lh
9805,191,demo_parcel_191,2,SomMot,lh
9806,191,demo_parcel_191,2,SomMot,lh
9807,191,demo_parcel_191,2,SomMot,lh
9808,191,demo_parcel_191,2,SomMot,lh
9809,191,demo_parcel_191,2,SomMot,lh
9810,191,demo_parcel_191,2,SomMot,lh
9811,191,demo_parcel_191,2,SomMot,lh
9812,191,demo_parcel_191,2,SomMot,lh
9813,191,demo_parcel_191,2,SomMot,lh
9814,191,demo_parcel_191,2,SomMot,lh
9815,191,demo_parcel_191,2,SomMot,lh
9816,191,demo_parcel_191,2,SomMot,lh
9817,191,demo_parcel_191,2,SomMot,lh
9818,191,demo_parcel_191,2,SomMot,lh
9819,191,demo_parcel_191,2,SomMot,lh
9820,191,demo_parcel_191,2,SomMot,lh
9821,191,demo_parcel_191,2,SomMot,lh
9822,191,demo_parcel_191,2,SomMot,lh
9823,191,demo_parcel_191,2,SomMot,lh
9824,191,demo_parcel_191,2,SomMot,lh
9825,192,demo_parcel_192,3,DorsAttn,lh
9826,192,demo_parcel_192,3,DorsAttn,lh
9827,192,demo_parcel_192,3,DorsAttn,lh
9828,192,demo_parcel_192,3,DorsAttn,lh
9829,192,demo_parcel_192,3,DorsAttn,lh
9830,192,demo_parcel_192,3,DorsAttn,lh
9831,192,demo_parcel_192,3,DorsAttn,lh
9832,192,demo_parcel_192,3,DorsAttn,lh
9833,192,demo_parcel_192,3,DorsAttn,lh
9834,192,demo_parcel_192,3,DorsAttn,lh
9835,192,demo_parcel_192,3,DorsAttn,lh
9836,192,demo_parcel_192,3,DorsAttn,lh
9837,192,demo_parcel_192,3,DorsAttn,lh
9838,192,demo_parcel_192,3,DorsAttn,lh
9839,192,demo_parcel_192,3,DorsAttn,lh
9840,192,demo_parcel_192,3,DorsAttn,lh
9841,192,demo_parcel_192,3,DorsAttn,lh
9842,192,demo_parcel_192,3,DorsAttn,lh
9843,192,demo_parcel_192,3,DorsAttn,lh
9844,192,demo_parcel_192,3,DorsAttn,lh
9845,192,demo_parcel_192,3,DorsAttn,lh
9846,192,demo_parcel_192,3,DorsAttn,lh
9847,192,demo_parcel_192,3,DorsAttn,lh
9848,192,demo_parcel_192,3,DorsAttn,lh
9849,192,demo_parcel_192,3,DorsAttn,lh
9850,192,demo_parcel_192,3,DorsAttn,lh
9851,192,demo_parcel_192,3,DorsAttn,lh
9852,192,demo_parcel_192,3,DorsAttn,lh
9853,192,demo_parcel_192,3,DorsAttn,lh
9854,192,demo_parcel_192,3,DorsAttn,lh
9855,192,demo_parcel_192,3,DorsAttn,lh
9856,192,demo_parcel_192,3,DorsAttn,lh
9857,192,demo_parcel_192,3,DorsAttn,lh
9858,192,demo_parcel_192,3,DorsAttn,lh
9859,192,demo_parcel_192,3,DorsAttn,lh
9860,192,demo_parcel_192,3,DorsAttn,lh
9861,192,demo_parcel_192,3,DorsAttn,lh
9862,192,demo_parcel_192,3,DorsAttn,lh
9863,192,demo_parcel_192,3,DorsAttn,lh
9864,192,demo_parcel_192,3,DorsAttn,lh
9865,192,demo_parcel_192,3,DorsAttn,lh
9866,192,demo_parcel_192,3,DorsAttn,lh
9867,192,demo_parcel_192,3,DorsAttn,lh
9868,192,demo_parcel_192,3,DorsAttn,lh
9869,192,demo_parcel_192,3,DorsAttn,lh
9870,192,demo_parcel_192,3,DorsAttn,lh
9871,192,demo_parcel_192,3,DorsAttn,lh
9872,192,demo_parcel_192,3,DorsAttn,lh
9873,192,demo_parcel_192,3,DorsAttn,lh
9874,192,demo_parcel_192,3,DorsAttn,lh
9875,192,demo_parcel_192,3,DorsAttn,lh
9876,193,demo_parcel_193,4,SalVentAttn,lh
9877,193,demo_parcel_193,4,SalVentAttn,lh
9878,193,demo_parcel_193,4,SalVentAttn,lh
9879,193,demo_parcel_193,4,SalVentAttn,lh
9880,193,demo_parcel_193,4,SalVentAttn,lh
9881,193,demo_parcel_193,4,SalVentAttn,lh
9882,193,demo_parcel_193,4,SalVentAttn,lh
9883,193,demo_parcel_193,4,SalVentAttn,lh
9884,193,demo_parcel_193,4,SalVentAttn,lh
9885,193,demo_parcel_193,4,SalVentAttn,lh
9886,193,demo_parcel_193,4,SalVentAttn,lh
9887,193,demo_parcel_193,4,SalVentAttn,lh
9888,193,demo_parcel_193,4,SalVentAttn,lh
9889,193,demo_parcel_193,4,SalVentAttn,lh
9890,193,demo_parcel_193,4,SalVentAttn,lh
9891,193,demo_parcel_193,4,SalVentAttn,lh
9892,193,demo_parcel_193,4,SalVentAttn,lh
9893,193,demo_parcel_193,4,SalVentAttn,lh
9894,193,demo_parcel_193,4,SalVentAttn,lh
9895,193,demo_parcel_193,4,SalVentAttn,lh
9896,193,demo_parcel_193,4,SalVentAttn,lh
9897,193,demo_parcel_193,4,SalVentAttn,lh
9898,193,demo_parcel_193,4,SalVentAttn,lh
9899,193,demo_parcel_193,4,SalVentAttn,lh
9900,193,demo_parcel_193,4,SalVentAttn,lh
9901,193,demo_parcel_193,4,SalVentAttn,lh
9902,193,demo_parcel_193,4,SalVentAttn,lh
9903,193,demo_parcel_193,4,SalVentAttn,lh
9904,193,demo_parcel_193,4,SalVentAttn,lh
9905,193,demo_parcel_193,4,SalVentAttn,lh
9906,193,demo_parcel_193,4,SalVentAttn,lh
9907,193,demo_parcel_193,4,SalVentAttn,lh
9908,193,demo_parcel_193,4,SalVentAttn,lh
9909,193,demo_parcel_193,4,SalVentAttn,lh
9910,193,demo_parcel_193,4,SalVentAttn,lh
9911,193,demo_parcel_193,4,SalVentAttn,lh
9912,193,demo_parcel_193,4,SalVentAttn,lh
9913,193,demo_parcel_193,4,SalVentAttn,lh
9914,193,demo_parcel_193,4,SalVentAttn,lh
9915,193,demo_parcel_193,4,SalVentAttn,lh
9916,193,demo_parcel_193,4,SalVentAttn,lh
9917,193,demo_parcel_193,4,SalVentAttn,lh
9918,193,demo_parcel_193,4,SalVentAttn,lh
9919,193,demo_parcel_193,4,SalVentAttn,lh
9920,193,demo_parcel_193,4,SalVentAttn,lh
9921,193,demo_parcel_193,4,SalVentAttn,lh
9922,193,demo_parcel_193,4,SalVentAttn,lh
9923,193,demo_parcel_193,4,SalVentAttn,lh
9924,193,demo_parcel_193,4,SalVentAttn,lh
9925,193,demo_parcel_193,4,SalVentAttn,lh
9926,193,demo_parcel_193,4,SalVentAttn,lh
9927,194,demo_parcel_194,5,Limbic,lh
9928,194,demo_parcel_194,5,Limbic,lh
9929,194,demo_parcel_194,5,Limbic,lh
9930,194,demo_parcel_194,5,Limbic,lh
9931,194,demo_parcel_194,5,Limbic,lh
9932,194,demo_parcel_194,5,Limbic,lh
9933,194,demo_parcel_194,5,Limbic,lh
9934,194,demo_parcel_194,5,Limbic,lh
9935,194,demo_parcel_194,5,Limbic,lh
9936,194,demo_parcel_194,5,Limbic,lh
9937,194,demo_parcel_194,5,Limbic,lh
9938,194,demo_parcel_194,5,Limbic,lh
9939,194,demo_parcel_194,5,Limbic,lh
9940,194,demo_parcel_194,5,Limbic,lh
9941,194,demo_parcel_194,5,Limbic,lh
9942,194,demo_parcel_194,5,Limbic,lh
9943,194,demo_parcel_194,5,Limbic,lh
9944,194,demo_parcel_194,5,Limbic,lh
9945,194,demo_parcel_194,5,Limbic,lh
9946,194,demo_parcel_194,5,Limbic,lh
9947,194,demo_parcel_194,5,Limbic,lh
9948,194,demo_parcel_194,5,Limbic,lh
9949,194,demo_parcel_194,5,Limbic,lh
9950,194,demo_parcel_194,5,Limbic,lh
9951,194,demo_parcel_194,5,Limbic,lh
9952,194,demo_parcel_194,5,Limbic,lh
9953,194,demo_parcel_194,5,Limbic,lh
9954,194,demo_parcel_194,5,Limbic,lh
9955,194,demo_parcel_194,5,Limbic,lh
9956,194,demo_parcel_194,5,Limbic,lh
9957,194,demo_parcel_194,5,Limbic,lh
9958,194,demo_parcel_194,5,Limbic,lh
9959,194,demo_parcel_194,5,Limbic,lh
9960,194,demo_parcel_194,5,Limbic,lh
9961,194,demo_parcel_194,5,Limbic,lh
9962,194,demo_parcel_194,5,Limbic,lh
9963,194,demo_parcel_194,5,Limbic,lh
9964,194,demo_parcel_194,5,Limbic,lh
9965,194,demo_parcel_194,5,Limbic,lh
9966,194,demo_parcel_194,5,Limbic,lh
9967,194,demo_parcel_194,5,Limbic,lh
9968,194,demo_parcel_194,5,Limbic,lh
9969,194,demo_parcel_194,5,Limbic,lh
9970,194,demo_parcel_194,5,Limbic,lh
9971,194,demo_parcel_194,5,Limbic,lh
9972,194,demo_parcel_194,5,Limbic,lh
9973,194,demo_parcel_194,5,Limbic,lh
9974,194,demo_parcel_194,5,Limbic,lh
9975,194,demo_parcel_194,5,Limbic,lh
9976,194,demo_parcel_194,5,Limbic,lh
9977,194,demo_parcel_194,5,Limbic,lh
9978,195,demo_parcel_195,6,Cont,lh
9979,195,demo_parcel_195,6,Cont,lh
9980,195,demo_parcel_195,6,Cont,lh
9981,195,demo_parcel_195,6,Cont,lh
9982,195,demo_parcel_195,6,Cont,lh
9983,195,demo_parcel_195,6,Cont,lh
9984,195,demo_parcel_195,6,Cont,lh
9985,195,demo_parcel_195,6,Cont,lh
9986,195,demo_parcel_195,6,Cont,lh
9987,195,demo_parcel_195,6,Cont,lh
9988,195,demo_parcel_195,6,Cont,lh
9989,195,demo_parcel_195,6,Cont,lh
9990,195,demo_parcel_195,6,Cont,lh
9991,195,demo_parcel_195,6,Cont,lh
9992,195,demo_parcel_195,6,Cont,lh
9993,195,demo_parcel_195,6,Cont,lh
9994,195,demo_parcel_195,6,Cont,lh
9995,195,demo_parcel_195,6,Cont,lh
9996,195,demo_parcel_195,6,Cont,lh
9997,195,demo_parcel_195,6,Cont,lh
9998,195,demo_parcel_195,6,Cont,lh
9999,195,demo_parcel_195,6,Cont,lh
10000,195,demo_parcel_195,6,Cont,lh
10001,195,demo_parcel_195,6,Cont,lh
10002,195,demo_parcel_195,6,Cont,lh
10003,195,demo_parcel_195,6,Cont,lh
10004,195,demo_parcel_195,6,Cont,lh
10005,195,demo_parcel_195,6,Cont,lh
10006,195,demo_parcel_195,6,Cont,lh
10007,195,demo_parcel_195,6,Cont,lh
10008,195,demo_parcel_195,6,Cont,lh
10009,195,demo_parcel_195,6,Cont,lh
10010,195,demo_parcel_195,6,Cont,lh
10011,195,demo_parcel_195,6,Cont,lh
10012,195,demo_parcel_195,6,Cont,lh
10013,195,demo_parcel_195,6,Cont,lh
10014,195,demo_parcel_195,6,Cont,lh
10015,195,demo_parcel_195,6,Cont,lh
10016,195,demo_parcel_195,6,Cont,lh
10017,195,demo_parcel_195,6,Cont,lh
10018,195,demo_parcel_195,6,Cont,lh
10019,195,demo_parcel_195,6,Cont,lh
10020,195,demo_parcel_195,6,Cont,lh
10021,195,demo_parcel_195,6,Cont,lh
10022,195,demo_parcel_195,6,Cont,lh
10023,195,demo_parcel_195,6,Cont,lh
10024,195,demo_parcel_195,6,Cont,lh
10025,195,demo_parcel_195,6,Cont,lh
10026,195,demo_parcel_195,6,Cont,lh
10027,195,demo_parcel_195,6,Cont,lh
10028,195,demo_parcel_195,6,Cont,lh
10029,196,demo_parcel_196,7,Default,lh
10030,196,demo_parcel_196,7,Default,lh
10031,196,demo_parcel_196,7,Default,lh
10032,196,demo_parcel_196,7,Default,lh
10033,196,demo_parcel_196,7,Default,lh
10034,196,demo_parcel_196,7,Default,lh
10035,196,demo_parcel_196,7,Default,lh
10036,196,demo_parcel_196,7,Default,lh
10037,196,demo_parcel_196,7,Default,lh
10038,196,demo_parcel_196,7,Default,lh
10039,196,demo_parcel_196,7,Default,lh
10040,196,demo_parcel_196,7,Default,lh
10041,196,demo_parcel_196,7,Default,lh
10042,196,demo_parcel_196,7,Default,lh
10043,196,demo_parcel_196,7,Default,lh
10044,196,demo_parcel_196,7,Default,lh
10045,196,demo_parcel_196,7,Default,lh
10046,196,demo_parcel_196,7,Default,lh
10047,196,demo_parcel_196,7,Default,lh
10048,196,demo_parcel_196,7,Default,lh
10049,196,demo_parcel_196,7,Default,lh
10050,196,demo_parcel_196,7,Default,lh
10051,196,demo_parcel_196,7,Default,lh
10052,196,demo_parcel_196,7,Default,lh
10053,196,demo_parcel_196,7,Default,lh
10054,196,demo_parcel_196,7,Default,lh
10055,196,demo_parcel_196,7,Default,lh
10056,196,demo_parcel_196,7,Default,lh
10057,196,demo_parcel_196,7,Default,lh
10058,196,demo_parcel_196,7,Default,lh
10059,196,demo_parcel_196,7,Default,lh
10060,196,demo_parcel_196,7,Default,lh
10061,196,demo_parcel_196,7,Default,lh
10062,196,demo_parcel_196,7,Default,lh
10063,196,demo_parcel_196,7,Default,lh
10064,196,demo_parcel_196,7,Default,lh
10065,196,demo_parcel_196,7,Default,lh
10066,196,demo_parcel_196,7,Default,lh
10067,196,demo_parcel_196,7,Default,lh
10068,196,demo_parcel_196,7,Default,lh
10069,196,demo_parcel_196,7,Default,lh
10070,196,demo_parcel_196,7,Default,lh
10071,196,demo_parcel_196,7,Default,lh
10072,196,demo_parcel_196,7,Default,lh
10073,196,demo_parcel_196,7,Default,lh
10074,196,demo_parcel_196,7,Default,lh
10075,196,demo_parcel_196,7,Default,lh
10076,196,demo_parcel_196,7,Default,lh
10077,196,demo_parcel_196,7,Default,lh
10078,196,demo_parcel_196,7,Default,lh
10079,196,demo_parcel_196,7,Default,lh
10080,197,demo_parcel_197,1,Vis,lh
10081,197,demo_parcel_197,1,Vis,lh
10082,197,demo_parcel_197,1,Vis,lh
10083,197,demo_parcel_197,1,Vis,lh
10084,197,demo_parcel_197,1,Vis,lh
10085,197,demo_parcel_197,1,Vis,lh
10086,197,demo_parcel_197,1,Vis,lh
10087,197,demo_parcel_197,1,Vis,lh
10088,197,demo_parcel_197,1,Vis,lh
10089,197,demo_parcel_197,1,Vis,lh
10090,197,demo_parcel_197,1,Vis,lh
10091,197,demo_parcel_197,1,Vis,lh
10092,197,demo_parcel_197,1,Vis,lh
10093,197,demo_parcel_197,1,Vis,lh
10094,197,demo_parcel_197,1,Vis,lh
10095,197,demo_parcel_197,1,Vis,lh
10096,197,demo_parcel_197,1,Vis,lh
10097,197,demo_parcel_197,1,Vis,lh
10098,197,demo_parcel_197,1,Vis,lh
10099,197,demo_parcel_197,1,Vis,lh
10100,197,demo_parcel_197,1,Vis,lh
10101,197,demo_parcel_197,1,Vis,lh
10102,197,demo_parcel_197,1,Vis,lh
10103,197,demo_parcel_197,1,Vis,lh
10104,197,demo_parcel_197,1,Vis,lh
10105,197,demo_parcel_197,1,Vis,lh
10106,197,demo_parcel_197,1,Vis,lh
10107,197,demo_parcel_197,1,Vis,lh
10108,197,demo_parcel_197,1,Vis,lh
10109,197,demo_parcel_197,1,Vis,lh
10110,197,demo_parcel_197,1,Vis,lh
10111,197,demo_parcel_197,1,Vis,lh
10112,197,demo_parcel_197,1,Vis,lh
10113,197,demo_parcel_197,1,Vis,lh
10114,197,demo_parcel_197,1,Vis,lh
10115,197,demo_parcel_197,1,Vis,lh
10116,197,demo_parcel_197,1,Vis,lh
10117,197,demo_parcel_197,1,Vis,lh
10118,197,demo_parcel_197,1,Vis,lh
10119,197,demo_parcel_197,1,Vis,lh
10120,197,demo_parcel_197,1,Vis,lh
10121,197,demo_parcel_197,1,Vis,lh
10122,197,demo_parcel_197,1,Vis,lh
10123,197,demo_parcel_197,1,Vis,lh
10124,197,demo_parcel_197,1,Vis,lh
10125,197,demo_parcel_197,1,Vis,lh
10126,197,demo_parcel_197,1,Vis,lh
10127,197,demo_parcel_197,1,Vis,lh
10128,197,demo_parcel_197,1,Vis,lh
10129,197,demo_parcel_197,1,Vis,lh
10130,197,demo_parcel_197,1,Vis,lh
10131,198,demo_parcel_198,2,SomMot,lh
10132,198,demo_parcel_198,2,SomMot,lh
10133,198,demo_parcel_198,2,SomMot,lh
10134,198,demo_parcel_198,2,SomMot,lh
10135,198,demo_parcel_198,2,SomMot,lh
10136,198,demo_parcel_198,2,SomMot,lh
10137,198,demo_parcel_198,2,SomMot,lh
10138,198,demo_parcel_198,2,SomMot,lh
10139,198,demo_parcel_198,2,SomMot,lh
10140,198,demo_parcel_198,2,SomMot,lh
10141,198,demo_parcel_198,2,SomMot,lh
10142,198,demo_parcel_198,2,SomMot,lh
10143,198,demo_parcel_198,2,SomMot,lh
10144,198,demo_parcel_198,2,SomMot,lh
10145,198,demo_parcel_198,2,SomMot,lh
10146,198,demo_parcel_198,2,SomMot,lh
10147,198,demo_parcel_198,2,SomMot,lh
10148,198,demo_parcel_198,2,SomMot,lh
10149,198,demo_parcel_198,2,SomMot,lh
10150,198,demo_parcel_198,2,SomMot,lh
10151,198,demo_parcel_198,2,SomMot,lh
10152,198,demo_parcel_198,2,SomMot,lh
10153,198,demo_parcel_198,2,SomMot,lh
10154,198,demo_parcel_198,2,SomMot,lh
10155,198,demo_parcel_198,2,SomMot,lh
10156,198,demo_parcel_198,2,SomMot,lh
10157,198,demo_parcel_198,2,SomMot,lh
10158,198,demo_parcel_198,2,SomMot,lh
10159,198,demo_parcel_198,2,SomMot,lh
10160,198,demo_parcel_198,2,SomMot,lh
10161,198,demo_parcel_198,2,SomMot,lh
10162,198,demo_parcel_198,2,SomMot,lh
10163,198,demo_parcel_198,2,SomMot,lh
10164,198,demo_parcel_198,2,SomMot,lh
10165,198,demo_parcel_198,2,SomMot,lh
10166,198,demo_parcel_198,2,SomMot,lh
10167,198,demo_parcel_198,2,SomMot,lh
10168,198,demo_parcel_198,2,SomMot,lh
10169,198,demo_parcel_198,2,SomMot,lh
10170,198,demo_parcel_198,2,SomMot,lh
10171,198,demo_parcel_198,2,SomMot,lh
10172,198,demo_parcel_198,2,SomMot,lh
10173,198,demo_parcel_198,2,SomMot,lh
10174,198,demo_parcel_198,2,SomMot,lh
10175,198,demo_parcel_198,2,SomMot,lh
10176,198,demo_parcel_198,2,SomMot,lh
10177,198,demo_parcel_198,2,SomMot,lh
10178,198,demo_parcel_198,2,SomMot,lh
10179,198,demo_parcel_198,2,SomMot,lh
10180,198,demo_parcel_198,2,SomMot,lh
10181,198,demo_parcel_198,2,SomMot,lh
10182,199,demo_parcel_199,3,DorsAttn,lh
10183,199,demo_parcel_199,3,DorsAttn,lh
10184,199,demo_parcel_199,3,DorsAttn,lh
10185,199,demo_parcel_199,3,DorsAttn,lh
10186,199,demo_parcel_199,3,DorsAttn,lh
10187,199,demo_parcel_199,3,DorsAttn,lh
10188,199,demo_parcel_199,3,DorsAttn,lh
10189,199,demo_parcel_199,3,DorsAttn,lh
10190,199,demo_parcel_199,3,DorsAttn,lh
10191,199,demo_parcel_199,3,DorsAttn,lh
10192,199,demo_parcel_199,3,DorsAttn,lh
10193,199,demo_parcel_199,3,DorsAttn,lh
10194,199,demo_parcel_199,3,DorsAttn,lh
10195,199,demo_parcel_199,3,DorsAttn,lh
10196,199,demo_parcel_199,3,DorsAttn,lh
10197,199,demo_parcel_199,3,DorsAttn,lh
10198,199,demo_parcel_199,3,DorsAttn,lh
10199,199,demo_parcel_199,3,DorsAttn,lh
10200,199,demo_parcel_199,3,DorsAttn,lh
10201,199,demo_parcel_199,3,DorsAttn,lh
10202,199,demo_parcel_199,3,DorsAttn,lh
10203,199,demo_parcel_199,3,DorsAttn,lh
10204,199,demo_parcel_199,3,DorsAttn,lh
10205,199,demo_parcel_199,3,DorsAttn,lh
10206,199,demo_parcel_199,3,DorsAttn,lh
10207,199,demo_parcel_199,3,DorsAttn,lh
10208,199,demo_parcel_199,3,DorsAttn,lh
10209,199,demo_parcel_199,3,DorsAttn,lh
10210,199,demo_parcel_199,3,DorsAttn,lh
10211,199,demo_parcel_199,3,DorsAttn,lh
10212,199,demo_parcel_199,3,DorsAttn,lh
10213,199,demo_parcel_199,3,DorsAttn,lh
10214,199,demo_parcel_199,3,DorsAttn,lh
10215,199,demo_parcel_199,3,DorsAttn,lh
10216,199,demo_parcel_199,3,DorsAttn,lh
10217,199,demo_parcel_199,3,DorsAttn,lh
10218,199,demo_parcel_199,3,DorsAttn,lh
10219,199,demo_parcel_199,3,DorsAttn,lh
10220,199,demo_parcel_199,3,DorsAttn,lh
10221,199,demo_parcel_199,3,DorsAttn,lh
10222,199,demo_parcel_199,3,DorsAttn,lh
10223,199,demo_parcel_199,3,DorsAttn,lh
10224,199,demo_parcel_199,3,DorsAttn,lh
10225,199,demo_parcel_199,3,DorsAttn,lh
10226,199,demo_parcel_199,3,DorsAttn,lh
10227,199,demo_parcel_199,3,DorsAttn,lh
10228,199,demo_parcel_199,3,DorsAttn,lh
10229,199,demo_parcel_199,3,DorsAttn,lh
10230,199,demo_parcel_199,3,DorsAttn,lh
10231,199,demo_parcel_199,3,DorsAttn,lh
10232,199,demo_parcel_199,3,DorsAttn,lh
10233,200,demo_parcel_200,4,SalVentAttn,lh
10234,200,demo_parcel_200,4,SalVentAttn,lh
10235,200,demo_parcel_200,4,SalVentAttn,lh
10236,200,demo_parcel_200,4,SalVentAttn,lh
10237,200,demo_parcel_200,4,SalVentAttn,lh
10238,200,demo_parcel_200,4,SalVentAttn,lh
10239,200,demo_parcel_200,4,SalVentAttn,lh
10240,200,demo_parcel_200,4,SalVentAttn,lh
10241,200,demo_parcel_200,4,SalVentAttn,lh
10242,200,demo_parcel_200,4,SalVentAttn,rh
10243,200,demo_parcel_200,4,SalVentAttn,rh
10244,200,demo_parcel_200,4,SalVentAttn,rh
10245,200,demo_parcel_200,4,SalVentAttn,rh
10246,200,demo_parcel_200,4,SalVentAttn,rh
10247,200,demo_parcel_200,4,SalVentAttn,rh
10248,200,demo_parcel_200,4,SalVentAttn,rh
10249,200,demo_parcel_200,4,SalVentAttn,rh
10250,200,demo_parcel_200,4,SalVentAttn,rh
10251,200,demo_parcel_200,4,SalVentAttn,rh
10252,200,demo_parcel_200,4,SalVentAttn,rh
10253,200,demo_parcel_200,4,SalVentAttn,rh
10254,200,demo_parcel_200,4,SalVentAttn,rh
10255,200,demo_parcel_200,4,SalVentAttn,rh
10256,200,demo_parcel_200,4,SalVentAttn,rh
10257,200,demo_parcel_200,4,SalVentAttn,rh
10258,200,demo_parcel_200,4,SalVentAttn,rh
10259,200,demo_parcel_200,4,SalVentAttn,rh
10260,200,demo_parcel_200,4,SalVentAttn,rh
10261,200,demo_parcel_200,4,SalVentAttn,rh
10262,200,demo_parcel_200,4,SalVentAttn,rh
10263,200,demo_parcel_200,4,SalVentAttn,rh
10264,200,demo_parcel_200,4,SalVentAttn,rh
10265,200,demo_parcel_200,4,SalVentAttn,rh
10266,200,demo_parcel_200,4,SalVentAttn,rh
10267,200,demo_parcel_200,4,SalVentAttn,rh
10268,200,demo_parcel_200,4,SalVentAttn,rh
10269,200,demo_parcel_200,4,SalVentAttn,rh
10270,200,demo_parcel_200,4,SalVentAttn,rh
10271,200,demo_parcel_200,4,SalVentAttn,rh
10272,200,demo_parcel_200,4,SalVentAttn,rh
10273,200,demo_parcel_200,4,SalVentAttn,rh
10274,200,demo_parcel_200,4,SalVentAttn,rh
10275,200,demo_parcel_200,4,SalVentAttn,rh
10276,200,demo_parcel_200,4,SalVentAttn,rh
10277,200,demo_parcel_200,4,SalVentAttn,rh
10278,200,demo_parcel_200,4,SalVentAttn,rh
10279,200,demo_parcel_200,4,SalVentAttn,rh
10280,200,demo_parcel_200,4,SalVentAttn,rh
10281,200,demo_parcel_200,4,SalVentAttn,rh
10282,200,demo_parcel_200,4,SalVentAttn,rh
10283,200,demo_parcel_200,4,SalVentAttn,rh
10284,201,demo_parcel_201,5,Limbic,rh
10285,201,demo_parcel_201,5,Limbic,rh
10286,201,demo_parcel_201,5,Limbic,rh
10287,201,demo_parcel_201,5,Limbic,rh
10288,201,demo_parcel_201,5,Limbic,rh
10289,201,demo_parcel_201,5,Limbic,rh
10290,201,demo_parcel_201,5,Limbic,rh
10291,201,demo_parcel_201,5,Limbic,rh
10292,201,demo_parcel_201,5,Limbic,rh
10293,201,demo_parcel_201,5,Limbic,rh
10294,201,demo_parcel_201,5,Limbic,rh
10295,201,demo_parcel_201,5,Limbic,rh
10296,201,demo_parcel_201,5,Limbic,rh
10297,201,demo_parcel_201,5,Limbic,rh
10298,201,demo_parcel_201,5,Limbic,rh
10299,201,demo_parcel_201,5,Limbic,rh
10300,201,demo_parcel_201,5,Limbic,rh
10301,201,demo_parcel_201,5,Limbic,rh
10302,201,demo_parcel_201,5,Limbic,rh
10303,201,demo_parcel_201,5,Limbic,rh
10304,201,demo_parcel_201,5,Limbic,rh
10305,201,demo_parcel_201,5,Limbic,rh
10306,201,demo_parcel_201,5,Limbic,rh
10307,201,demo_parcel_201,5,Limbic,rh
10308,201,demo_parcel_201,5,Limbic,rh
10309,201,demo_parcel_201,5,Limbic,rh
10310,201,demo_parcel_201,5,Limbic,rh
10311,201,demo_parcel_201,5,Limbic,rh
10312,201,demo_parcel_201,5,Limbic,rh
10313,201,demo_parcel_201,5,Limbic,rh
10314,201,demo_parcel_201,5,Limbic,rh
10315,201,demo_parcel_201,5,Limbic,rh
10316,201,demo_parcel_201,5,Limbic,rh
10317,201,demo_parcel_201,5,Limbic,rh
10318,201,demo_parcel_201,5,Limbic,rh
10319,201,demo_parcel_201,5,Limbic,rh
10320,201,demo_parcel_201,5,Limbic,rh
10321,201,demo_parcel_201,5,Limbic,rh
10322,201,demo_parcel_201,5,Limbic,rh
10323,201,demo_parcel_201,5,Limbic,rh
10324,201,demo_parcel_201,5,Limbic,rh
10325,201,demo_parcel_201,5,Limbic,rh
10326,201,demo_parcel_201,5,Limbic,rh
10327,201,demo_parcel_201,5,Limbic,rh
10328,201,demo_parcel_201,5,Limbic,rh
10329,201,demo_parcel_201,5,Limbic,rh
10330,201,demo_parcel_201,5,Limbic,rh
10331,201,demo_parcel_201,5,Limbic,rh
10332,201,demo_parcel_201,5,Limbic,rh
10333,201,demo_parcel_201,5,Limbic,rh
10334,201,demo_parcel_201,5,Limbic,rh
10335,202,demo_parcel_202,6,Cont,rh
10336,202,demo_parcel_202,6,Cont,rh
10337,202,demo_parcel_202,6,Cont,rh
10338,202,demo_parcel_202,6,Cont,rh
10339,202,demo_parcel_202,6,Cont,rh
10340,202,demo_parcel_202,6,Cont,rh
10341,202,demo_parcel_202,6,Cont,rh
10342,202,demo_parcel_202,6,Cont,rh
10343,202,demo_parcel_202,6,Cont,rh
10344,202,demo_parcel_202,6,Cont,rh
10345,202,demo_parcel_202,6,Cont,rh
10346,202,demo_parcel_202,6,Cont,rh
10347,202,demo_parcel_202,6,Cont,rh
10348,202,demo_parcel_202,6,Cont,rh
10349,202,demo_parcel_202,6,Cont,rh
10350,202,demo_parcel_202,6,Cont,rh
10351,202,demo_parcel_202,6,Cont,rh
10352,202,demo_parcel_202,6,Cont,rh
10353,202,demo_parcel_202,6,Cont,rh
10354,202,demo_parcel_202,6,Cont,rh
10355,202,demo_parcel_202,6,Cont,rh
10356,202,demo_parcel_202,6,Cont,rh
10357,202,demo_parcel_202,6,Cont,rh
10358,202,demo_parcel_202,6,Cont,rh
10359,202,demo_parcel_202,6,Cont,rh
10360,202,demo_parcel_202,6,Cont,rh
10361,202,demo_parcel_202,6,Cont,rh
10362,202,demo_parcel_202,6,Cont,rh
10363,202,demo_parcel_202,6,Cont,rh
10364,202,demo_parcel_202,6,Cont,rh
10365,202,demo_parcel_202,6,Cont,rh
10366,202,demo_parcel_202,6,Cont,rh
10367,202,demo_parcel_202,6,Cont,rh
10368,202,demo_parcel_202,6,Cont,rh
10369,202,demo_parcel_202,6,Cont,rh
10370,202,demo_parcel_202,6,Cont,rh
10371,202,demo_parcel_202,6,Cont,rh
10372,202,demo_parcel_202,6,Cont,rh
10373,202,demo_parcel_202,6,Cont,rh
10374,202,demo_parcel_202,6,Cont,rh
10375,202,demo_parcel_202,6,Cont,rh
10376,202,demo_parcel_202,6,Cont,rh
10377,202,demo_parcel_202,6,Cont,rh
10378,202,demo_parcel_202,6,Cont,rh
10379,202,demo_parcel_202,6,Cont,rh
10380,202,demo_parcel_202,6,Cont,rh
10381,202,demo_parcel_202,6,Cont,rh
10382,202,demo_parcel_202,6,Cont,rh
10383,202,demo_parcel_202,6,Cont,rh
10384,202,demo_parcel_202,6,Cont,rh
10385,202,demo_parcel_202,6,Cont,rh
10386,203,demo_parcel_203,7,Default,rh
10387,203,demo_parcel_203,7,Default,rh
10388,203,demo_parcel_203,7,Default,rh
10389,203,demo_parcel_203,7,Default,rh
10390,203,demo_parcel_203,7,Default,rh
10391,203,demo_parcel_203,7,Default,rh
10392,203,demo_parcel_203,7,Default,rh
10393,203,demo_parcel_203,7,Default,rh
10394,203,demo_parcel_203,7,Default,rh
10395,203,demo_parcel_203,7,Default,rh
10396,203,demo_parcel_203,7,Default,rh
10397,203,demo_parcel_203,7,Default,rh
10398,203,demo_parcel_203,7,Default,rh
10399,203,demo_parcel_203,7,Default,rh
10400,203,demo_parcel_203,7,Default,rh
10401,203,demo_parcel_203,7,Default,rh
10402,203,demo_parcel_203,7,Default,rh
10403,203,demo_parcel_203,7,Default,rh
10404,203,demo_parcel_203,7,Default,rh
10405,203,demo_parcel_203,7,Default,rh
10406,203,demo_parcel_203,7,Default,rh
10407,203,demo_parcel_203,7,Default,rh
10408,203,demo_parcel_203,7,Default,rh
10409,203,demo_parcel_203,7,Default,rh
10410,203,demo_parcel_203,7,Default,rh
10411,203,demo_parcel_203,7,Default,rh
10412,203,demo_parcel_203,7,Default,rh
10413,203,demo_parcel_203,7,Default,rh
10414,203,demo_parcel_203,7,Default,rh
10415,203,demo_parcel_203,7,Default,rh
10416,203,demo_parcel_203,7,Default,rh
10417,203,demo_parcel_203,7,Default,rh
10418,203,demo_parcel_203,7,Default,rh
10419,203,demo_parcel_203,7,Default,rh
10420,203,demo_parcel_203,7,Default,rh
10421,203,demo_parcel_203,7,Default,rh
10422,203,demo_parcel_203,7,Default,rh
10423,203,demo_parcel_203,7,Default,rh
10424,203,demo_parcel_203,7,Default,rh
10425,203,demo_parcel_203,7,Default,rh
10426,203,demo_parcel_203,7,Default,rh
10427,203,demo_parcel_203,7,Default,rh
10428,203,demo_parcel_203,7,Default,rh
10429,203,demo_parcel_203,7,Default,rh
10430,203,demo_parcel_203,7,Default,rh
10431,203,demo_parcel_203,7,Default,rh
10432,203,demo_parcel_203,7,Default,rh
10433,203,demo_parcel_203,7,Default,rh
10434,203,demo_parcel_203,7,Default,rh
10435,203,demo_parcel_203,7,Default,rh
10436,203,demo_parcel_203,7,Default,rh
10437,204,demo_parcel_204,1,Vis,rh
10438,204,demo_parcel_204,1,Vis,rh
10439,204,demo_parcel_204,1,Vis,rh
10440,204,demo_parcel_204,1,Vis,rh
10441,204,demo_parcel_204,1,Vis,rh
10442,204,demo_parcel_204,1,Vis,rh
10443,204,demo_parcel_204,1,Vis,rh
10444,204,demo_parcel_204,1,Vis,rh
10445,204,demo_parcel_204,1,Vis,rh
10446,204,demo_parcel_204,1,Vis,rh
10447,204,demo_parcel_204,1,Vis,rh
10448,204,demo_parcel_204,1,Vis,rh
10449,204,demo_parcel_204,1,Vis,rh
10450,204,demo_parcel_204,1,Vis,rh
10451,204,demo_parcel_204,1,Vis,rh
10452,204,demo_parcel_204,1,Vis,rh
10453,204,demo_parcel_204,1,Vis,rh
10454,204,demo_parcel_204,1,Vis,rh
10455,204,demo_parcel_204,1,Vis,rh
10456,204,demo_parcel_204,1,Vis,rh
10457,204,demo_parcel_204,1,Vis,rh
10458,204,demo_parcel_204,1,Vis,rh
10459,204,demo_parcel_204,1,Vis,rh
10460,204,demo_parcel_204,1,Vis,rh
10461,204,demo_parcel_204,1,Vis,rh
10462,204,demo_parcel_204,1,Vis,rh
10463,204,demo_parcel_204,1,Vis,rh
10464,204,demo_parcel_204,1,Vis,rh
10465,204,demo_parcel_204,1,Vis,rh
10466,204,demo_parcel_204,1,Vis,rh
10467,204,demo_parcel_204,1,Vis,rh
10468,204,demo_parcel_204,1,Vis,rh
10469,204,demo_parcel_204,1,Vis,rh
10470,204,demo_parcel_204,1,Vis,rh
10471,204,demo_parcel_204,1,Vis,rh
10472,204,demo_parcel_204,1,Vis,rh
10473,204,demo_parcel_204,1,Vis,rh
10474,204,demo_parcel_204,1,Vis,rh
10475,204,demo_parcel_204,1,Vis,rh
10476,204,demo_parcel_204,1,Vis,rh
10477,204,demo_parcel_204,1,Vis,rh
10478,204,demo_parcel_204,1,Vis,rh
10479,204,demo_parcel_204,1,Vis,rh
10480,204,demo_parcel_204,1,Vis,rh
10481,204,demo_parcel_204,1,Vis,rh
10482,204,demo_parcel_204,1,Vis,rh
10483,204,demo_parcel_204,1,Vis,rh
10484,204,demo_parcel_204,1,Vis,rh
10485,204,demo_parcel_204,1,Vis,rh
10486,204,demo_parcel_204,1,Vis,rh
10487,204,demo_parcel_204,1,Vis,rh
10488,205,demo_parcel_205,2,SomMot,rh
10489,205,demo_parcel_205,2,SomMot,rh
10490,205,demo_parcel_205,2,SomMot,rh
10491,205,demo_parcel_205,2,SomMot,rh
10492,205,demo_parcel_205,2,SomMot,rh
10493,205,demo_parcel_205,2,SomMot,rh
10494,205,demo_parcel_205,2,SomMot,rh
10495,205,demo_parcel_205,2,SomMot,rh
10496,205,demo_parcel_205,2,SomMot,rh
10497,205,demo_parcel_205,2,SomMot,rh
10498,205,demo_parcel_205,2,SomMot,rh
10499,205,demo_parcel_205,2,SomMot,rh
10500,205,demo_parcel_205,2,SomMot,rh
10501,205,demo_parcel_205,2,SomMot,rh
10502,205,demo_parcel_205,2,SomMot,rh
10503,205,demo_parcel_205,2,SomMot,rh
10504,205,demo_parcel_205,2,SomMot,rh
10505,205,demo_parcel_205,2,SomMot,rh
10506,205,demo_parcel_205,2,SomMot,rh
10507,205,demo_parcel_205,2,SomMot,rh
10508,205,demo_parcel_205,2,SomMot,rh
10509,205,demo_parcel_205,2,SomMot,rh
10510,205,demo_parcel_205,2,SomMot,rh
10511,205,demo_parcel_205,2,SomMot,rh
10512,205,demo_parcel_205,2,SomMot,rh
10513,205,demo_parcel_205,2,SomMot,rh
10514,205,demo_parcel_205,2,SomMot,rh
10515,205,demo_parcel_205,2,SomMot,rh
10516,205,demo_parcel_205,2,SomMot,rh
10517,205,demo_parcel_205,2,SomMot,rh
10518,205,demo_parcel_205,2,SomMot,rh
10519,205,demo_parcel_205,2,SomMot,rh
10520,205,demo_parcel_205,2,SomMot,rh
10521,205,demo_parcel_205,2,SomMot,rh
10522,205,demo_parcel_205,2,SomMot,rh
10523,205,demo_parcel_205,2,SomMot,rh
10524,205,demo_parcel_205,2,SomMot,rh
10525,205,demo_parcel_205,2,SomMot,rh
10526,205,demo_parcel_205,2,SomMot,rh
10527,205,demo_parcel_205,2,SomMot,rh
10528,205,demo_parcel_205,2,SomMot,rh
10529,205,demo_parcel_205,2,SomMot,rh
10530,205,demo_parcel_205,2,SomMot,rh
10531,205,demo_parcel_205,2,SomMot,rh
10532,205,demo_parcel_205,2,SomMot,rh
10533,205,demo_parcel_205,2,SomMot,rh
10534,205,demo_parcel_205,2,SomMot,rh
10535,205,demo_parcel_205,2,SomMot,rh
10536,205,demo_parcel_205,2,SomMot,rh
10537,205,demo_parcel_205,2,SomMot,rh
10538,205,demo_parcel_205,2,SomMot,rh
10539,206,demo_parcel_206,3,DorsAttn,rh
10540,206,demo_parcel_206,3,DorsAttn,rh
10541,206,demo_parcel_206,3,DorsAttn,rh
10542,206,demo_parcel_206,3,DorsAttn,rh
10543,206,demo_parcel_206,3,DorsAttn,rh
10544,206,demo_parcel_206,3,DorsAttn,rh
10545,206,demo_parcel_206,3,DorsAttn,rh
10546,206,demo_parcel_206,3,DorsAttn,rh
10547,206,demo_parcel_206,3,DorsAttn,rh
10548,206,demo_parcel_206,3,DorsAttn,rh
10549,206,demo_parcel_206,3,DorsAttn,rh
10550,206,demo_parcel_206,3,DorsAttn,rh
10551,206,demo_parcel_206,3,DorsAttn,rh
10552,206,demo_parcel_206,3,DorsAttn,rh
10553,206,demo_parcel_206,3,DorsAttn,rh
10554,206,demo_parcel_206,3,DorsAttn,rh
10555,206,demo_parcel_206,3,DorsAttn,rh
10556,206,demo_parcel_206,3,DorsAttn,rh
10557,206,demo_parcel_206,3,DorsAttn,rh
10558,206,demo_parcel_206,3,DorsAttn,rh
10559,206,demo_parcel_206,3,DorsAttn,rh
10560,206,demo_parcel_206,3,DorsAttn,rh
10561,206,demo_parcel_206,3,DorsAttn,rh
10562,206,demo_parcel_206,3,DorsAttn,rh
10563,206,demo_parcel_206,3,DorsAttn,rh
10564,206,demo_parcel_206,3,DorsAttn,rh
10565,206,demo_parcel_206,3,DorsAttn,rh
10566,206,demo_parcel_206,3,DorsAttn,rh
10567,206,demo_parcel_206,3,DorsAttn,rh
10568,206,demo_parcel_206,3,DorsAttn,rh
10569,206,demo_parcel_206,3,DorsAttn,rh
10570,206,demo_parcel_206,3,DorsAttn,rh
10571,206,demo_parcel_206,3,DorsAttn,rh
10572,206,demo_parcel_206,3,DorsAttn,rh
10573,206,demo_parcel_206,3,DorsAttn,rh
10574,206,demo_parcel_206,3,DorsAttn,rh
10575,206,demo_parcel_206,3,DorsAttn,rh
10576,206,demo_parcel_206,3,DorsAttn,rh
10577,206,demo_parcel_206,3,DorsAttn,rh
10578,206,demo_parcel_206,3,DorsAttn,rh
10579,206,demo_parcel_206,3,DorsAttn,rh
10580,206,demo_parcel_206,3,DorsAttn,rh
10581,206,demo_parcel_206,3,DorsAttn,rh
10582,206,demo_parcel_206,3,DorsAttn,rh
10583,206,demo_parcel_206,3,DorsAttn,rh
10584,206,demo_parcel_206,3,DorsAttn,rh
10585,206,demo_parcel_206,3,DorsAttn,rh
10586,206,demo_parcel_206,3,DorsAttn,rh
10587,206,demo_parcel_206,3,DorsAttn,rh
10588,206,demo_parcel_206,3,DorsAttn,rh
10589,206,demo_parcel_206,3,DorsAttn,rh
10590,207,demo_parcel_207,4,SalVentAttn,rh
10591,207,demo_parcel_207,4,SalVentAttn,rh
10592,207,demo_parcel_207,4,SalVentAttn,rh
10593,207,demo_parcel_207,4,SalVentAttn,rh
10594,207,demo_parcel_207,4,SalVentAttn,rh
10595,207,demo_parcel_207,4,SalVentAttn,rh
10596,207,demo_parcel_207,4,SalVentAttn,rh
10597,207,demo_parcel_207,4,SalVentAttn,rh
10598,207,demo_parcel_207,4,SalVentAttn,rh
10599,207,demo_parcel_207,4,SalVentAttn,rh
10600,207,demo_parcel_207,4,SalVentAttn,rh
10601,207,demo_parcel_207,4,SalVentAttn,rh
10602,207,demo_parcel_207,4,SalVentAttn,rh
10603,207,demo_parcel_207,4,SalVentAttn,rh
10604,207,demo_parcel_207,4,SalVentAttn,rh
10605,207,demo_parcel_207,4,SalVentAttn,rh
10606,207,demo_parcel_207,4,SalVentAttn,rh
10607,207,demo_parcel_207,4,SalVentAttn,rh
10608,207,demo_parcel_207,4,SalVentAttn,rh
10609,207,demo_parcel_207,4,SalVentAttn,rh
10610,207,demo_parcel_207,4,SalVentAttn,rh
10611,207,demo_parcel_207,4,SalVentAttn,rh
10612,207,demo_parcel_207,4,SalVentAttn,rh
10613,207,demo_parcel_207,4,SalVentAttn,rh
10614,207,demo_parcel_207,4,SalVentAttn,rh
10615,207,demo_parcel_207,4,SalVentAttn,rh
10616,207,demo_parcel_207,4,SalVentAttn,rh
10617,207,demo_parcel_207,4,SalVentAttn,rh
10618,207,demo_parcel_207,4,SalVentAttn,rh
10619,207,demo_parcel_207,4,SalVentAttn,rh
10620,207,demo_parcel_207,4,SalVentAttn,rh
10621,207,demo_parcel_207,4,SalVentAttn,rh
10622,207,demo_parcel_207,4,SalVentAttn,rh
10623,207,demo_parcel_207,4,SalVentAttn,rh
10624,207,demo_parcel_207,4,SalVentAttn,rh
10625,207,demo_parcel_207,4,SalVentAttn,rh
10626,207,demo_parcel_207,4,SalVentAttn,rh
10627,207,demo_parcel_207,4,SalVentAttn,rh
10628,207,demo_parcel_207,4,SalVentAttn,rh
10629,207,demo_parcel_207,4,SalVentAttn,rh
10630,207,demo_parcel_207,4,SalVentAttn,rh
10631,207,demo_parcel_207,4,SalVentAttn,rh
10632,207,demo_parcel_207,4,SalVentAttn,rh
10633,207,demo_parcel_207,4,SalVentAttn,rh
10634,207,demo_parcel_207,4,SalVentAttn,rh
10635,207,demo_parcel_207,4,SalVentAttn,rh
10636,207,demo_parcel_207,4,SalVentAttn,rh
10637,207,demo_parcel_207,4,SalVentAttn,rh
10638,207,demo_parcel_207,4,SalVentAttn,rh
10639,207,demo_parcel_207,4,SalVentAttn,rh
10640,207,demo_parcel_207,4,SalVentAttn,rh
10641,208,demo_parcel_208,5,Limbic,rh
10642,208,demo_parcel_208,5,Limbic,rh
10643,208,demo_parcel_208,5,Limbic,rh
10644,208,demo_parcel_208,5,Limbic,rh
10645,208,demo_parcel_208,5,Limbic,rh
10646,208,demo_parcel_208,5,Limbic,rh
10647,208,demo_parcel_208,5,Limbic,rh
10648,208,demo_parcel_208,5,Limbic,rh
10649,208,demo_parcel_208,5,Limbic,rh
10650,208,demo_parcel_208,5,Limbic,rh
10651,208,demo_parcel_208,5,Limbic,rh
10652,208,demo_parcel_208,5,Limbic,rh
10653,208,demo_parcel_208,5,Limbic,rh
10654,208,demo_parcel_208,5,Limbic,rh
10655,208,demo_parcel_208,5,Limbic,rh
10656,208,demo_parcel_208,5,Limbic,rh
10657,208,demo_parcel_208,5,Limbic,rh
10658,208,demo_parcel_208,5,Limbic,rh
10659,208,demo_parcel_208,5,Limbic,rh
10660,208,demo_parcel_208,5,Limbic,rh
10661,208,demo_parcel_208,5,Limbic,rh
10662,208,demo_parcel_208,5,Limbic,rh
10663,208,demo_parcel_208,5,Limbic,rh
10664,208,demo_parcel_208,5,Limbic,rh
10665,208,demo_parcel_208,5,Limbic,rh
10666,208,demo_parcel_208,5,Limbic,rh
10667,208,demo_parcel_208,5,Limbic,rh
10668,208,demo_parcel_208,5,Limbic,rh
10669,208,demo_parcel_208,5,Limbic,rh
10670,208,demo_parcel_208,5,Limbic,rh
10671,208,demo_parcel_208,5,Limbic,rh
10672,208,demo_parcel_208,5,Limbic,rh
10673,208,demo_parcel_208,5,Limbic,rh
10674,208,demo_parcel_208,5,Limbic,rh
10675,208,demo_parcel_208,5,Limbic,rh
10676,208,demo_parcel_208,5,Limbic,rh
10677,208,demo_parcel_208,5,Limbic,rh
10678,208,demo_parcel_208,5,Limbic,rh
10679,208,demo_parcel_208,5,Limbic,rh
10680,208,demo_parcel_208,5,Limbic,rh
10681,208,demo_parcel_208,5,Limbic,rh
10682,208,demo_parcel_208,5,Limbic,rh
10683,208,demo_parcel_208,5,Limbic,rh
10684,208,demo_parcel_208,5,Limbic,rh
10685,208,demo_parcel_208,5,Limbic,rh
10686,208,demo_parcel_208,5,Limbic,rh
10687,208,demo_parcel_208,5,Limbic,rh
10688,208,demo_parcel_208,5,Limbic,rh
10689,208,demo_parcel_208,5,Limbic,rh
10690,208,demo_parcel_208,5,Limbic,rh
10691,208,demo_parcel_208,5,Limbic,rh
10692,209,demo_parcel_209,6,Cont,rh
10693,209,demo_parcel_209,6,Cont,rh
10694,209,demo_parcel_209,6,Cont,rh
10695,209,demo_parcel_209,6,Cont,rh
10696,209,demo_parcel_209,6,Cont,rh
10697,209,demo_parcel_209,6,Cont,rh
10698,209,demo_parcel_209,6,Cont,rh
10699,209,demo_parcel_209,6,Cont,rh
10700,209,demo_parcel_209,6,Cont,rh
10701,209,demo_parcel_209,6,Cont,rh
10702,209,demo_parcel_209,6,Cont,rh
10703,209,demo_parcel_209,6,Cont,rh
10704,209,demo_parcel_209,6,Cont,rh
10705,209,demo_parcel_209,6,Cont,rh
10706,209,demo_parcel_209,6,Cont,rh
10707,209,demo_parcel_209,6,Cont,rh
10708,209,demo_parcel_209,6,Cont,rh
10709,209,demo_parcel_209,6,Cont,rh
10710,209,demo_parcel_209,6,Cont,rh
10711,209,demo_parcel_209,6,Cont,rh
10712,209,demo_parcel_209,6,Cont,rh
10713,209,demo_parcel_209,6,Cont,rh
10714,209,demo_parcel_209,6,Cont,rh
10715,209,demo_parcel_209,6,Cont,rh
10716,209,demo_parcel_209,6,Cont,rh
10717,209,demo_parcel_209,6,Cont,rh
10718,209,demo_parcel_209,6,Cont,rh
10719,209,demo_parcel_209,6,Cont,rh
10720,209,demo_parcel_209,6,Cont,rh
10721,209,demo_parcel_209,6,Cont,rh
10722,209,demo_parcel_209,6,Cont,rh
10723,209,demo_parcel_209,6,Cont,rh
10724,209,demo_parcel_209,6,Cont,rh
10725,209,demo_parcel_209,6,Cont,rh
10726,209,demo_parcel_209,6,Cont,rh
10727,209,demo_parcel_209,6,Cont,rh
10728,209,demo_parcel_209,6,Cont,rh
10729,209,demo_parcel_209,6,Cont,rh
10730,209,demo_parcel_209,6,Cont,rh
10731,209,demo_parcel_209,6,Cont,rh
10732,209,demo_parcel_209,6,Cont,rh
10733,209,demo_parcel_209,6,Cont,rh
10734,209,demo_parcel_209,6,Cont,rh
10735,209,demo_parcel_209,6,Cont,rh
10736,209,demo_parcel_209,6,Cont,rh
10737,209,demo_parcel_209,6,Cont,rh
10738,209,demo_parcel_209,6,Cont,rh
10739,209,demo_parcel_209,6,Cont,rh
10740,209,demo_parcel_209,6,Cont,rh
10741,209,demo_parcel_209,6,Cont,rh
10742,209,demo_parcel_209,6,Cont,rh
10743,210,demo_parcel_210,7,Default,rh
10744,210,demo_parcel_210,7,Default,rh
10745,210,demo_parcel_210,7,Default,rh
10746,210,demo_parcel_210,7,Default,rh
10747,210,demo_parcel_210,7,Default,rh
10748,210,demo_parcel_210,7,Default,rh
10749,210,demo_parcel_210,7,Default,rh
10750,210,demo_parcel_210,7,Default,rh
10751,210,demo_parcel_210,7,Default,rh
10752,210,demo_parcel_210,7,Default,rh
10753,210,demo_parcel_210,7,Default,rh
10754,210,demo_parcel_210,7,Default,rh
10755,210,demo_parcel_210,7,Default,rh
10756,210,demo_parcel_210,7,Default,rh
10757,210,demo_parcel_210,7,Default,rh
10758,210,demo_parcel_210,7,Default,rh
10759,210,demo_parcel_210,7,Default,rh
10760,210,demo_parcel_210,7,Default,rh
10761,210,demo_parcel_210,7,Default,rh
10762,210,demo_parcel_210,7,Default,rh
10763,210,demo_parcel_210,7,Default,rh
10764,210,demo_parcel_210,7,Default,rh
10765,210,demo_parcel_210,7,Default,rh
10766,210,demo_parcel_210,7,Default,rh
10767,210,demo_parcel_210,7,Default,rh
10768,210,demo_parcel_210,7,Default,rh
10769,210,demo_parcel_210,7,Default,rh
10770,210,demo_parcel_210,7,Default,rh
10771,210,demo_parcel_210,7,Default,rh
10772,210,demo_parcel_210,7,Default,rh
10773,210,demo_parcel_210,7,Default,rh
10774,210,demo_parcel_210,7,Default,rh
10775,210,demo_parcel_210,7,Default,rh
10776,210,demo_parcel_210,7,Default,rh
10777,210,demo_parcel_210,7,Default,rh
10778,210,demo_parcel_210,7,Default,rh
10779,210,demo_parcel_210,7,Default,rh
10780,210,demo_parcel_210,7,Default,rh
10781,210,demo_parcel_210,7,Default,rh
10782,210,demo_parcel_210,7,Default,rh
10783,210,demo_parcel_210,7,Default,rh
10784,210,demo_parcel_210,7,Default,rh
10785,210,demo_parcel_210,7,Default,rh
10786,210,demo_parcel_210,7,Default,rh
10787,210,demo_parcel_210,7,Default,rh
10788,210,demo_parcel_210,7,Default,rh
10789,210,demo_parcel_210,7,Default,rh
10790,210,demo_parcel_210,7,Default,rh
10791,210,demo_parcel_210,7,Default,rh
10792,210,demo_parcel_210,7,Default,rh
10793,210,demo_parcel_210,7,Default,rh
10794,211,demo_parcel_211,1,Vis,rh
10795,211,demo_parcel_211,1,Vis,rh
10796,211,demo_parcel_211,1,Vis,rh
10797,211,demo_parcel_211,1,Vis,rh
10798,211,demo_parcel_211,1,Vis,rh
10799,211,demo_parcel_211,1,Vis,rh
10800,211,demo_parcel_211,1,Vis,rh
10801,211,demo_parcel_211,1,Vis,rh
10802,211,demo_parcel_211,1,Vis,rh
10803,211,demo_parcel_211,1,Vis,rh
10804,211,demo_parcel_211,1,Vis,rh
10805,211,demo_parcel_211,1,Vis,rh
10806,211,demo_parcel_211,1,Vis,rh
10807,211,demo_parcel_211,1,Vis,rh
10808,211,demo_parcel_211,1,Vis,rh
10809,211,demo_parcel_211,1,Vis,rh
10810,211,demo_parcel_211,1,Vis,rh
10811,211,demo_parcel_211,1,Vis,rh
10812,211,demo_parcel_211,1,Vis,rh
10813,211,demo_parcel_211,1,Vis,rh
10814,211,demo_parcel_211,1,Vis,rh
10815,211,demo_parcel_211,1,Vis,rh
10816,211,demo_parcel_211,1,Vis,rh
10817,211,demo_parcel_211,1,Vis,rh
10818,211,demo_parcel_211,1,Vis,rh
10819,211,demo_parcel_211,1,Vis,rh
10820,211,demo_parcel_211,1,Vis,rh
10821,211,demo_parcel_211,1,Vis,rh
10822,211,demo_parcel_211,1,Vis,rh
10823,211,demo_parcel_211,1,Vis,rh
10824,211,demo_parcel_211,1,Vis,rh
10825,211,demo_parcel_211,1,Vis,rh
10826,211,demo_parcel_211,1,Vis,rh
10827,211,demo_parcel_211,1,Vis,rh
10828,211,demo_parcel_211,1,Vis,rh
10829,211,demo_parcel_211,1,Vis,rh
10830,211,demo_parcel_211,1,Vis,rh
10831,211,demo_parcel_211,1,Vis,rh
10832,211,demo_parcel_211,1,Vis,rh
10833,211,demo_parcel_211,1,Vis,rh
10834,211,demo_parcel_211,1,Vis,rh
10835,211,demo_parcel_211,1,Vis,rh
10836,211,demo_parcel_211,1,Vis,rh
10837,211,demo_parcel_211,1,Vis,rh
10838,211,demo_parcel_211,1,Vis,rh
10839,211,demo_parcel_211,1,Vis,rh
10840,211,demo_parcel_211,1,Vis,rh
10841,211,demo_parcel_211,1,Vis,rh
10842,211,demo_parcel_211,1,Vis,rh
10843,211,demo_parcel_211,1,Vis,rh
10844,211,demo_parcel_211,1,Vis,rh
10845,212,demo_parcel_212,2,SomMot,rh
10846,212,demo_parcel_212,2,SomMot,rh
10847,212,demo_parcel_212,2,SomMot,rh
10848,212,demo_parcel_212,2,SomMot,rh
10849,212,demo_parcel_212,2,SomMot,rh
10850,212,demo_parcel_212,2,SomMot,rh
10851,212,demo_parcel_212,2,SomMot,rh
10852,212,demo_parcel_212,2,SomMot,rh
10853,212,demo_parcel_212,2,SomMot,rh
10854,212,demo_parcel_212,2,SomMot,rh
10855,212,demo_parcel_212,2,SomMot,rh
10856,212,demo_parcel_212,2,SomMot,rh
10857,212,demo_parcel_212,2,SomMot,rh
10858,212,demo_parcel_212,2,SomMot,rh
10859,212,demo_parcel_212,2,SomMot,rh
10860,212,demo_parcel_212,2,SomMot,rh
10861,212,demo_parcel_212,2,SomMot,rh
10862,212,demo_parcel_212,2,SomMot,rh
10863,212,demo_parcel_212,2,SomMot,rh
10864,212,demo_parcel_212,2,SomMot,rh
10865,212,demo_parcel_212,2,SomMot,rh
10866,212,demo_parcel_212,2,SomMot,rh
10867,212,demo_parcel_212,2,SomMot,rh
10868,212,demo_parcel_212,2,SomMot,rh
10869,212,demo_parcel_212,2,SomMot,rh
10870,212,demo_parcel_212,2,SomMot,rh
10871,212,demo_parcel_212,2,SomMot,rh
10872,212,demo_parcel_212,2,SomMot,rh
10873,212,demo_parcel_212,2,SomMot,rh
10874,212,demo_parcel_212,2,SomMot,rh
10875,212,demo_parcel_212,2,SomMot,rh
10876,212,demo_parcel_212,2,SomMot,rh
10877,212,demo_parcel_212,2,SomMot,rh
10878,212,demo_parcel_212,2,SomMot,rh
10879,212,demo_parcel_212,2,SomMot,rh
10880,212,demo_parcel_212,2,SomMot,rh
10881,212,demo_parcel_212,2,SomMot,rh
10882,212,demo_parcel_212,2,SomMot,rh
10883,212,demo_parcel_212,2,SomMot,rh
10884,212,demo_parcel_212,2,SomMot,rh
10885,212,demo_parcel_212,2,SomMot,rh
10886,212,demo_parcel_212,2,SomMot,rh
10887,212,demo_parcel_212,2,SomMot,rh
10888,212,demo_parcel_212,2,SomMot,rh
10889,212,demo_parcel_212,2,SomMot,rh
10890,212,demo_parcel_212,2,SomMot,rh
10891,212,demo_parcel_212,2,SomMot,rh
10892,212,demo_parcel_212,2,SomMot,rh
10893,212,demo_parcel_212,2,SomMot,rh
10894,212,demo_parcel_212,2,SomMot,rh
10895,212,demo_parcel_212,2,SomMot,rh
10896,213,demo_parcel_213,3,DorsAttn,rh
10897,213,demo_parcel_213,3,DorsAttn,rh
10898,213,demo_parcel_213,3,DorsAttn,rh
10899,213,demo_parcel_213,3,DorsAttn,rh
10900,213,demo_parcel_213,3,DorsAttn,rh
10901,213,demo_parcel_213,3,DorsAttn,rh
10902,213,demo_parcel_213,3,DorsAttn,rh
10903,213,demo_parcel_213,3,DorsAttn,rh
10904,213,demo_parcel_213,3,DorsAttn,rh
10905,213,demo_parcel_213,3,DorsAttn,rh
10906,213,demo_parcel_213,3,DorsAttn,rh
10907,213,demo_parcel_213,3,DorsAttn,rh
10908,213,demo_parcel_213,3,DorsAttn,rh
10909,213,demo_parcel_213,3,DorsAttn,rh
10910,213,demo_parcel_213,3,DorsAttn,rh
10911,213,demo_parcel_213,3,DorsAttn,rh
10912,213,demo_parcel_213,3,DorsAttn,rh
10913,213,demo_parcel_213,3,DorsAttn,rh
10914,213,demo_parcel_213,3,DorsAttn,rh
10915,213,demo_parcel_213,3,DorsAttn,rh
10916,213,demo_parcel_213,3,DorsAttn,rh
10917,213,demo_parcel_213,3,DorsAttn,rh
10918,213,demo_parcel_213,3,DorsAttn,rh
10919,213,demo_parcel_213,3,DorsAttn,rh
10920,213,demo_parcel_213,3,DorsAttn,rh
10921,213,demo_parcel_213,3,DorsAttn,rh
10922,213,demo_parcel_213,3,DorsAttn,rh
10923,213,demo_parcel_213,3,DorsAttn,rh
10924,213,demo_parcel_213,3,DorsAttn,rh
10925,213,demo_parcel_213,3,DorsAttn,rh
10926,213,demo_parcel_213,3,DorsAttn,rh
10927,213,demo_parcel_213,3,DorsAttn,rh
10928,213,demo_parcel_213,3,DorsAttn,rh
10929,213,demo_parcel_213,3,DorsAttn,rh
10930,213,demo_parcel_213,3,DorsAttn,rh
10931,213,demo_parcel_213,3,DorsAttn,rh
10932,213,demo_parcel_213,3,DorsAttn,rh
10933,213,demo_parcel_213,3,DorsAttn,rh
10934,213,demo_parcel_213,3,DorsAttn,rh
10935,213,demo_parcel_213,3,DorsAttn,rh
10936,213,demo_parcel_213,3,DorsAttn,rh
10937,213,demo_parcel_213,3,DorsAttn,rh
10938,213,demo_parcel_213,3,DorsAttn,rh
10939,213,demo_parcel_213,3,DorsAttn,rh
10940,213,demo_parcel_213,3,DorsAttn,rh
10941,213,demo_parcel_213,3,DorsAttn,rh
10942,213,demo_parcel_213,3,DorsAttn,rh
10943,213,demo_parcel_213,3,DorsAttn,rh
10944,213,demo_parcel_213,3,DorsAttn,rh
10945,213,demo_parcel_213,3,DorsAttn,rh
10946,213,demo_parcel_213,3,DorsAttn,rh
10947,214,demo_parcel_214,4,SalVentAttn,rh
10948,214,demo_parcel_214,4,SalVentAttn,rh
10949,214,demo_parcel_214,4,SalVentAttn,rh
10950,214,demo_parcel_214,4,SalVentAttn,rh
10951,214,demo_parcel_214,4,SalVentAttn,rh
10952,214,demo_parcel_214,4,SalVentAttn,rh
10953,214,demo_parcel_214,4,SalVentAttn,rh
10954,214,demo_parcel_214,4,SalVentAttn,rh
10955,214,demo_parcel_214,4,SalVentAttn,rh
10956,214,demo_parcel_214,4,SalVentAttn,rh
10957,214,demo_parcel_214,4,SalVentAttn,rh
10958,214,demo_parcel_214,4,SalVentAttn,rh
10959,214,demo_parcel_214,4,SalVentAttn,rh
10960,214,demo_parcel_214,4,SalVentAttn,rh
10961,214,demo_parcel_214,4,SalVentAttn,rh
10962,214,demo_parcel_214,4,SalVentAttn,rh
10963,214,demo_parcel_214,4,SalVentAttn,rh
10964,214,demo_parcel_214,4,SalVentAttn,rh
10965,214,demo_parcel_214,4,SalVentAttn,rh
10966,214,demo_parcel_214,4,SalVentAttn,rh
10967,214,demo_parcel_214,4,SalVentAttn,rh
10968,214,demo_parcel_214,4,SalVentAttn,rh
10969,214,demo_parcel_214,4,SalVentAttn,rh
10970,214,demo_parcel_214,4,SalVentAttn,rh
10971,214,demo_parcel_214,4,SalVentAttn,rh
10972,214,demo_parcel_214,4,SalVentAttn,rh
10973,214,demo_parcel_214,4,SalVentAttn,rh
10974,214,demo_parcel_214,4,SalVentAttn,rh
10975,214,demo_parcel_214,4,SalVentAttn,rh
10976,214,demo_parcel_214,4,SalVentAttn,rh
10977,214,demo_parcel_214,4,SalVentAttn,rh
10978,214,demo_parcel_214,4,SalVentAttn,rh
10979,214,demo_parcel_214,4,SalVentAttn,rh
10980,214,demo_parcel_214,4,SalVentAttn,rh
10981,214,demo_parcel_214,4,SalVentAttn,rh
10982,214,demo_parcel_214,4,SalVentAttn,rh
10983,214,demo_parcel_214,4,SalVentAttn,rh
10984,214,demo_parcel_214,4,SalVentAttn,rh
10985,214,demo_parcel_214,4,SalVentAttn,rh
10986,214,demo_parcel_214,4,SalVentAttn,rh
10987,214,demo_parcel_214,4,SalVentAttn,rh
10988,214,demo_parcel_214,4,SalVentAttn,rh
10989,214,demo_parcel_214,4,SalVentAttn,rh
10990,214,demo_parcel_214,4,SalVentAttn,rh
10991,214,demo_parcel_214,4,SalVentAttn,rh
10992,214,demo_parcel_214,4,SalVentAttn,rh
10993,214,demo_parcel_214,4,SalVentAttn,rh
10994,214,demo_parcel_214,4,SalVentAttn,rh
10995,214,demo_parcel_214,4,SalVentAttn,rh
10996,214,demo_parcel_214,4,SalVentAttn,rh
10997,214,demo_parcel_214,4,SalVentAttn,rh
10998,215,demo_parcel_215,5,Limbic,rh
10999,215,demo_parcel_215,5,Limbic,rh
11000,215,demo_parcel_215,5,Limbic,rh
11001,215,demo_parcel_215,5,Limbic,rh
11002,215,demo_parcel_215,5,Limbic,rh
11003,215,demo_parcel_215,5,Limbic,rh
11004,215,demo_parcel_215,5,Limbic,rh
11005,215,demo_parcel_215,5,Limbic,rh
11006,215,demo_parcel_215,5,Limbic,rh
11007,215,demo_parcel_215,5,Limbic,rh
11008,215,demo_parcel_215,5,Limbic,rh
11009,215,demo_parcel_215,5,Limbic,rh
11010,215,demo_parcel_215,5,Limbic,rh
11011,215,demo_parcel_215,5,Limbic,rh
11012,215,demo_parcel_215,5,Limbic,rh
11013,215,demo_parcel_215,5,Limbic,rh
11014,215,demo_parcel_215,5,Limbic,rh
11015,215,demo_parcel_215,5,Limbic,rh
11016,215,demo_parcel_215,5,Limbic,rh
11017,215,demo_parcel_215,5,Limbic,rh
11018,215,demo_parcel_215,5,Limbic,rh
11019,215,demo_parcel_215,5,Limbic,rh
11020,215,demo_parcel_215,5,Limbic,rh
11021,215,demo_parcel_215,5,Limbic,rh
11022,215,demo_parcel_215,5,Limbic,rh
11023,215,demo_parcel_215,5,Limbic,rh
11024,215,demo_parcel_215,5,Limbic,rh
11025,215,demo_parcel_215,5,Limbic,rh
11026,215,demo_parcel_215,5,Limbic,rh
11027,215,demo_parcel_215,5,Limbic,rh
11028,215,demo_parcel_215,5,Limbic,rh
11029,215,demo_parcel_215,5,Limbic,rh
11030,215,demo_parcel_215,5,Limbic,rh
11031,215,demo_parcel_215,5,Limbic,rh
11032,215,demo_parcel_215,5,Limbic,rh
11033,215,demo_parcel_215,5,Limbic,rh
11034,215,demo_parcel_215,5,Limbic,rh
11035,215,demo_parcel_215,5,Limbic,rh
11036,215,demo_parcel_215,5,Limbic,rh
11037,215,demo_parcel_215,5,Limbic,rh
11038,215,demo_parcel_215,5,Limbic,rh
11039,215,demo_parcel_215,5,Limbic,rh
11040,215,demo_parcel_215,5,Limbic,rh
11041,215,demo_parcel_215,5,Limbic,rh
11042,215,demo_parcel_215,5,Limbic,rh
11043,215,demo_parcel_215,5,Limbic,rh
11044,215,demo_parcel_215,5,Limbic,rh
11045,215,demo_parcel_215,5,Limbic,rh
11046,215,demo_parcel_215,5,Limbic,rh
11047,215,demo_parcel_215,5,Limbic,rh
11048,215,demo_parcel_215,5,Limbic,rh
11049,216,demo_parcel_216,6,Cont,rh
11050,216,demo_parcel_216,6,Cont,rh
11051,216,demo_parcel_216,6,Cont,rh
11052,216,demo_parcel_216,6,Cont,rh
11053,216,demo_parcel_216,6,Cont,rh
11054,216,demo_parcel_216,6,Cont,rh
11055,216,demo_parcel_216,6,Cont,rh
11056,216,demo_parcel_216,6,Cont,rh
11057,216,demo_parcel_216,6,Cont,rh
11058,216,demo_parcel_216,6,Cont,rh
11059,216,demo_parcel_216,6,Cont,rh
11060,216,demo_parcel_216,6,Cont,rh
11061,216,demo_parcel_216,6,Cont,rh
11062,216,demo_parcel_216,6,Cont,rh
11063,216,demo_parcel_216,6,Cont,rh
11064,216,demo_parcel_216,6,Cont,rh
11065,216,demo_parcel_216,6,Cont,rh
11066,216,demo_parcel_216,6,Cont,rh
11067,216,demo_parcel_216,6,Cont,rh
11068,216,demo_parcel_216,6,Cont,rh
11069,216,demo_parcel_216,6,Cont,rh
11070,216,demo_parcel_216,6,Cont,rh
11071,216,demo_parcel_216,6,Cont,rh
11072,216,demo_parcel_216,6,Cont,rh
11073,216,demo_parcel_216,6,Cont,rh
11074,216,demo_parcel_216,6,Cont,rh
11075,216,demo_parcel_216,6,Cont,rh
11076,216,demo_parcel_216,6,Cont,rh
11077,216,demo_parcel_216,6,Cont,rh
11078,216,demo_parcel_216,6,Cont,rh
11079,216,demo_parcel_216,6,Cont,rh
11080,216,demo_parcel_216,6,Cont,rh
11081,216,demo_parcel_216,6,Cont,rh
11082,216,demo_parcel_216,6,Cont,rh
11083,216,demo_parcel_216,6,Cont,rh
11084,216,demo_parcel_216,6,Cont,rh
11085,216,demo_parcel_216,6,Cont,rh
11086,216,demo_parcel_216,6,Cont,rh
11087,216,demo_parcel_216,6,Cont,rh
11088,216,demo_parcel_216,6,Cont,rh
11089,216,demo_parcel_216,6,Cont,rh
11090,216,demo_parcel_216,6,Cont,rh
11091,216,demo_parcel_216,6,Cont,rh
11092,216,demo_parcel_216,6,Cont,rh
11093,216,demo_parcel_216,6,Cont,rh
11094,216,demo_parcel_216,6,Cont,rh
11095,216,demo_parcel_216,6,Cont,rh
11096,216,demo_parcel_216,6,Cont,rh
11097,216,demo_parcel_216,6,Cont,rh
11098,216,demo_parcel_216,6,Cont,rh
11099,216,demo_parcel_216,6,Cont,rh
11100,217,demo_parcel_217,7,Default,rh
11101,217,demo_parcel_217,7,Default,rh
11102,217,demo_parcel_217,7,Default,rh
11103,217,demo_parcel_217,7,Default,rh
11104,217,demo_parcel_217,7,Default,rh
11105,217,demo_parcel_217,7,Default,rh
11106,217,demo_parcel_217,7,Default,rh
11107,217,demo_parcel_217,7,Default,rh
11108,217,demo_parcel_217,7,Default,rh
11109,217,demo_parcel_217,7,Default,rh
11110,217,demo_parcel_217,7,Default,rh
11111,217,demo_parcel_217,7,Default,rh
11112,217,demo_parcel_217,7,Default,rh
11113,217,demo_parcel_217,7,Default,rh
11114,217,demo_parcel_217,7,Default,rh
11115,217,demo_parcel_217,7,Default,rh
11116,217,demo_parcel_217,7,Default,rh
11117,217,demo_parcel_217,7,Default,rh
11118,217,demo_parcel_217,7,Default,rh
11119,217,demo_parcel_217,7,Default,rh
11120,217,demo_parcel_217,7,Default,rh
11121,217,demo_parcel_217,7,Default,rh
11122,217,demo_parcel_217,7,Default,rh
11123,217,demo_parcel_217,7,Default,rh
11124,217,demo_parcel_217,7,Default,rh
11125,217,demo_parcel_217,7,Default,rh
11126,217,demo_parcel_217,7,Default,rh
11127,217,demo_parcel_217,7,Default,rh
11128,217,demo_parcel_217,7,Default,rh
11129,217,demo_parcel_217,7,Default,rh
11130,217,demo_parcel_217,7,Default,rh
11131,217,demo_parcel_217,7,Default,rh
11132,217,demo_parcel_217,7,Default,rh
11133,217,demo_parcel_217,7,Default,rh
11134,217,demo_parcel_217,7,Default,rh
11135,217,demo_parcel_217,7,Default,rh
11136,217,demo_parcel_217,7,Default,rh
11137,217,demo_parcel_217,7,Default,rh
11138,217,demo_parcel_217,7,Default,rh
11139,217,demo_parcel_217,7,Default,rh
11140,217,demo_parcel_217,7,Default,rh
11141,217,demo_parcel_217,7,Default,rh
11142,217,demo_parcel_217,7,Default,rh
11143,217,demo_parcel_217,7,Default,rh
11144,217,demo_parcel_217,7,Default,rh
11145,217,demo_parcel_217,7,Default,rh
11146,217,demo_parcel_217,7,Default,rh
11147,217,demo_parcel_217,7,Default,rh
11148,217,demo_parcel_217,7,Default,rh
11149,217,demo_parcel_217,7,Default,rh
11150,217,demo_parcel_217,7,Default,rh
11151,218,demo_parcel_218,1,Vis,rh
11152,218,demo_parcel_218,1,Vis,rh
11153,218,demo_parcel_218,1,Vis,rh
11154,218,demo_parcel_218,1,Vis,rh
11155,218,demo_parcel_218,1,Vis,rh
11156,218,demo_parcel_218,1,Vis,rh
11157,218,demo_parcel_218,1,Vis,rh
11158,218,demo_parcel_218,1,Vis,rh
11159,218,demo_parcel_218,1,Vis,rh
11160,218,demo_parcel_218,1,Vis,rh
11161,218,demo_parcel_218,1,Vis,rh
11162,218,demo_parcel_218,1,Vis,rh
11163,218,demo_parcel_218,1,Vis,rh
11164,218,demo_parcel_218,1,Vis,rh
11165,218,demo_parcel_218,1,Vis,rh
11166,218,demo_parcel_218,1,Vis,rh
11167,218,demo_parcel_218,1,Vis,rh
11168,218,demo_parcel_218,1,Vis,rh
11169,218,demo_parcel_218,1,Vis,rh
11170,218,demo_parcel_218,1,Vis,rh
11171,218,demo_parcel_218,1,Vis,rh
11172,218,demo_parcel_218,1,Vis,rh
11173,218,demo_parcel_218,1,Vis,rh
11174,218,demo_parcel_218,1,Vis,rh
11175,218,demo_parcel_218,1,Vis,rh
11176,218,demo_parcel_218,1,Vis,rh
11177,218,demo_parcel_218,1,Vis,rh
11178,218,demo_parcel_218,1,Vis,rh
11179,218,demo_parcel_218,1,Vis,rh
11180,218,demo_parcel_218,1,Vis,rh
11181,218,demo_parcel_218,1,Vis,rh
11182,218,demo_parcel_218,1,Vis,rh
11183,218,demo_parcel_218,1,Vis,rh
11184,218,demo_parcel_218,1,Vis,rh
11185,218,demo_parcel_218,1,Vis,rh
11186,218,demo_parcel_218,1,Vis,rh
11187,218,demo_parcel_218,1,Vis,rh
11188,218,demo_parcel_218,1,Vis,rh
11189,218,demo_parcel_218,1,Vis,rh
11190,218,demo_parcel_218,1,Vis,rh
11191,218,demo_parcel_218,1,Vis,rh
11192,218,demo_parcel_218,1,Vis,rh
11193,218,demo_parcel_218,1,Vis,rh
11194,218,demo_parcel_218,1,Vis,rh
11195,218,demo_parcel_218,1,Vis,rh
11196,218,demo_parcel_218,1,Vis,rh
11197,218,demo_parcel_218,1,Vis,rh
11198,218,demo_parcel_218,1,Vis,rh
11199,218,demo_parcel_218,1,Vis,rh
11200,218,demo_parcel_218,1,Vis,rh
11201,218,demo_parcel_218,1,Vis,rh
11202,219,demo_parcel_219,2,SomMot,rh
11203,219,demo_parcel_219,2,SomMot,rh
11204,219,demo_parcel_219,2,SomMot,rh
11205,219,demo_parcel_219,2,SomMot,rh
11206,219,demo_parcel_219,2,SomMot,rh
11207,219,demo_parcel_219,2,SomMot,rh
11208,219,demo_parcel_219,2,SomMot,rh
11209,219,demo_parcel_219,2,SomMot,rh
11210,219,demo_parcel_219,2,SomMot,rh
11211,219,demo_parcel_219,2,SomMot,rh
11212,219,demo_parcel_219,2,SomMot,rh
11213,219,demo_parcel_219,2,SomMot,rh
11214,219,demo_parcel_219,2,SomMot,rh
11215,219,demo_parcel_219,2,SomMot,rh
11216,219,demo_parcel_219,2,SomMot,rh
11217,219,demo_parcel_219,2,SomMot,rh
11218,219,demo_parcel_219,2,SomMot,rh
11219,219,demo_parcel_219,2,SomMot,rh
11220,219,demo_parcel_219,2,SomMot,rh
11221,219,demo_parcel_219,2,SomMot,rh
11222,219,demo_parcel_219,2,SomMot,rh
11223,219,demo_parcel_219,2,SomMot,rh
11224,219,demo_parcel_219,2,SomMot,rh
11225,219,demo_parcel_219,2,SomMot,rh
11226,219,demo_parcel_219,2,SomMot,rh
11227,219,demo_parcel_219,2,SomMot,rh
11228,219,demo_parcel_219,2,SomMot,rh
11229,219,demo_parcel_219,2,SomMot,rh
11230,219,demo_parcel_219,2,SomMot,rh
11231,219,demo_parcel_219,2,SomMot,rh
11232,219,demo_parcel_219,2,SomMot,rh
11233,219,demo_parcel_219,2,SomMot,rh
11234,219,demo_parcel_219,2,SomMot,rh
11235,219,demo_parcel_219,2,SomMot,rh
11236,219,demo_parcel_219,2,SomMot,rh
11237,219,demo_parcel_219,2,SomMot,rh
11238,219,demo_parcel_219,2,SomMot,rh
11239,219,demo_parcel_219,2,SomMot,rh
11240,219,demo_parcel_219,2,SomMot,rh
11241,219,demo_parcel_219,2,SomMot,rh
11242,219,demo_parcel_219,2,SomMot,rh
11243,219,demo_parcel_219,2,SomMot,rh
11244,219,demo_parcel_219,2,SomMot,rh
11245,219,demo_parcel_219,2,SomMot,rh
11246,219,demo_parcel_219,2,SomMot,rh
11247,219,demo_parcel_219,2,SomMot,rh
11248,219,demo_parcel_219,2,SomMot,rh
11249,219,demo_parcel_219,2,SomMot,rh
11250,219,demo_parcel_219,2,SomMot,rh
11251,219,demo_parcel_219,2,SomMot,rh
11252,219,demo_parcel_219,2,SomMot,rh
11253,220,demo_parcel_220,3,DorsAttn,rh
11254,220,demo_parcel_220,3,DorsAttn,rh
11255,220,demo_parcel_220,3,DorsAttn,rh
11256,220,demo_parcel_220,3,DorsAttn,rh
11257,220,demo_parcel_220,3,DorsAttn,rh
11258,220,demo_parcel_220,3,DorsAttn,rh
11259,220,demo_parcel_220,3,DorsAttn,rh
11260,220,demo_parcel_220,3,DorsAttn,rh
11261,220,demo_parcel_220,3,DorsAttn,rh
11262,220,demo_parcel_220,3,DorsAttn,rh
11263,220,demo_parcel_220,3,DorsAttn,rh
11264,220,demo_parcel_220,3,DorsAttn,rh
11265,220,demo_parcel_220,3,DorsAttn,rh
11266,220,demo_parcel_220,3,DorsAttn,rh
11267,220,demo_parcel_220,3,DorsAttn,rh
11268,220,demo_parcel_220,3,DorsAttn,rh
11269,220,demo_parcel_220,3,DorsAttn,rh
11270,220,demo_parcel_220,3,DorsAttn,rh
11271,220,demo_parcel_220,3,DorsAttn,rh
11272,220,demo_parcel_220,3,DorsAttn,rh
11273,220,demo_parcel_220,3,DorsAttn,rh
11274,220,demo_parcel_220,3,DorsAttn,rh
11275,220,demo_parcel_220,3,DorsAttn,rh
11276,220,demo_parcel_220,3,DorsAttn,rh
11277,220,demo_parcel_220,3,DorsAttn,rh
11278,220,demo_parcel_220,3,DorsAttn,rh
11279,220,demo_parcel_220,3,DorsAttn,rh
11280,220,demo_parcel_220,3,DorsAttn,rh
11281,220,demo_parcel_220,3,DorsAttn,rh
11282,220,demo_parcel_220,3,DorsAttn,rh
11283,220,demo_parcel_220,3,DorsAttn,rh
11284,220,demo_parcel_220,3,DorsAttn,rh
11285,220,demo_parcel_220,3,DorsAttn,rh
11286,220,demo_parcel_220,3,DorsAttn,rh
11287,220,demo_parcel_220,3,DorsAttn,rh
11288,220,demo_parcel_220,3,DorsAttn,rh
11289,220,demo_parcel_220,3,DorsAttn,rh
11290,220,demo_parcel_220,3,DorsAttn,rh
11291,220,demo_parcel_220,3,DorsAttn,rh
11292,220,demo_parcel_220,3,DorsAttn,rh
11293,220,demo_parcel_220,3,DorsAttn,rh
11294,220,demo_parcel_220,3,DorsAttn,rh
11295,220,demo_parcel_220,3,DorsAttn,rh
11296,220,demo_parcel_220,3,DorsAttn,rh
11297,220,demo_parcel_220,3,DorsAttn,rh
11298,220,demo_parcel_220,3,DorsAttn,rh
11299,220,demo_parcel_220,3,DorsAttn,rh
11300,220,demo_parcel_220,3,DorsAttn,rh
11301,220,demo_parcel_220,3,DorsAttn,rh
11302,220,demo_parcel_220,3,DorsAttn,rh
11303,220,demo_parcel_220,3,DorsAttn,rh
11304,221,demo_parcel_221,4,SalVentAttn,rh
11305,221,demo_parcel_221,4,SalVentAttn,rh
11306,221,demo_parcel_221,4,SalVentAttn,rh
11307,221,demo_parcel_221,4,SalVentAttn,rh
11308,221,demo_parcel_221,4,SalVentAttn,rh
11309,221,demo_parcel_221,4,SalVentAttn,rh
11310,221,demo_parcel_221,4,SalVentAttn,rh
11311,221,demo_parcel_221,4,SalVentAttn,rh
11312,221,demo_parcel_221,4,SalVentAttn,rh
11313,221,demo_parcel_221,4,SalVentAttn,rh
11314,221,demo_parcel_221,4,SalVentAttn,rh
11315,221,demo_parcel_221,4,SalVentAttn,rh
11316,221,demo_parcel_221,4,SalVentAttn,rh
11317,221,demo_parcel_221,4,SalVentAttn,rh
11318,221,demo_parcel_221,4,SalVentAttn,rh
11319,221,demo_parcel_221,4,SalVentAttn,rh
11320,221,demo_parcel_221,4,SalVentAttn,rh
11321,221,demo_parcel_221,4,SalVentAttn,rh
11322,221,demo_parcel_221,4,SalVentAttn,rh
11323,221,demo_parcel_221,4,SalVentAttn,rh
11324,221,demo_parcel_221,4,SalVentAttn,rh
11325,221,demo_parcel_221,4,SalVentAttn,rh
11326,221,demo_parcel_221,4,SalVentAttn,rh
11327,221,demo_parcel_221,4,SalVentAttn,rh
11328,221,demo_parcel_221,4,SalVentAttn,rh
11329,221,demo_parcel_221,4,SalVentAttn,rh
11330,221,demo_parcel_221,4,SalVentAttn,rh
11331,221,demo_parcel_221,4,SalVentAttn,rh
11332,221,demo_parcel_221,4,SalVentAttn,rh
11333,221,demo_parcel_221,4,SalVentAttn,rh
11334,221,demo_parcel_221,4,SalVentAttn,rh
11335,221,demo_parcel_221,4,SalVentAttn,rh
11336,221,demo_parcel_221,4,SalVentAttn,rh
11337,221,demo_parcel_221,4,SalVentAttn,rh
11338,221,demo_parcel_221,4,SalVentAttn,rh
11339,221,demo_parcel_221,4,SalVentAttn,rh
11340,221,demo_parcel_221,4,SalVentAttn,rh
11341,221,demo_parcel_221,4,SalVentAttn,rh
11342,221,demo_parcel_221,4,SalVentAttn,rh
11343,221,demo_parcel_221,4,SalVentAttn,rh
11344,221,demo_parcel_221,4,SalVentAttn,rh
11345,221,demo_parcel_221,4,SalVentAttn,rh
11346,221,demo_parcel_221,4,SalVentAttn,rh
11347,221,demo_parcel_221,4,SalVentAttn,rh
11348,221,demo_parcel_221,4,SalVentAttn,rh
11349,221,demo_parcel_221,4,SalVentAttn,rh
11350,221,demo_parcel_221,4,SalVentAttn,rh
11351,221,demo_parcel_221,4,SalVentAttn,rh
11352,221,demo_parcel_221,4,SalVentAttn,rh
11353,221,demo_parcel_221,4,SalVentAttn,rh
11354,221,demo_parcel_221,4,SalVentAttn,rh
11355,222,demo_parcel_222,5,Limbic,rh
11356,222,demo_parcel_222,5,Limbic,rh
11357,222,demo_parcel_222,5,Limbic,rh
11358,222,demo_parcel_222,5,Limbic,rh
11359,222,demo_parcel_222,5,Limbic,rh
11360,222,demo_parcel_222,5,Limbic,rh
11361,222,demo_parcel_222,5,Limbic,rh
11362,222,demo_parcel_222,5,Limbic,rh
11363,222,demo_parcel_222,5,Limbic,rh
11364,222,demo_parcel_222,5,Limbic,rh
11365,222,demo_parcel_222,5,Limbic,rh
11366,222,demo_parcel_222,5,Limbic,rh
11367,222,demo_parcel_222,5,Limbic,rh
11368,222,demo_parcel_222,5,Limbic,rh
11369,222,demo_parcel_222,5,Limbic,rh
11370,222,demo_parcel_222,5,Limbic,rh
11371,222,demo_parcel_222,5,Limbic,rh
11372,222,demo_parcel_222,5,Limbic,rh
11373,222,demo_parcel_222,5,Limbic,rh
11374,222,demo_parcel_222,5,Limbic,rh
11375,222,demo_parcel_222,5,Limbic,rh
11376,222,demo_parcel_222,5,Limbic,rh
11377,222,demo_parcel_222,5,Limbic,rh
11378,222,demo_parcel_222,5,Limbic,rh
11379,222,demo_parcel_222,5,Limbic,rh
11380,222,demo_parcel_222,5,Limbic,rh
11381,222,demo_parcel_222,5,Limbic,rh
11382,222,demo_parcel_222,5,Limbic,rh
11383,222,demo_parcel_222,5,Limbic,rh
11384,222,demo_parcel_222,5,Limbic,rh
11385,222,demo_parcel_222,5,Limbic,rh
11386,222,demo_parcel_222,5,Limbic,rh
11387,222,demo_parcel_222,5,Limbic,rh
11388,222,demo_parcel_222,5,Limbic,rh
11389,222,demo_parcel_222,5,Limbic,rh
11390,222,demo_parcel_222,5,Limbic,rh
11391,222,demo_parcel_222,5,Limbic,rh
11392,222,demo_parcel_222,5,Limbic,rh
11393,222,demo_parcel_222,5,Limbic,rh
11394,222,demo_parcel_222,5,Limbic,rh
11395,222,demo_parcel_222,5,Limbic,rh
11396,222,demo_parcel_222,5,Limbic,rh
11397,222,demo_parcel_222,5,Limbic,rh
11398,222,demo_parcel_222,5,Limbic,rh
11399,222,demo_parcel_222,5,Limbic,rh
11400,222,demo_parcel_222,5,Limbic,rh
11401,222,demo_parcel_222,5,Limbic,rh
11402,222,demo_parcel_222,5,Limbic,rh
11403,222,demo_parcel_222,5,Limbic,rh
11404,222,demo_parcel_222,5,Limbic,rh
11405,222,demo_parcel_222,5,Limbic,rh
11406,223,demo_parcel_223,6,Cont,rh
11407,223,demo_parcel_223,6,Cont,rh
11408,223,demo_parcel_223,6,Cont,rh
11409,223,demo_parcel_223,6,Cont,rh
11410,223,demo_parcel_223,6,Cont,rh
11411,223,demo_parcel_223,6,Cont,rh
11412,223,demo_parcel_223,6,Cont,rh
11413,223,demo_parcel_223,6,Cont,rh
11414,223,demo_parcel_223,6,Cont,rh
11415,223,demo_parcel_223,6,Cont,rh
11416,223,demo_parcel_223,6,Cont,rh
11417,223,demo_parcel_223,6,Cont,rh
11418,223,demo_parcel_223,6,Cont,rh
11419,223,demo_parcel_223,6,Cont,rh
11420,223,demo_parcel_223,6,Cont,rh
11421,223,demo_parcel_223,6,Cont,rh
11422,223,demo_parcel_223,6,Cont,rh
11423,223,demo_parcel_223,6,Cont,rh
11424,223,demo_parcel_223,6,Cont,rh
11425,223,demo_parcel_223,6,Cont,rh
11426,223,demo_parcel_223,6,Cont,rh
11427,223,demo_parcel_223,6,Cont,rh
11428,223,demo_parcel_223,6,Cont,rh
11429,223,demo_parcel_223,6,Cont,rh
11430,223,demo_parcel_223,6,Cont,rh
11431,223,demo_parcel_223,6,Cont,rh
11432,223,demo_parcel_223,6,Cont,rh
11433,223,demo_parcel_223,6,Cont,rh
11434,223,demo_parcel_223,6,Cont,rh
11435,223,demo_parcel_223,6,Cont,rh
11436,223,demo_parcel_223,6,Cont,rh
11437,223,demo_parcel_223,6,Cont,rh
11438,223,demo_parcel_223,6,Cont,rh
11439,223,demo_parcel_223,6,Cont,rh
11440,223,demo_parcel_223,6,Cont,rh
11441,223,demo_parcel_223,6,Cont,rh
11442,223,demo_parcel_223,6,Cont,rh
11443,223,demo_parcel_223,6,Cont,rh
11444,223,demo_parcel_223,6,Cont,rh
11445,223,demo_parcel_223,6,Cont,rh
11446,223,demo_parcel_223,6,Cont,rh
11447,223,demo_parcel_223,6,Cont,rh
11448,223,demo_parcel_223,6,Cont,rh
11449,223,demo_parcel_223,6,Cont,rh
11450,223,demo_parcel_223,6,Cont,rh
11451,223,demo_parcel_223,6,Cont,rh
11452,223,demo_parcel_223,6,Cont,rh
11453,223,demo_parcel_223,6,Cont,rh
11454,223,demo_parcel_223,6,Cont,rh
11455,223,demo_parcel_223,6,Cont,rh
11456,223,demo_parcel_223,6,Cont,rh
11457,224,demo_parcel_224,7,Default,rh
11458,224,demo_parcel_224,7,Default,rh
11459,224,demo_parcel_224,7,Default,rh
11460,224,demo_parcel_224,7,Default,rh
11461,224,demo_parcel_224,7,Default,rh
11462,224,demo_parcel_224,7,Default,rh
11463,224,demo_parcel_224,7,Default,rh
11464,224,demo_parcel_224,7,Default,rh
11465,224,demo_parcel_224,7,Default,rh
11466,224,demo_parcel_224,7,Default,rh
11467,224,demo_parcel_224,7,Default,rh
11468,224,demo_parcel_224,7,Default,rh
11469,224,demo_parcel_224,7,Default,rh
11470,224,demo_parcel_224,7,Default,rh
11471,224,demo_parcel_224,7,Default,rh
11472,224,demo_parcel_224,7,Default,rh
11473,224,demo_parcel_224,7,Default,rh
11474,224,demo_parcel_224,7,Default,rh
11475,224,demo_parcel_224,7,Default,rh
11476,224,demo_parcel_224,7,Default,rh
11477,224,demo_parcel_224,7,Default,rh
11478,224,demo_parcel_224,7,Default,rh
11479,224,demo_parcel_224,7,Default,rh
11480,224,demo_parcel_224,7,Default,rh
11481,224,demo_parcel_224,7,Default,rh
11482,224,demo_parcel_224,7,Default,rh
11483,224,demo_parcel_224,7,Default,rh
11484,224,demo_parcel_224,7,Default,rh
11485,224,demo_parcel_224,7,Default,rh
11486,224,demo_parcel_224,7,Default,rh
11487,224,demo_parcel_224,7,Default,rh
11488,224,demo_parcel_224,7,Default,rh
11489,224,demo_parcel_224,7,Default,rh
11490,224,demo_parcel_224,7,Default,rh
11491,224,demo_parcel_224,7,Default,rh
11492,224,demo_parcel_224,7,Default,rh
11493,224,demo_parcel_224,7,Default,rh
11494,224,demo_parcel_224,7,Default,rh
11495,224,demo_parcel_224,7,Default,rh
11496,224,demo_parcel_224,7,Default,rh
11497,224,demo_parcel_224,7,Default,rh
11498,224,demo_parcel_224,7,Default,rh
11499,224,demo_parcel_224,7,Default,rh
11500,224,demo_parcel_224,7,Default,rh
11501,224,demo_parcel_224,7,Default,rh
11502,224,demo_parcel_224,7,Default,rh
11503,224,demo_parcel_224,7,Default,rh
11504,224,demo_parcel_224,7,Default,rh
11505,224,demo_parcel_224,7,Default,rh
11506,224,demo_parcel_224,7,Default,rh
11507,224,demo_parcel_224,7,Default,rh
11508,225,demo_parcel_225,1,Vis,rh
11509,225,demo_parcel_225,1,Vis,rh
11510,225,demo_parcel_225,1,Vis,rh
11511,225,demo_parcel_225,1,Vis,rh
11512,225,demo_parcel_225,1,Vis,rh
11513,225,demo_parcel_225,1,Vis,rh
11514,225,demo_parcel_225,1,Vis,rh
11515,225,demo_parcel_225,1,Vis,rh
11516,225,demo_parcel_225,1,Vis,rh
11517,225,demo_parcel_225,1,Vis,rh
11518,225,demo_parcel_225,1,Vis,rh
11519,225,demo_parcel_225,1,Vis,rh
11520,225,demo_parcel_225,1,Vis,rh
11521,225,demo_parcel_225,1,Vis,rh
11522,225,demo_parcel_225,1,Vis,rh
11523,225,demo_parcel_225,1,Vis,rh
11524,225,demo_parcel_225,1,Vis,rh
11525,225,demo_parcel_225,1,Vis,rh
11526,225,demo_parcel_225,1,Vis,rh
11527,225,demo_parcel_225,1,Vis,rh
11528,225,demo_parcel_225,1,Vis,rh
11529,225,demo_parcel_225,1,Vis,rh
11530,225,demo_parcel_225,1,Vis,rh
11531,225,demo_parcel_225,1,Vis,rh
11532,225,demo_parcel_225,1,Vis,rh
11533,225,demo_parcel_225,1,Vis,rh
11534,225,demo_parcel_225,1,Vis,rh
11535,225,demo_parcel_225,1,Vis,rh
11536,225,demo_parcel_225,1,Vis,rh
11537,225,demo_parcel_225,1,Vis,rh
11538,225,demo_parcel_225,1,Vis,rh
11539,225,demo_parcel_225,1,Vis,rh
11540,225,demo_parcel_225,1,Vis,rh
11541,225,demo_parcel_225,1,Vis,rh
11542,225,demo_parcel_225,1,Vis,rh
11543,225,demo_parcel_225,1,Vis,rh
11544,225,demo_parcel_225,1,Vis,rh
11545,225,demo_parcel_225,1,Vis,rh
11546,225,demo_parcel_225,1,Vis,rh
11547,225,demo_parcel_225,1,Vis,rh
11548,225,demo_parcel_225,1,Vis,rh
11549,225,demo_parcel_225,1,Vis,rh
11550,225,demo_parcel_225,1,Vis,rh
11551,225,demo_parcel_225,1,Vis,rh
11552,225,demo_parcel_225,1,Vis,rh
11553,225,demo_parcel_225,1,Vis,rh
11554,225,demo_parcel_225,1,Vis,rh
11555,225,demo_parcel_225,1,Vis,rh
11556,225,demo_parcel_225,1,Vis,rh
11557,225,demo_parcel_225,1,Vis,rh
11558,225,demo_parcel_225,1,Vis,rh
11559,226,demo_parcel_226,2,SomMot,rh
11560,226,demo_parcel_226,2,SomMot,rh
11561,226,demo_parcel_226,2,SomMot,rh
11562,226,demo_parcel_226,2,SomMot,rh
11563,226,demo_parcel_226,2,SomMot,rh
11564,226,demo_parcel_226,2,SomMot,rh
11565,226,demo_parcel_226,2,SomMot,rh
11566,226,demo_parcel_226,2,SomMot,rh
11567,226,demo_parcel_226,2,SomMot,rh
11568,226,demo_parcel_226,2,SomMot,rh
11569,226,demo_parcel_226,2,SomMot,rh
11570,226,demo_parcel_226,2,SomMot,rh
11571,226,demo_parcel_226,2,SomMot,rh
11572,226,demo_parcel_226,2,SomMot,rh
11573,226,demo_parcel_226,2,SomMot,rh
11574,226,demo_parcel_226,2,SomMot,rh
11575,226,demo_parcel_226,2,SomMot,rh
11576,226,demo_parcel_226,2,SomMot,rh
11577,226,demo_parcel_226,2,SomMot,rh
11578,226,demo_parcel_226,2,SomMot,rh
11579,226,demo_parcel_226,2,SomMot,rh
11580,226,demo_parcel_226,2,SomMot,rh
11581,226,demo_parcel_226,2,SomMot,rh
11582,226,demo_parcel_226,2,SomMot,rh
11583,226,demo_parcel_226,2,SomMot,rh
11584,226,demo_parcel_226,2,SomMot,rh
11585,226,demo_parcel_226,2,SomMot,rh
11586,226,demo_parcel_226,2,SomMot,rh
11587,226,demo_parcel_226,2,SomMot,rh
11588,226,demo_parcel_226,2,SomMot,rh
11589,226,demo_parcel_226,2,SomMot,rh
11590,226,demo_parcel_226,2,SomMot,rh
11591,226,demo_parcel_226,2,SomMot,rh
11592,226,demo_parcel_226,2,SomMot,rh
11593,226,demo_parcel_226,2,SomMot,rh
11594,226,demo_parcel_226,2,SomMot,rh
11595,226,demo_parcel_226,2,SomMot,rh
11596,226,demo_parcel_226,2,SomMot,rh
11597,226,demo_parcel_226,2,SomMot,rh
11598,226,demo_parcel_226,2,SomMot,rh
11599,226,demo_parcel_226,2,SomMot,rh
11600,226,demo_parcel_226,2,SomMot,rh
11601,226,demo_parcel_226,2,SomMot,rh
11602,226,demo_parcel_226,2,SomMot,rh
11603,226,demo_parcel_226,2,SomMot,rh
11604,226,demo_parcel_226,2,SomMot,rh
11605,226,demo_parcel_226,2,SomMot,rh
11606,226,demo_parcel_226,2,SomMot,rh
11607,226,demo_parcel_226,2,SomMot,rh
11608,226,demo_parcel_226,2,SomMot,rh
11609,226,demo_parcel_226,2,SomMot,rh
11610,227,demo_parcel_227,3,DorsAttn,rh
11611,227,demo_parcel_227,3,DorsAttn,rh
11612,227,demo_parcel_227,3,DorsAttn,rh
11613,227,demo_parcel_227,3,DorsAttn,rh
11614,227,demo_parcel_227,3,DorsAttn,rh
11615,227,demo_parcel_227,3,DorsAttn,rh
11616,227,demo_parcel_227,3,DorsAttn,rh
11617,227,demo_parcel_227,3,DorsAttn,rh
11618,227,demo_parcel_227,3,DorsAttn,rh
11619,227,demo_parcel_227,3,DorsAttn,rh
11620,227,demo_parcel_227,3,DorsAttn,rh
11621,227,demo_parcel_227,3,DorsAttn,rh
11622,227,demo_parcel_227,3,DorsAttn,rh
11623,227,demo_parcel_227,3,DorsAttn,rh
11624,227,demo_parcel_227,3,DorsAttn,rh
11625,227,demo_parcel_227,3,DorsAttn,rh
11626,227,demo_parcel_227,3,DorsAttn,rh
11627,227,demo_parcel_227,3,DorsAttn,rh
11628,227,demo_parcel_227,3,DorsAttn,rh
11629,227,demo_parcel_227,3,DorsAttn,rh
11630,227,demo_parcel_227,3,DorsAttn,rh
11631,227,demo_parcel_227,3,DorsAttn,rh
11632,227,demo_parcel_227,3,DorsAttn,rh
11633,227,demo_parcel_227,3,DorsAttn,rh
11634,227,demo_parcel_227,3,DorsAttn,rh
11635,227,demo_parcel_227,3,DorsAttn,rh
11636,227,demo_parcel_227,3,DorsAttn,rh
11637,227,demo_parcel_227,3,DorsAttn,rh
11638,227,demo_parcel_227,3,DorsAttn,rh
11639,227,demo_parcel_227,3,DorsAttn,rh
11640,227,demo_parcel_227,3,DorsAttn,rh
11641,227,demo_parcel_227,3,DorsAttn,rh
11642,227,demo_parcel_227,3,DorsAttn,rh
11643,227,demo_parcel_227,3,DorsAttn,rh
11644,227,demo_parcel_227,3,DorsAttn,rh
11645,227,demo_parcel_227,3,DorsAttn,rh
11646,227,demo_parcel_227,3,DorsAttn,rh
11647,227,demo_parcel_227,3,DorsAttn,rh
11648,227,demo_parcel_227,3,DorsAttn,rh
11649,227,demo_parcel_227,3,DorsAttn,rh
11650,227,demo_parcel_227,3,DorsAttn,rh
11651,227,demo_parcel_227,3,DorsAttn,rh
11652,227,demo_parcel_227,3,DorsAttn,rh
11653,227,demo_parcel_227,3,DorsAttn,rh
11654,227,demo_parcel_227,3,DorsAttn,rh
11655,227,demo_parcel_227,3,DorsAttn,rh
11656,227,demo_parcel_227,3,DorsAttn,rh
11657,227,demo_parcel_227,3,DorsAttn,rh
11658,227,demo_parcel_227,3,DorsAttn,rh
11659,227,demo_parcel_227,3,DorsAttn,rh
11660,227,demo_parcel_227,3,DorsAttn,rh
11661,228,demo_parcel_228,4,SalVentAttn,rh
11662,228,demo_parcel_228,4,SalVentAttn,rh
11663,228,demo_parcel_228,4,SalVentAttn,rh
11664,228,demo_parcel_228,4,SalVentAttn,rh
11665,228,demo_parcel_228,4,SalVentAttn,rh
11666,228,demo_parcel_228,4,SalVentAttn,rh
11667,228,demo_parcel_228,4,SalVentAttn,rh
11668,228,demo_parcel_228,4,SalVentAttn,rh
11669,228,demo_parcel_228,4,SalVentAttn,rh
11670,228,demo_parcel_228,4,SalVentAttn,rh
11671,228,demo_parcel_228,4,SalVentAttn,rh
11672,228,demo_parcel_228,4,SalVentAttn,rh
11673,228,demo_parcel_228,4,SalVentAttn,rh
11674,228,demo_parcel_228,4,SalVentAttn,rh
11675,228,demo_parcel_228,4,SalVentAttn,rh
11676,228,demo_parcel_228,4,SalVentAttn,rh
11677,228,demo_parcel_228,4,SalVentAttn,rh
11678,228,demo_parcel_228,4,SalVentAttn,rh
11679,228,demo_parcel_228,4,SalVentAttn,rh
11680,228,demo_parcel_228,4,SalVentAttn,rh
11681,228,demo_parcel_228,4,SalVentAttn,rh
11682,228,demo_parcel_228,4,SalVentAttn,rh
11683,228,demo_parcel_228,4,SalVentAttn,rh
11684,228,demo_parcel_228,4,SalVentAttn,rh
11685,228,demo_parcel_228,4,SalVentAttn,rh
11686,228,demo_parcel_228,4,SalVentAttn,rh
11687,228,demo_parcel_228,4,SalVentAttn,rh
11688,228,demo_parcel_228,4,SalVentAttn,rh
11689,228,demo_parcel_228,4,SalVentAttn,rh
11690,228,demo_parcel_228,4,SalVentAttn,rh
11691,228,demo_parcel_228,4,SalVentAttn,rh
11692,228,demo_parcel_228,4,SalVentAttn,rh
11693,228,demo_parcel_228,4,SalVentAttn,rh
11694,228,demo_parcel_228,4,SalVentAttn,rh
11695,228,demo_parcel_228,4,SalVentAttn,rh
11696,228,demo_parcel_228,4,SalVentAttn,rh
11697,228,demo_parcel_228,4,SalVentAttn,rh
11698,228,demo_parcel_228,4,SalVentAttn,rh
11699,228,demo_parcel_228,4,SalVentAttn,rh
11700,228,demo_parcel_228,4,SalVentAttn,rh
11701,228,demo_parcel_228,4,SalVentAttn,rh
11702,228,demo_parcel_228,4,SalVentAttn,rh
11703,228,demo_parcel_228,4,SalVentAttn,rh
11704,228,demo_parcel_228,4,SalVentAttn,rh
11705,228,demo_parcel_228,4,SalVentAttn,rh
11706,228,demo_parcel_228,4,SalVentAttn,rh
11707,228,demo_parcel_228,4,SalVentAttn,rh
11708,228,demo_parcel_228,4,SalVentAttn,rh
11709,228,demo_parcel_228,4,SalVentAttn,rh
11710,228,demo_parcel_228,4,SalVentAttn,rh
11711,228,demo_parcel_228,4,SalVentAttn,rh
11712,229,demo_parcel_229,5,Limbic,rh
11713,229,demo_parcel_229,5,Limbic,rh
11714,229,demo_parcel_229,5,Limbic,rh
11715,229,demo_parcel_229,5,Limbic,rh
11716,229,demo_parcel_229,5,Limbic,rh
11717,229,demo_parcel_229,5,Limbic,rh
11718,229,demo_parcel_229,5,Limbic,rh
11719,229,demo_parcel_229,5,Limbic,rh
11720,229,demo_parcel_229,5,Limbic,rh
11721,229,demo_parcel_229,5,Limbic,rh
11722,229,demo_parcel_229,5,Limbic,rh
11723,229,demo_parcel_229,5,Limbic,rh
11724,229,demo_parcel_229,5,Limbic,rh
11725,229,demo_parcel_229,5,Limbic,rh
11726,229,demo_parcel_229,5,Limbic,rh
11727,229,demo_parcel_229,5,Limbic,rh
11728,229,demo_parcel_229,5,Limbic,rh
11729,229,demo_parcel_229,5,Limbic,rh
11730,229,demo_parcel_229,5,Limbic,rh
11731,229,demo_parcel_229,5,Limbic,rh
11732,229,demo_parcel_229,5,Limbic,rh
11733,229,demo_parcel_229,5,Limbic,rh
11734,229,demo_parcel_229,5,Limbic,rh
11735,229,demo_parcel_229,5,Limbic,rh
11736,229,demo_parcel_229,5,Limbic,rh
11737,229,demo_parcel_229,5,Limbic,rh
11738,229,demo_parcel_229,5,Limbic,rh
11739,229,demo_parcel_229,5,Limbic,rh
11740,229,demo_parcel_229,5,Limbic,rh
11741,229,demo_parcel_229,5,Limbic,rh
11742,229,demo_parcel_229,5,Limbic,rh
11743,229,demo_parcel_229,5,Limbic,rh
11744,229,demo_parcel_229,5,Limbic,rh
11745,229,demo_parcel_229,5,Limbic,rh
11746,229,demo_parcel_229,5,Limbic,rh
11747,229,demo_parcel_229,5,Limbic,rh
11748,229,demo_parcel_229,5,Limbic,rh
11749,229,demo_parcel_229,5,Limbic,rh
11750,229,demo_parcel_229,5,Limbic,rh
11751,229,demo_parcel_229,5,Limbic,rh
11752,229,demo_parcel_229,5,Limbic,rh
11753,229,demo_parcel_229,5,Limbic,rh
11754,229,demo_parcel_229,5,Limbic,rh
11755,229,demo_parcel_229,5,Limbic,rh
11756,229,demo_parcel_229,5,Limbic,rh
11757,229,demo_parcel_229,5,Limbic,rh
11758,229,demo_parcel_229,5,Limbic,rh
11759,229,demo_parcel_229,5,Limbic,rh
11760,229,demo_parcel_229,5,Limbic,rh
11761,229,demo_parcel_229,5,Limbic,rh
11762,229,demo_parcel_229,5,Limbic,rh
11763,230,demo_parcel_230,6,Cont,rh
11764,230,demo_parcel_230,6,Cont,rh
11765,230,demo_parcel_230,6,Cont,rh
11766,230,demo_parcel_230,6,Cont,rh
11767,230,demo_parcel_230,6,Cont,rh
11768,230,demo_parcel_230,6,Cont,rh
11769,230,demo_parcel_230,6,Cont,rh
11770,230,demo_parcel_230,6,Cont,rh
11771,230,demo_parcel_230,6,Cont,rh
11772,230,demo_parcel_230,6,Cont,rh
11773,230,demo_parcel_230,6,Cont,rh
11774,230,demo_parcel_230,6,Cont,rh
11775,230,demo_parcel_230,6,Cont,rh
11776,230,demo_parcel_230,6,Cont,rh
11777,230,demo_parcel_230,6,Cont,rh
11778,230,demo_parcel_230,6,Cont,rh
11779,230,demo_parcel_230,6,Cont,rh
11780,230,demo_parcel_230,6,Cont,rh
11781,230,demo_parcel_230,6,Cont,rh
11782,230,demo_parcel_230,6,Cont,rh
11783,230,demo_parcel_230,6,Cont,rh
11784,230,demo_parcel_230,6,Cont,rh
11785,230,demo_parcel_230,6,Cont,rh
11786,230,demo_parcel_230,6,Cont,rh
11787,230,demo_parcel_230,6,Cont,rh
11788,230,demo_parcel_230,6,Cont,rh
11789,230,demo_parcel_230,6,Cont,rh
11790,230,demo_parcel_230,6,Cont,rh
11791,230,demo_parcel_230,6,Cont,rh
11792,230,demo_parcel_230,6,Cont,rh
11793,230,demo_parcel_230,6,Cont,rh
11794,230,demo_parcel_230,6,Cont,rh
11795,230,demo_parcel_230,6,Cont,rh
11796,230,demo_parcel_230,6,Cont,rh
11797,230,demo_parcel_230,6,Cont,rh
11798,230,demo_parcel_230,6,Cont,rh
11799,230,demo_parcel_230,6,Cont,rh
11800,230,demo_parcel_230,6,Cont,rh
11801,230,demo_parcel_230,6,Cont,rh
11802,230,demo_parcel_230,6,Cont,rh
11803,230,demo_parcel_230,6,Cont,rh
11804,230,demo_parcel_230,6,Cont,rh
11805,230,demo_parcel_230,6,Cont,rh
11806,230,demo_parcel_230,6,Cont,rh
11807,230,demo_parcel_230,6,Cont,rh
11808,230,demo_parcel_230,6,Cont,rh
11809,230,demo_parcel_230,6,Cont,rh
11810,230,demo_parcel_230,6,Cont,rh
11811,230,demo_parcel_230,6,Cont,rh
11812,230,demo_parcel_230,6,Cont,rh
11813,230,demo_parcel_230,6,Cont,rh
11814,231,demo_parcel_231,7,Default,rh
11815,231,demo_parcel_231,7,Default,rh
11816,231,demo_parcel_231,7,Default,rh
11817,231,demo_parcel_231,7,Default,rh
11818,231,demo_parcel_231,7,Default,rh
11819,231,demo_parcel_231,7,Default,rh
11820,231,demo_parcel_231,7,Default,rh
11821,231,demo_parcel_231,7,Default,rh
11822,231,demo_parcel_231,7,Default,rh
11823,231,demo_parcel_231,7,Default,rh
11824,231,demo_parcel_231,7,Default,rh
11825,231,demo_parcel_231,7,Default,rh
11826,231,demo_parcel_231,7,Default,rh
11827,231,demo_parcel_231,7,Default,rh
11828,231,demo_parcel_231,7,Default,rh
11829,231,demo_parcel_231,7,Default,rh
11830,231,demo_parcel_231,7,Default,rh
11831,231,demo_parcel_231,7,Default,rh
11832,231,demo_parcel_231,7,Default,rh
11833,231,demo_parcel_231,7,Default,rh
11834,231,demo_parcel_231,7,Default,rh
11835,231,demo_parcel_231,7,Default,rh
11836,231,demo_parcel_231,7,Default,rh
11837,231,demo_parcel_231,7,Default,rh
11838,231,demo_parcel_231,7,Default,rh
11839,231,demo_parcel_231,7,Default,rh
11840,231,demo_parcel_231,7,Default,rh
11841,231,demo_parcel_231,7,Default,rh
11842,231,demo_parcel_231,7,Default,rh
11843,231,demo_parcel_231,7,Default,rh
11844,231,demo_parcel_231,7,Default,rh
11845,231,demo_parcel_231,7,Default,rh
11846,231,demo_parcel_231,7,Default,rh
11847,231,demo_parcel_231,7,Default,rh
11848,231,demo_parcel_231,7,Default,rh
11849,231,demo_parcel_231,7,Default,rh
11850,231,demo_parcel_231,7,Default,rh
11851,231,demo_parcel_231,7,Default,rh
11852,231,demo_parcel_231,7,Default,rh
11853,231,demo_parcel_231,7,Default,rh
11854,231,demo_parcel_231,7,Default,rh
11855,231,demo_parcel_231,7,Default,rh
11856,231,demo_parcel_231,7,Default,rh
11857,231,demo_parcel_231,7,Default,rh
11858,231,demo_parcel_231,7,Default,rh
11859,231,demo_parcel_231,7,Default,rh
11860,231,demo_parcel_231,7,Default,rh
11861,231,demo_parcel_231,7,Default,rh
11862,231,demo_parcel_231,7,Default,rh
11863,231,demo_parcel_231,7,Default,rh
11864,231,demo_parcel_231,7,Default,rh
11865,232,demo_parcel_232,1,Vis,rh
11866,232,demo_parcel_232,1,Vis,rh
11867,232,demo_parcel_232,1,Vis,rh
11868,232,demo_parcel_232,1,Vis,rh
11869,232,demo_parcel_232,1,Vis,rh
11870,232,demo_parcel_232,1,Vis,rh
11871,232,demo_parcel_232,1,Vis,rh
11872,232,demo_parcel_232,1,Vis,rh
11873,232,demo_parcel_232,1,Vis,rh
11874,232,demo_parcel_232,1,Vis,rh
11875,232,demo_parcel_232,1,Vis,rh
11876,232,demo_parcel_232,1,Vis,rh
11877,232,demo_parcel_232,1,Vis,rh
11878,232,demo_parcel_232,1,Vis,rh
11879,232,demo_parcel_232,1,Vis,rh
11880,232,demo_parcel_232,1,Vis,rh
11881,232,demo_parcel_232,1,Vis,rh
11882,232,demo_parcel_232,1,Vis,rh
11883,232,demo_parcel_232,1,Vis,rh
11884,232,demo_parcel_232,1,Vis,rh
11885,232,demo_parcel_232,1,Vis,rh
11886,232,demo_parcel_232,1,Vis,rh
11887,232,demo_parcel_232,1,Vis,rh
11888,232,demo_parcel_232,1,Vis,rh
11889,232,demo_parcel_232,1,Vis,rh
11890,232,demo_parcel_232,1,Vis,rh
11891,232,demo_parcel_232,1,Vis,rh
11892,232,demo_parcel_232,1,Vis,rh
11893,232,demo_parcel_232,1,Vis,rh
11894,232,demo_parcel_232,1,Vis,rh
11895,232,demo_parcel_232,1,Vis,rh
11896,232,demo_parcel_232,1,Vis,rh
11897,232,demo_parcel_232,1,Vis,rh
11898,232,demo_parcel_232,1,Vis,rh
11899,232,demo_parcel_232,1,Vis,rh
11900,232,demo_parcel_232,1,Vis,rh
11901,232,demo_parcel_232,1,Vis,rh
11902,232,demo_parcel_232,1,Vis,rh
11903,232,demo_parcel_232,1,Vis,rh
11904,232,demo_parcel_232,1,Vis,rh
11905,232,demo_parcel_232,1,Vis,rh
11906,232,demo_parcel_232,1,Vis,rh
11907,232,demo_parcel_232,1,Vis,rh
11908,232,demo_parcel_232,1,Vis,rh
11909,232,demo_parcel_232,1,Vis,rh
11910,232,demo_parcel_232,1,Vis,rh
11911,232,demo_parcel_232,1,Vis,rh
11912,232,demo_parcel_232,1,Vis,rh
11913,232,demo_parcel_232,1,Vis,rh
11914,232,demo_parcel_232,1,Vis,rh
11915,232,demo_parcel_232,1,Vis,rh
11916,233,demo_parcel_233,2,SomMot,rh
11917,233,demo_parcel_233,2,SomMot,rh
11918,233,demo_parcel_233,2,SomMot,rh
11919,233,demo_parcel_233,2,SomMot,rh
11920,233,demo_parcel_233,2,SomMot,rh
11921,233,demo_parcel_233,2,SomMot,rh
11922,233,demo_parcel_233,2,SomMot,rh
11923,233,demo_parcel_233,2,SomMot,rh
11924,233,demo_parcel_233,2,SomMot,rh
11925,233,demo_parcel_233,2,SomMot,rh
11926,233,demo_parcel_233,2,SomMot,rh
11927,233,demo_parcel_233,2,SomMot,rh
11928,233,demo_parcel_233,2,SomMot,rh
11929,233,demo_parcel_233,2,SomMot,rh
11930,233,demo_parcel_233,2,SomMot,rh
11931,233,demo_parcel_233,2,SomMot,rh
11932,233,demo_parcel_233,2,SomMot,rh
11933,233,demo_parcel_233,2,SomMot,rh
11934,233,demo_parcel_233,2,SomMot,rh
11935,233,demo_parcel_233,2,SomMot,rh
11936,233,demo_parcel_233,2,SomMot,rh
11937,233,demo_parcel_233,2,SomMot,rh
11938,233,demo_parcel_233,2,SomMot,rh
11939,233,demo_parcel_233,2,SomMot,rh
11940,233,demo_parcel_233,2,SomMot,rh
11941,233,demo_parcel_233,2,SomMot,rh
11942,233,demo_parcel_233,2,SomMot,rh
11943,233,demo_parcel_233,2,SomMot,rh
11944,233,demo_parcel_233,2,SomMot,rh
11945,233,demo_parcel_233,2,SomMot,rh
11946,233,demo_parcel_233,2,SomMot,rh
11947,233,demo_parcel_233,2,SomMot,rh
11948,233,demo_parcel_233,2,SomMot,rh
11949,233,demo_parcel_233,2,SomMot,rh
11950,233,demo_parcel_233,2,SomMot,rh
11951,233,demo_parcel_233,2,SomMot,rh
11952,233,demo_parcel_233,2,SomMot,rh
11953,233,demo_parcel_233,2,SomMot,rh
11954,233,demo_parcel_233,2,SomMot,rh
11955,233,demo_parcel_233,2,SomMot,rh
11956,233,demo_parcel_233,2,SomMot,rh
11957,233,demo_parcel_233,2,SomMot,rh
11958,233,demo_parcel_233,2,SomMot,rh
11959,233,demo_parcel_233,2,SomMot,rh
11960,233,demo_parcel_233,2,SomMot,rh
11961,233,demo_parcel_233,2,SomMot,rh
11962,233,demo_parcel_233,2,SomMot,rh
11963,233,demo_parcel_233,2,SomMot,rh
11964,233,demo_parcel_233,2,SomMot,rh
11965,233,demo_parcel_233,2,SomMot,rh
11966,233,demo_parcel_233,2,SomMot,rh
11967,234,demo_parcel_234,3,DorsAttn,rh
11968,234,demo_parcel_234,3,DorsAttn,rh
11969,234,demo_parcel_234,3,DorsAttn,rh
11970,234,demo_parcel_234,3,DorsAttn,rh
11971,234,demo_parcel_234,3,DorsAttn,rh
11972,234,demo_parcel_234,3,DorsAttn,rh
11973,234,demo_parcel_234,3,DorsAttn,rh
11974,234,demo_parcel_234,3,DorsAttn,rh
11975,234,demo_parcel_234,3,DorsAttn,rh
11976,234,demo_parcel_234,3,DorsAttn,rh
11977,234,demo_parcel_234,3,DorsAttn,rh
11978,234,demo_parcel_234,3,DorsAttn,rh
11979,234,demo_parcel_234,3,DorsAttn,rh
11980,234,demo_parcel_234,3,DorsAttn,rh
11981,234,demo_parcel_234,3,DorsAttn,rh
11982,234,demo_parcel_234,3,DorsAttn,rh
11983,234,demo_parcel_234,3,DorsAttn,rh
11984,234,demo_parcel_234,3,DorsAttn,rh
11985,234,demo_parcel_234,3,DorsAttn,rh
11986,234,demo_parcel_234,3,DorsAttn,rh
11987,234,demo_parcel_234,3,DorsAttn,rh
11988,234,demo_parcel_234,3,DorsAttn,rh
11989,234,demo_parcel_234,3,DorsAttn,rh
11990,234,demo_parcel_234,3,DorsAttn,rh
11991,234,demo_parcel_234,3,DorsAttn,rh
11992,234,demo_parcel_234,3,DorsAttn,rh
11993,234,demo_parcel_234,3,DorsAttn,rh
11994,234,demo_parcel_234,3,DorsAttn,rh
11995,234,demo_parcel_234,3,DorsAttn,rh
11996,234,demo_parcel_234,3,DorsAttn,rh
11997,234,demo_parcel_234,3,DorsAttn,rh
11998,234,demo_parcel_234,3,DorsAttn,rh
11999,234,demo_parcel_234,3,DorsAttn,rh
12000,234,demo_parcel_234,3,DorsAttn,rh
12001,234,demo_parcel_234,3,DorsAttn,rh
12002,234,demo_parcel_234,3,DorsAttn,rh
12003,234,demo_parcel_234,3,DorsAttn,rh
12004,234,demo_parcel_234,3,DorsAttn,rh
12005,234,demo_parcel_234,3,DorsAttn,rh
12006,234,demo_parcel_234,3,DorsAttn,rh
12007,234,demo_parcel_234,3,DorsAttn,rh
12008,234,demo_parcel_234,3,DorsAttn,rh
12009,234,demo_parcel_234,3,DorsAttn,rh
12010,234,demo_parcel_234,3,DorsAttn,rh
12011,234,demo_parcel_234,3,DorsAttn,rh
12012,234,demo_parcel_234,3,DorsAttn,rh
12013,234,demo_parcel_234,3,DorsAttn,rh
12014,234,demo_parcel_234,3,DorsAttn,rh
12015,234,demo_parcel_234,3,DorsAttn,rh
12016,234,demo_parcel_234,3,DorsAttn,rh
12017,234,demo_parcel_234,3,DorsAttn,rh
12018,235,demo_parcel_235,4,SalVentAttn,rh
12019,235,demo_parcel_235,4,SalVentAttn,rh
12020,235,demo_parcel_235,4,SalVentAttn,rh
12021,235,demo_parcel_235,4,SalVentAttn,rh
12022,235,demo_parcel_235,4,SalVentAttn,rh
12023,235,demo_parcel_235,4,SalVentAttn,rh
12024,235,demo_parcel_235,4,SalVentAttn,rh
12025,235,demo_parcel_235,4,SalVentAttn,rh
12026,235,demo_parcel_235,4,SalVentAttn,rh
12027,235,demo_parcel_235,4,SalVentAttn,rh
12028,235,demo_parcel_235,4,SalVentAttn,rh
12029,235,demo_parcel_235,4,SalVentAttn,rh
12030,235,demo_parcel_235,4,SalVentAttn,rh
12031,235,demo_parcel_235,4,SalVentAttn,rh
12032,235,demo_parcel_235,4,SalVentAttn,rh
12033,235,demo_parcel_235,4,SalVentAttn,rh
12034,235,demo_parcel_235,4,SalVentAttn,rh
12035,235,demo_parcel_235,4,SalVentAttn,rh
12036,235,demo_parcel_235,4,SalVentAttn,rh
12037,235,demo_parcel_235,4,SalVentAttn,rh
12038,235,demo_parcel_235,4,SalVentAttn,rh
12039,235,demo_parcel_235,4,SalVentAttn,rh
12040,235,demo_parcel_235,4,SalVentAttn,rh
12041,235,demo_parcel_235,4,SalVentAttn,rh
12042,235,demo_parcel_235,4,SalVentAttn,rh
12043,235,demo_parcel_235,4,SalVentAttn,rh
12044,235,demo_parcel_235,4,SalVentAttn,rh
12045,235,demo_parcel_235,4,SalVentAttn,rh
12046,235,demo_parcel_235,4,SalVentAttn,rh
12047,235,demo_parcel_235,4,SalVentAttn,rh
12048,235,demo_parcel_235,4,SalVentAttn,rh
12049,235,demo_parcel_235,4,SalVentAttn,rh
12050,235,demo_parcel_235,4,SalVentAttn,rh
12051,235,demo_parcel_235,4,SalVentAttn,rh
12052,235,demo_parcel_235,4,SalVentAttn,rh
12053,235,demo_parcel_235,4,SalVentAttn,rh
12054,235,demo_parcel_235,4,SalVentAttn,rh
12055,235,demo_parcel_235,4,SalVentAttn,rh
12056,235,demo_parcel_235,4,SalVentAttn,rh
12057,235,demo_parcel_235,4,SalVentAttn,rh
12058,235,demo_parcel_235,4,SalVentAttn,rh
12059,235,demo_parcel_235,4,SalVentAttn,rh
12060,235,demo_parcel_235,4,SalVentAttn,rh
12061,235,demo_parcel_235,4,SalVentAttn,rh
12062,235,demo_parcel_235,4,SalVentAttn,rh
12063,235,demo_parcel_235,4,SalVentAttn,rh
12064,235,demo_parcel_235,4,SalVentAttn,rh
12065,235,demo_parcel_235,4,SalVentAttn,rh
12066,235,demo_parcel_235,4,SalVentAttn,rh
12067,235,demo_parcel_235,4,SalVentAttn,rh
12068,235,demo_parcel_235,4,SalVentAttn,rh
12069,236,demo_parcel_236,5,Limbic,rh
12070,236,demo_parcel_236,5,Limbic,rh
12071,236,demo_parcel_236,5,Limbic,rh
12072,236,demo_parcel_236,5,Limbic,rh
12073,236,demo_parcel_236,5,Limbic,rh
12074,236,demo_parcel_236,5,Limbic,rh
12075,236,demo_parcel_236,5,Limbic,rh
12076,236,demo_parcel_236,5,Limbic,rh
12077,236,demo_parcel_236,5,Limbic,rh
12078,236,demo_parcel_236,5,Limbic,rh
12079,236,demo_parcel_236,5,Limbic,rh
12080,236,demo_parcel_236,5,Limbic,rh
12081,236,demo_parcel_236,5,Limbic,rh
12082,236,demo_parcel_236,5,Limbic,rh
12083,236,demo_parcel_236,5,Limbic,rh
12084,236,demo_parcel_236,5,Limbic,rh
12085,236,demo_parcel_236,5,Limbic,rh
12086,236,demo_parcel_236,5,Limbic,rh
12087,236,demo_parcel_236,5,Limbic,rh
12088,236,demo_parcel_236,5,Limbic,rh
12089,236,demo_parcel_236,5,Limbic,rh
12090,236,demo_parcel_236,5,Limbic,rh
12091,236,demo_parcel_236,5,Limbic,rh
12092,236,demo_parcel_236,5,Limbic,rh
12093,236,demo_parcel_236,5,Limbic,rh
12094,236,demo_parcel_236,5,Limbic,rh
12095,236,demo_parcel_236,5,Limbic,rh
12096,236,demo_parcel_236,5,Limbic,rh
12097,236,demo_parcel_236,5,Limbic,rh
12098,236,demo_parcel_236,5,Limbic,rh
12099,236,demo_parcel_236,5,Limbic,rh
12100,236,demo_parcel_236,5,Limbic,rh
12101,236,demo_parcel_236,5,Limbic,rh
12102,236,demo_parcel_236,5,Limbic,rh
12103,236,demo_parcel_236,5,Limbic,rh
12104,236,demo_parcel_236,5,Limbic,rh
12105,236,demo_parcel_236,5,Limbic,rh
12106,236,demo_parcel_236,5,Limbic,rh
12107,236,demo_parcel_236,5,Limbic,rh
12108,236,demo_parcel_236,5,Limbic,rh
12109,236,demo_parcel_236,5,Limbic,rh
12110,236,demo_parcel_236,5,Limbic,rh
12111,236,demo_parcel_236,5,Limbic,rh
12112,236,demo_parcel_236,5,Limbic,rh
12113,236,demo_parcel_236,5,Limbic,rh
12114,236,demo_parcel_236,5,Limbic,rh
12115,236,demo_parcel_236,5,Limbic,rh
12116,236,demo_parcel_236,5,Limbic,rh
12117,236,demo_parcel_236,5,Limbic,rh
12118,236,demo_parcel_236,5,Limbic,rh
12119,236,demo_parcel_236,5,Limbic,rh
12120,237,demo_parcel_237,6,Cont,rh
12121,237,demo_parcel_237,6,Cont,rh
12122,237,demo_parcel_237,6,Cont,rh
12123,237,demo_parcel_237,6,Cont,rh
12124,237,demo_parcel_237,6,Cont,rh
12125,237,demo_parcel_237,6,Cont,rh
12126,237,demo_parcel_237,6,Cont,rh
12127,237,demo_parcel_237,6,Cont,rh
12128,237,demo_parcel_237,6,Cont,rh
12129,237,demo_parcel_237,6,Cont,rh
12130,237,demo_parcel_237,6,Cont,rh
12131,237,demo_parcel_237,6,Cont,rh
12132,237,demo_parcel_237,6,Cont,rh
12133,237,demo_parcel_237,6,Cont,rh
12134,237,demo_parcel_237,6,Cont,rh
12135,237,demo_parcel_237,6,Cont,rh
12136,237,demo_parcel_237,6,Cont,rh
12137,237,demo_parcel_237,6,Cont,rh
12138,237,demo_parcel_237,6,Cont,rh
12139,237,demo_parcel_237,6,Cont,rh
12140,237,demo_parcel_237,6,Cont,rh
12141,237,demo_parcel_237,6,Cont,rh
12142,237,demo_parcel_237,6,Cont,rh
12143,237,demo_parcel_237,6,Cont,rh
12144,237,demo_parcel_237,6,Cont,rh
12145,237,demo_parcel_237,6,Cont,rh
12146,237,demo_parcel_237,6,Cont,rh
12147,237,demo_parcel_237,6,Cont,rh
12148,237,demo_parcel_237,6,Cont,rh
12149,237,demo_parcel_237,6,Cont,rh
12150,237,demo_parcel_237,6,Cont,rh
12151,237,demo_parcel_237,6,Cont,rh
12152,237,demo_parcel_237,6,Cont,rh
12153,237,demo_parcel_237,6,Cont,rh
12154,237,demo_parcel_237,6,Cont,rh
12155,237,demo_parcel_237,6,Cont,rh
12156,237,demo_parcel_237,6,Cont,rh
12157,237,demo_parcel_237,6,Cont,rh
12158,237,demo_parcel_237,6,Cont,rh
12159,237,demo_parcel_237,6,Cont,rh
12160,237,demo_parcel_237,6,Cont,rh
12161,237,demo_parcel_237,6,Cont,rh
12162,237,demo_parcel_237,6,Cont,rh
12163,237,demo_parcel_237,6,Cont,rh
12164,237,demo_parcel_237,6,Cont,rh
12165,237,demo_parcel_237,6,Cont,rh
12166,237,demo_parcel_237,6,Cont,rh
12167,237,demo_parcel_237,6,Cont,rh
12168,237,demo_parcel_237,6,Cont,rh
12169,237,demo_parcel_237,6,Cont,rh
12170,237,demo_parcel_237,6,Cont,rh
12171,238,demo_parcel_238,7,Default,rh
12172,238,demo_parcel_238,7,Default,rh
12173,238,demo_parcel_238,7,Default,rh
12174,238,demo_parcel_238,7,Default,rh
12175,238,demo_parcel_238,7,Default,rh
12176,238,demo_parcel_238,7,Default,rh
12177,238,demo_parcel_238,7,Default,rh
12178,238,demo_parcel_238,7,Default,rh
12179,238,demo_parcel_238,7,Default,rh
12180,238,demo_parcel_238,7,Default,rh
12181,238,demo_parcel_238,7,Default,rh
12182,238,demo_parcel_238,7,Default,rh
12183,238,demo_parcel_238,7,Default,rh
12184,238,demo_parcel_238,7,Default,rh
12185,238,demo_parcel_238,7,Default,rh
12186,238,demo_parcel_238,7,Default,rh
12187,238,demo_parcel_238,7,Default,rh
12188,238,demo_parcel_238,7,Default,rh
12189,238,demo_parcel_238,7,Default,rh
12190,238,demo_parcel_238,7,Default,rh
12191,238,demo_parcel_238,7,Default,rh
12192,238,demo_parcel_238,7,Default,rh
12193,238,demo_parcel_238,7,Default,rh
12194,238,demo_parcel_238,7,Default,rh
12195,238,demo_parcel_238,7,Default,rh
12196,238,demo_parcel_238,7,Default,rh
12197,238,demo_parcel_238,7,Default,rh
12198,238,demo_parcel_238,7,Default,rh
12199,238,demo_parcel_238,7,Default,rh
12200,238,demo_parcel_238,7,Default,rh
12201,238,demo_parcel_238,7,Default,rh
12202,238,demo_parcel_238,7,Default,rh
12203,238,demo_parcel_238,7,Default,rh
12204,238,demo_parcel_238,7,Default,rh
12205,238,demo_parcel_238,7,Default,rh
12206,238,demo_parcel_238,7,Default,rh
12207,238,demo_parcel_238,7,Default,rh
12208,238,demo_parcel_238,7,Default,rh
12209,238,demo_parcel_238,7,Default,rh
12210,238,demo_parcel_238,7,Default,rh
12211,238,demo_parcel_238,7,Default,rh
12212,238,demo_parcel_238,7,Default,rh
12213,238,demo_parcel_238,7,Default,rh
12214,238,demo_parcel_238,7,Default,rh
12215,238,demo_parcel_238,7,Default,rh
12216,238,demo_parcel_238,7,Default,rh
12217,238,demo_parcel_238,7,Default,rh
12218,238,demo_parcel_238,7,Default,rh
12219,238,demo_parcel_238,7,Default,rh
12220,238,demo_parcel_238,7,Default,rh
12221,238,demo_parcel_238,7,Default,rh
12222,239,demo_parcel_239,1,Vis,rh
12223,239,demo_parcel_239,1,Vis,rh
12224,239,demo_parcel_239,1,Vis,rh
12225,239,demo_parcel_239,1,Vis,rh
12226,239,demo_parcel_239,1,Vis,rh
12227,239,demo_parcel_239,1,Vis,rh
12228,239,demo_parcel_239,1,Vis,rh
12229,239,demo_parcel_239,1,Vis,rh
12230,239,demo_parcel_239,1,Vis,rh
12231,239,demo_parcel_239,1,Vis,rh
12232,239,demo_parcel_239,1,Vis,rh
12233,239,demo_parcel_239,1,Vis,rh
12234,239,demo_parcel_239,1,Vis,rh
12235,239,demo_parcel_239,1,Vis,rh
12236,239,demo_parcel_239,1,Vis,rh
12237,239,demo_parcel_239,1,Vis,rh
12238,239,demo_parcel_239,1,Vis,rh
12239,239,demo_parcel_239,1,Vis,rh
12240,239,demo_parcel_239,1,Vis,rh
12241,239,demo_parcel_239,1,Vis,rh
12242,239,demo_parcel_239,1,Vis,rh
12243,239,demo_parcel_239,1,Vis,rh
12244,239,demo_parcel_239,1,Vis,rh
12245,239,demo_parcel_239,1,Vis,rh
12246,239,demo_parcel_239,1,Vis,rh
12247,239,demo_parcel_239,1,Vis,rh
12248,239,demo_parcel_239,1,Vis,rh
12249,239,demo_parcel_239,1,Vis,rh
12250,239,demo_parcel_239,1,Vis,rh
12251,239,demo_parcel_239,1,Vis,rh
12252,239,demo_parcel_239,1,Vis,rh
12253,239,demo_parcel_239,1,Vis,rh
12254,239,demo_parcel_239,1,Vis,rh
12255,239,demo_parcel_239,1,Vis,rh
12256,239,demo_parcel_239,1,Vis,rh
12257,239,demo_parcel_239,1,Vis,rh
12258,239,demo_parcel_239,1,Vis,rh
12259,239,demo_parcel_239,1,Vis,rh
12260,239,demo_parcel_239,1,Vis,rh
12261,239,demo_parcel_239,1,Vis,rh
12262,239,demo_parcel_239,1,Vis,rh
12263,239,demo_parcel_239,1,Vis,rh
12264,239,demo_parcel_239,1,Vis,rh
12265,239,demo_parcel_239,1,Vis,rh
12266,239,demo_parcel_239,1,Vis,rh
12267,239,demo_parcel_239,1,Vis,rh
12268,239,demo_parcel_239,1,Vis,rh
12269,239,demo_parcel_239,1,Vis,rh
12270,239,demo_parcel_239,1,Vis,rh
12271,239,demo_parcel_239,1,Vis,rh
12272,239,demo_parcel_239,1,Vis,rh
12273,240,demo_parcel_240,2,SomMot,rh
12274,240,demo_parcel_240,2,SomMot,rh
12275,240,demo_parcel_240,2,SomMot,rh
12276,240,demo_parcel_240,2,SomMot,rh
12277,240,demo_parcel_240,2,SomMot,rh
12278,240,demo_parcel_240,2,SomMot,rh
12279,240,demo_parcel_240,2,SomMot,rh
12280,240,demo_parcel_240,2,SomMot,rh
12281,240,demo_parcel_240,2,SomMot,rh
12282,240,demo_parcel_240,2,SomMot,rh
12283,240,demo_parcel_240,2,SomMot,rh
12284,240,demo_parcel_240,2,SomMot,rh
12285,240,demo_parcel_240,2,SomMot,rh
12286,240,demo_parcel_240,2,SomMot,rh
12287,240,demo_parcel_240,2,SomMot,rh
12288,240,demo_parcel_240,2,SomMot,rh
12289,240,demo_parcel_240,2,SomMot,rh
12290,240,demo_parcel_240,2,SomMot,rh
12291,240,demo_parcel_240,2,SomMot,rh
12292,240,demo_parcel_240,2,SomMot,rh
12293,240,demo_parcel_240,2,SomMot,rh
12294,240,demo_parcel_240,2,SomMot,rh
12295,240,demo_parcel_240,2,SomMot,rh
12296,240,demo_parcel_240,2,SomMot,rh
12297,240,demo_parcel_240,2,SomMot,rh
12298,240,demo_parcel_240,2,SomMot,rh
12299,240,demo_parcel_240,2,SomMot,rh
12300,240,demo_parcel_240,2,SomMot,rh
12301,240,demo_parcel_240,2,SomMot,rh
12302,240,demo_parcel_240,2,SomMot,rh
12303,240,demo_parcel_240,2,SomMot,rh
12304,240,demo_parcel_240,2,SomMot,rh
12305,240,demo_parcel_240,2,SomMot,rh
12306,240,demo_parcel_240,2,SomMot,rh
12307,240,demo_parcel_240,2,SomMot,rh
12308,240,demo_parcel_240,2,SomMot,rh
12309,240,demo_parcel_240,2,SomMot,rh
12310,240,demo_parcel_240,2,SomMot,rh
12311,240,demo_parcel_240,2,SomMot,rh
12312,240,demo_parcel_240,2,SomMot,rh
12313,240,demo_parcel_240,2,SomMot,rh
12314,240,demo_parcel_240,2,SomMot,rh
12315,240,demo_parcel_240,2,SomMot,rh
12316,240,demo_parcel_240,2,SomMot,rh
12317,240,demo_parcel_240,2,SomMot,rh
12318,240,demo_parcel_240,2,SomMot,rh
12319,240,demo_parcel_240,2,SomMot,rh
12320,240,demo_parcel_240,2,SomMot,rh
12321,240,demo_parcel_240,2,SomMot,rh
12322,240,demo_parcel_240,2,SomMot,rh
12323,240,demo_parcel_240,2,SomMot,rh
12324,241,demo_parcel_241,3,DorsAttn,rh
12325,241,demo_parcel_241,3,DorsAttn,rh
12326,241,demo_parcel_241,3,DorsAttn,rh
12327,241,demo_parcel_241,3,DorsAttn,rh
12328,241,demo_parcel_241,3,DorsAttn,rh
12329,241,demo_parcel_241,3,DorsAttn,rh
12330,241,demo_parcel_241,3,DorsAttn,rh
12331,241,demo_parcel_241,3,DorsAttn,rh
12332,241,demo_parcel_241,3,DorsAttn,rh
12333,241,demo_parcel_241,3,DorsAttn,rh
12334,241,demo_parcel_241,3,DorsAttn,rh
12335,241,demo_parcel_241,3,DorsAttn,rh
12336,241,demo_parcel_241,3,DorsAttn,rh
12337,241,demo_parcel_241,3,DorsAttn,rh
12338,241,demo_parcel_241,3,DorsAttn,rh
12339,241,demo_parcel_241,3,DorsAttn,rh
12340,241,demo_parcel_241,3,DorsAttn,rh
12341,241,demo_parcel_241,3,DorsAttn,rh
12342,241,demo_parcel_241,3,DorsAttn,rh
12343,241,demo_parcel_241,3,DorsAttn,rh
12344,241,demo_parcel_241,3,DorsAttn,rh
12345,241,demo_parcel_241,3,DorsAttn,rh
12346,241,demo_parcel_241,3,DorsAttn,rh
12347,241,demo_parcel_241,3,DorsAttn,rh
12348,241,demo_parcel_241,3,DorsAttn,rh
12349,241,demo_parcel_241,3,DorsAttn,rh
12350,241,demo_parcel_241,3,DorsAttn,rh
12351,241,demo_parcel_241,3,DorsAttn,rh
12352,241,demo_parcel_241,3,DorsAttn,rh
12353,241,demo_parcel_241,3,DorsAttn,rh
12354,241,demo_parcel_241,3,DorsAttn,rh
12355,241,demo_parcel_241,3,DorsAttn,rh
12356,241,demo_parcel_241,3,DorsAttn,rh
12357,241,demo_parcel_241,3,DorsAttn,rh
12358,241,demo_parcel_241,3,DorsAttn,rh
12359,241,demo_parcel_241,3,DorsAttn,rh
12360,241,demo_parcel_241,3,DorsAttn,rh
12361,241,demo_parcel_241,3,DorsAttn,rh
12362,241,demo_parcel_241,3,DorsAttn,rh
12363,241,demo_parcel_241,3,DorsAttn,rh
12364,241,demo_parcel_241,3,DorsAttn,rh
12365,241,demo_parcel_241,3,DorsAttn,rh
12366,241,demo_parcel_241,3,DorsAttn,rh
12367,241,demo_parcel_241,3,DorsAttn,rh
12368,241,demo_parcel_241,3,DorsAttn,rh
12369,241,demo_parcel_241,3,DorsAttn,rh
12370,241,demo_parcel_241,3,DorsAttn,rh
12371,241,demo_parcel_241,3,DorsAttn,rh
12372,241,demo_parcel_241,3,DorsAttn,rh
12373,241,demo_parcel_241,3,DorsAttn,rh
12374,241,demo_parcel_241,3,DorsAttn,rh
12375,242,demo_parcel_242,4,SalVentAttn,rh
12376,242,demo_parcel_242,4,SalVentAttn,rh
12377,242,demo_parcel_242,4,SalVentAttn,rh
12378,242,demo_parcel_242,4,SalVentAttn,rh
12379,242,demo_parcel_242,4,SalVentAttn,rh
12380,242,demo_parcel_242,4,SalVentAttn,rh
12381,242,demo_parcel_242,4,SalVentAttn,rh
12382,242,demo_parcel_242,4,SalVentAttn,rh
12383,242,demo_parcel_242,4,SalVentAttn,rh
12384,242,demo_parcel_242,4,SalVentAttn,rh
12385,242,demo_parcel_242,4,SalVentAttn,rh
12386,242,demo_parcel_242,4,SalVentAttn,rh
12387,242,demo_parcel_242,4,SalVentAttn,rh
12388,242,demo_parcel_242,4,SalVentAttn,rh
12389,242,demo_parcel_242,4,SalVentAttn,rh
12390,242,demo_parcel_242,4,SalVentAttn,rh
12391,242,demo_parcel_242,4,SalVentAttn,rh
12392,242,demo_parcel_242,4,SalVentAttn,rh
12393,242,demo_parcel_242,4,SalVentAttn,rh
12394,242,demo_parcel_242,4,SalVentAttn,rh
12395,242,demo_parcel_242,4,SalVentAttn,rh
12396,242,demo_parcel_242,4,SalVentAttn,rh
12397,242,demo_parcel_242,4,SalVentAttn,rh
12398,242,demo_parcel_242,4,SalVentAttn,rh
12399,242,demo_parcel_242,4,SalVentAttn,rh
12400,242,demo_parcel_242,4,SalVentAttn,rh
12401,242,demo_parcel_242,4,SalVentAttn,rh
12402,242,demo_parcel_242,4,SalVentAttn,rh
12403,242,demo_parcel_242,4,SalVentAttn,rh
12404,242,demo_parcel_242,4,SalVentAttn,rh
12405,242,demo_parcel_242,4,SalVentAttn,rh
12406,242,demo_parcel_242,4,SalVentAttn,rh
12407,242,demo_parcel_242,4,SalVentAttn,rh
12408,242,demo_parcel_242,4,SalVentAttn,rh
12409,242,demo_parcel_242,4,SalVentAttn,rh
12410,242,demo_parcel_242,4,SalVentAttn,rh
12411,242,demo_parcel_242,4,SalVentAttn,rh
12412,242,demo_parcel_242,4,SalVentAttn,rh
12413,242,demo_parcel_242,4,SalVentAttn,rh
12414,242,demo_parcel_242,4,SalVentAttn,rh
12415,242,demo_parcel_242,4,SalVentAttn,rh
12416,242,demo_parcel_242,4,SalVentAttn,rh
12417,242,demo_parcel_242,4,SalVentAttn,rh
12418,242,demo_parcel_242,4,SalVentAttn,rh
12419,242,demo_parcel_242,4,SalVentAttn,rh
12420,242,demo_parcel_242,4,SalVentAttn,rh
12421,242,demo_parcel_242,4,SalVentAttn,rh
12422,242,demo_parcel_242,4,SalVentAttn,rh
12423,242,demo_parcel_242,4,SalVentAttn,rh
12424,242,demo_parcel_242,4,SalVentAttn,rh
12425,242,demo_parcel_242,4,SalVentAttn,rh
12426,243,demo_parcel_243,5,Limbic,rh
12427,243,demo_parcel_243,5,Limbic,rh
12428,243,demo_parcel_243,5,Limbic,rh
12429,243,demo_parcel_243,5,Limbic,rh
12430,243,demo_parcel_243,5,Limbic,rh
12431,243,demo_parcel_243,5,Limbic,rh
12432,243,demo_parcel_243,5,Limbic,rh
12433,243,demo_parcel_243,5,Limbic,rh
12434,243,demo_parcel_243,5,Limbic,rh
12435,243,demo_parcel_243,5,Limbic,rh
12436,243,demo_parcel_243,5,Limbic,rh
12437,243,demo_parcel_243,5,Limbic,rh
12438,243,demo_parcel_243,5,Limbic,rh
12439,243,demo_parcel_243,5,Limbic,rh
12440,243,demo_parcel_243,5,Limbic,rh
12441,243,demo_parcel_243,5,Limbic,rh
12442,243,demo_parcel_243,5,Limbic,rh
12443,243,demo_parcel_243,5,Limbic,rh
12444,243,demo_parcel_243,5,Limbic,rh
12445,243,demo_parcel_243,5,Limbic,rh
12446,243,demo_parcel_243,5,Limbic,rh
12447,243,demo_parcel_243,5,Limbic,rh
12448,243,demo_parcel_243,5,Limbic,rh
12449,243,demo_parcel_243,5,Limbic,rh
12450,243,demo_parcel_243,5,Limbic,rh
12451,243,demo_parcel_243,5,Limbic,rh
12452,243,demo_parcel_243,5,Limbic,rh
12453,243,demo_parcel_243,5,Limbic,rh
12454,243,demo_parcel_243,5,Limbic,rh
12455,243,demo_parcel_243,5,Limbic,rh
12456,243,demo_parcel_243,5,Limbic,rh
12457,243,demo_parcel_243,5,Limbic,rh
12458,243,demo_parcel_243,5,Limbic,rh
12459,243,demo_parcel_243,5,Limbic,rh
12460,243,demo_parcel_243,5,Limbic,rh
12461,243,demo_parcel_243,5,Limbic,rh
12462,243,demo_parcel_243,5,Limbic,rh
12463,243,demo_parcel_243,5,Limbic,rh
12464,243,demo_parcel_243,5,Limbic,rh
12465,243,demo_parcel_243,5,Limbic,rh
12466,243,demo_parcel_243,5,Limbic,rh
12467,243,demo_parcel_243,5,Limbic,rh
12468,243,demo_parcel_243,5,Limbic,rh
12469,243,demo_parcel_243,5,Limbic,rh
12470,243,demo_parcel_243,5,Limbic,rh
12471,243,demo_parcel_243,5,Limbic,rh
12472,243,demo_parcel_243,5,Limbic,rh
12473,243,demo_parcel_243,5,Limbic,rh
12474,243,demo_parcel_243,5,Limbic,rh
12475,243,demo_parcel_243,5,Limbic,rh
12476,243,demo_parcel_243,5,Limbic,rh
12477,244,demo_parcel_244,6,Cont,rh
12478,244,demo_parcel_244,6,Cont,rh
12479,244,demo_parcel_244,6,Cont,rh
12480,244,demo_parcel_244,6,Cont,rh
12481,244,demo_parcel_244,6,Cont,rh
12482,244,demo_parcel_244,6,Cont,rh
12483,244,demo_parcel_244,6,Cont,rh
12484,244,demo_parcel_244,6,Cont,rh
12485,244,demo_parcel_244,6,Cont,rh
12486,244,demo_parcel_244,6,Cont,rh
12487,244,demo_parcel_244,6,Cont,rh
12488,244,demo_parcel_244,6,Cont,rh
12489,244,demo_parcel_244,6,Cont,rh
12490,244,demo_parcel_244,6,Cont,rh
12491,244,demo_parcel_244,6,Cont,rh
12492,244,demo_parcel_244,6,Cont,rh
12493,244,demo_parcel_244,6,Cont,rh
12494,244,demo_parcel_244,6,Cont,rh
12495,244,demo_parcel_244,6,Cont,rh
12496,244,demo_parcel_244,6,Cont,rh
12497,244,demo_parcel_244,6,Cont,rh
12498,244,demo_parcel_244,6,Cont,rh
12499,244,demo_parcel_244,6,Cont,rh
12500,244,demo_parcel_244,6,Cont,rh
12501,244,demo_parcel_244,6,Cont,rh
12502,244,demo_parcel_244,6,Cont,rh
12503,244,demo_parcel_244,6,Cont,rh
12504,244,demo_parcel_244,6,Cont,rh
12505,244,demo_parcel_244,6,Cont,rh
12506,244,demo_parcel_244,6,Cont,rh
12507,244,demo_parcel_244,6,Cont,rh
12508,244,demo_parcel_244,6,Cont,rh
12509,244,demo_parcel_244,6,Cont,rh
12510,244,demo_parcel_244,6,Cont,rh
12511,244,demo_parcel_244,6,Cont,rh
12512,244,demo_parcel_244,6,Cont,rh
12513,244,demo_parcel_244,6,Cont,rh
12514,244,demo_parcel_244,6,Cont,rh
12515,244,demo_parcel_244,6,Cont,rh
12516,244,demo_parcel_244,6,Cont,rh
12517,244,demo_parcel_244,6,Cont,rh
12518,244,demo_parcel_244,6,Cont,rh
12519,244,demo_parcel_244,6,Cont,rh
12520,244,demo_parcel_244,6,Cont,rh
12521,244,demo_parcel_244,6,Cont,rh
12522,244,demo_parcel_244,6,Cont,rh
12523,244,demo_parcel_244,6,Cont,rh
12524,244,demo_parcel_244,6,Cont,rh
12525,244,demo_parcel_244,6,Cont,rh
12526,244,demo_parcel_244,6,Cont,rh
12527,244,demo_parcel_244,6,Cont,rh
12528,245,demo_parcel_245,7,Default,rh
12529,245,demo_parcel_245,7,Default,rh
12530,245,demo_parcel_245,7,Default,rh
12531,245,demo_parcel_245,7,Default,rh
12532,245,demo_parcel_245,7,Default,rh
12533,245,demo_parcel_245,7,Default,rh
12534,245,demo_parcel_245,7,Default,rh
12535,245,demo_parcel_245,7,Default,rh
12536,245,demo_parcel_245,7,Default,rh
12537,245,demo_parcel_245,7,Default,rh
12538,245,demo_parcel_245,7,Default,rh
12539,245,demo_parcel_245,7,Default,rh
12540,245,demo_parcel_245,7,Default,rh
12541,245,demo_parcel_245,7,Default,rh
12542,245,demo_parcel_245,7,Default,rh
12543,245,demo_parcel_245,7,Default,rh
12544,245,demo_parcel_245,7,Default,rh
12545,245,demo_parcel_245,7,Default,rh
12546,245,demo_parcel_245,7,Default,rh
12547,245,demo_parcel_245,7,Default,rh
12548,245,demo_parcel_245,7,Default,rh
12549,245,demo_parcel_245,7,Default,rh
12550,245,demo_parcel_245,7,Default,rh
12551,245,demo_parcel_245,7,Default,rh
12552,245,demo_parcel_245,7,Default,rh
12553,245,demo_parcel_245,7,Default,rh
12554,245,demo_parcel_245,7,Default,rh
12555,245,demo_parcel_245,7,Default,rh
12556,245,demo_parcel_245,7,Default,rh
12557,245,demo_parcel_245,7,Default,rh
12558,245,demo_parcel_245,7,Default,rh
12559,245,demo_parcel_245,7,Default,rh
12560,245,demo_parcel_245,7,Default,rh
12561,245,demo_parcel_245,7,Default,rh
12562,245,demo_parcel_245,7,Default,rh
12563,245,demo_parcel_245,7,Default,rh
12564,245,demo_parcel_245,7,Default,rh
12565,245,demo_parcel_245,7,Default,rh
12566,245,demo_parcel_245,7,Default,rh
12567,245,demo_parcel_245,7,Default,rh
12568,245,demo_parcel_245,7,Default,rh
12569,245,demo_parcel_245,7,Default,rh
12570,245,demo_parcel_245,7,Default,rh
12571,245,demo_parcel_245,7,Default,rh
12572,245,demo_parcel_245,7,Default,rh
12573,245,demo_parcel_245,7,Default,rh
12574,245,demo_parcel_245,7,Default,rh
12575,245,demo_parcel_245,7,Default,rh
12576,245,demo_parcel_245,7,Default,rh
12577,245,demo_parcel_245,7,Default,rh
12578,245,demo_parcel_245,7,Default,rh
12579,246,demo_parcel_246,1,Vis,rh
12580,246,demo_parcel_246,1,Vis,rh
12581,246,demo_parcel_246,1,Vis,rh
12582,246,demo_parcel_246,1,Vis,rh
12583,246,demo_parcel_246,1,Vis,rh
12584,246,demo_parcel_246,1,Vis,rh
12585,246,demo_parcel_246,1,Vis,rh
12586,246,demo_parcel_246,1,Vis,rh
12587,246,demo_parcel_246,1,Vis,rh
12588,246,demo_parcel_246,1,Vis,rh
12589,246,demo_parcel_246,1,Vis,rh
12590,246,demo_parcel_246,1,Vis,rh
12591,246,demo_parcel_246,1,Vis,rh
12592,246,demo_parcel_246,1,Vis,rh
12593,246,demo_parcel_246,1,Vis,rh
12594,246,demo_parcel_246,1,Vis,rh
12595,246,demo_parcel_246,1,Vis,rh
12596,246,demo_parcel_246,1,Vis,rh
12597,246,demo_parcel_246,1,Vis,rh
12598,246,demo_parcel_246,1,Vis,rh
12599,246,demo_parcel_246,1,Vis,rh
12600,246,demo_parcel_246,1,Vis,rh
12601,246,demo_parcel_246,1,Vis,rh
12602,246,demo_parcel_246,1,Vis,rh
12603,246,demo_parcel_246,1,Vis,rh
12604,246,demo_parcel_246,1,Vis,rh
12605,246,demo_parcel_246,1,Vis,rh
12606,246,demo_parcel_246,1,Vis,rh
12607,246,demo_parcel_246,1,Vis,rh
12608,246,demo_parcel_246,1,Vis,rh
12609,246,demo_parcel_246,1,Vis,rh
12610,246,demo_parcel_246,1,Vis,rh
12611,246,demo_parcel_246,1,Vis,rh
12612,246,demo_parcel_246,1,Vis,rh
12613,246,demo_parcel_246,1,Vis,rh
12614,246,demo_parcel_246,1,Vis,rh
12615,246,demo_parcel_246,1,Vis,rh
12616,246,demo_parcel_246,1,Vis,rh
12617,246,demo_parcel_246,1,Vis,rh
12618,246,demo_parcel_246,1,Vis,rh
12619,246,demo_parcel_246,1,Vis,rh
12620,246,demo_parcel_246,1,Vis,rh
12621,246,demo_parcel_246,1,Vis,rh
12622,246,demo_parcel_246,1,Vis,rh
12623,246,demo_parcel_246,1,Vis,rh
12624,246,demo_parcel_246,1,Vis,rh
12625,246,demo_parcel_246,1,Vis,rh
12626,246,demo_parcel_246,1,Vis,rh
12627,246,demo_parcel_246,1,Vis,rh
12628,246,demo_parcel_246,1,Vis,rh
12629,246,demo_parcel_246,1,Vis,rh
12630,247,demo_parcel_247,2,SomMot,rh
12631,247,demo_parcel_247,2,SomMot,rh
12632,247,demo_parcel_247,2,SomMot,rh
12633,247,demo_parcel_247,2,SomMot,rh
12634,247,demo_parcel_247,2,SomMot,rh
12635,247,demo_parcel_247,2,SomMot,rh
12636,247,demo_parcel_247,2,SomMot,rh
12637,247,demo_parcel_247,2,SomMot,rh
12638,247,demo_parcel_247,2,SomMot,rh
12639,247,demo_parcel_247,2,SomMot,rh
12640,247,demo_parcel_247,2,SomMot,rh
12641,247,demo_parcel_247,2,SomMot,rh
12642,247,demo_parcel_247,2,SomMot,rh
12643,247,demo_parcel_247,2,SomMot,rh
12644,247,demo_parcel_247,2,SomMot,rh
12645,247,demo_parcel_247,2,SomMot,rh
12646,247,demo_parcel_247,2,SomMot,rh
12647,247,demo_parcel_247,2,SomMot,rh
12648,247,demo_parcel_247,2,SomMot,rh
12649,247,demo_parcel_247,2,SomMot,rh
12650,247,demo_parcel_247,2,SomMot,rh
12651,247,demo_parcel_247,2,SomMot,rh
12652,247,demo_parcel_247,2,SomMot,rh
12653,247,demo_parcel_247,2,SomMot,rh
12654,247,demo_parcel_247,2,SomMot,rh
12655,247,demo_parcel_247,2,SomMot,rh
12656,247,demo_parcel_247,2,SomMot,rh
12657,247,demo_parcel_247,2,SomMot,rh
12658,247,demo_parcel_247,2,SomMot,rh
12659,247,demo_parcel_247,2,SomMot,rh
12660,247,demo_parcel_247,2,SomMot,rh
12661,247,demo_parcel_247,2,SomMot,rh
12662,247,demo_parcel_247,2,SomMot,rh
12663,247,demo_parcel_247,2,SomMot,rh
12664,247,demo_parcel_247,2,SomMot,rh
12665,247,demo_parcel_247,2,SomMot,rh
12666,247,demo_parcel_247,2,SomMot,rh
12667,247,demo_parcel_247,2,SomMot,rh
12668,247,demo_parcel_247,2,SomMot,rh
12669,247,demo_parcel_247,2,SomMot,rh
12670,247,demo_parcel_247,2,SomMot,rh
12671,247,demo_parcel_247,2,SomMot,rh
12672,247,demo_parcel_247,2,SomMot,rh
12673,247,demo_parcel_247,2,SomMot,rh
12674,247,demo_parcel_247,2,SomMot,rh
12675,247,demo_parcel_247,2,SomMot,rh
12676,247,demo_parcel_247,2,SomMot,rh
12677,247,demo_parcel_247,2,SomMot,rh
12678,247,demo_parcel_247,2,SomMot,rh
12679,247,demo_parcel_247,2,SomMot,rh
12680,247,demo_parcel_247,2,SomMot,rh
12681,248,demo_parcel_248,3,DorsAttn,rh
12682,248,demo_parcel_248,3,DorsAttn,rh
12683,248,demo_parcel_248,3,DorsAttn,rh
12684,248,demo_parcel_248,3,DorsAttn,rh
12685,248,demo_parcel_248,3,DorsAttn,rh
12686,248,demo_parcel_248,3,DorsAttn,rh
12687,248,demo_parcel_248,3,DorsAttn,rh
12688,248,demo_parcel_248,3,DorsAttn,rh
12689,248,demo_parcel_248,3,DorsAttn,rh
12690,248,demo_parcel_248,3,DorsAttn,rh
12691,248,demo_parcel_248,3,DorsAttn,rh
12692,248,demo_parcel_248,3,DorsAttn,rh
12693,248,demo_parcel_248,3,DorsAttn,rh
12694,248,demo_parcel_248,3,DorsAttn,rh
12695,248,demo_parcel_248,3,DorsAttn,rh
12696,248,demo_parcel_248,3,DorsAttn,rh
12697,248,demo_parcel_248,3,DorsAttn,rh
12698,248,demo_parcel_248,3,DorsAttn,rh
12699,248,demo_parcel_248,3,DorsAttn,rh
12700,248,demo_parcel_248,3,DorsAttn,rh
12701,248,demo_parcel_248,3,DorsAttn,rh
12702,248,demo_parcel_248,3,DorsAttn,rh
12703,248,demo_parcel_248,3,DorsAttn,rh
12704,248,demo_parcel_248,3,DorsAttn,rh
12705,248,demo_parcel_248,3,DorsAttn,rh
12706,248,demo_parcel_248,3,DorsAttn,rh
12707,248,demo_parcel_248,3,DorsAttn,rh
12708,248,demo_parcel_248,3,DorsAttn,rh
12709,248,demo_parcel_248,3,DorsAttn,rh
12710,248,demo_parcel_248,3,DorsAttn,rh
12711,248,demo_parcel_248,3,DorsAttn,rh
12712,248,demo_parcel_248,3,DorsAttn,rh
12713,248,demo_parcel_248,3,DorsAttn,rh
12714,248,demo_parcel_248,3,DorsAttn,rh
12715,248,demo_parcel_248,3,DorsAttn,rh
12716,248,demo_parcel_248,3,DorsAttn,rh
12717,248,demo_parcel_248,3,DorsAttn,rh
12718,248,demo_parcel_248,3,DorsAttn,rh
12719,248,demo_parcel_248,3,DorsAttn,rh
12720,248,demo_parcel_248,3,DorsAttn,rh
12721,248,demo_parcel_248,3,DorsAttn,rh
12722,248,demo_parcel_248,3,DorsAttn,rh
12723,248,demo_parcel_248,3,DorsAttn,rh
12724,248,demo_parcel_248,3,DorsAttn,rh
12725,248,demo_parcel_248,3,DorsAttn,rh
12726,248,demo_parcel_248,3,DorsAttn,rh
12727,248,demo_parcel_248,3,DorsAttn,rh
12728,248,demo_parcel_248,3,DorsAttn,rh
12729,248,demo_parcel_248,3,DorsAttn,rh
12730,248,demo_parcel_248,3,DorsAttn,rh
12731,248,demo_parcel_248,3,DorsAttn,rh
12732,249,demo_parcel_249,4,SalVentAttn,rh
12733,249,demo_parcel_249,4,SalVentAttn,rh
12734,249,demo_parcel_249,4,SalVentAttn,rh
12735,249,demo_parcel_249,4,SalVentAttn,rh
12736,249,demo_parcel_249,4,SalVentAttn,rh
12737,249,demo_parcel_249,4,SalVentAttn,rh
12738,249,demo_parcel_249,4,SalVentAttn,rh
12739,249,demo_parcel_249,4,SalVentAttn,rh
12740,249,demo_parcel_249,4,SalVentAttn,rh
12741,249,demo_parcel_249,4,SalVentAttn,rh
12742,249,demo_parcel_249,4,SalVentAttn,rh
12743,249,demo_parcel_249,4,SalVentAttn,rh
12744,249,demo_parcel_249,4,SalVentAttn,rh
12745,249,demo_parcel_249,4,SalVentAttn,rh
12746,249,demo_parcel_249,4,SalVentAttn,rh
12747,249,demo_parcel_249,4,SalVentAttn,rh
12748,249,demo_parcel_249,4,SalVentAttn,rh
12749,249,demo_parcel_249,4,SalVentAttn,rh
12750,249,demo_parcel_249,4,SalVentAttn,rh
12751,249,demo_parcel_249,4,SalVentAttn,rh
12752,249,demo_parcel_249,4,SalVentAttn,rh
12753,249,demo_parcel_249,4,SalVentAttn,rh
12754,249,demo_parcel_249,4,SalVentAttn,rh
12755,249,demo_parcel_249,4,SalVentAttn,rh
12756,249,demo_parcel_249,4,SalVentAttn,rh
12757,249,demo_parcel_249,4,SalVentAttn,rh
12758,249,demo_parcel_249,4,SalVentAttn,rh
12759,249,demo_parcel_249,4,SalVentAttn,rh
12760,249,demo_parcel_249,4,SalVentAttn,rh
12761,249,demo_parcel_249,4,SalVentAttn,rh
12762,249,demo_parcel_249,4,SalVentAttn,rh
12763,249,demo_parcel_249,4,SalVentAttn,rh
12764,249,demo_parcel_249,4,SalVentAttn,rh
12765,249,demo_parcel_249,4,SalVentAttn,rh
12766,249,demo_parcel_249,4,SalVentAttn,rh
12767,249,demo_parcel_249,4,SalVentAttn,rh
12768,249,demo_parcel_249,4,SalVentAttn,rh
12769,249,demo_parcel_249,4,SalVentAttn,rh
12770,249,demo_parcel_249,4,SalVentAttn,rh
12771,249,demo_parcel_249,4,SalVentAttn,rh
12772,249,demo_parcel_249,4,SalVentAttn,rh
12773,249,demo_parcel_249,4,SalVentAttn,rh
12774,249,demo_parcel_249,4,SalVentAttn,rh
12775,249,demo_parcel_249,4,SalVentAttn,rh
12776,249,demo_parcel_249,4,SalVentAttn,rh
12777,249,demo_parcel_249,4,SalVentAttn,rh
12778,249,demo_parcel_249,4,SalVentAttn,rh
12779,249,demo_parcel_249,4,SalVentAttn,rh
12780,249,demo_parcel_249,4,SalVentAttn,rh
12781,249,demo_parcel_249,4,SalVentAttn,rh
12782,249,demo_parcel_249,4,SalVentAttn,rh
12783,250,demo_parcel_250,5,Limbic,rh
12784,250,demo_parcel_250,5,Limbic,rh
12785,250,demo_parcel_250,5,Limbic,rh
12786,250,demo_parcel_250,5,Limbic,rh
12787,250,demo_parcel_250,5,Limbic,rh
12788,250,demo_parcel_250,5,Limbic,rh
12789,250,demo_parcel_250,5,Limbic,rh
12790,250,demo_parcel_250,5,Limbic,rh
12791,250,demo_parcel_250,5,Limbic,rh
12792,250,demo_parcel_250,5,Limbic,rh
12793,250,demo_parcel_250,5,Limbic,rh
12794,250,demo_parcel_250,5,Limbic,rh
12795,250,demo_parcel_250,5,Limbic,rh
12796,250,demo_parcel_250,5,Limbic,rh
12797,250,demo_parcel_250,5,Limbic,rh
12798,250,demo_parcel_250,5,Limbic,rh
12799,250,demo_parcel_250,5,Limbic,rh
12800,250,demo_parcel_250,5,Limbic,rh
12801,250,demo_parcel_250,5,Limbic,rh
12802,250,demo_parcel_250,5,Limbic,rh
12803,250,demo_parcel_250,5,Limbic,rh
12804,250,demo_parcel_250,5,Limbic,rh
12805,250,demo_parcel_250,5,Limbic,rh
12806,250,demo_parcel_250,5,Limbic,rh
12807,250,demo_parcel_250,5,Limbic,rh
12808,250,demo_parcel_250,5,Limbic,rh
12809,250,demo_parcel_250,5,Limbic,rh
12810,250,demo_parcel_250,5,Limbic,rh
12811,250,demo_parcel_250,5,Limbic,rh
12812,250,demo_parcel_250,5,Limbic,rh
12813,250,demo_parcel_250,5,Limbic,rh
12814,250,demo_parcel_250,5,Limbic,rh
12815,250,demo_parcel_250,5,Limbic,rh
12816,250,demo_parcel_250,5,Limbic,rh
12817,250,demo_parcel_250,5,Limbic,rh
12818,250,demo_parcel_250,5,Limbic,rh
12819,250,demo_parcel_250,5,Limbic,rh
12820,250,demo_parcel_250,5,Limbic,rh
12821,250,demo_parcel_250,5,Limbic,rh
12822,250,demo_parcel_250,5,Limbic,rh
12823,250,demo_parcel_250,5,Limbic,rh
12824,250,demo_parcel_250,5,Limbic,rh
12825,250,demo_parcel_250,5,Limbic,rh
12826,250,demo_parcel_250,5,Limbic,rh
12827,250,demo_parcel_250,5,Limbic,rh
12828,250,demo_parcel_250,5,Limbic,rh
12829,250,demo_parcel_250,5,Limbic,rh
12830,250,demo_parcel_250,5,Limbic,rh
12831,250,demo_parcel_250,5,Limbic,rh
12832,250,demo_parcel_250,5,Limbic,rh
12833,250,demo_parcel_250,5,Limbic,rh
12834,251,demo_parcel_251,6,Cont,rh
12835,251,demo_parcel_251,6,Cont,rh
12836,251,demo_parcel_251,6,Cont,rh
12837,251,demo_parcel_251,6,Cont,rh
12838,251,demo_parcel_251,6,Cont,rh
12839,251,demo_parcel_251,6,Cont,rh
12840,251,demo_parcel_251,6,Cont,rh
12841,251,demo_parcel_251,6,Cont,rh
12842,251,demo_parcel_251,6,Cont,rh
12843,251,demo_parcel_251,6,Cont,rh
12844,251,demo_parcel_251,6,Cont,rh
12845,251,demo_parcel_251,6,Cont,rh
12846,251,demo_parcel_251,6,Cont,rh
12847,251,demo_parcel_251,6,Cont,rh
12848,251,demo_parcel_251,6,Cont,rh
12849,251,demo_parcel_251,6,Cont,rh
12850,251,demo_parcel_251,6,Cont,rh
12851,251,demo_parcel_251,6,Cont,rh
12852,251,demo_parcel_251,6,Cont,rh
12853,251,demo_parcel_251,6,Cont,rh
12854,251,demo_parcel_251,6,Cont,rh
12855,251,demo_parcel_251,6,Cont,rh
12856,251,demo_parcel_251,6,Cont,rh
12857,251,demo_parcel_251,6,Cont,rh
12858,251,demo_parcel_251,6,Cont,rh
12859,251,demo_parcel_251,6,Cont,rh
12860,251,demo_parcel_251,6,Cont,rh
12861,251,demo_parcel_251,6,Cont,rh
12862,251,demo_parcel_251,6,Cont,rh
12863,251,demo_parcel_251,6,Cont,rh
12864,251,demo_parcel_251,6,Cont,rh
12865,251,demo_parcel_251,6,Cont,rh
12866,251,demo_parcel_251,6,Cont,rh
12867,251,demo_parcel_251,6,Cont,rh
12868,251,demo_parcel_251,6,Cont,rh
12869,251,demo_parcel_251,6,Cont,rh
12870,251,demo_parcel_251,6,Cont,rh
12871,251,demo_parcel_251,6,Cont,rh
12872,251,demo_parcel_251,6,Cont,rh
12873,251,demo_parcel_251,6,Cont,rh
12874,251,demo_parcel_251,6,Cont,rh
12875,251,demo_parcel_251,6,Cont,rh
12876,251,demo_parcel_251,6,Cont,rh
12877,251,demo_parcel_251,6,Cont,rh
12878,251,demo_parcel_251,6,Cont,rh
12879,251,demo_parcel_251,6,Cont,rh
12880,251,demo_parcel_251,6,Cont,rh
12881,251,demo_parcel_251,6,Cont,rh
12882,251,demo_parcel_251,6,Cont,rh
12883,251,demo_parcel_251,6,Cont,rh
12884,251,demo_parcel_251,6,Cont,rh
12885,252,demo_parcel_252,7,Default,rh
12886,252,demo_parcel_252,7,Default,rh
12887,252,demo_parcel_252,7,Default,rh
12888,252,demo_parcel_252,7,Default,rh
12889,252,demo_parcel_252,7,Default,rh
12890,252,demo_parcel_252,7,Default,rh
12891,252,demo_parcel_252,7,Default,rh
12892,252,demo_parcel_252,7,Default,rh
12893,252,demo_parcel_252,7,Default,rh
12894,252,demo_parcel_252,7,Default,rh
12895,252,demo_parcel_252,7,Default,rh
12896,252,demo_parcel_252,7,Default,rh
12897,252,demo_parcel_252,7,Default,rh
12898,252,demo_parcel_252,7,Default,rh
12899,252,demo_parcel_252,7,Default,rh
12900,252,demo_parcel_252,7,Default,rh
12901,252,demo_parcel_252,7,Default,rh
12902,252,demo_parcel_252,7,Default,rh
12903,252,demo_parcel_252,7,Default,rh
12904,252,demo_parcel_252,7,Default,rh
12905,252,demo_parcel_252,7,Default,rh
12906,252,demo_parcel_252,7,Default,rh
12907,252,demo_parcel_252,7,Default,rh
12908,252,demo_parcel_252,7,Default,rh
12909,252,demo_parcel_252,7,Default,rh
12910,252,demo_parcel_252,7,Default,rh
12911,252,demo_parcel_252,7,Default,rh
12912,252,demo_parcel_252,7,Default,rh
12913,252,demo_parcel_252,7,Default,rh
12914,252,demo_parcel_252,7,Default,rh
12915,252,demo_parcel_252,7,Default,rh
12916,252,demo_parcel_252,7,Default,rh
12917,252,demo_parcel_252,7,Default,rh
12918,252,demo_parcel_252,7,Default,rh
12919,252,demo_parcel_252,7,Default,rh
12920,252,demo_parcel_252,7,Default,rh
12921,252,demo_parcel_252,7,Default,rh
12922,252,demo_parcel_252,7,Default,rh
12923,252,demo_parcel_252,7,Default,rh
12924,252,demo_parcel_252,7,Default,rh
12925,252,demo_parcel_252,7,Default,rh
12926,252,demo_parcel_252,7,Default,rh
12927,252,demo_parcel_252,7,Default,rh
12928,252,demo_parcel_252,7,Default,rh
12929,252,demo_parcel_252,7,Default,rh
12930,252,demo_parcel_252,7,Default,rh
12931,252,demo_parcel_252,7,Default,rh
12932,252,demo_parcel_252,7,Default,rh
12933,252,demo_parcel_252,7,Default,rh
12934,252,demo_parcel_252,7,Default,rh
12935,252,demo_parcel_252,7,Default,rh
12936,253,demo_parcel_253,1,Vis,rh
12937,253,demo_parcel_253,1,Vis,rh
12938,253,demo_parcel_253,1,Vis,rh
12939,253,demo_parcel_253,1,Vis,rh
12940,253,demo_parcel_253,1,Vis,rh
12941,253,demo_parcel_253,1,Vis,rh
12942,253,demo_parcel_253,1,Vis,rh
12943,253,demo_parcel_253,1,Vis,rh
12944,253,demo_parcel_253,1,Vis,rh
12945,253,demo_parcel_253,1,Vis,rh
12946,253,demo_parcel_253,1,Vis,rh
12947,253,demo_parcel_253,1,Vis,rh
12948,253,demo_parcel_253,1,Vis,rh
12949,253,demo_parcel_253,1,Vis,rh
12950,253,demo_parcel_253,1,Vis,rh
12951,253,demo_parcel_253,1,Vis,rh
12952,253,demo_parcel_253,1,Vis,rh
12953,253,demo_parcel_253,1,Vis,rh
12954,253,demo_parcel_253,1,Vis,rh
12955,253,demo_parcel_253,1,Vis,rh
12956,253,demo_parcel_253,1,Vis,rh
12957,253,demo_parcel_253,1,Vis,rh
12958,253,demo_parcel_253,1,Vis,rh
12959,253,demo_parcel_253,1,Vis,rh
12960,253,demo_parcel_253,1,Vis,rh
12961,253,demo_parcel_253,1,Vis,rh
12962,253,demo_parcel_253,1,Vis,rh
12963,253,demo_parcel_253,1,Vis,rh
12964,253,demo_parcel_253,1,Vis,rh
12965,253,demo_parcel_253,1,Vis,rh
12966,253,demo_parcel_253,1,Vis,rh
12967,253,demo_parcel_253,1,Vis,rh
12968,253,demo_parcel_253,1,Vis,rh
12969,253,demo_parcel_253,1,Vis,rh
12970,253,demo_parcel_253,1,Vis,rh
12971,253,demo_parcel_253,1,Vis,rh
12972,253,demo_parcel_253,1,Vis,rh
12973,253,demo_parcel_253,1,Vis,rh
12974,253,demo_parcel_253,1,Vis,rh
12975,253,demo_parcel_253,1,Vis,rh
12976,253,demo_parcel_253,1,Vis,rh
12977,253,demo_parcel_253,1,Vis,rh
12978,253,demo_parcel_253,1,Vis,rh
12979,253,demo_parcel_253,1,Vis,rh
12980,253,demo_parcel_253,1,Vis,rh
12981,253,demo_parcel_253,1,Vis,rh
12982,253,demo_parcel_253,1,Vis,rh
12983,253,demo_parcel_253,1,Vis,rh
12984,253,demo_parcel_253,1,Vis,rh
12985,253,demo_parcel_253,1,Vis,rh
12986,253,demo_parcel_253,1,Vis,rh
12987,254,demo_parcel_254,2,SomMot,rh
12988,254,demo_parcel_254,2,SomMot,rh
12989,254,demo_parcel_254,2,SomMot,rh
12990,254,demo_parcel_254,2,SomMot,rh
12991,254,demo_parcel_254,2,SomMot,rh
12992,254,demo_parcel_254,2,SomMot,rh
12993,254,demo_parcel_254,2,SomMot,rh
12994,254,demo_parcel_254,2,SomMot,rh
12995,254,demo_parcel_254,2,SomMot,rh
12996,254,demo_parcel_254,2,SomMot,rh
12997,254,demo_parcel_254,2,SomMot,rh
12998,254,demo_parcel_254,2,SomMot,rh
12999,254,demo_parcel_254,2,SomMot,rh
13000,254,demo_parcel_254,2,SomMot,rh
13001,254,demo_parcel_254,2,SomMot,rh
13002,254,demo_parcel_254,2,SomMot,rh
13003,254,demo_parcel_254,2,SomMot,rh
13004,254,demo_parcel_254,2,SomMot,rh
13005,254,demo_parcel_254,2,SomMot,rh
13006,254,demo_parcel_254,2,SomMot,rh
13007,254,demo_parcel_254,2,SomMot,rh
13008,254,demo_parcel_254,2,SomMot,rh
13009,254,demo_parcel_254,2,SomMot,rh
13010,254,demo_parcel_254,2,SomMot,rh
13011,254,demo_parcel_254,2,SomMot,rh
13012,254,demo_parcel_254,2,SomMot,rh
13013,254,demo_parcel_254,2,SomMot,rh
13014,254,demo_parcel_254,2,SomMot,rh
13015,254,demo_parcel_254,2,SomMot,rh
13016,254,demo_parcel_254,2,SomMot,rh
13017,254,demo_parcel_254,2,SomMot,rh
13018,254,demo_parcel_254,2,SomMot,rh
13019,254,demo_parcel_254,2,SomMot,rh
13020,254,demo_parcel_254,2,SomMot,rh
13021,254,demo_parcel_254,2,SomMot,rh
13022,254,demo_parcel_254,2,SomMot,rh
13023,254,demo_parcel_254,2,SomMot,rh
13024,254,demo_parcel_254,2,SomMot,rh
13025,254,demo_parcel_254,2,SomMot,rh
13026,254,demo_parcel_254,2,SomMot,rh
13027,254,demo_parcel_254,2,SomMot,rh
13028,254,demo_parcel_254,2,SomMot,rh
13029,254,demo_parcel_254,2,SomMot,rh
13030,254,demo_parcel_254,2,SomMot,rh
13031,254,demo_parcel_254,2,SomMot,rh
13032,254,demo_parcel_254,2,SomMot,rh
13033,254,demo_parcel_254,2,SomMot,rh
13034,254,demo_parcel_254,2,SomMot,rh
13035,254,demo_parcel_254,2,SomMot,rh
13036,254,demo_parcel_254,2,SomMot,rh
13037,254,demo_parcel_254,2,SomMot,rh
13038,255,demo_parcel_255,3,DorsAttn,rh
13039,255,demo_parcel_255,3,DorsAttn,rh
13040,255,demo_parcel_255,3,DorsAttn,rh
13041,255,demo_parcel_255,3,DorsAttn,rh
13042,255,demo_parcel_255,3,DorsAttn,rh
13043,255,demo_parcel_255,3,DorsAttn,rh
13044,255,demo_parcel_255,3,DorsAttn,rh
13045,255,demo_parcel_255,3,DorsAttn,rh
13046,255,demo_parcel_255,3,DorsAttn,rh
13047,255,demo_parcel_255,3,DorsAttn,rh
13048,255,demo_parcel_255,3,DorsAttn,rh
13049,255,demo_parcel_255,3,DorsAttn,rh
13050,255,demo_parcel_255,3,DorsAttn,rh
13051,255,demo_parcel_255,3,DorsAttn,rh
13052,255,demo_parcel_255,3,DorsAttn,rh
13053,255,demo_parcel_255,3,DorsAttn,rh
13054,255,demo_parcel_255,3,DorsAttn,rh
13055,255,demo_parcel_255,3,DorsAttn,rh
13056,255,demo_parcel_255,3,DorsAttn,rh
13057,255,demo_parcel_255,3,DorsAttn,rh
13058,255,demo_parcel_255,3,DorsAttn,rh
13059,255,demo_parcel_255,3,DorsAttn,rh
13060,255,demo_parcel_255,3,DorsAttn,rh
13061,255,demo_parcel_255,3,DorsAttn,rh
13062,255,demo_parcel_255,3,DorsAttn,rh
13063,255,demo_parcel_255,3,DorsAttn,rh
13064,255,demo_parcel_255,3,DorsAttn,rh
13065,255,demo_parcel_255,3,DorsAttn,rh
13066,255,demo_parcel_255,3,DorsAttn,rh
13067,255,demo_parcel_255,3,DorsAttn,rh
13068,255,demo_parcel_255,3,DorsAttn,rh
13069,255,demo_parcel_255,3,DorsAttn,rh
13070,255,demo_parcel_255,3,DorsAttn,rh
13071,255,demo_parcel_255,3,DorsAttn,rh
13072,255,demo_parcel_255,3,DorsAttn,rh
13073,255,demo_parcel_255,3,DorsAttn,rh
13074,255,demo_parcel_255,3,DorsAttn,rh
13075,255,demo_parcel_255,3,DorsAttn,rh
13076,255,demo_parcel_255,3,DorsAttn,rh
13077,255,demo_parcel_255,3,DorsAttn,rh
13078,255,demo_parcel_255,3,DorsAttn,rh
13079,255,demo_parcel_255,3,DorsAttn,rh
13080,255,demo_parcel_255,3,DorsAttn,rh
13081,255,demo_parcel_255,3,DorsAttn,rh
13082,255,demo_parcel_255,3,DorsAttn,rh
13083,255,demo_parcel_255,3,DorsAttn,rh
13084,255,demo_parcel_255,3,DorsAttn,rh
13085,255,demo_parcel_255,3,DorsAttn,rh
13086,255,demo_parcel_255,3,DorsAttn,rh
13087,255,demo_parcel_255,3,DorsAttn,rh
13088,255,demo_parcel_255,3,DorsAttn,rh
13089,256,demo_parcel_256,4,SalVentAttn,rh
13090,256,demo_parcel_256,4,SalVentAttn,rh
13091,256,demo_parcel_256,4,SalVentAttn,rh
13092,256,demo_parcel_256,4,SalVentAttn,rh
13093,256,demo_parcel_256,4,SalVentAttn,rh
13094,256,demo_parcel_256,4,SalVentAttn,rh
13095,256,demo_parcel_256,4,SalVentAttn,rh
13096,256,demo_parcel_256,4,SalVentAttn,rh
13097,256,demo_parcel_256,4,SalVentAttn,rh
13098,256,demo_parcel_256,4,SalVentAttn,rh
13099,256,demo_parcel_256,4,SalVentAttn,rh
13100,256,demo_parcel_256,4,SalVentAttn,rh
13101,256,demo_parcel_256,4,SalVentAttn,rh
13102,256,demo_parcel_256,4,SalVentAttn,rh
13103,256,demo_parcel_256,4,SalVentAttn,rh
13104,256,demo_parcel_256,4,SalVentAttn,rh
13105,256,demo_parcel_256,4,SalVentAttn,rh
13106,256,demo_parcel_256,4,SalVentAttn,rh
13107,256,demo_parcel_256,4,SalVentAttn,rh
13108,256,demo_parcel_256,4,SalVentAttn,rh
13109,256,demo_parcel_256,4,SalVentAttn,rh
13110,256,demo_parcel_256,4,SalVentAttn,rh
13111,256,demo_parcel_256,4,SalVentAttn,rh
13112,256,demo_parcel_256,4,SalVentAttn,rh
13113,256,demo_parcel_256,4,SalVentAttn,rh
13114,256,demo_parcel_256,4,SalVentAttn,rh
13115,256,demo_parcel_256,4,SalVentAttn,rh
13116,256,demo_parcel_256,4,SalVentAttn,rh
13117,256,demo_parcel_256,4,SalVentAttn,rh
13118,256,demo_parcel_256,4,SalVentAttn,rh
13119,256,demo_parcel_256,4,SalVentAttn,rh
13120,256,demo_parcel_256,4,SalVentAttn,rh
13121,256,demo_parcel_256,4,SalVentAttn,rh
13122,256,demo_parcel_256,4,SalVentAttn,rh
13123,256,demo_parcel_256,4,SalVentAttn,rh
13124,256,demo_parcel_256,4,SalVentAttn,rh
13125,256,demo_parcel_256,4,SalVentAttn,rh
13126,256,demo_parcel_256,4,SalVentAttn,rh
13127,256,demo_parcel_256,4,SalVentAttn,rh
13128,256,demo_parcel_256,4,SalVentAttn,rh
13129,256,demo_parcel_256,4,SalVentAttn,rh
13130,256,demo_parcel_256,4,SalVentAttn,rh
13131,256,demo_parcel_256,4,SalVentAttn,rh
13132,256,demo_parcel_256,4,SalVentAttn,rh
13133,256,demo_parcel_256,4,SalVentAttn,rh
13134,256,demo_parcel_256,4,SalVentAttn,rh
13135,256,demo_parcel_256,4,SalVentAttn,rh
13136,256,demo_parcel_256,4,SalVentAttn,rh
13137,256,demo_parcel_256,4,SalVentAttn,rh
13138,256,demo_parcel_256,4,SalVentAttn,rh
13139,256,demo_parcel_256,4,SalVentAttn,rh
13140,257,demo_parcel_257,5,Limbic,rh
13141,257,demo_parcel_257,5,Limbic,rh
13142,257,demo_parcel_257,5,Limbic,rh
13143,257,demo_parcel_257,5,Limbic,rh
13144,257,demo_parcel_257,5,Limbic,rh
13145,257,demo_parcel_257,5,Limbic,rh
13146,257,demo_parcel_257,5,Limbic,rh
13147,257,demo_parcel_257,5,Limbic,rh
13148,257,demo_parcel_257,5,Limbic,rh
13149,257,demo_parcel_257,5,Limbic,rh
13150,257,demo_parcel_257,5,Limbic,rh
13151,257,demo_parcel_257,5,Limbic,rh
13152,257,demo_parcel_257,5,Limbic,rh
13153,257,demo_parcel_257,5,Limbic,rh
13154,257,demo_parcel_257,5,Limbic,rh
13155,257,demo_parcel_257,5,Limbic,rh
13156,257,demo_parcel_257,5,Limbic,rh
13157,257,demo_parcel_257,5,Limbic,rh
13158,257,demo_parcel_257,5,Limbic,rh
13159,257,demo_parcel_257,5,Limbic,rh
13160,257,demo_parcel_257,5,Limbic,rh
13161,257,demo_parcel_257,5,Limbic,rh
13162,257,demo_parcel_257,5,Limbic,rh
13163,257,demo_parcel_257,5,Limbic,rh
13164,257,demo_parcel_257,5,Limbic,rh
13165,257,demo_parcel_257,5,Limbic,rh
13166,257,demo_parcel_257,5,Limbic,rh
13167,257,demo_parcel_257,5,Limbic,rh
13168,257,demo_parcel_257,5,Limbic,rh
13169,257,demo_parcel_257,5,Limbic,rh
13170,257,demo_parcel_257,5,Limbic,rh
13171,257,demo_parcel_257,5,Limbic,rh
13172,257,demo_parcel_257,5,Limbic,rh
13173,257,demo_parcel_257,5,Limbic,rh
13174,257,demo_parcel_257,5,Limbic,rh
13175,257,demo_parcel_257,5,Limbic,rh
13176,257,demo_parcel_257,5,Limbic,rh
13177,257,demo_parcel_257,5,Limbic,rh
13178,257,demo_parcel_257,5,Limbic,rh
13179,257,demo_parcel_257,5,Limbic,rh
13180,257,demo_parcel_257,5,Limbic,rh
13181,257,demo_parcel_257,5,Limbic,rh
13182,257,demo_parcel_257,5,Limbic,rh
13183,257,demo_parcel_257,5,Limbic,rh
13184,257,demo_parcel_257,5,Limbic,rh
13185,257,demo_parcel_257,5,Limbic,rh
13186,257,demo_parcel_257,5,Limbic,rh
13187,257,demo_parcel_257,5,Limbic,rh
13188,257,demo_parcel_257,5,Limbic,rh
13189,257,demo_parcel_257,5,Limbic,rh
13190,257,demo_parcel_257,5,Limbic,rh
13191,258,demo_parcel_258,6,Cont,rh
13192,258,demo_parcel_258,6,Cont,rh
13193,258,demo_parcel_258,6,Cont,rh
13194,258,demo_parcel_258,6,Cont,rh
13195,258,demo_parcel_258,6,Cont,rh
13196,258,demo_parcel_258,6,Cont,rh
13197,258,demo_parcel_258,6,Cont,rh
13198,258,demo_parcel_258,6,Cont,rh
13199,258,demo_parcel_258,6,Cont,rh
13200,258,demo_parcel_258,6,Cont,rh
13201,258,demo_parcel_258,6,Cont,rh
13202,258,demo_parcel_258,6,Cont,rh
13203,258,demo_parcel_258,6,Cont,rh
13204,258,demo_parcel_258,6,Cont,rh
13205,258,demo_parcel_258,6,Cont,rh
13206,258,demo_parcel_258,6,Cont,rh
13207,258,demo_parcel_258,6,Cont,rh
13208,258,demo_parcel_258,6,Cont,rh
13209,258,demo_parcel_258,6,Cont,rh
13210,258,demo_parcel_258,6,Cont,rh
13211,258,demo_parcel_258,6,Cont,rh
13212,258,demo_parcel_258,6,Cont,rh
13213,258,demo_parcel_258,6,Cont,rh
13214,258,demo_parcel_258,6,Cont,rh
13215,258,demo_parcel_258,6,Cont,rh
13216,258,demo_parcel_258,6,Cont,rh
13217,258,demo_parcel_258,6,Cont,rh
13218,258,demo_parcel_258,6,Cont,rh
13219,258,demo_parcel_258,6,Cont,rh
13220,258,demo_parcel_258,6,Cont,rh
13221,258,demo_parcel_258,6,Cont,rh
13222,258,demo_parcel_258,6,Cont,rh
13223,258,demo_parcel_258,6,Cont,rh
13224,258,demo_parcel_258,6,Cont,rh
13225,258,demo_parcel_258,6,Cont,rh
13226,258,demo_parcel_258,6,Cont,rh
13227,258,demo_parcel_258,6,Cont,rh
13228,258,demo_parcel_258,6,Cont,rh
13229,258,demo_parcel_258,6,Cont,rh
13230,258,demo_parcel_258,6,Cont,rh
13231,258,demo_parcel_258,6,Cont,rh
13232,258,demo_parcel_258,6,Cont,rh
13233,258,demo_parcel_258,6,Cont,rh
13234,258,demo_parcel_258,6,Cont,rh
13235,258,demo_parcel_258,6,Cont,rh
13236,258,demo_parcel_258,6,Cont,rh
13237,258,demo_parcel_258,6,Cont,rh
13238,258,demo_parcel_258,6,Cont,rh
13239,258,demo_parcel_258,6,Cont,rh
13240,258,demo_parcel_258,6,Cont,rh
13241,258,demo_parcel_258,6,Cont,rh
13242,259,demo_parcel_259,7,Default,rh
13243,259,demo_parcel_259,7,Default,rh
13244,259,demo_parcel_259,7,Default,rh
13245,259,demo_parcel_259,7,Default,rh
13246,259,demo_parcel_259,7,Default,rh
13247,259,demo_parcel_259,7,Default,rh
13248,259,demo_parcel_259,7,Default,rh
13249,259,demo_parcel_259,7,Default,rh
13250,259,demo_parcel_259,7,Default,rh
13251,259,demo_parcel_259,7,Default,rh
13252,259,demo_parcel_259,7,Default,rh
13253,259,demo_parcel_259,7,Default,rh
13254,259,demo_parcel_259,7,Default,rh
13255,259,demo_parcel_259,7,Default,rh
13256,259,demo_parcel_259,7,Default,rh
13257,259,demo_parcel_259,7,Default,rh
13258,259,demo_parcel_259,7,Default,rh
13259,259,demo_parcel_259,7,Default,rh
13260,259,demo_parcel_259,7,Default,rh
13261,259,demo_parcel_259,7,Default,rh
13262,259,demo_parcel_259,7,Default,rh
13263,259,demo_parcel_259,7,Default,rh
13264,259,demo_parcel_259,7,Default,rh
13265,259,demo_parcel_259,7,Default,rh
13266,259,demo_parcel_259,7,Default,rh
13267,259,demo_parcel_259,7,Default,rh
13268,259,demo_parcel_259,7,Default,rh
13269,259,demo_parcel_259,7,Default,rh
13270,259,demo_parcel_259,7,Default,rh
13271,259,demo_parcel_259,7,Default,rh
13272,259,demo_parcel_259,7,Default,rh
13273,259,demo_parcel_259,7,Default,rh
13274,259,demo_parcel_259,7,Default,rh
13275,259,demo_parcel_259,7,Default,rh
13276,259,demo_parcel_259,7,Default,rh
13277,259,demo_parcel_259,7,Default,rh
13278,259,demo_parcel_259,7,Default,rh
13279,259,demo_parcel_259,7,Default,rh
13280,259,demo_parcel_259,7,Default,rh
13281,259,demo_parcel_259,7,Default,rh
13282,259,demo_parcel_259,7,Default,rh
13283,259,demo_parcel_259,7,Default,rh
13284,259,demo_parcel_259,7,Default,rh
13285,259,demo_parcel_259,7,Default,rh
13286,259,demo_parcel_259,7,Default,rh
13287,259,demo_parcel_259,7,Default,rh
13288,259,demo_parcel_259,7,Default,rh
13289,259,demo_parcel_259,7,Default,rh
13290,259,demo_parcel_259,7,Default,rh
13291,259,demo_parcel_259,7,Default,rh
13292,259,demo_parcel_259,7,Default,rh
13293,260,demo_parcel_260,1,Vis,rh
13294,260,demo_parcel_260,1,Vis,rh
13295,260,demo_parcel_260,1,Vis,rh
13296,260,demo_parcel_260,1,Vis,rh
13297,260,demo_parcel_260,1,Vis,rh
13298,260,demo_parcel_260,1,Vis,rh
13299,260,demo_parcel_260,1,Vis,rh
13300,260,demo_parcel_260,1,Vis,rh
13301,260,demo_parcel_260,1,Vis,rh
13302,260,demo_parcel_260,1,Vis,rh
13303,260,demo_parcel_260,1,Vis,rh
13304,260,demo_parcel_260,1,Vis,rh
13305,260,demo_parcel_260,1,Vis,rh
13306,260,demo_parcel_260,1,Vis,rh
13307,260,demo_parcel_260,1,Vis,rh
13308,260,demo_parcel_260,1,Vis,rh
13309,260,demo_parcel_260,1,Vis,rh
13310,260,demo_parcel_260,1,Vis,rh
13311,260,demo_parcel_260,1,Vis,rh
13312,260,demo_parcel_260,1,Vis,rh
13313,260,demo_parcel_260,1,Vis,rh
13314,260,demo_parcel_260,1,Vis,rh
13315,260,demo_parcel_260,1,Vis,rh
13316,260,demo_parcel_260,1,Vis,rh
13317,260,demo_parcel_260,1,Vis,rh
13318,260,demo_parcel_260,1,Vis,rh
13319,260,demo_parcel_260,1,Vis,rh
13320,260,demo_parcel_260,1,Vis,rh
13321,260,demo_parcel_260,1,Vis,rh
13322,260,demo_parcel_260,1,Vis,rh
13323,260,demo_parcel_260,1,Vis,rh
13324,260,demo_parcel_260,1,Vis,rh
13325,260,demo_parcel_260,1,Vis,rh
13326,260,demo_parcel_260,1,Vis,rh
13327,260,demo_parcel_260,1,Vis,rh
13328,260,demo_parcel_260,1,Vis,rh
13329,260,demo_parcel_260,1,Vis,rh
13330,260,demo_parcel_260,1,Vis,rh
13331,260,demo_parcel_260,1,Vis,rh
13332,260,demo_parcel_260,1,Vis,rh
13333,260,demo_parcel_260,1,Vis,rh
13334,260,demo_parcel_260,1,Vis,rh
13335,260,demo_parcel_260,1,Vis,rh
13336,260,demo_parcel_260,1,Vis,rh
13337,260,demo_parcel_260,1,Vis,rh
13338,260,demo_parcel_260,1,Vis,rh
13339,260,demo_parcel_260,1,Vis,rh
13340,260,demo_parcel_260,1,Vis,rh
13341,260,demo_parcel_260,1,Vis,rh
13342,260,demo_parcel_260,1,Vis,rh
13343,260,demo_parcel_260,1,Vis,rh
13344,261,demo_parcel_261,2,SomMot,rh
13345,261,demo_parcel_261,2,SomMot,rh
13346,261,demo_parcel_261,2,SomMot,rh
13347,261,demo_parcel_261,2,SomMot,rh
13348,261,demo_parcel_261,2,SomMot,rh
13349,261,demo_parcel_261,2,SomMot,rh
13350,261,demo_parcel_261,2,SomMot,rh
13351,261,demo_parcel_261,2,SomMot,rh
13352,261,demo_parcel_261,2,SomMot,rh
13353,261,demo_parcel_261,2,SomMot,rh
13354,261,demo_parcel_261,2,SomMot,rh
13355,261,demo_parcel_261,2,SomMot,rh
13356,261,demo_parcel_261,2,SomMot,rh
13357,261,demo_parcel_261,2,SomMot,rh
13358,261,demo_parcel_261,2,SomMot,rh
13359,261,demo_parcel_261,2,SomMot,rh
13360,261,demo_parcel_261,2,SomMot,rh
13361,261,demo_parcel_261,2,SomMot,rh
13362,261,demo_parcel_261,2,SomMot,rh
13363,261,demo_parcel_261,2,SomMot,rh
13364,261,demo_parcel_261,2,SomMot,rh
13365,261,demo_parcel_261,2,SomMot,rh
13366,261,demo_parcel_261,2,SomMot,rh
13367,261,demo_parcel_261,2,SomMot,rh
13368,261,demo_parcel_261,2,SomMot,rh
13369,261,demo_parcel_261,2,SomMot,rh
13370,261,demo_parcel_261,2,SomMot,rh
13371,261,demo_parcel_261,2,SomMot,rh
13372,261,demo_parcel_261,2,SomMot,rh
13373,261,demo_parcel_261,2,SomMot,rh
13374,261,demo_parcel_261,2,SomMot,rh
13375,261,demo_parcel_261,2,SomMot,rh
13376,261,demo_parcel_261,2,SomMot,rh
13377,261,demo_parcel_261,2,SomMot,rh
13378,261,demo_parcel_261,2,SomMot,rh
13379,261,demo_parcel_261,2,SomMot,rh
13380,261,demo_parcel_261,2,SomMot,rh
13381,261,demo_parcel_261,2,SomMot,rh
13382,261,demo_parcel_261,2,SomMot,rh
13383,261,demo_parcel_261,2,SomMot,rh
13384,261,demo_parcel_261,2,SomMot,rh
13385,261,demo_parcel_261,2,SomMot,rh
13386,261,demo_parcel_261,2,SomMot,rh
13387,261,demo_parcel_261,2,SomMot,rh
13388,261,demo_parcel_261,2,SomMot,rh
13389,261,demo_parcel_261,2,SomMot,rh
13390,261,demo_parcel_261,2,SomMot,rh
13391,261,demo_parcel_261,2,SomMot,rh
13392,261,demo_parcel_261,2,SomMot,rh
13393,261,demo_parcel_261,2,SomMot,rh
13394,261,demo_parcel_261,2,SomMot,rh
13395,262,demo_parcel_262,3,DorsAttn,rh
13396,262,demo_parcel_262,3,DorsAttn,rh
13397,262,demo_parcel_262,3,DorsAttn,rh
13398,262,demo_parcel_262,3,DorsAttn,rh
13399,262,demo_parcel_262,3,DorsAttn,rh
13400,262,demo_parcel_262,3,DorsAttn,rh
13401,262,demo_parcel_262,3,DorsAttn,rh
13402,262,demo_parcel_262,3,DorsAttn,rh
13403,262,demo_parcel_262,3,DorsAttn,rh
13404,262,demo_parcel_262,3,DorsAttn,rh
13405,262,demo_parcel_262,3,DorsAttn,rh
13406,262,demo_parcel_262,3,DorsAttn,rh
13407,262,demo_parcel_262,3,DorsAttn,rh
13408,262,demo_parcel_262,3,DorsAttn,rh
13409,262,demo_parcel_262,3,DorsAttn,rh
13410,262,demo_parcel_262,3,DorsAttn,rh
13411,262,demo_parcel_262,3,DorsAttn,rh
13412,262,demo_parcel_262,3,DorsAttn,rh
13413,262,demo_parcel_262,3,DorsAttn,rh
13414,262,demo_parcel_262,3,DorsAttn,rh
13415,262,demo_parcel_262,3,DorsAttn,rh
13416,262,demo_parcel_262,3,DorsAttn,rh
13417,262,demo_parcel_262,3,DorsAttn,rh
13418,262,demo_parcel_262,3,DorsAttn,rh
13419,262,demo_parcel_262,3,DorsAttn,rh
13420,262,demo_parcel_262,3,DorsAttn,rh
13421,262,demo_parcel_262,3,DorsAttn,rh
13422,262,demo_parcel_262,3,DorsAttn,rh
13423,262,demo_parcel_262,3,DorsAttn,rh
13424,262,demo_parcel_262,3,DorsAttn,rh
13425,262,demo_parcel_262,3,DorsAttn,rh
13426,262,demo_parcel_262,3,DorsAttn,rh
13427,262,demo_parcel_262,3,DorsAttn,rh
13428,262,demo_parcel_262,3,DorsAttn,rh
13429,262,demo_parcel_262,3,DorsAttn,rh
13430,262,demo_parcel_262,3,DorsAttn,rh
13431,262,demo_parcel_262,3,DorsAttn,rh
13432,262,demo_parcel_262,3,DorsAttn,rh
13433,262,demo_parcel_262,3,DorsAttn,rh
13434,262,demo_parcel_262,3,DorsAttn,rh
13435,262,demo_parcel_262,3,DorsAttn,rh
13436,262,demo_parcel_262,3,DorsAttn,rh
13437,262,demo_parcel_262,3,DorsAttn,rh
13438,262,demo_parcel_262,3,DorsAttn,rh
13439,262,demo_parcel_262,3,DorsAttn,rh
13440,262,demo_parcel_262,3,DorsAttn,rh
13441,262,demo_parcel_262,3,DorsAttn,rh
13442,262,demo_parcel_262,3,DorsAttn,rh
13443,262,demo_parcel_262,3,DorsAttn,rh
13444,262,demo_parcel_262,3,DorsAttn,rh
13445,262,demo_parcel_262,3,DorsAttn,rh
13446,263,demo_parcel_263,4,SalVentAttn,rh
13447,263,demo_parcel_263,4,SalVentAttn,rh
13448,263,demo_parcel_263,4,SalVentAttn,rh
13449,263,demo_parcel_263,4,SalVentAttn,rh
13450,263,demo_parcel_263,4,SalVentAttn,rh
13451,263,demo_parcel_263,4,SalVentAttn,rh
13452,263,demo_parcel_263,4,SalVentAttn,rh
13453,263,demo_parcel_263,4,SalVentAttn,rh
13454,263,demo_parcel_263,4,SalVentAttn,rh
13455,263,demo_parcel_263,4,SalVentAttn,rh
13456,263,demo_parcel_263,4,SalVentAttn,rh
13457,263,demo_parcel_263,4,SalVentAttn,rh
13458,263,demo_parcel_263,4,SalVentAttn,rh
13459,263,demo_parcel_263,4,SalVentAttn,rh
13460,263,demo_parcel_263,4,SalVentAttn,rh
13461,263,demo_parcel_263,4,SalVentAttn,rh
13462,263,demo_parcel_263,4,SalVentAttn,rh
13463,263,demo_parcel_263,4,SalVentAttn,rh
13464,263,demo_parcel_263,4,SalVentAttn,rh
13465,263,demo_parcel_263,4,SalVentAttn,rh
13466,263,demo_parcel_263,4,SalVentAttn,rh
13467,263,demo_parcel_263,4,SalVentAttn,rh
13468,263,demo_parcel_263,4,SalVentAttn,rh
13469,263,demo_parcel_263,4,SalVentAttn,rh
13470,263,demo_parcel_263,4,SalVentAttn,rh
13471,263,demo_parcel_263,4,SalVentAttn,rh
13472,263,demo_parcel_263,4,SalVentAttn,rh
13473,263,demo_parcel_263,4,SalVentAttn,rh
13474,263,demo_parcel_263,4,SalVentAttn,rh
13475,263,demo_parcel_263,4,SalVentAttn,rh
13476,263,demo_parcel_263,4,SalVentAttn,rh
13477,263,demo_parcel_263,4,SalVentAttn,rh
13478,263,demo_parcel_263,4,SalVentAttn,rh
13479,263,demo_parcel_263,4,SalVentAttn,rh
13480,263,demo_parcel_263,4,SalVentAttn,rh
13481,263,demo_parcel_263,4,SalVentAttn,rh
13482,263,demo_parcel_263,4,SalVentAttn,rh
13483,263,demo_parcel_263,4,SalVentAttn,rh
13484,263,demo_parcel_263,4,SalVentAttn,rh
13485,263,demo_parcel_263,4,SalVentAttn,rh
13486,263,demo_parcel_263,4,SalVentAttn,rh
13487,263,demo_parcel_263,4,SalVentAttn,rh
13488,263,demo_parcel_263,4,SalVentAttn,rh
13489,263,demo_parcel_263,4,SalVentAttn,rh
13490,263,demo_parcel_263,4,SalVentAttn,rh
13491,263,demo_parcel_263,4,SalVentAttn,rh
13492,263,demo_parcel_263,4,SalVentAttn,rh
13493,263,demo_parcel_263,4,SalVentAttn,rh
13494,263,demo_parcel_263,4,SalVentAttn,rh
13495,263,demo_parcel_263,4,SalVentAttn,rh
13496,263,demo_parcel_263,4,SalVentAttn,rh
13497,264,demo_parcel_264,5,Limbic,rh
13498,264,demo_parcel_264,5,Limbic,rh
13499,264,demo_parcel_264,5,Limbic,rh
13500,264,demo_parcel_264,5,Limbic,rh
13501,264,demo_parcel_264,5,Limbic,rh
13502,264,demo_parcel_264,5,Limbic,rh
13503,264,demo_parcel_264,5,Limbic,rh
13504,264,demo_parcel_264,5,Limbic,rh
13505,264,demo_parcel_264,5,Limbic,rh
13506,264,demo_parcel_264,5,Limbic,rh
13507,264,demo_parcel_264,5,Limbic,rh
13508,264,demo_parcel_264,5,Limbic,rh
13509,264,demo_parcel_264,5,Limbic,rh
13510,264,demo_parcel_264,5,Limbic,rh
13511,264,demo_parcel_264,5,Limbic,rh
13512,264,demo_parcel_264,5,Limbic,rh
13513,264,demo_parcel_264,5,Limbic,rh
13514,264,demo_parcel_264,5,Limbic,rh
13515,264,demo_parcel_264,5,Limbic,rh
13516,264,demo_parcel_264,5,Limbic,rh
13517,264,demo_parcel_264,5,Limbic,rh
13518,264,demo_parcel_264,5,Limbic,rh
13519,264,demo_parcel_264,5,Limbic,rh
13520,264,demo_parcel_264,5,Limbic,rh
13521,264,demo_parcel_264,5,Limbic,rh
13522,264,demo_parcel_264,5,Limbic,rh
13523,264,demo_parcel_264,5,Limbic,rh
13524,264,demo_parcel_264,5,Limbic,rh
13525,264,demo_parcel_264,5,Limbic,rh
13526,264,demo_parcel_264,5,Limbic,rh
13527,264,demo_parcel_264,5,Limbic,rh
13528,264,demo_parcel_264,5,Limbic,rh
13529,264,demo_parcel_264,5,Limbic,rh
13530,264,demo_parcel_264,5,Limbic,rh
13531,264,demo_parcel_264,5,Limbic,rh
13532,264,demo_parcel_264,5,Limbic,rh
13533,264,demo_parcel_264,5,Limbic,rh
13534,264,demo_parcel_264,5,Limbic,rh
13535,264,demo_parcel_264,5,Limbic,rh
13536,264,demo_parcel_264,5,Limbic,rh
13537,264,demo_parcel_264,5,Limbic,rh
13538,264,demo_parcel_264,5,Limbic,rh
13539,264,demo_parcel_264,5,Limbic,rh
13540,264,demo_parcel_264,5,Limbic,rh
13541,264,demo_parcel_264,5,Limbic,rh
13542,264,demo_parcel_264,5,Limbic,rh
13543,264,demo_parcel_264,5,Limbic,rh
13544,264,demo_parcel_264,5,Limbic,rh
13545,264,demo_parcel_264,5,Limbic,rh
13546,264,demo_parcel_264,5,Limbic,rh
13547,264,demo_parcel_264,5,Limbic,rh
13548,265,demo_parcel_265,6,Cont,rh
13549,265,demo_parcel_265,6,Cont,rh
13550,265,demo_parcel_265,6,Cont,rh
13551,265,demo_parcel_265,6,Cont,rh
13552,265,demo_parcel_265,6,Cont,rh
13553,265,demo_parcel_265,6,Cont,rh
13554,265,demo_parcel_265,6,Cont,rh
13555,265,demo_parcel_265,6,Cont,rh
13556,265,demo_parcel_265,6,Cont,rh
13557,265,demo_parcel_265,6,Cont,rh
13558,265,demo_parcel_265,6,Cont,rh
13559,265,demo_parcel_265,6,Cont,rh
13560,265,demo_parcel_265,6,Cont,rh
13561,265,demo_parcel_265,6,Cont,rh
13562,265,demo_parcel_265,6,Cont,rh
13563,265,demo_parcel_265,6,Cont,rh
13564,265,demo_parcel_265,6,Cont,rh
13565,265,demo_parcel_265,6,Cont,rh
13566,265,demo_parcel_265,6,Cont,rh
13567,265,demo_parcel_265,6,Cont,rh
13568,265,demo_parcel_265,6,Cont,rh
13569,265,demo_parcel_265,6,Cont,rh
13570,265,demo_parcel_265,6,Cont,rh
13571,265,demo_parcel_265,6,Cont,rh
13572,265,demo_parcel_265,6,Cont,rh
13573,265,demo_parcel_265,6,Cont,rh
13574,265,demo_parcel_265,6,Cont,rh
13575,265,demo_parcel_265,6,Cont,rh
13576,265,demo_parcel_265,6,Cont,rh
13577,265,demo_parcel_265,6,Cont,rh
13578,265,demo_parcel_265,6,Cont,rh
13579,265,demo_parcel_265,6,Cont,rh
13580,265,demo_parcel_265,6,Cont,rh
13581,265,demo_parcel_265,6,Cont,rh
13582,265,demo_parcel_265,6,Cont,rh
13583,265,demo_parcel_265,6,Cont,rh
13584,265,demo_parcel_265,6,Cont,rh
13585,265,demo_parcel_265,6,Cont,rh
13586,265,demo_parcel_265,6,Cont,rh
13587,265,demo_parcel_265,6,Cont,rh
13588,265,demo_parcel_265,6,Cont,rh
13589,265,demo_parcel_265,6,Cont,rh
13590,265,demo_parcel_265,6,Cont,rh
13591,265,demo_parcel_265,6,Cont,rh
13592,265,demo_parcel_265,6,Cont,rh
13593,265,demo_parcel_265,6,Cont,rh
13594,265,demo_parcel_265,6,Cont,rh
13595,265,demo_parcel_265,6,Cont,rh
13596,265,demo_parcel_265,6,Cont,rh
13597,265,demo_parcel_265,6,Cont,rh
13598,265,demo_parcel_265,6,Cont,rh
13599,266,demo_parcel_266,7,Default,rh
13600,266,demo_parcel_266,7,Default,rh
13601,266,demo_parcel_266,7,Default,rh
13602,266,demo_parcel_266,7,Default,rh
13603,266,demo_parcel_266,7,Default,rh
13604,266,demo_parcel_266,7,Default,rh
13605,266,demo_parcel_266,7,Default,rh
13606,266,demo_parcel_266,7,Default,rh
13607,266,demo_parcel_266,7,Default,rh
13608,266,demo_parcel_266,7,Default,rh
13609,266,demo_parcel_266,7,Default,rh
13610,266,demo_parcel_266,7,Default,rh
13611,266,demo_parcel_266,7,Default,rh
13612,266,demo_parcel_266,7,Default,rh
13613,266,demo_parcel_266,7,Default,rh
13614,266,demo_parcel_266,7,Default,rh
13615,266,demo_parcel_266,7,Default,rh
13616,266,demo_parcel_266,7,Default,rh
13617,266,demo_parcel_266,7,Default,rh
13618,266,demo_parcel_266,7,Default,rh
13619,266,demo_parcel_266,7,Default,rh
13620,266,demo_parcel_266,7,Default,rh
13621,266,demo_parcel_266,7,Default,rh
13622,266,demo_parcel_266,7,Default,rh
13623,266,demo_parcel_266,7,Default,rh
13624,266,demo_parcel_266,7,Default,rh
13625,266,demo_parcel_266,7,Default,rh
13626,266,demo_parcel_266,7,Default,rh
13627,266,demo_parcel_266,7,Default,rh
13628,266,demo_parcel_266,7,Default,rh
13629,266,demo_parcel_266,7,Default,rh
13630,266,demo_parcel_266,7,Default,rh
13631,266,demo_parcel_266,7,Default,rh
13632,266,demo_parcel_266,7,Default,rh
13633,266,demo_parcel_266,7,Default,rh
13634,266,demo_parcel_266,7,Default,rh
13635,266,demo_parcel_266,7,Default,rh
13636,266,demo_parcel_266,7,Default,rh
13637,266,demo_parcel_266,7,Default,rh
13638,266,demo_parcel_266,7,Default,rh
13639,266,demo_parcel_266,7,Default,rh
13640,266,demo_parcel_266,7,Default,rh
13641,266,demo_parcel_266,7,Default,rh
13642,266,demo_parcel_266,7,Default,rh
13643,266,demo_parcel_266,7,Default,rh
13644,266,demo_parcel_266,7,Default,rh
13645,266,demo_parcel_266,7,Default,rh
13646,266,demo_parcel_266,7,Default,rh
13647,266,demo_parcel_266,7,Default,rh
13648,266,demo_parcel_266,7,Default,rh
13649,266,demo_parcel_266,7,Default,rh
13650,267,demo_parcel_267,1,Vis,rh
13651,267,demo_parcel_267,1,Vis,rh
13652,267,demo_parcel_267,1,Vis,rh
13653,267,demo_parcel_267,1,Vis,rh
13654,267,demo_parcel_267,1,Vis,rh
13655,267,demo_parcel_267,1,Vis,rh
13656,267,demo_parcel_267,1,Vis,rh
13657,267,demo_parcel_267,1,Vis,rh
13658,267,demo_parcel_267,1,Vis,rh
13659,267,demo_parcel_267,1,Vis,rh
13660,267,demo_parcel_267,1,Vis,rh
13661,267,demo_parcel_267,1,Vis,rh
13662,267,demo_parcel_267,1,Vis,rh
13663,267,demo_parcel_267,1,Vis,rh
13664,267,demo_parcel_267,1,Vis,rh
13665,267,demo_parcel_267,1,Vis,rh
13666,267,demo_parcel_267,1,Vis,rh
13667,267,demo_parcel_267,1,Vis,rh
13668,267,demo_parcel_267,1,Vis,rh
13669,267,demo_parcel_267,1,Vis,rh
13670,267,demo_parcel_267,1,Vis,rh
13671,267,demo_parcel_267,1,Vis,rh
13672,267,demo_parcel_267,1,Vis,rh
13673,267,demo_parcel_267,1,Vis,rh
13674,267,demo_parcel_267,1,Vis,rh
13675,267,demo_parcel_267,1,Vis,rh
13676,267,demo_parcel_267,1,Vis,rh
13677,267,demo_parcel_267,1,Vis,rh
13678,267,demo_parcel_267,1,Vis,rh
13679,267,demo_parcel_267,1,Vis,rh
13680,267,demo_parcel_267,1,Vis,rh
13681,267,demo_parcel_267,1,Vis,rh
13682,267,demo_parcel_267,1,Vis,rh
13683,267,demo_parcel_267,1,Vis,rh
13684,267,demo_parcel_267,1,Vis,rh
13685,267,demo_parcel_267,1,Vis,rh
13686,267,demo_parcel_267,1,Vis,rh
13687,267,demo_parcel_267,1,Vis,rh
13688,267,demo_parcel_267,1,Vis,rh
13689,267,demo_parcel_267,1,Vis,rh
13690,267,demo_parcel_267,1,Vis,rh
13691,267,demo_parcel_267,1,Vis,rh
13692,267,demo_parcel_267,1,Vis,rh
13693,267,demo_parcel_267,1,Vis,rh
13694,267,demo_parcel_267,1,Vis,rh
13695,267,demo_parcel_267,1,Vis,rh
13696,267,demo_parcel_267,1,Vis,rh
13697,267,demo_parcel_267,1,Vis,rh
13698,267,demo_parcel_267,1,Vis,rh
13699,267,demo_parcel_267,1,Vis,rh
13700,267,demo_parcel_267,1,Vis,rh
13701,268,demo_parcel_268,2,SomMot,rh
13702,268,demo_parcel_268,2,SomMot,rh
13703,268,demo_parcel_268,2,SomMot,rh
13704,268,demo_parcel_268,2,SomMot,rh
13705,268,demo_parcel_268,2,SomMot,rh
13706,268,demo_parcel_268,2,SomMot,rh
13707,268,demo_parcel_268,2,SomMot,rh
13708,268,demo_parcel_268,2,SomMot,rh
13709,268,demo_parcel_268,2,SomMot,rh
13710,268,demo_parcel_268,2,SomMot,rh
13711,268,demo_parcel_268,2,SomMot,rh
13712,268,demo_parcel_268,2,SomMot,rh
13713,268,demo_parcel_268,2,SomMot,rh
13714,268,demo_parcel_268,2,SomMot,rh
13715,268,demo_parcel_268,2,SomMot,rh
13716,268,demo_parcel_268,2,SomMot,rh
13717,268,demo_parcel_268,2,SomMot,rh
13718,268,demo_parcel_268,2,SomMot,rh
13719,268,demo_parcel_268,2,SomMot,rh
13720,268,demo_parcel_268,2,SomMot,rh
13721,268,demo_parcel_268,2,SomMot,rh
13722,268,demo_parcel_268,2,SomMot,rh
13723,268,demo_parcel_268,2,SomMot,rh
13724,268,demo_parcel_268,2,SomMot,rh
13725,268,demo_parcel_268,2,SomMot,rh
13726,268,demo_parcel_268,2,SomMot,rh
13727,268,demo_parcel_268,2,SomMot,rh
13728,268,demo_parcel_268,2,SomMot,rh
13729,268,demo_parcel_268,2,SomMot,rh
13730,268,demo_parcel_268,2,SomMot,rh
13731,268,demo_parcel_268,2,SomMot,rh
13732,268,demo_parcel_268,2,SomMot,rh
13733,268,demo_parcel_268,2,SomMot,rh
13734,268,demo_parcel_268,2,SomMot,rh
13735,268,demo_parcel_268,2,SomMot,rh
13736,268,demo_parcel_268,2,SomMot,rh
13737,268,demo_parcel_268,2,SomMot,rh
13738,268,demo_parcel_268,2,SomMot,rh
13739,268,demo_parcel_268,2,SomMot,rh
13740,268,demo_parcel_268,2,SomMot,rh
13741,268,demo_parcel_268,2,SomMot,rh
13742,268,demo_parcel_268,2,SomMot,rh
13743,268,demo_parcel_268,2,SomMot,rh
13744,268,demo_parcel_268,2,SomMot,rh
13745,268,demo_parcel_268,2,SomMot,rh
13746,268,demo_parcel_268,2,SomMot,rh
13747,268,demo_parcel_268,2,SomMot,rh
13748,268,demo_parcel_268,2,SomMot,rh
13749,268,demo_parcel_268,2,SomMot,rh
13750,268,demo_parcel_268,2,SomMot,rh
13751,268,demo_parcel_268,2,SomMot,rh
13752,269,demo_parcel_269,3,DorsAttn,rh
13753,269,demo_parcel_269,3,DorsAttn,rh
13754,269,demo_parcel_269,3,DorsAttn,rh
13755,269,demo_parcel_269,3,DorsAttn,rh
13756,269,demo_parcel_269,3,DorsAttn,rh
13757,269,demo_parcel_269,3,DorsAttn,rh
13758,269,demo_parcel_269,3,DorsAttn,rh
13759,269,demo_parcel_269,3,DorsAttn,rh
13760,269,demo_parcel_269,3,DorsAttn,rh
13761,269,demo_parcel_269,3,DorsAttn,rh
13762,269,demo_parcel_269,3,DorsAttn,rh
13763,269,demo_parcel_269,3,DorsAttn,rh
13764,269,demo_parcel_269,3,DorsAttn,rh
13765,269,demo_parcel_269,3,DorsAttn,rh
13766,269,demo_parcel_269,3,DorsAttn,rh
13767,269,demo_parcel_269,3,DorsAttn,rh
13768,269,demo_parcel_269,3,DorsAttn,rh
13769,269,demo_parcel_269,3,DorsAttn,rh
13770,269,demo_parcel_269,3,DorsAttn,rh
13771,269,demo_parcel_269,3,DorsAttn,rh
13772,269,demo_parcel_269,3,DorsAttn,rh
13773,269,demo_parcel_269,3,DorsAttn,rh
13774,269,demo_parcel_269,3,DorsAttn,rh
13775,269,demo_parcel_269,3,DorsAttn,rh
13776,269,demo_parcel_269,3,DorsAttn,rh
13777,269,demo_parcel_269,3,DorsAttn,rh
13778,269,demo_parcel_269,3,DorsAttn,rh
13779,269,demo_parcel_269,3,DorsAttn,rh
13780,269,demo_parcel_269,3,DorsAttn,rh
13781,269,demo_parcel_269,3,DorsAttn,rh
13782,269,demo_parcel_269,3,DorsAttn,rh
13783,269,demo_parcel_269,3,DorsAttn,rh
13784,269,demo_parcel_269,3,DorsAttn,rh
13785,269,demo_parcel_269,3,DorsAttn,rh
13786,269,demo_parcel_269,3,DorsAttn,rh
13787,269,demo_parcel_269,3,DorsAttn,rh
13788,269,demo_parcel_269,3,DorsAttn,rh
13789,269,demo_parcel_269,3,DorsAttn,rh
13790,269,demo_parcel_269,3,DorsAttn,rh
13791,269,demo_parcel_269,3,DorsAttn,rh
13792,269,demo_parcel_269,3,DorsAttn,rh
13793,269,demo_parcel_269,3,DorsAttn,rh
13794,269,demo_parcel_269,3,DorsAttn,rh
13795,269,demo_parcel_269,3,DorsAttn,rh
13796,269,demo_parcel_269,3,DorsAttn,rh
13797,269,demo_parcel_269,3,DorsAttn,rh
13798,269,demo_parcel_269,3,DorsAttn,rh
13799,269,demo_parcel_269,3,DorsAttn,rh
13800,269,demo_parcel_269,3,DorsAttn,rh
13801,269,demo_parcel_269,3,DorsAttn,rh
13802,269,demo_parcel_269,3,DorsAttn,rh
13803,270,demo_parcel_270,4,SalVentAttn,rh
13804,270,demo_parcel_270,4,SalVentAttn,rh
13805,270,demo_parcel_270,4,SalVentAttn,rh
13806,270,demo_parcel_270,4,SalVentAttn,rh
13807,270,demo_parcel_270,4,SalVentAttn,rh
13808,270,demo_parcel_270,4,SalVentAttn,rh
13809,270,demo_parcel_270,4,SalVentAttn,rh
13810,270,demo_parcel_270,4,SalVentAttn,rh
13811,270,demo_parcel_270,4,SalVentAttn,rh
13812,270,demo_parcel_270,4,SalVentAttn,rh
13813,270,demo_parcel_270,4,SalVentAttn,rh
13814,270,demo_parcel_270,4,SalVentAttn,rh
13815,270,demo_parcel_270,4,SalVentAttn,rh
13816,270,demo_parcel_270,4,SalVentAttn,rh
13817,270,demo_parcel_270,4,SalVentAttn,rh
13818,270,demo_parcel_270,4,SalVentAttn,rh
13819,270,demo_parcel_270,4,SalVentAttn,rh
13820,270,demo_parcel_270,4,SalVentAttn,rh
13821,270,demo_parcel_270,4,SalVentAttn,rh
13822,270,demo_parcel_270,4,SalVentAttn,rh
13823,270,demo_parcel_270,4,SalVentAttn,rh
13824,270,demo_parcel_270,4,SalVentAttn,rh
13825,270,demo_parcel_270,4,SalVentAttn,rh
13826,270,demo_parcel_270,4,SalVentAttn,rh
13827,270,demo_parcel_270,4,SalVentAttn,rh
13828,270,demo_parcel_270,4,SalVentAttn,rh
13829,270,demo_parcel_270,4,SalVentAttn,rh
13830,270,demo_parcel_270,4,SalVentAttn,rh
13831,270,demo_parcel_270,4,SalVentAttn,rh
13832,270,demo_parcel_270,4,SalVentAttn,rh
13833,270,demo_parcel_270,4,SalVentAttn,rh
13834,270,demo_parcel_270,4,SalVentAttn,rh
13835,270,demo_parcel_270,4,SalVentAttn,rh
13836,270,demo_parcel_270,4,SalVentAttn,rh
13837,270,demo_parcel_270,4,SalVentAttn,rh
13838,270,demo_parcel_270,4,SalVentAttn,rh
13839,270,demo_parcel_270,4,SalVentAttn,rh
13840,270,demo_parcel_270,4,SalVentAttn,rh
13841,270,demo_parcel_270,4,SalVentAttn,rh
13842,270,demo_parcel_270,4,SalVentAttn,rh
13843,270,demo_parcel_270,4,SalVentAttn,rh
13844,270,demo_parcel_270,4,SalVentAttn,rh
13845,270,demo_parcel_270,4,SalVentAttn,rh
13846,270,demo_parcel_270,4,SalVentAttn,rh
13847,270,demo_parcel_270,4,SalVentAttn,rh
13848,270,demo_parcel_270,4,SalVentAttn,rh
13849,270,demo_parcel_270,4,SalVentAttn,rh
13850,270,demo_parcel_270,4,SalVentAttn,rh
13851,270,demo_parcel_270,4,SalVentAttn,rh
13852,270,demo_parcel_270,4,SalVentAttn,rh
13853,270,demo_parcel_270,4,SalVentAttn,rh
13854,271,demo_parcel_271,5,Limbic,rh
13855,271,demo_parcel_271,5,Limbic,rh
13856,271,demo_parcel_271,5,Limbic,rh
13857,271,demo_parcel_271,5,Limbic,rh
13858,271,demo_parcel_271,5,Limbic,rh
13859,271,demo_parcel_271,5,Limbic,rh
13860,271,demo_parcel_271,5,Limbic,rh
13861,271,demo_parcel_271,5,Limbic,rh
13862,271,demo_parcel_271,5,Limbic,rh
13863,271,demo_parcel_271,5,Limbic,rh
13864,271,demo_parcel_271,5,Limbic,rh
13865,271,demo_parcel_271,5,Limbic,rh
13866,271,demo_parcel_271,5,Limbic,rh
13867,271,demo_parcel_271,5,Limbic,rh
13868,271,demo_parcel_271,5,Limbic,rh
13869,271,demo_parcel_271,5,Limbic,rh
13870,271,demo_parcel_271,5,Limbic,rh
13871,271,demo_parcel_271,5,Limbic,rh
13872,271,demo_parcel_271,5,Limbic,rh
13873,271,demo_parcel_271,5,Limbic,rh
13874,271,demo_parcel_271,5,Limbic,rh
13875,271,demo_parcel_271,5,Limbic,rh
13876,271,demo_parcel_271,5,Limbic,rh
13877,271,demo_parcel_271,5,Limbic,rh
13878,271,demo_parcel_271,5,Limbic,rh
13879,271,demo_parcel_271,5,Limbic,rh
13880,271,demo_parcel_271,5,Limbic,rh
13881,271,demo_parcel_271,5,Limbic,rh
13882,271,demo_parcel_271,5,Limbic,rh
13883,271,demo_parcel_271,5,Limbic,rh
13884,271,demo_parcel_271,5,Limbic,rh
13885,271,demo_parcel_271,5,Limbic,rh
13886,271,demo_parcel_271,5,Limbic,rh
13887,271,demo_parcel_271,5,Limbic,rh
13888,271,demo_parcel_271,5,Limbic,rh
13889,271,demo_parcel_271,5,Limbic,rh
13890,271,demo_parcel_271,5,Limbic,rh
13891,271,demo_parcel_271,5,Limbic,rh
13892,271,demo_parcel_271,5,Limbic,rh
13893,271,demo_parcel_271,5,Limbic,rh
13894,271,demo_parcel_271,5,Limbic,rh
13895,271,demo_parcel_271,5,Limbic,rh
13896,271,demo_parcel_271,5,Limbic,rh
13897,271,demo_parcel_271,5,Limbic,rh
13898,271,demo_parcel_271,5,Limbic,rh
13899,271,demo_parcel_271,5,Limbic,rh
13900,271,demo_parcel_271,5,Limbic,rh
13901,271,demo_parcel_271,5,Limbic,rh
13902,271,demo_parcel_271,5,Limbic,rh
13903,271,demo_parcel_271,5,Limbic,rh
13904,271,demo_parcel_271,5,Limbic,rh
13905,272,demo_parcel_272,6,Cont,rh
13906,272,demo_parcel_272,6,Cont,rh
13907,272,demo_parcel_272,6,Cont,rh
13908,272,demo_parcel_272,6,Cont,rh
13909,272,demo_parcel_272,6,Cont,rh
13910,272,demo_parcel_272,6,Cont,rh
13911,272,demo_parcel_272,6,Cont,rh
13912,272,demo_parcel_272,6,Cont,rh
13913,272,demo_parcel_272,6,Cont,rh
13914,272,demo_parcel_272,6,Cont,rh
13915,272,demo_parcel_272,6,Cont,rh
13916,272,demo_parcel_272,6,Cont,rh
13917,272,demo_parcel_272,6,Cont,rh
13918,272,demo_parcel_272,6,Cont,rh
13919,272,demo_parcel_272,6,Cont,rh
13920,272,demo_parcel_272,6,Cont,rh
13921,272,demo_parcel_272,6,Cont,rh
13922,272,demo_parcel_272,6,Cont,rh
13923,272,demo_parcel_272,6,Cont,rh
13924,272,demo_parcel_272,6,Cont,rh
13925,272,demo_parcel_272,6,Cont,rh
13926,272,demo_parcel_272,6,Cont,rh
13927,272,demo_parcel_272,6,Cont,rh
13928,272,demo_parcel_272,6,Cont,rh
13929,272,demo_parcel_272,6,Cont,rh
13930,272,demo_parcel_272,6,Cont,rh
13931,272,demo_parcel_272,6,Cont,rh
13932,272,demo_parcel_272,6,Cont,rh
13933,272,demo_parcel_272,6,Cont,rh
13934,272,demo_parcel_272,6,Cont,rh
13935,272,demo_parcel_272,6,Cont,rh
13936,272,demo_parcel_272,6,Cont,rh
13937,272,demo_parcel_272,6,Cont,rh
13938,272,demo_parcel_272,6,Cont,rh
13939,272,demo_parcel_272,6,Cont,rh
13940,272,demo_parcel_272,6,Cont,rh
13941,272,demo_parcel_272,6,Cont,rh
13942,272,demo_parcel_272,6,Cont,rh
13943,272,demo_parcel_272,6,Cont,rh
13944,272,demo_parcel_272,6,Cont,rh
13945,272,demo_parcel_272,6,Cont,rh
13946,272,demo_parcel_272,6,Cont,rh
13947,272,demo_parcel_272,6,Cont,rh
13948,272,demo_parcel_272,6,Cont,rh
13949,272,demo_parcel_272,6,Cont,rh
13950,272,demo_parcel_272,6,Cont,rh
13951,272,demo_parcel_272,6,Cont,rh
13952,272,demo_parcel_272,6,Cont,rh
13953,272,demo_parcel_272,6,Cont,rh
13954,272,demo_parcel_272,6,Cont,rh
13955,272,demo_parcel_272,6,Cont,rh
13956,273,demo_parcel_273,7,Default,rh
13957,273,demo_parcel_273,7,Default,rh
13958,273,demo_parcel_273,7,Default,rh
13959,273,demo_parcel_273,7,Default,rh
13960,273,demo_parcel_273,7,Default,rh
13961,273,demo_parcel_273,7,Default,rh
13962,273,demo_parcel_273,7,Default,rh
13963,273,demo_parcel_273,7,Default,rh
13964,273,demo_parcel_273,7,Default,rh
13965,273,demo_parcel_273,7,Default,rh
13966,273,demo_parcel_273,7,Default,rh
13967,273,demo_parcel_273,7,Default,rh
13968,273,demo_parcel_273,7,Default,rh
13969,273,demo_parcel_273,7,Default,rh
13970,273,demo_parcel_273,7,Default,rh
13971,273,demo_parcel_273,7,Default,rh
13972,273,demo_parcel_273,7,Default,rh
13973,273,demo_parcel_273,7,Default,rh
13974,273,demo_parcel_273,7,Default,rh
13975,273,demo_parcel_273,7,Default,rh
13976,273,demo_parcel_273,7,Default,rh
13977,273,demo_parcel_273,7,Default,rh
13978,273,demo_parcel_273,7,Default,rh
13979,273,demo_parcel_273,7,Default,rh
13980,273,demo_parcel_273,7,Default,rh
13981,273,demo_parcel_273,7,Default,rh
13982,273,demo_parcel_273,7,Default,rh
13983,273,demo_parcel_273,7,Default,rh
13984,273,demo_parcel_273,7,Default,rh
13985,273,demo_parcel_273,7,Default,rh
13986,273,demo_parcel_273,7,Default,rh
13987,273,demo_parcel_273,7,Default,rh
13988,273,demo_parcel_273,7,Default,rh
13989,273,demo_parcel_273,7,Default,rh
13990,273,demo_parcel_273,7,Default,rh
13991,273,demo_parcel_273,7,Default,rh
13992,273,demo_parcel_273,7,Default,rh
13993,273,demo_parcel_273,7,Default,rh
13994,273,demo_parcel_273,7,Default,rh
13995,273,demo_parcel_273,7,Default,rh
13996,273,demo_parcel_273,7,Default,rh
13997,273,demo_parcel_273,7,Default,rh
13998,273,demo_parcel_273,7,Default,rh
13999,273,demo_parcel_273,7,Default,rh
14000,273,demo_parcel_273,7,Default,rh
14001,273,demo_parcel_273,7,Default,rh
14002,273,demo_parcel_273,7,Default,rh
14003,273,demo_parcel_273,7,Default,rh
14004,273,demo_parcel_273,7,Default,rh
14005,273,demo_parcel_273,7,Default,rh
14006,273,demo_parcel_273,7,Default,rh
14007,274,demo_parcel_274,1,Vis,rh
14008,274,demo_parcel_274,1,Vis,rh
14009,274,demo_parcel_274,1,Vis,rh
14010,274,demo_parcel_274,1,Vis,rh
14011,274,demo_parcel_274,1,Vis,rh
14012,274,demo_parcel_274,1,Vis,rh
14013,274,demo_parcel_274,1,Vis,rh
14014,274,demo_parcel_274,1,Vis,rh
14015,274,demo_parcel_274,1,Vis,rh
14016,274,demo_parcel_274,1,Vis,rh
14017,274,demo_parcel_274,1,Vis,rh
14018,274,demo_parcel_274,1,Vis,rh
14019,274,demo_parcel_274,1,Vis,rh
14020,274,demo_parcel_274,1,Vis,rh
14021,274,demo_parcel_274,1,Vis,rh
14022,274,demo_parcel_274,1,Vis,rh
14023,274,demo_parcel_274,1,Vis,rh
14024,274,demo_parcel_274,1,Vis,rh
14025,274,demo_parcel_274,1,Vis,rh
14026,274,demo_parcel_274,1,Vis,rh
14027,274,demo_parcel_274,1,Vis,rh
14028,274,demo_parcel_274,1,Vis,rh
14029,274,demo_parcel_274,1,Vis,rh
14030,274,demo_parcel_274,1,Vis,rh
14031,274,demo_parcel_274,1,Vis,rh
14032,274,demo_parcel_274,1,Vis,rh
14033,274,demo_parcel_274,1,Vis,rh
14034,274,demo_parcel_274,1,Vis,rh
14035,274,demo_parcel_274,1,Vis,rh
14036,274,demo_parcel_274,1,Vis,rh
14037,274,demo_parcel_274,1,Vis,rh
14038,274,demo_parcel_274,1,Vis,rh
14039,274,demo_parcel_274,1,Vis,rh
14040,274,demo_parcel_274,1,Vis,rh
14041,274,demo_parcel_274,1,Vis,rh
14042,274,demo_parcel_274,1,Vis,rh
14043,274,demo_parcel_274,1,Vis,rh
14044,274,demo_parcel_274,1,Vis,rh
14045,274,demo_parcel_274,1,Vis,rh
14046,274,demo_parcel_274,1,Vis,rh
14047,274,demo_parcel_274,1,Vis,rh
14048,274,demo_parcel_274,1,Vis,rh
14049,274,demo_parcel_274,1,Vis,rh
14050,274,demo_parcel_274,1,Vis,rh
14051,274,demo_parcel_274,1,Vis,rh
14052,274,demo_parcel_274,1,Vis,rh
14053,274,demo_parcel_274,1,Vis,rh
14054,274,demo_parcel_274,1,Vis,rh
14055,274,demo_parcel_274,1,Vis,rh
14056,274,demo_parcel_274,1,Vis,rh
14057,274,demo_parcel_274,1,Vis,rh
14058,275,demo_parcel_275,2,SomMot,rh
14059,275,demo_parcel_275,2,SomMot,rh
14060,275,demo_parcel_275,2,SomMot,rh
14061,275,demo_parcel_275,2,SomMot,rh
14062,275,demo_parcel_275,2,SomMot,rh
14063,275,demo_parcel_275,2,SomMot,rh
14064,275,demo_parcel_275,2,SomMot,rh
14065,275,demo_parcel_275,2,SomMot,rh
14066,275,demo_parcel_275,2,SomMot,rh
14067,275,demo_parcel_275,2,SomMot,rh
14068,275,demo_parcel_275,2,SomMot,rh
14069,275,demo_parcel_275,2,SomMot,rh
14070,275,demo_parcel_275,2,SomMot,rh
14071,275,demo_parcel_275,2,SomMot,rh
14072,275,demo_parcel_275,2,SomMot,rh
14073,275,demo_parcel_275,2,SomMot,rh
14074,275,demo_parcel_275,2,SomMot,rh
14075,275,demo_parcel_275,2,SomMot,rh
14076,275,demo_parcel_275,2,SomMot,rh
14077,275,demo_parcel_275,2,SomMot,rh
14078,275,demo_parcel_275,2,SomMot,rh
14079,275,demo_parcel_275,2,SomMot,rh
14080,275,demo_parcel_275,2,SomMot,rh
14081,275,demo_parcel_275,2,SomMot,rh
14082,275,demo_parcel_275,2,SomMot,rh
14083,275,demo_parcel_275,2,SomMot,rh
14084,275,demo_parcel_275,2,SomMot,rh
14085,275,demo_parcel_275,2,SomMot,rh
14086,275,demo_parcel_275,2,SomMot,rh
14087,275,demo_parcel_275,2,SomMot,rh
14088,275,demo_parcel_275,2,SomMot,rh
14089,275,demo_parcel_275,2,SomMot,rh
14090,275,demo_parcel_275,2,SomMot,rh
14091,275,demo_parcel_275,2,SomMot,rh
14092,275,demo_parcel_275,2,SomMot,rh
14093,275,demo_parcel_275,2,SomMot,rh
14094,275,demo_parcel_275,2,SomMot,rh
14095,275,demo_parcel_275,2,SomMot,rh
14096,275,demo_parcel_275,2,SomMot,rh
14097,275,demo_parcel_275,2,SomMot,rh
14098,275,demo_parcel_275,2,SomMot,rh
14099,275,demo_parcel_275,2,SomMot,rh
14100,275,demo_parcel_275,2,SomMot,rh
14101,275,demo_parcel_275,2,SomMot,rh
14102,275,demo_parcel_275,2,SomMot,rh
14103,275,demo_parcel_275,2,SomMot,rh
14104,275,demo_parcel_275,2,SomMot,rh
14105,275,demo_parcel_275,2,SomMot,rh
14106,275,demo_parcel_275,2,SomMot,rh
14107,275,demo_parcel_275,2,SomMot,rh
14108,275,demo_parcel_275,2,SomMot,rh
14109,276,demo_parcel_276,3,DorsAttn,rh
14110,276,demo_parcel_276,3,DorsAttn,rh
14111,276,demo_parcel_276,3,DorsAttn,rh
14112,276,demo_parcel_276,3,DorsAttn,rh
14113,276,demo_parcel_276,3,DorsAttn,rh
14114,276,demo_parcel_276,3,DorsAttn,rh
14115,276,demo_parcel_276,3,DorsAttn,rh
14116,276,demo_parcel_276,3,DorsAttn,rh
14117,276,demo_parcel_276,3,DorsAttn,rh
14118,276,demo_parcel_276,3,DorsAttn,rh
14119,276,demo_parcel_276,3,DorsAttn,rh
14120,276,demo_parcel_276,3,DorsAttn,rh
14121,276,demo_parcel_276,3,DorsAttn,rh
14122,276,demo_parcel_276,3,DorsAttn,rh
14123,276,demo_parcel_276,3,DorsAttn,rh
14124,276,demo_parcel_276,3,DorsAttn,rh
14125,276,demo_parcel_276,3,DorsAttn,rh
14126,276,demo_parcel_276,3,DorsAttn,rh
14127,276,demo_parcel_276,3,DorsAttn,rh
14128,276,demo_parcel_276,3,DorsAttn,rh
14129,276,demo_parcel_276,3,DorsAttn,rh
14130,276,demo_parcel_276,3,DorsAttn,rh
14131,276,demo_parcel_276,3,DorsAttn,rh
14132,276,demo_parcel_276,3,DorsAttn,rh
14133,276,demo_parcel_276,3,DorsAttn,rh
14134,276,demo_parcel_276,3,DorsAttn,rh
14135,276,demo_parcel_276,3,DorsAttn,rh
14136,276,demo_parcel_276,3,DorsAttn,rh
14137,276,demo_parcel_276,3,DorsAttn,rh
14138,276,demo_parcel_276,3,DorsAttn,rh
14139,276,demo_parcel_276,3,DorsAttn,rh
14140,276,demo_parcel_276,3,DorsAttn,rh
14141,276,demo_parcel_276,3,DorsAttn,rh
14142,276,demo_parcel_276,3,DorsAttn,rh
14143,276,demo_parcel_276,3,DorsAttn,rh
14144,276,demo_parcel_276,3,DorsAttn,rh
14145,276,demo_parcel_276,3,DorsAttn,rh
14146,276,demo_parcel_276,3,DorsAttn,rh
14147,276,demo_parcel_276,3,DorsAttn,rh
14148,276,demo_parcel_276,3,DorsAttn,rh
14149,276,demo_parcel_276,3,DorsAttn,rh
14150,276,demo_parcel_276,3,DorsAttn,rh
14151,276,demo_parcel_276,3,DorsAttn,rh
14152,276,demo_parcel_276,3,DorsAttn,rh
14153,276,demo_parcel_276,3,DorsAttn,rh
14154,276,demo_parcel_276,3,DorsAttn,rh
14155,276,demo_parcel_276,3,DorsAttn,rh
14156,276,demo_parcel_276,3,DorsAttn,rh
14157,276,demo_parcel_276,3,DorsAttn,rh
14158,276,demo_parcel_276,3,DorsAttn,rh
14159,276,demo_parcel_276,3,DorsAttn,rh
14160,277,demo_parcel_277,4,SalVentAttn,rh
14161,277,demo_parcel_277,4,SalVentAttn,rh
14162,277,demo_parcel_277,4,SalVentAttn,rh
14163,277,demo_parcel_277,4,SalVentAttn,rh
14164,277,demo_parcel_277,4,SalVentAttn,rh
14165,277,demo_parcel_277,4,SalVentAttn,rh
14166,277,demo_parcel_277,4,SalVentAttn,rh
14167,277,demo_parcel_277,4,SalVentAttn,rh
14168,277,demo_parcel_277,4,SalVentAttn,rh
14169,277,demo_parcel_277,4,SalVentAttn,rh
14170,277,demo_parcel_277,4,SalVentAttn,rh
14171,277,demo_parcel_277,4,SalVentAttn,rh
14172,277,demo_parcel_277,4,SalVentAttn,rh
14173,277,demo_parcel_277,4,SalVentAttn,rh
14174,277,demo_parcel_277,4,SalVentAttn,rh
14175,277,demo_parcel_277,4,SalVentAttn,rh
14176,277,demo_parcel_277,4,SalVentAttn,rh
14177,277,demo_parcel_277,4,SalVentAttn,rh
14178,277,demo_parcel_277,4,SalVentAttn,rh
14179,277,demo_parcel_277,4,SalVentAttn,rh
14180,277,demo_parcel_277,4,SalVentAttn,rh
14181,277,demo_parcel_277,4,SalVentAttn,rh
14182,277,demo_parcel_277,4,SalVentAttn,rh
14183,277,demo_parcel_277,4,SalVentAttn,rh
14184,277,demo_parcel_277,4,SalVentAttn,rh
14185,277,demo_parcel_277,4,SalVentAttn,rh
14186,277,demo_parcel_277,4,SalVentAttn,rh
14187,277,demo_parcel_277,4,SalVentAttn,rh
14188,277,demo_parcel_277,4,SalVentAttn,rh
14189,277,demo_parcel_277,4,SalVentAttn,rh
14190,277,demo_parcel_277,4,SalVentAttn,rh
14191,277,demo_parcel_277,4,SalVentAttn,rh
14192,277,demo_parcel_277,4,SalVentAttn,rh
14193,277,demo_parcel_277,4,SalVentAttn,rh
14194,277,demo_parcel_277,4,SalVentAttn,rh
14195,277,demo_parcel_277,4,SalVentAttn,rh
14196,277,demo_parcel_277,4,SalVentAttn,rh
14197,277,demo_parcel_277,4,SalVentAttn,rh
14198,277,demo_parcel_277,4,SalVentAttn,rh
14199,277,demo_parcel_277,4,SalVentAttn,rh
14200,277,demo_parcel_277,4,SalVentAttn,rh
14201,277,demo_parcel_277,4,SalVentAttn,rh
14202,277,demo_parcel_277,4,SalVentAttn,rh
14203,277,demo_parcel_277,4,SalVentAttn,rh
14204,277,demo_parcel_277,4,SalVentAttn,rh
14205,277,demo_parcel_277,4,SalVentAttn,rh
14206,277,demo_parcel_277,4,SalVentAttn,rh
14207,277,demo_parcel_277,4,SalVentAttn,rh
14208,277,demo_parcel_277,4,SalVentAttn,rh
14209,277,demo_parcel_277,4,SalVentAttn,rh
14210,277,demo_parcel_277,4,SalVentAttn,rh
14211,278,demo_parcel_278,5,Limbic,rh
14212,278,demo_parcel_278,5,Limbic,rh
14213,278,demo_parcel_278,5,Limbic,rh
14214,278,demo_parcel_278,5,Limbic,rh
14215,278,demo_parcel_278,5,Limbic,rh
14216,278,demo_parcel_278,5,Limbic,rh
14217,278,demo_parcel_278,5,Limbic,rh
14218,278,demo_parcel_278,5,Limbic,rh
14219,278,demo_parcel_278,5,Limbic,rh
14220,278,demo_parcel_278,5,Limbic,rh
14221,278,demo_parcel_278,5,Limbic,rh
14222,278,demo_parcel_278,5,Limbic,rh
14223,278,demo_parcel_278,5,Limbic,rh
14224,278,demo_parcel_278,5,Limbic,rh
14225,278,demo_parcel_278,5,Limbic,rh
14226,278,demo_parcel_278,5,Limbic,rh
14227,278,demo_parcel_278,5,Limbic,rh
14228,278,demo_parcel_278,5,Limbic,rh
14229,278,demo_parcel_278,5,Limbic,rh
14230,278,demo_parcel_278,5,Limbic,rh
14231,278,demo_parcel_278,5,Limbic,rh
14232,278,demo_parcel_278,5,Limbic,rh
14233,278,demo_parcel_278,5,Limbic,rh
14234,278,demo_parcel_278,5,Limbic,rh
14235,278,demo_parcel_278,5,Limbic,rh
14236,278,demo_parcel_278,5,Limbic,rh
14237,278,demo_parcel_278,5,Limbic,rh
14238,278,demo_parcel_278,5,Limbic,rh
14239,278,demo_parcel_278,5,Limbic,rh
14240,278,demo_parcel_278,5,Limbic,rh
14241,278,demo_parcel_278,5,Limbic,rh
14242,278,demo_parcel_278,5,Limbic,rh
14243,278,demo_parcel_278,5,Limbic,rh
14244,278,demo_parcel_278,5,Limbic,rh
14245,278,demo_parcel_278,5,Limbic,rh
14246,278,demo_parcel_278,5,Limbic,rh
14247,278,demo_parcel_278,5,Limbic,rh
14248,278,demo_parcel_278,5,Limbic,rh
14249,278,demo_parcel_278,5,Limbic,rh
14250,278,demo_parcel_278,5,Limbic,rh
14251,278,demo_parcel_278,5,Limbic,rh
14252,278,demo_parcel_278,5,Limbic,rh
14253,278,demo_parcel_278,5,Limbic,rh
14254,278,demo_parcel_278,5,Limbic,rh
14255,278,demo_parcel_278,5,Limbic,rh
14256,278,demo_parcel_278,5,Limbic,rh
14257,278,demo_parcel_278,5,Limbic,rh
14258,278,demo_parcel_278,5,Limbic,rh
14259,278,demo_parcel_278,5,Limbic,rh
14260,278,demo_parcel_278,5,Limbic,rh
14261,278,demo_parcel_278,5,Limbic,rh
14262,279,demo_parcel_279,6,Cont,rh
14263,279,demo_parcel_279,6,Cont,rh
14264,279,demo_parcel_279,6,Cont,rh
14265,279,demo_parcel_279,6,Cont,rh
14266,279,demo_parcel_279,6,Cont,rh
14267,279,demo_parcel_279,6,Cont,rh
14268,279,demo_parcel_279,6,Cont,rh
14269,279,demo_parcel_279,6,Cont,rh
14270,279,demo_parcel_279,6,Cont,rh
14271,279,demo_parcel_279,6,Cont,rh
14272,279,demo_parcel_279,6,Cont,rh
14273,279,demo_parcel_279,6,Cont,rh
14274,279,demo_parcel_279,6,Cont,rh
14275,279,demo_parcel_279,6,Cont,rh
14276,279,demo_parcel_279,6,Cont,rh
14277,279,demo_parcel_279,6,Cont,rh
14278,279,demo_parcel_279,6,Cont,rh
14279,279,demo_parcel_279,6,Cont,rh
14280,279,demo_parcel_279,6,Cont,rh
14281,279,demo_parcel_279,6,Cont,rh
14282,279,demo_parcel_279,6,Cont,rh
14283,279,demo_parcel_279,6,Cont,rh
14284,279,demo_parcel_279,6,Cont,rh
14285,279,demo_parcel_279,6,Cont,rh
14286,279,demo_parcel_279,6,Cont,rh
14287,279,demo_parcel_279,6,Cont,rh
14288,279,demo_parcel_279,6,Cont,rh
14289,279,demo_parcel_279,6,Cont,rh
14290,279,demo_parcel_279,6,Cont,rh
14291,279,demo_parcel_279,6,Cont,rh
14292,279,demo_parcel_279,6,Cont,rh
14293,279,demo_parcel_279,6,Cont,rh
14294,279,demo_parcel_279,6,Cont,rh
14295,279,demo_parcel_279,6,Cont,rh
14296,279,demo_parcel_279,6,Cont,rh
14297,279,demo_parcel_279,6,Cont,rh
14298,279,demo_parcel_279,6,Cont,rh
14299,279,demo_parcel_279,6,Cont,rh
14300,279,demo_parcel_279,6,Cont,rh
14301,279,demo_parcel_279,6,Cont,rh
14302,279,demo_parcel_279,6,Cont,rh
14303,279,demo_parcel_279,6,Cont,rh
14304,279,demo_parcel_279,6,Cont,rh
14305,279,demo_parcel_279,6,Cont,rh
14306,279,demo_parcel_279,6,Cont,rh
14307,279,demo_parcel_279,6,Cont,rh
14308,279,demo_parcel_279,6,Cont,rh
14309,279,demo_parcel_279,6,Cont,rh
14310,279,demo_parcel_279,6,Cont,rh
14311,279,demo_parcel_279,6,Cont,rh
14312,279,demo_parcel_279,6,Cont,rh
14313,280,demo_parcel_280,7,Default,rh
14314,280,demo_parcel_280,7,Default,rh
14315,280,demo_parcel_280,7,Default,rh
14316,280,demo_parcel_280,7,Default,rh
14317,280,demo_parcel_280,7,Default,rh
14318,280,demo_parcel_280,7,Default,rh
14319,280,demo_parcel_280,7,Default,rh
14320,280,demo_parcel_280,7,Default,rh
14321,280,demo_parcel_280,7,Default,rh
14322,280,demo_parcel_280,7,Default,rh
14323,280,demo_parcel_280,7,Default,rh
14324,280,demo_parcel_280,7,Default,rh
14325,280,demo_parcel_280,7,Default,rh
14326,280,demo_parcel_280,7,Default,rh
14327,280,demo_parcel_280,7,Default,rh
14328,280,demo_parcel_280,7,Default,rh
14329,280,demo_parcel_280,7,Default,rh
14330,280,demo_parcel_280,7,Default,rh
14331,280,demo_parcel_280,7,Default,rh
14332,280,demo_parcel_280,7,Default,rh
14333,280,demo_parcel_280,7,Default,rh
14334,280,demo_parcel_280,7,Default,rh
14335,280,demo_parcel_280,7,Default,rh
14336,280,demo_parcel_280,7,Default,rh
14337,280,demo_parcel_280,7,Default,rh
14338,280,demo_parcel_280,7,Default,rh
14339,280,demo_parcel_280,7,Default,rh
14340,280,demo_parcel_280,7,Default,rh
14341,280,demo_parcel_280,7,Default,rh
14342,280,demo_parcel_280,7,Default,rh
14343,280,demo_parcel_280,7,Default,rh
14344,280,demo_parcel_280,7,Default,rh
14345,280,demo_parcel_280,7,Default,rh
14346,280,demo_parcel_280,7,Default,rh
14347,280,demo_parcel_280,7,Default,rh
14348,280,demo_parcel_280,7,Default,rh
14349,280,demo_parcel_280,7,Default,rh
14350,280,demo_parcel_280,7,Default,rh
14351,280,demo_parcel_280,7,Default,rh
14352,280,demo_parcel_280,7,Default,rh
14353,280,demo_parcel_280,7,Default,rh
14354,280,demo_parcel_280,7,Default,rh
14355,280,demo_parcel_280,7,Default,rh
14356,280,demo_parcel_280,7,Default,rh
14357,280,demo_parcel_280,7,Default,rh
14358,280,demo_parcel_280,7,Default,rh
14359,280,demo_parcel_280,7,Default,rh
14360,280,demo_parcel_280,7,Default,rh
14361,280,demo_parcel_280,7,Default,rh
14362,280,demo_parcel_280,7,Default,rh
14363,280,demo_parcel_280,7,Default,rh
14364,281,demo_parcel_281,1,Vis,rh
14365,281,demo_parcel_281,1,Vis,rh
14366,281,demo_parcel_281,1,Vis,rh
14367,281,demo_parcel_281,1,Vis,rh
14368,281,demo_parcel_281,1,Vis,rh
14369,281,demo_parcel_281,1,Vis,rh
14370,281,demo_parcel_281,1,Vis,rh
14371,281,demo_parcel_281,1,Vis,rh
14372,281,demo_parcel_281,1,Vis,rh
14373,281,demo_parcel_281,1,Vis,rh
14374,281,demo_parcel_281,1,Vis,rh
14375,281,demo_parcel_281,1,Vis,rh
14376,281,demo_parcel_281,1,Vis,rh
14377,281,demo_parcel_281,1,Vis,rh
14378,281,demo_parcel_281,1,Vis,rh
14379,281,demo_parcel_281,1,Vis,rh
14380,281,demo_parcel_281,1,Vis,rh
14381,281,demo_parcel_281,1,Vis,rh
14382,281,demo_parcel_281,1,Vis,rh
14383,281,demo_parcel_281,1,Vis,rh
14384,281,demo_parcel_281,1,Vis,rh
14385,281,demo_parcel_281,1,Vis,rh
14386,281,demo_parcel_281,1,Vis,rh
14387,281,demo_parcel_281,1,Vis,rh
14388,281,demo_parcel_281,1,Vis,rh
14389,281,demo_parcel_281,1,Vis,rh
14390,281,demo_parcel_281,1,Vis,rh
14391,281,demo_parcel_281,1,Vis,rh
14392,281,demo_parcel_281,1,Vis,rh
14393,281,demo_parcel_281,1,Vis,rh
14394,281,demo_parcel_281,1,Vis,rh
14395,281,demo_parcel_281,1,Vis,rh
14396,281,demo_parcel_281,1,Vis,rh
14397,281,demo_parcel_281,1,Vis,rh
14398,281,demo_parcel_281,1,Vis,rh
14399,281,demo_parcel_281,1,Vis,rh
14400,281,demo_parcel_281,1,Vis,rh
14401,281,demo_parcel_281,1,Vis,rh
14402,281,demo_parcel_281,1,Vis,rh
14403,281,demo_parcel_281,1,Vis,rh
14404,281,demo_parcel_281,1,Vis,rh
14405,281,demo_parcel_281,1,Vis,rh
14406,281,demo_parcel_281,1,Vis,rh
14407,281,demo_parcel_281,1,Vis,rh
14408,281,demo_parcel_281,1,Vis,rh
14409,281,demo_parcel_281,1,Vis,rh
14410,281,demo_parcel_281,1,Vis,rh
14411,281,demo_parcel_281,1,Vis,rh
14412,281,demo_parcel_281,1,Vis,rh
14413,281,demo_parcel_281,1,Vis,rh
14414,281,demo_parcel_281,1,Vis,rh
14415,282,demo_parcel_282,2,SomMot,rh
14416,282,demo_parcel_282,2,SomMot,rh
14417,282,demo_parcel_282,2,SomMot,rh
14418,282,demo_parcel_282,2,SomMot,rh
14419,282,demo_parcel_282,2,SomMot,rh
14420,282,demo_parcel_282,2,SomMot,rh
14421,282,demo_parcel_282,2,SomMot,rh
14422,282,demo_parcel_282,2,SomMot,rh
14423,282,demo_parcel_282,2,SomMot,rh
14424,282,demo_parcel_282,2,SomMot,rh
14425,282,demo_parcel_282,2,SomMot,rh
14426,282,demo_parcel_282,2,SomMot,rh
14427,282,demo_parcel_282,2,SomMot,rh
14428,282,demo_parcel_282,2,SomMot,rh
14429,282,demo_parcel_282,2,SomMot,rh
14430,282,demo_parcel_282,2,SomMot,rh
14431,282,demo_parcel_282,2,SomMot,rh
14432,282,demo_parcel_282,2,SomMot,rh
14433,282,demo_parcel_282,2,SomMot,rh
14434,282,demo_parcel_282,2,SomMot,rh
14435,282,demo_parcel_282,2,SomMot,rh
14436,282,demo_parcel_282,2,SomMot,rh
14437,282,demo_parcel_282,2,SomMot,rh
14438,282,demo_parcel_282,2,SomMot,rh
14439,282,demo_parcel_282,2,SomMot,rh
14440,282,demo_parcel_282,2,SomMot,rh
14441,282,demo_parcel_282,2,SomMot,rh
14442,282,demo_parcel_282,2,SomMot,rh
14443,282,demo_parcel_282,2,SomMot,rh
14444,282,demo_parcel_282,2,SomMot,rh
14445,282,demo_parcel_282,2,SomMot,rh
14446,282,demo_parcel_282,2,SomMot,rh
14447,282,demo_parcel_282,2,SomMot,rh
14448,282,demo_parcel_282,2,SomMot,rh
14449,282,demo_parcel_282,2,SomMot,rh
14450,282,demo_parcel_282,2,SomMot,rh
14451,282,demo_parcel_282,2,SomMot,rh
14452,282,demo_parcel_282,2,SomMot,rh
14453,282,demo_parcel_282,2,SomMot,rh
14454,282,demo_parcel_282,2,SomMot,rh
14455,282,demo_parcel_282,2,SomMot,rh
14456,282,demo_parcel_282,2,SomMot,rh
14457,282,demo_parcel_282,2,SomMot,rh
14458,282,demo_parcel_282,2,SomMot,rh
14459,282,demo_parcel_282,2,SomMot,rh
14460,282,demo_parcel_282,2,SomMot,rh
14461,282,demo_parcel_282,2,SomMot,rh
14462,282,demo_parcel_282,2,SomMot,rh
14463,282,demo_parcel_282,2,SomMot,rh
14464,282,demo_parcel_282,2,SomMot,rh
14465,282,demo_parcel_282,2,SomMot,rh
14466,283,demo_parcel_283,3,DorsAttn,rh
14467,283,demo_parcel_283,3,DorsAttn,rh
14468,283,demo_parcel_283,3,DorsAttn,rh
14469,283,demo_parcel_283,3,DorsAttn,rh
14470,283,demo_parcel_283,3,DorsAttn,rh
14471,283,demo_parcel_283,3,DorsAttn,rh
14472,283,demo_parcel_283,3,DorsAttn,rh
14473,283,demo_parcel_283,3,DorsAttn,rh
14474,283,demo_parcel_283,3,DorsAttn,rh
14475,283,demo_parcel_283,3,DorsAttn,rh
14476,283,demo_parcel_283,3,DorsAttn,rh
14477,283,demo_parcel_283,3,DorsAttn,rh
14478,283,demo_parcel_283,3,DorsAttn,rh
14479,283,demo_parcel_283,3,DorsAttn,rh
14480,283,demo_parcel_283,3,DorsAttn,rh
14481,283,demo_parcel_283,3,DorsAttn,rh
14482,283,demo_parcel_283,3,DorsAttn,rh
14483,283,demo_parcel_283,3,DorsAttn,rh
14484,283,demo_parcel_283,3,DorsAttn,rh
14485,283,demo_parcel_283,3,DorsAttn,rh
14486,283,demo_parcel_283,3,DorsAttn,rh
14487,283,demo_parcel_283,3,DorsAttn,rh
14488,283,demo_parcel_283,3,DorsAttn,rh
14489,283,demo_parcel_283,3,DorsAttn,rh
14490,283,demo_parcel_283,3,DorsAttn,rh
14491,283,demo_parcel_283,3,DorsAttn,rh
14492,283,demo_parcel_283,3,DorsAttn,rh
14493,283,demo_parcel_283,3,DorsAttn,rh
14494,283,demo_parcel_283,3,DorsAttn,rh
14495,283,demo_parcel_283,3,DorsAttn,rh
14496,283,demo_parcel_283,3,DorsAttn,rh
14497,283,demo_parcel_283,3,DorsAttn,rh
14498,283,demo_parcel_283,3,DorsAttn,rh
14499,283,demo_parcel_283,3,DorsAttn,rh
14500,283,demo_parcel_283,3,DorsAttn,rh
14501,283,demo_parcel_283,3,DorsAttn,rh
14502,283,demo_parcel_283,3,DorsAttn,rh
14503,283,demo_parcel_283,3,DorsAttn,rh
14504,283,demo_parcel_283,3,DorsAttn,rh
14505,283,demo_parcel_283,3,DorsAttn,rh
14506,283,demo_parcel_283,3,DorsAttn,rh
14507,283,demo_parcel_283,3,DorsAttn,rh
14508,283,demo_parcel_283,3,DorsAttn,rh
14509,283,demo_parcel_283,3,DorsAttn,rh
14510,283,demo_parcel_283,3,DorsAttn,rh
14511,283,demo_parcel_283,3,DorsAttn,rh
14512,283,demo_parcel_283,3,DorsAttn,rh
14513,283,demo_parcel_283,3,DorsAttn,rh
14514,283,demo_parcel_283,3,DorsAttn,rh
14515,283,demo_parcel_283,3,DorsAttn,rh
14516,283,demo_parcel_283,3,DorsAttn,rh
14517,284,demo_parcel_284,4,SalVentAttn,rh
14518,284,demo_parcel_284,4,SalVentAttn,rh
14519,284,demo_parcel_284,4,SalVentAttn,rh
14520,284,demo_parcel_284,4,SalVentAttn,rh
14521,284,demo_parcel_284,4,SalVentAttn,rh
14522,284,demo_parcel_284,4,SalVentAttn,rh
14523,284,demo_parcel_284,4,SalVentAttn,rh
14524,284,demo_parcel_284,4,SalVentAttn,rh
14525,284,demo_parcel_284,4,SalVentAttn,rh
14526,284,demo_parcel_284,4,SalVentAttn,rh
14527,284,demo_parcel_284,4,SalVentAttn,rh
14528,284,demo_parcel_284,4,SalVentAttn,rh
14529,284,demo_parcel_284,4,SalVentAttn,rh
14530,284,demo_parcel_284,4,SalVentAttn,rh
14531,284,demo_parcel_284,4,SalVentAttn,rh
14532,284,demo_parcel_284,4,SalVentAttn,rh
14533,284,demo_parcel_284,4,SalVentAttn,rh
14534,284,demo_parcel_284,4,SalVentAttn,rh
14535,284,demo_parcel_284,4,SalVentAttn,rh
14536,284,demo_parcel_284,4,SalVentAttn,rh
14537,284,demo_parcel_284,4,SalVentAttn,rh
14538,284,demo_parcel_284,4,SalVentAttn,rh
14539,284,demo_parcel_284,4,SalVentAttn,rh
14540,284,demo_parcel_284,4,SalVentAttn,rh
14541,284,demo_parcel_284,4,SalVentAttn,rh
14542,284,demo_parcel_284,4,SalVentAttn,rh
14543,284,demo_parcel_284,4,SalVentAttn,rh
14544,284,demo_parcel_284,4,SalVentAttn,rh
14545,284,demo_parcel_284,4,SalVentAttn,rh
14546,284,demo_parcel_284,4,SalVentAttn,rh
14547,284,demo_parcel_284,4,SalVentAttn,rh
14548,284,demo_parcel_284,4,SalVentAttn,rh
14549,284,demo_parcel_284,4,SalVentAttn,rh
14550,284,demo_parcel_284,4,SalVentAttn,rh
14551,284,demo_parcel_284,4,SalVentAttn,rh
14552,284,demo_parcel_284,4,SalVentAttn,rh
14553,284,demo_parcel_284,4,SalVentAttn,rh
14554,284,demo_parcel_284,4,SalVentAttn,rh
14555,284,demo_parcel_284,4,SalVentAttn,rh
14556,284,demo_parcel_284,4,SalVentAttn,rh
14557,284,demo_parcel_284,4,SalVentAttn,rh
14558,284,demo_parcel_284,4,SalVentAttn,rh
14559,284,demo_parcel_284,4,SalVentAttn,rh
14560,284,demo_parcel_284,4,SalVentAttn,rh
14561,284,demo_parcel_284,4,SalVentAttn,rh
14562,284,demo_parcel_284,4,SalVentAttn,rh
14563,284,demo_parcel_284,4,SalVentAttn,rh
14564,284,demo_parcel_284,4,SalVentAttn,rh
14565,284,demo_parcel_284,4,SalVentAttn,rh
14566,284,demo_parcel_284,4,SalVentAttn,rh
14567,284,demo_parcel_284,4,SalVentAttn,rh
14568,285,demo_parcel_285,5,Limbic,rh
14569,285,demo_parcel_285,5,Limbic,rh
14570,285,demo_parcel_285,5,Limbic,rh
14571,285,demo_parcel_285,5,Limbic,rh
14572,285,demo_parcel_285,5,Limbic,rh
14573,285,demo_parcel_285,5,Limbic,rh
14574,285,demo_parcel_285,5,Limbic,rh
14575,285,demo_parcel_285,5,Limbic,rh
14576,285,demo_parcel_285,5,Limbic,rh
14577,285,demo_parcel_285,5,Limbic,rh
14578,285,demo_parcel_285,5,Limbic,rh
14579,285,demo_parcel_285,5,Limbic,rh
14580,285,demo_parcel_285,5,Limbic,rh
14581,285,demo_parcel_285,5,Limbic,rh
14582,285,demo_parcel_285,5,Limbic,rh
14583,285,demo_parcel_285,5,Limbic,rh
14584,285,demo_parcel_285,5,Limbic,rh
14585,285,demo_parcel_285,5,Limbic,rh
14586,285,demo_parcel_285,5,Limbic,rh
14587,285,demo_parcel_285,5,Limbic,rh
14588,285,demo_parcel_285,5,Limbic,rh
14589,285,demo_parcel_285,5,Limbic,rh
14590,285,demo_parcel_285,5,Limbic,rh
14591,285,demo_parcel_285,5,Limbic,rh
14592,285,demo_parcel_285,5,Limbic,rh
14593,285,demo_parcel_285,5,Limbic,rh
14594,285,demo_parcel_285,5,Limbic,rh
14595,285,demo_parcel_285,5,Limbic,rh
14596,285,demo_parcel_285,5,Limbic,rh
14597,285,demo_parcel_285,5,Limbic,rh
14598,285,demo_parcel_285,5,Limbic,rh
14599,285,demo_parcel_285,5,Limbic,rh
14600,285,demo_parcel_285,5,Limbic,rh
14601,285,demo_parcel_285,5,Limbic,rh
14602,285,demo_parcel_285,5,Limbic,rh
14603,285,demo_parcel_285,5,Limbic,rh
14604,285,demo_parcel_285,5,Limbic,rh
14605,285,demo_parcel_285,5,Limbic,rh
14606,285,demo_parcel_285,5,Limbic,rh
14607,285,demo_parcel_285,5,Limbic,rh
14608,285,demo_parcel_285,5,Limbic,rh
14609,285,demo_parcel_285,5,Limbic,rh
14610,285,demo_parcel_285,5,Limbic,rh
14611,285,demo_parcel_285,5,Limbic,rh
14612,285,demo_parcel_285,5,Limbic,rh
14613,285,demo_parcel_285,5,Limbic,rh
14614,285,demo_parcel_285,5,Limbic,rh
14615,285,demo_parcel_285,5,Limbic,rh
14616,285,demo_parcel_285,5,Limbic,rh
14617,285,demo_parcel_285,5,Limbic,rh
14618,285,demo_parcel_285,5,Limbic,rh
14619,286,demo_parcel_286,6,Cont,rh
14620,286,demo_parcel_286,6,Cont,rh
14621,286,demo_parcel_286,6,Cont,rh
14622,286,demo_parcel_286,6,Cont,rh
14623,286,demo_parcel_286,6,Cont,rh
14624,286,demo_parcel_286,6,Cont,rh
14625,286,demo_parcel_286,6,Cont,rh
14626,286,demo_parcel_286,6,Cont,rh
14627,286,demo_parcel_286,6,Cont,rh
14628,286,demo_parcel_286,6,Cont,rh
14629,286,demo_parcel_286,6,Cont,rh
14630,286,demo_parcel_286,6,Cont,rh
14631,286,demo_parcel_286,6,Cont,rh
14632,286,demo_parcel_286,6,Cont,rh
14633,286,demo_parcel_286,6,Cont,rh
14634,286,demo_parcel_286,6,Cont,rh
14635,286,demo_parcel_286,6,Cont,rh
14636,286,demo_parcel_286,6,Cont,rh
14637,286,demo_parcel_286,6,Cont,rh
14638,286,demo_parcel_286,6,Cont,rh
14639,286,demo_parcel_286,6,Cont,rh
14640,286,demo_parcel_286,6,Cont,rh
14641,286,demo_parcel_286,6,Cont,rh
14642,286,demo_parcel_286,6,Cont,rh
14643,286,demo_parcel_286,6,Cont,rh
14644,286,demo_parcel_286,6,Cont,rh
14645,286,demo_parcel_286,6,Cont,rh
14646,286,demo_parcel_286,6,Cont,rh
14647,286,demo_parcel_286,6,Cont,rh
14648,286,demo_parcel_286,6,Cont,rh
14649,286,demo_parcel_286,6,Cont,rh
14650,286,demo_parcel_286,6,Cont,rh
14651,286,demo_parcel_286,6,Cont,rh
14652,286,demo_parcel_286,6,Cont,rh
14653,286,demo_parcel_286,6,Cont,rh
14654,286,demo_parcel_286,6,Cont,rh
14655,286,demo_parcel_286,6,Cont,rh
14656,286,demo_parcel_286,6,Cont,rh
14657,286,demo_parcel_286,6,Cont,rh
14658,286,demo_parcel_286,6,Cont,rh
14659,286,demo_parcel_286,6,Cont,rh
14660,286,demo_parcel_286,6,Cont,rh
14661,286,demo_parcel_286,6,Cont,rh
14662,286,demo_parcel_286,6,Cont,rh
14663,286,demo_parcel_286,6,Cont,rh
14664,286,demo_parcel_286,6,Cont,rh
14665,286,demo_parcel_286,6,Cont,rh
14666,286,demo_parcel_286,6,Cont,rh
14667,286,demo_parcel_286,6,Cont,rh
14668,286,demo_parcel_286,6,Cont,rh
14669,286,demo_parcel_286,6,Cont,rh
14670,287,demo_parcel_287,7,Default,rh
14671,287,demo_parcel_287,7,Default,rh
14672,287,demo_parcel_287,7,Default,rh
14673,287,demo_parcel_287,7,Default,rh
14674,287,demo_parcel_287,7,Default,rh
14675,287,demo_parcel_287,7,Default,rh
14676,287,demo_parcel_287,7,Default,rh
14677,287,demo_parcel_287,7,Default,rh
14678,287,demo_parcel_287,7,Default,rh
14679,287,demo_parcel_287,7,Default,rh
14680,287,demo_parcel_287,7,Default,rh
14681,287,demo_parcel_287,7,Default,rh
14682,287,demo_parcel_287,7,Default,rh
14683,287,demo_parcel_287,7,Default,rh
14684,287,demo_parcel_287,7,Default,rh
14685,287,demo_parcel_287,7,Default,rh
14686,287,demo_parcel_287,7,Default,rh
14687,287,demo_parcel_287,7,Default,rh
14688,287,demo_parcel_287,7,Default,rh
14689,287,demo_parcel_287,7,Default,rh
14690,287,demo_parcel_287,7,Default,rh
14691,287,demo_parcel_287,7,Default,rh
14692,287,demo_parcel_287,7,Default,rh
14693,287,demo_parcel_287,7,Default,rh
14694,287,demo_parcel_287,7,Default,rh
14695,287,demo_parcel_287,7,Default,rh
14696,287,demo_parcel_287,7,Default,rh
14697,287,demo_parcel_287,7,Default,rh
14698,287,demo_parcel_287,7,Default,rh
14699,287,demo_parcel_287,7,Default,rh
14700,287,demo_parcel_287,7,Default,rh
14701,287,demo_parcel_287,7,Default,rh
14702,287,demo_parcel_287,7,Default,rh
14703,287,demo_parcel_287,7,Default,rh
14704,287,demo_parcel_287,7,Default,rh
14705,287,demo_parcel_287,7,Default,rh
14706,287,demo_parcel_287,7,Default,rh
14707,287,demo_parcel_287,7,Default,rh
14708,287,demo_parcel_287,7,Default,rh
14709,287,demo_parcel_287,7,Default,rh
14710,287,demo_parcel_287,7,Default,rh
14711,287,demo_parcel_287,7,Default,rh
14712,287,demo_parcel_287,7,Default,rh
14713,287,demo_parcel_287,7,Default,rh
14714,287,demo_parcel_287,7,Default,rh
14715,287,demo_parcel_287,7,Default,rh
14716,287,demo_parcel_287,7,Default,rh
14717,287,demo_parcel_287,7,Default,rh
14718,287,demo_parcel_287,7,Default,rh
14719,287,demo_parcel_287,7,Default,rh
14720,287,demo_parcel_287,7,Default,rh
14721,288,demo_parcel_288,1,Vis,rh
14722,288,demo_parcel_288,1,Vis,rh
14723,288,demo_parcel_288,1,Vis,rh
14724,288,demo_parcel_288,1,Vis,rh
14725,288,demo_parcel_288,1,Vis,rh
14726,288,demo_parcel_288,1,Vis,rh
14727,288,demo_parcel_288,1,Vis,rh
14728,288,demo_parcel_288,1,Vis,rh
14729,288,demo_parcel_288,1,Vis,rh
14730,288,demo_parcel_288,1,Vis,rh
14731,288,demo_parcel_288,1,Vis,rh
14732,288,demo_parcel_288,1,Vis,rh
14733,288,demo_parcel_288,1,Vis,rh
14734,288,demo_parcel_288,1,Vis,rh
14735,288,demo_parcel_288,1,Vis,rh
14736,288,demo_parcel_288,1,Vis,rh
14737,288,demo_parcel_288,1,Vis,rh
14738,288,demo_parcel_288,1,Vis,rh
14739,288,demo_parcel_288,1,Vis,rh
14740,288,demo_parcel_288,1,Vis,rh
14741,288,demo_parcel_288,1,Vis,rh
14742,288,demo_parcel_288,1,Vis,rh
14743,288,demo_parcel_288,1,Vis,rh
14744,288,demo_parcel_288,1,Vis,rh
14745,288,demo_parcel_288,1,Vis,rh
14746,288,demo_parcel_288,1,Vis,rh
14747,288,demo_parcel_288,1,Vis,rh
14748,288,demo_parcel_288,1,Vis,rh
14749,288,demo_parcel_288,1,Vis,rh
14750,288,demo_parcel_288,1,Vis,rh
14751,288,demo_parcel_288,1,Vis,rh
14752,288,demo_parcel_288,1,Vis,rh
14753,288,demo_parcel_288,1,Vis,rh
14754,288,demo_parcel_288,1,Vis,rh
14755,288,demo_parcel_288,1,Vis,rh
14756,288,demo_parcel_288,1,Vis,rh
14757,288,demo_parcel_288,1,Vis,rh
14758,288,demo_parcel_288,1,Vis,rh
14759,288,demo_parcel_288,1,Vis,rh
14760,288,demo_parcel_288,1,Vis,rh
14761,288,demo_parcel_288,1,Vis,rh
14762,288,demo_parcel_288,1,Vis,rh
14763,288,demo_parcel_288,1,Vis,rh
14764,288,demo_parcel_288,1,Vis,rh
14765,288,demo_parcel_288,1,Vis,rh
14766,288,demo_parcel_288,1,Vis,rh
14767,288,demo_parcel_288,1,Vis,rh
14768,288,demo_parcel_288,1,Vis,rh
14769,288,demo_parcel_288,1,Vis,rh
14770,288,demo_parcel_288,1,Vis,rh
14771,288,demo_parcel_288,1,Vis,rh
14772,289,demo_parcel_289,2,SomMot,rh
14773,289,demo_parcel_289,2,SomMot,rh
14774,289,demo_parcel_289,2,SomMot,rh
14775,289,demo_parcel_289,2,SomMot,rh
14776,289,demo_parcel_289,2,SomMot,rh
14777,289,demo_parcel_289,2,SomMot,rh
14778,289,demo_parcel_289,2,SomMot,rh
14779,289,demo_parcel_289,2,SomMot,rh
14780,289,demo_parcel_289,2,SomMot,rh
14781,289,demo_parcel_289,2,SomMot,rh
14782,289,demo_parcel_289,2,SomMot,rh
14783,289,demo_parcel_289,2,SomMot,rh
14784,289,demo_parcel_289,2,SomMot,rh
14785,289,demo_parcel_289,2,SomMot,rh
14786,289,demo_parcel_289,2,SomMot,rh
14787,289,demo_parcel_289,2,SomMot,rh
14788,289,demo_parcel_289,2,SomMot,rh
14789,289,demo_parcel_289,2,SomMot,rh
14790,289,demo_parcel_289,2,SomMot,rh
14791,289,demo_parcel_289,2,SomMot,rh
14792,289,demo_parcel_289,2,SomMot,rh
14793,289,demo_parcel_289,2,SomMot,rh
14794,289,demo_parcel_289,2,SomMot,rh
14795,289,demo_parcel_289,2,SomMot,rh
14796,289,demo_parcel_289,2,SomMot,rh
14797,289,demo_parcel_289,2,SomMot,rh
14798,289,demo_parcel_289,2,SomMot,rh
14799,289,demo_parcel_289,2,SomMot,rh
14800,289,demo_parcel_289,2,SomMot,rh
14801,289,demo_parcel_289,2,SomMot,rh
14802,289,demo_parcel_289,2,SomMot,rh
14803,289,demo_parcel_289,2,SomMot,rh
14804,289,demo_parcel_289,2,SomMot,rh
14805,289,demo_parcel_289,2,SomMot,rh
14806,289,demo_parcel_289,2,SomMot,rh
14807,289,demo_parcel_289,2,SomMot,rh
14808,289,demo_parcel_289,2,SomMot,rh
14809,289,demo_parcel_289,2,SomMot,rh
14810,289,demo_parcel_289,2,SomMot,rh
14811,289,demo_parcel_289,2,SomMot,rh
14812,289,demo_parcel_289,2,SomMot,rh
14813,289,demo_parcel_289,2,SomMot,rh
14814,289,demo_parcel_289,2,SomMot,rh
14815,289,demo_parcel_289,2,SomMot,rh
14816,289,demo_parcel_289,2,SomMot,rh
14817,289,demo_parcel_289,2,SomMot,rh
14818,289,demo_parcel_289,2,SomMot,rh
14819,289,demo_parcel_289,2,SomMot,rh
14820,289,demo_parcel_289,2,SomMot,rh
14821,289,demo_parcel_289,2,SomMot,rh
14822,289,demo_parcel_289,2,SomMot,rh
14823,290,demo_parcel_290,3,DorsAttn,rh
14824,290,demo_parcel_290,3,DorsAttn,rh
14825,290,demo_parcel_290,3,DorsAttn,rh
14826,290,demo_parcel_290,3,DorsAttn,rh
14827,290,demo_parcel_290,3,DorsAttn,rh
14828,290,demo_parcel_290,3,DorsAttn,rh
14829,290,demo_parcel_290,3,DorsAttn,rh
14830,290,demo_parcel_290,3,DorsAttn,rh
14831,290,demo_parcel_290,3,DorsAttn,rh
14832,290,demo_parcel_290,3,DorsAttn,rh
14833,290,demo_parcel_290,3,DorsAttn,rh
14834,290,demo_parcel_290,3,DorsAttn,rh
14835,290,demo_parcel_290,3,DorsAttn,rh
14836,290,demo_parcel_290,3,DorsAttn,rh
14837,290,demo_parcel_290,3,DorsAttn,rh
14838,290,demo_parcel_290,3,DorsAttn,rh
14839,290,demo_parcel_290,3,DorsAttn,rh
14840,290,demo_parcel_290,3,DorsAttn,rh
14841,290,demo_parcel_290,3,DorsAttn,rh
14842,290,demo_parcel_290,3,DorsAttn,rh
14843,290,demo_parcel_290,3,DorsAttn,rh
14844,290,demo_parcel_290,3,DorsAttn,rh
14845,290,demo_parcel_290,3,DorsAttn,rh
14846,290,demo_parcel_290,3,DorsAttn,rh
14847,290,demo_parcel_290,3,DorsAttn,rh
14848,290,demo_parcel_290,3,DorsAttn,rh
14849,290,demo_parcel_290,3,DorsAttn,rh
14850,290,demo_parcel_290,3,DorsAttn,rh
14851,290,demo_parcel_290,3,DorsAttn,rh
14852,290,demo_parcel_290,3,DorsAttn,rh
14853,290,demo_parcel_290,3,DorsAttn,rh
14854,290,demo_parcel_290,3,DorsAttn,rh
14855,290,demo_parcel_290,3,DorsAttn,rh
14856,290,demo_parcel_290,3,DorsAttn,rh
14857,290,demo_parcel_290,3,DorsAttn,rh
14858,290,demo_parcel_290,3,DorsAttn,rh
14859,290,demo_parcel_290,3,DorsAttn,rh
14860,290,demo_parcel_290,3,DorsAttn,rh
14861,290,demo_parcel_290,3,DorsAttn,rh
14862,290,demo_parcel_290,3,DorsAttn,rh
14863,290,demo_parcel_290,3,DorsAttn,rh
14864,290,demo_parcel_290,3,DorsAttn,rh
14865,290,demo_parcel_290,3,DorsAttn,rh
14866,290,demo_parcel_290,3,DorsAttn,rh
14867,290,demo_parcel_290,3,DorsAttn,rh
14868,290,demo_parcel_290,3,DorsAttn,rh
14869,290,demo_parcel_290,3,DorsAttn,rh
14870,290,demo_parcel_290,3,DorsAttn,rh
14871,290,demo_parcel_290,3,DorsAttn,rh
14872,290,demo_parcel_290,3,DorsAttn,rh
14873,290,demo_parcel_290,3,DorsAttn,rh
14874,291,demo_parcel_291,4,SalVentAttn,rh
14875,291,demo_parcel_291,4,SalVentAttn,rh
14876,291,demo_parcel_291,4,SalVentAttn,rh
14877,291,demo_parcel_291,4,SalVentAttn,rh
14878,291,demo_parcel_291,4,SalVentAttn,rh
14879,291,demo_parcel_291,4,SalVentAttn,rh
14880,291,demo_parcel_291,4,SalVentAttn,rh
14881,291,demo_parcel_291,4,SalVentAttn,rh
14882,291,demo_parcel_291,4,SalVentAttn,rh
14883,291,demo_parcel_291,4,SalVentAttn,rh
14884,291,demo_parcel_291,4,SalVentAttn,rh
14885,291,demo_parcel_291,4,SalVentAttn,rh
14886,291,demo_parcel_291,4,SalVentAttn,rh
14887,291,demo_parcel_291,4,SalVentAttn,rh
14888,291,demo_parcel_291,4,SalVentAttn,rh
14889,291,demo_parcel_291,4,SalVentAttn,rh
14890,291,demo_parcel_291,4,SalVentAttn,rh
14891,291,demo_parcel_291,4,SalVentAttn,rh
14892,291,demo_parcel_291,4,SalVentAttn,rh
14893,291,demo_parcel_291,4,SalVentAttn,rh
14894,291,demo_parcel_291,4,SalVentAttn,rh
14895,291,demo_parcel_291,4,SalVentAttn,rh
14896,291,demo_parcel_291,4,SalVentAttn,rh
14897,291,demo_parcel_291,4,SalVentAttn,rh
14898,291,demo_parcel_291,4,SalVentAttn,rh
14899,291,demo_parcel_291,4,SalVentAttn,rh
14900,291,demo_parcel_291,4,SalVentAttn,rh
14901,291,demo_parcel_291,4,SalVentAttn,rh
14902,291,demo_parcel_291,4,SalVentAttn,rh
14903,291,demo_parcel_291,4,SalVentAttn,rh
14904,291,demo_parcel_291,4,SalVentAttn,rh
14905,291,demo_parcel_291,4,SalVentAttn,rh
14906,291,demo_parcel_291,4,SalVentAttn,rh
14907,291,demo_parcel_291,4,SalVentAttn,rh
14908,291,demo_parcel_291,4,SalVentAttn,rh
14909,291,demo_parcel_291,4,SalVentAttn,rh
14910,291,demo_parcel_291,4,SalVentAttn,rh
14911,291,demo_parcel_291,4,SalVentAttn,rh
14912,291,demo_parcel_291,4,SalVentAttn,rh
14913,291,demo_parcel_291,4,SalVentAttn,rh
14914,291,demo_parcel_291,4,SalVentAttn,rh
14915,291,demo_parcel_291,4,SalVentAttn,rh
14916,291,demo_parcel_291,4,SalVentAttn,rh
14917,291,demo_parcel_291,4,SalVentAttn,rh
14918,291,demo_parcel_291,4,SalVentAttn,rh
14919,291,demo_parcel_291,4,SalVentAttn,rh
14920,291,demo_parcel_291,4,SalVentAttn,rh
14921,291,demo_parcel_291,4,SalVentAttn,rh
14922,291,demo_parcel_291,4,SalVentAttn,rh
14923,291,demo_parcel_291,4,SalVentAttn,rh
14924,291,demo_parcel_291,4,SalVentAttn,rh
14925,292,demo_parcel_292,5,Limbic,rh
14926,292,demo_parcel_292,5,Limbic,rh
14927,292,demo_parcel_292,5,Limbic,rh
14928,292,demo_parcel_292,5,Limbic,rh
14929,292,demo_parcel_292,5,Limbic,rh
14930,292,demo_parcel_292,5,Limbic,rh
14931,292,demo_parcel_292,5,Limbic,rh
14932,292,demo_parcel_292,5,Limbic,rh
14933,292,demo_parcel_292,5,Limbic,rh
14934,292,demo_parcel_292,5,Limbic,rh
14935,292,demo_parcel_292,5,Limbic,rh
14936,292,demo_parcel_292,5,Limbic,rh
14937,292,demo_parcel_292,5,Limbic,rh
14938,292,demo_parcel_292,5,Limbic,rh
14939,292,demo_parcel_292,5,Limbic,rh
14940,292,demo_parcel_292,5,Limbic,rh
14941,292,demo_parcel_292,5,Limbic,rh
14942,292,demo_parcel_292,5,Limbic,rh
14943,292,demo_parcel_292,5,Limbic,rh
14944,292,demo_parcel_292,5,Limbic,rh
14945,292,demo_parcel_292,5,Limbic,rh
14946,292,demo_parcel_292,5,Limbic,rh
14947,292,demo_parcel_292,5,Limbic,rh
14948,292,demo_parcel_292,5,Limbic,rh
14949,292,demo_parcel_292,5,Limbic,rh
14950,292,demo_parcel_292,5,Limbic,rh
14951,292,demo_parcel_292,5,Limbic,rh
14952,292,demo_parcel_292,5,Limbic,rh
14953,292,demo_parcel_292,5,Limbic,rh
14954,292,demo_parcel_292,5,Limbic,rh
14955,292,demo_parcel_292,5,Limbic,rh
14956,292,demo_parcel_292,5,Limbic,rh
14957,292,demo_parcel_292,5,Limbic,rh
14958,292,demo_parcel_292,5,Limbic,rh
14959,292,demo_parcel_292,5,Limbic,rh
14960,292,demo_parcel_292,5,Limbic,rh
14961,292,demo_parcel_292,5,Limbic,rh
14962,292,demo_parcel_292,5,Limbic,rh
14963,292,demo_parcel_292,5,Limbic,rh
14964,292,demo_parcel_292,5,Limbic,rh
14965,292,demo_parcel_292,5,Limbic,rh
14966,292,demo_parcel_292,5,Limbic,rh
14967,292,demo_parcel_292,5,Limbic,rh
14968,292,demo_parcel_292,5,Limbic,rh
14969,292,demo_parcel_292,5,Limbic,rh
14970,292,demo_parcel_292,5,Limbic,rh
14971,292,demo_parcel_292,5,Limbic,rh
14972,292,demo_parcel_292,5,Limbic,rh
14973,292,demo_parcel_292,5,Limbic,rh
14974,292,demo_parcel_292,5,Limbic,rh
14975,292,demo_parcel_292,5,Limbic,rh
14976,293,demo_parcel_293,6,Cont,rh
14977,293,demo_parcel_293,6,Cont,rh
14978,293,demo_parcel_293,6,Cont,rh
14979,293,demo_parcel_293,6,Cont,rh
14980,293,demo_parcel_293,6,Cont,rh
14981,293,demo_parcel_293,6,Cont,rh
14982,293,demo_parcel_293,6,Cont,rh
14983,293,demo_parcel_293,6,Cont,rh
14984,293,demo_parcel_293,6,Cont,rh
14985,293,demo_parcel_293,6,Cont,rh
14986,293,demo_parcel_293,6,Cont,rh
14987,293,demo_parcel_293,6,Cont,rh
14988,293,demo_parcel_293,6,Cont,rh
14989,293,demo_parcel_293,6,Cont,rh
14990,293,demo_parcel_293,6,Cont,rh
14991,293,demo_parcel_293,6,Cont,rh
14992,293,demo_parcel_293,6,Cont,rh
14993,293,demo_parcel_293,6,Cont,rh
14994,293,demo_parcel_293,6,Cont,rh
14995,293,demo_parcel_293,6,Cont,rh
14996,293,demo_parcel_293,6,Cont,rh
14997,293,demo_parcel_293,6,Cont,rh
14998,293,demo_parcel_293,6,Cont,rh
14999,293,demo_parcel_293,6,Cont,rh
15000,293,demo_parcel_293,6,Cont,rh
15001,293,demo_parcel_293,6,Cont,rh
15002,293,demo_parcel_293,6,Cont,rh
15003,293,demo_parcel_293,6,Cont,rh
15004,293,demo_parcel_293,6,Cont,rh
15005,293,demo_parcel_293,6,Cont,rh
15006,293,demo_parcel_293,6,Cont,rh
15007,293,demo_parcel_293,6,Cont,rh
15008,293,demo_parcel_293,6,Cont,rh
15009,293,demo_parcel_293,6,Cont,rh
15010,293,demo_parcel_293,6,Cont,rh
15011,293,demo_parcel_293,6,Cont,rh
15012,293,demo_parcel_293,6,Cont,rh
15013,293,demo_parcel_293,6,Cont,rh
15014,293,demo_parcel_293,6,Cont,rh
15015,293,demo_parcel_293,6,Cont,rh
15016,293,demo_parcel_293,6,Cont,rh
15017,293,demo_parcel_293,6,Cont,rh
15018,293,demo_parcel_293,6,Cont,rh
15019,293,demo_parcel_293,6,Cont,rh
15020,293,demo_parcel_293,6,Cont,rh
15021,293,demo_parcel_293,6,Cont,rh
15022,293,demo_parcel_293,6,Cont,rh
15023,293,demo_parcel_293,6,Cont,rh
15024,293,demo_parcel_293,6,Cont,rh
15025,293,demo_parcel_293,6,Cont,rh
15026,293,demo_parcel_293,6,Cont,rh
15027,294,demo_parcel_294,7,Default,rh
15028,294,demo_parcel_294,7,Default,rh
15029,294,demo_parcel_294,7,Default,rh
15030,294,demo_parcel_294,7,Default,rh
15031,294,demo_parcel_294,7,Default,rh
15032,294,demo_parcel_294,7,Default,rh
15033,294,demo_parcel_294,7,Default,rh
15034,294,demo_parcel_294,7,Default,rh
15035,294,demo_parcel_294,7,Default,rh
15036,294,demo_parcel_294,7,Default,rh
15037,294,demo_parcel_294,7,Default,rh
15038,294,demo_parcel_294,7,Default,rh
15039,294,demo_parcel_294,7,Default,rh
15040,294,demo_parcel_294,7,Default,rh
15041,294,demo_parcel_294,7,Default,rh
15042,294,demo_parcel_294,7,Default,rh
15043,294,demo_parcel_294,7,Default,rh
15044,294,demo_parcel_294,7,Default,rh
15045,294,demo_parcel_294,7,Default,rh
15046,294,demo_parcel_294,7,Default,rh
15047,294,demo_parcel_294,7,Default,rh
15048,294,demo_parcel_294,7,Default,rh
15049,294,demo_parcel_294,7,Default,rh
15050,294,demo_parcel_294,7,Default,rh
15051,294,demo_parcel_294,7,Default,rh
15052,294,demo_parcel_294,7,Default,rh
15053,294,demo_parcel_294,7,Default,rh
15054,294,demo_parcel_294,7,Default,rh
15055,294,demo_parcel_294,7,Default,rh
15056,294,demo_parcel_294,7,Default,rh
15057,294,demo_parcel_294,7,Default,rh
15058,294,demo_parcel_294,7,Default,rh
15059,294,demo_parcel_294,7,Default,rh
15060,294,demo_parcel_294,7,Default,rh
15061,294,demo_parcel_294,7,Default,rh
15062,294,demo_parcel_294,7,Default,rh
15063,294,demo_parcel_294,7,Default,rh
15064,294,demo_parcel_294,7,Default,rh
15065,294,demo_parcel_294,7,Default,rh
15066,294,demo_parcel_294,7,Default,rh
15067,294,demo_parcel_294,7,Default,rh
15068,294,demo_parcel_294,7,Default,rh
15069,294,demo_parcel_294,7,Default,rh
15070,294,demo_parcel_294,7,Default,rh
15071,294,demo_parcel_294,7,Default,rh
15072,294,demo_parcel_294,7,Default,rh
15073,294,demo_parcel_294,7,Default,rh
15074,294,demo_parcel_294,7,Default,rh
15075,294,demo_parcel_294,7,Default,rh
15076,294,demo_parcel_294,7,Default,rh
15077,294,demo_parcel_294,7,Default,rh
15078,295,demo_parcel_295,1,Vis,rh
15079,295,demo_parcel_295,1,Vis,rh
15080,295,demo_parcel_295,1,Vis,rh
15081,295,demo_parcel_295,1,Vis,rh
15082,295,demo_parcel_295,1,Vis,rh
15083,295,demo_parcel_295,1,Vis,rh
15084,295,demo_parcel_295,1,Vis,rh
15085,295,demo_parcel_295,1,Vis,rh
15086,295,demo_parcel_295,1,Vis,rh
15087,295,demo_parcel_295,1,Vis,rh
15088,295,demo_parcel_295,1,Vis,rh
15089,295,demo_parcel_295,1,Vis,rh
15090,295,demo_parcel_295,1,Vis,rh
15091,295,demo_parcel_295,1,Vis,rh
15092,295,demo_parcel_295,1,Vis,rh
15093,295,demo_parcel_295,1,Vis,rh
15094,295,demo_parcel_295,1,Vis,rh
15095,295,demo_parcel_295,1,Vis,rh
15096,295,demo_parcel_295,1,Vis,rh
15097,295,demo_parcel_295,1,Vis,rh
15098,295,demo_parcel_295,1,Vis,rh
15099,295,demo_parcel_295,1,Vis,rh
15100,295,demo_parcel_295,1,Vis,rh
15101,295,demo_parcel_295,1,Vis,rh
15102,295,demo_parcel_295,1,Vis,rh
15103,295,demo_parcel_295,1,Vis,rh
15104,295,demo_parcel_295,1,Vis,rh
15105,295,demo_parcel_295,1,Vis,rh
15106,295,demo_parcel_295,1,Vis,rh
15107,295,demo_parcel_295,1,Vis,rh
15108,295,demo_parcel_295,1,Vis,rh
15109,295,demo_parcel_295,1,Vis,rh
15110,295,demo_parcel_295,1,Vis,rh
15111,295,demo_parcel_295,1,Vis,rh
15112,295,demo_parcel_295,1,Vis,rh
15113,295,demo_parcel_295,1,Vis,rh
15114,295,demo_parcel_295,1,Vis,rh
15115,295,demo_parcel_295,1,Vis,rh
15116,295,demo_parcel_295,1,Vis,rh
15117,295,demo_parcel_295,1,Vis,rh
15118,295,demo_parcel_295,1,Vis,rh
15119,295,demo_parcel_295,1,Vis,rh
15120,295,demo_parcel_295,1,Vis,rh
15121,295,demo_parcel_295,1,Vis,rh
15122,295,demo_parcel_295,1,Vis,rh
15123,295,demo_parcel_295,1,Vis,rh
15124,295,demo_parcel_295,1,Vis,rh
15125,295,demo_parcel_295,1,Vis,rh
15126,295,demo_parcel_295,1,Vis,rh
15127,295,demo_parcel_295,1,Vis,rh
15128,295,demo_parcel_295,1,Vis,rh
15129,296,demo_parcel_296,2,SomMot,rh
15130,296,demo_parcel_296,2,SomMot,rh
15131,296,demo_parcel_296,2,SomMot,rh
15132,296,demo_parcel_296,2,SomMot,rh
15133,296,demo_parcel_296,2,SomMot,rh
15134,296,demo_parcel_296,2,SomMot,rh
15135,296,demo_parcel_296,2,SomMot,rh
15136,296,demo_parcel_296,2,SomMot,rh
15137,296,demo_parcel_296,2,SomMot,rh
15138,296,demo_parcel_296,2,SomMot,rh
15139,296,demo_parcel_296,2,SomMot,rh
15140,296,demo_parcel_296,2,SomMot,rh
15141,296,demo_parcel_296,2,SomMot,rh
15142,296,demo_parcel_296,2,SomMot,rh
15143,296,demo_parcel_296,2,SomMot,rh
15144,296,demo_parcel_296,2,SomMot,rh
15145,296,demo_parcel_296,2,SomMot,rh
15146,296,demo_parcel_296,2,SomMot,rh
15147,296,demo_parcel_296,2,SomMot,rh
15148,296,demo_parcel_296,2,SomMot,rh
15149,296,demo_parcel_296,2,SomMot,rh
15150,296,demo_parcel_296,2,SomMot,rh
15151,296,demo_parcel_296,2,SomMot,rh
15152,296,demo_parcel_296,2,SomMot,rh
15153,296,demo_parcel_296,2,SomMot,rh
15154,296,demo_parcel_296,2,SomMot,rh
15155,296,demo_parcel_296,2,SomMot,rh
15156,296,demo_parcel_296,2,SomMot,rh
15157,296,demo_parcel_296,2,SomMot,rh
15158,296,demo_parcel_296,2,SomMot,rh
15159,296,demo_parcel_296,2,SomMot,rh
15160,296,demo_parcel_296,2,SomMot,rh
15161,296,demo_parcel_296,2,SomMot,rh
15162,296,demo_parcel_296,2,SomMot,rh
15163,296,demo_parcel_296,2,SomMot,rh
15164,296,demo_parcel_296,2,SomMot,rh
15165,296,demo_parcel_296,2,SomMot,rh
15166,296,demo_parcel_296,2,SomMot,rh
15167,296,demo_parcel_296,2,SomMot,rh
15168,296,demo_parcel_296,2,SomMot,rh
15169,296,demo_parcel_296,2,SomMot,rh
15170,296,demo_parcel_296,2,SomMot,rh
15171,296,demo_parcel_296,2,SomMot,rh
15172,296,demo_parcel_296,2,SomMot,rh
15173,296,demo_parcel_296,2,SomMot,rh
15174,296,demo_parcel_296,2,SomMot,rh
15175,296,demo_parcel_296,2,SomMot,rh
15176,296,demo_parcel_296,2,SomMot,rh
15177,296,demo_parcel_296,2,SomMot,rh
15178,296,demo_parcel_296,2,SomMot,rh
15179,296,demo_parcel_296,2,SomMot,rh
15180,297,demo_parcel_297,3,DorsAttn,rh
15181,297,demo_parcel_297,3,DorsAttn,rh
15182,297,demo_parcel_297,3,DorsAttn,rh
15183,297,demo_parcel_297,3,DorsAttn,rh
15184,297,demo_parcel_297,3,DorsAttn,rh
15185,297,demo_parcel_297,3,DorsAttn,rh
15186,297,demo_parcel_297,3,DorsAttn,rh
15187,297,demo_parcel_297,3,DorsAttn,rh
15188,297,demo_parcel_297,3,DorsAttn,rh
15189,297,demo_parcel_297,3,DorsAttn,rh
15190,297,demo_parcel_297,3,DorsAttn,rh
15191,297,demo_parcel_297,3,DorsAttn,rh
15192,297,demo_parcel_297,3,DorsAttn,rh
15193,297,demo_parcel_297,3,DorsAttn,rh
15194,297,demo_parcel_297,3,DorsAttn,rh
15195,297,demo_parcel_297,3,DorsAttn,rh
15196,297,demo_parcel_297,3,DorsAttn,rh
15197,297,demo_parcel_297,3,DorsAttn,rh
15198,297,demo_parcel_297,3,DorsAttn,rh
15199,297,demo_parcel_297,3,DorsAttn,rh
15200,297,demo_parcel_297,3,DorsAttn,rh
15201,297,demo_parcel_297,3,DorsAttn,rh
15202,297,demo_parcel_297,3,DorsAttn,rh
15203,297,demo_parcel_297,3,DorsAttn,rh
15204,297,demo_parcel_297,3,DorsAttn,rh
15205,297,demo_parcel_297,3,DorsAttn,rh
15206,297,demo_parcel_297,3,DorsAttn,rh
15207,297,demo_parcel_297,3,DorsAttn,rh
15208,297,demo_parcel_297,3,DorsAttn,rh
15209,297,demo_parcel_297,3,DorsAttn,rh
15210,297,demo_parcel_297,3,DorsAttn,rh
15211,297,demo_parcel_297,3,DorsAttn,rh
15212,297,demo_parcel_297,3,DorsAttn,rh
15213,297,demo_parcel_297,3,DorsAttn,rh
15214,297,demo_parcel_297,3,DorsAttn,rh
15215,297,demo_parcel_297,3,DorsAttn,rh
15216,297,demo_parcel_297,3,DorsAttn,rh
15217,297,demo_parcel_297,3,DorsAttn,rh
15218,297,demo_parcel_297,3,DorsAttn,rh
15219,297,demo_parcel_297,3,DorsAttn,rh
15220,297,demo_parcel_297,3,DorsAttn,rh
15221,297,demo_parcel_297,3,DorsAttn,rh
15222,297,demo_parcel_297,3,DorsAttn,rh
15223,297,demo_parcel_297,3,DorsAttn,rh
15224,297,demo_parcel_297,3,DorsAttn,rh
15225,297,demo_parcel_297,3,DorsAttn,rh
15226,297,demo_parcel_297,3,DorsAttn,rh
15227,297,demo_parcel_297,3,DorsAttn,rh
15228,297,demo_parcel_297,3,DorsAttn,rh
15229,297,demo_parcel_297,3,DorsAttn,rh
15230,297,demo_parcel_297,3,DorsAttn,rh
15231,298,demo_parcel_298,4,SalVentAttn,rh
15232,298,demo_parcel_298,4,SalVentAttn,rh
15233,298,demo_parcel_298,4,SalVentAttn,rh
15234,298,demo_parcel_298,4,SalVentAttn,rh
15235,298,demo_parcel_298,4,SalVentAttn,rh
15236,298,demo_parcel_298,4,SalVentAttn,rh
15237,298,demo_parcel_298,4,SalVentAttn,rh
15238,298,demo_parcel_298,4,SalVentAttn,rh
15239,298,demo_parcel_298,4,SalVentAttn,rh
15240,298,demo_parcel_298,4,SalVentAttn,rh
15241,298,demo_parcel_298,4,SalVentAttn,rh
15242,298,demo_parcel_298,4,SalVentAttn,rh
15243,298,demo_parcel_298,4,SalVentAttn,rh
15244,298,demo_parcel_298,4,SalVentAttn,rh
15245,298,demo_parcel_298,4,SalVentAttn,rh
15246,298,demo_parcel_298,4,SalVentAttn,rh
15247,298,demo_parcel_298,4,SalVentAttn,rh
15248,298,demo_parcel_298,4,SalVentAttn,rh
15249,298,demo_parcel_298,4,SalVentAttn,rh
15250,298,demo_parcel_298,4,SalVentAttn,rh
15251,298,demo_parcel_298,4,SalVentAttn,rh
15252,298,demo_parcel_298,4,SalVentAttn,rh
15253,298,demo_parcel_298,4,SalVentAttn,rh
15254,298,demo_parcel_298,4,SalVentAttn,rh
15255,298,demo_parcel_298,4,SalVentAttn,rh
15256,298,demo_parcel_298,4,SalVentAttn,rh
15257,298,demo_parcel_298,4,SalVentAttn,rh
15258,298,demo_parcel_298,4,SalVentAttn,rh
15259,298,demo_parcel_298,4,SalVentAttn,rh
15260,298,demo_parcel_298,4,SalVentAttn,rh
15261,298,demo_parcel_298,4,SalVentAttn,rh
15262,298,demo_parcel_298,4,SalVentAttn,rh
15263,298,demo_parcel_298,4,SalVentAttn,rh
15264,298,demo_parcel_298,4,SalVentAttn,rh
15265,298,demo_parcel_298,4,SalVentAttn,rh
15266,298,demo_parcel_298,4,SalVentAttn,rh
15267,298,demo_parcel_298,4,SalVentAttn,rh
15268,298,demo_parcel_298,4,SalVentAttn,rh
15269,298,demo_parcel_298,4,SalVentAttn,rh
15270,298,demo_parcel_298,4,SalVentAttn,rh
15271,298,demo_parcel_298,4,SalVentAttn,rh
15272,298,demo_parcel_298,4,SalVentAttn,rh
15273,298,demo_parcel_298,4,SalVentAttn,rh
15274,298,demo_parcel_298,4,SalVentAttn,rh
15275,298,demo_parcel_298,4,SalVentAttn,rh
15276,298,demo_parcel_298,4,SalVentAttn,rh
15277,298,demo_parcel_298,4,SalVentAttn,rh
15278,298,demo_parcel_298,4,SalVentAttn,rh
15279,298,demo_parcel_298,4,SalVentAttn,rh
15280,298,demo_parcel_298,4,SalVentAttn,rh
15281,298,demo_parcel_298,4,SalVentAttn,rh
15282,299,demo_parcel_299,5,Limbic,rh
15283,299,demo_parcel_299,5,Limbic,rh
15284,299,demo_parcel_299,5,Limbic,rh
15285,299,demo_parcel_299,5,Limbic,rh
15286,299,demo_parcel_299,5,Limbic,rh
15287,299,demo_parcel_299,5,Limbic,rh
15288,299,demo_parcel_299,5,Limbic,rh
15289,299,demo_parcel_299,5,Limbic,rh
15290,299,demo_parcel_299,5,Limbic,rh
15291,299,demo_parcel_299,5,Limbic,rh
15292,299,demo_parcel_299,5,Limbic,rh
15293,299,demo_parcel_299,5,Limbic,rh
15294,299,demo_parcel_299,5,Limbic,rh
15295,299,demo_parcel_299,5,Limbic,rh
15296,299,demo_parcel_299,5,Limbic,rh
15297,299,demo_parcel_299,5,Limbic,rh
15298,299,demo_parcel_299,5,Limbic,rh
15299,299,demo_parcel_299,5,Limbic,rh
15300,299,demo_parcel_299,5,Limbic,rh
15301,299,demo_parcel_299,5,Limbic,rh
15302,299,demo_parcel_299,5,Limbic,rh
15303,299,demo_parcel_299,5,Limbic,rh
15304,299,demo_parcel_299,5,Limbic,rh
15305,299,demo_parcel_299,5,Limbic,rh
15306,299,demo_parcel_299,5,Limbic,rh
15307,299,demo_parcel_299,5,Limbic,rh
15308,299,demo_parcel_299,5,Limbic,rh
15309,299,demo_parcel_299,5,Limbic,rh
15310,299,demo_parcel_299,5,Limbic,rh
15311,299,demo_parcel_299,5,Limbic,rh
15312,299,demo_parcel_299,5,Limbic,rh
15313,299,demo_parcel_299,5,Limbic,rh
15314,299,demo_parcel_299,5,Limbic,rh
15315,299,demo_parcel_299,5,Limbic,rh
15316,299,demo_parcel_299,5,Limbic,rh
15317,299,demo_parcel_299,5,Limbic,rh
15318,299,demo_parcel_299,5,Limbic,rh
15319,299,demo_parcel_299,5,Limbic,rh
15320,299,demo_parcel_299,5,Limbic,rh
15321,299,demo_parcel_299,5,Limbic,rh
15322,299,demo_parcel_299,5,Limbic,rh
15323,299,demo_parcel_299,5,Limbic,rh
15324,299,demo_parcel_299,5,Limbic,rh
15325,299,demo_parcel_299,5,Limbic,rh
15326,299,demo_parcel_299,5,Limbic,rh
15327,299,demo_parcel_299,5,Limbic,rh
15328,299,demo_parcel_299,5,Limbic,rh
15329,299,demo_parcel_299,5,Limbic,rh
15330,299,demo_parcel_299,5,Limbic,rh
15331,299,demo_parcel_299,5,Limbic,rh
15332,299,demo_parcel_299,5,Limbic,rh
15333,300,demo_parcel_300,6,Cont,rh
15334,300,demo_parcel_300,6,Cont,rh
15335,300,demo_parcel_300,6,Cont,rh
15336,300,demo_parcel_300,6,Cont,rh
15337,300,demo_parcel_300,6,Cont,rh
15338,300,demo_parcel_300,6,Cont,rh
15339,300,demo_parcel_300,6,Cont,rh
15340,300,demo_parcel_300,6,Cont,rh
15341,300,demo_parcel_300,6,Cont,rh
15342,300,demo_parcel_300,6,Cont,rh
15343,300,demo_parcel_300,6,Cont,rh
15344,300,demo_parcel_300,6,Cont,rh
15345,300,demo_parcel_300,6,Cont,rh
15346,300,demo_parcel_300,6,Cont,rh
15347,300,demo_parcel_300,6,Cont,rh
15348,300,demo_parcel_300,6,Cont,rh
15349,300,demo_parcel_300,6,Cont,rh
15350,300,demo_parcel_300,6,Cont,rh
15351,300,demo_parcel_300,6,Cont,rh
15352,300,demo_parcel_300,6,Cont,rh
15353,300,demo_parcel_300,6,Cont,rh
15354,300,demo_parcel_300,6,Cont,rh
15355,300,demo_parcel_300,6,Cont,rh
15356,300,demo_parcel_300,6,Cont,rh
15357,300,demo_parcel_300,6,Cont,rh
15358,300,demo_parcel_300,6,Cont,rh
15359,300,demo_parcel_300,6,Cont,rh
15360,300,demo_parcel_300,6,Cont,rh
15361,300,demo_parcel_300,6,Cont,rh
15362,300,demo_parcel_300,6,Cont,rh
15363,300,demo_parcel_300,6,Cont,rh
15364,300,demo_parcel_300,6,Cont,rh
15365,300,demo_parcel_300,6,Cont,rh
15366,300,demo_parcel_300,6,Cont,rh
15367,300,demo_parcel_300,6,Cont,rh
15368,300,demo_parcel_300,6,Cont,rh
15369,300,demo_parcel_300,6,Cont,rh
15370,300,demo_parcel_300,6,Cont,rh
15371,300,demo_parcel_300,6,Cont,rh
15372,300,demo_parcel_300,6,Cont,rh
15373,300,demo_parcel_300,6,Cont,rh
15374,300,demo_parcel_300,6,Cont,rh
15375,300,demo_parcel_300,6,Cont,rh
15376,300,demo_parcel_300,6,Cont,rh
15377,300,demo_parcel_300,6,Cont,rh
15378,300,demo_parcel_300,6,Cont,rh
15379,300,demo_parcel_300,6,Cont,rh
15380,300,demo_parcel_300,6,Cont,rh
15381,300,demo_parcel_300,6,Cont,rh
15382,300,demo_parcel_300,6,Cont,rh
15383,300,demo_parcel_300,6,Cont,rh
15384,301,demo_parcel_301,7,Default,rh
15385,301,demo_parcel_301,7,Default,rh
15386,301,demo_parcel_301,7,Default,rh
15387,301,demo_parcel_301,7,Default,rh
15388,301,demo_parcel_301,7,Default,rh
15389,301,demo_parcel_301,7,Default,rh
15390,301,demo_parcel_301,7,Default,rh
15391,301,demo_parcel_301,7,Default,rh
15392,301,demo_parcel_301,7,Default,rh
15393,301,demo_parcel_301,7,Default,rh
15394,301,demo_parcel_301,7,Default,rh
15395,301,demo_parcel_301,7,Default,rh
15396,301,demo_parcel_301,7,Default,rh
15397,301,demo_parcel_301,7,Default,rh
15398,301,demo_parcel_301,7,Default,rh
15399,301,demo_parcel_301,7,Default,rh
15400,301,demo_parcel_301,7,Default,rh
15401,301,demo_parcel_301,7,Default,rh
15402,301,demo_parcel_301,7,Default,rh
15403,301,demo_parcel_301,7,Default,rh
15404,301,demo_parcel_301,7,Default,rh
15405,301,demo_parcel_301,7,Default,rh
15406,301,demo_parcel_301,7,Default,rh
15407,301,demo_parcel_301,7,Default,rh
15408,301,demo_parcel_301,7,Default,rh
15409,301,demo_parcel_301,7,Default,rh
15410,301,demo_parcel_301,7,Default,rh
15411,301,demo_parcel_301,7,Default,rh
15412,301,demo_parcel_301,7,Default,rh
15413,301,demo_parcel_301,7,Default,rh
15414,301,demo_parcel_301,7,Default,rh
15415,301,demo_parcel_301,7,Default,rh
15416,301,demo_parcel_301,7,Default,rh
15417,301,demo_parcel_301,7,Default,rh
15418,301,demo_parcel_301,7,Default,rh
15419,301,demo_parcel_301,7,Default,rh
15420,301,demo_parcel_301,7,Default,rh
15421,301,demo_parcel_301,7,Default,rh
15422,301,demo_parcel_301,7,Default,rh
15423,301,demo_parcel_301,7,Default,rh
15424,301,demo_parcel_301,7,Default,rh
15425,301,demo_parcel_301,7,Default,rh
15426,301,demo_parcel_301,7,Default,rh
15427,301,demo_parcel_301,7,Default,rh
15428,301,demo_parcel_301,7,Default,rh
15429,301,demo_parcel_301,7,Default,rh
15430,301,demo_parcel_301,7,Default,rh
15431,301,demo_parcel_301,7,Default,rh
15432,301,demo_parcel_301,7,Default,rh
15433,301,demo_parcel_301,7,Default,rh
15434,301,demo_parcel_301,7,Default,rh
15435,302,demo_parcel_302,1,Vis,rh
15436,302,demo_parcel_302,1,Vis,rh
15437,302,demo_parcel_302,1,Vis,rh
15438,302,demo_parcel_302,1,Vis,rh
15439,302,demo_parcel_302,1,Vis,rh
15440,302,demo_parcel_302,1,Vis,rh
15441,302,demo_parcel_302,1,Vis,rh
15442,302,demo_parcel_302,1,Vis,rh
15443,302,demo_parcel_302,1,Vis,rh
15444,302,demo_parcel_302,1,Vis,rh
15445,302,demo_parcel_302,1,Vis,rh
15446,302,demo_parcel_302,1,Vis,rh
15447,302,demo_parcel_302,1,Vis,rh
15448,302,demo_parcel_302,1,Vis,rh
15449,302,demo_parcel_302,1,Vis,rh
15450,302,demo_parcel_302,1,Vis,rh
15451,302,demo_parcel_302,1,Vis,rh
15452,302,demo_parcel_302,1,Vis,rh
15453,302,demo_parcel_302,1,Vis,rh
15454,302,demo_parcel_302,1,Vis,rh
15455,302,demo_parcel_302,1,Vis,rh
15456,302,demo_parcel_302,1,Vis,rh
15457,302,demo_parcel_302,1,Vis,rh
15458,302,demo_parcel_302,1,Vis,rh
15459,302,demo_parcel_302,1,Vis,rh
15460,302,demo_parcel_302,1,Vis,rh
15461,302,demo_parcel_302,1,Vis,rh
15462,302,demo_parcel_302,1,Vis,rh
15463,302,demo_parcel_302,1,Vis,rh
15464,302,demo_parcel_302,1,Vis,rh
15465,302,demo_parcel_302,1,Vis,rh
15466,302,demo_parcel_302,1,Vis,rh
15467,302,demo_parcel_302,1,Vis,rh
15468,302,demo_parcel_302,1,Vis,rh
15469,302,demo_parcel_302,1,Vis,rh
15470,302,demo_parcel_302,1,Vis,rh
15471,302,demo_parcel_302,1,Vis,rh
15472,302,demo_parcel_302,1,Vis,rh
15473,302,demo_parcel_302,1,Vis,rh
15474,302,demo_parcel_302,1,Vis,rh
15475,302,demo_parcel_302,1,Vis,rh
15476,302,demo_parcel_302,1,Vis,rh
15477,302,demo_parcel_302,1,Vis,rh
15478,302,demo_parcel_302,1,Vis,rh
15479,302,demo_parcel_302,1,Vis,rh
15480,302,demo_parcel_302,1,Vis,rh
15481,302,demo_parcel_302,1,Vis,rh
15482,302,demo_parcel_302,1,Vis,rh
15483,302,demo_parcel_302,1,Vis,rh
15484,302,demo_parcel_302,1,Vis,rh
15485,302,demo_parcel_302,1,Vis,rh
15486,303,demo_parcel_303,2,SomMot,rh
15487,303,demo_parcel_303,2,SomMot,rh
15488,303,demo_parcel_303,2,SomMot,rh
15489,303,demo_parcel_303,2,SomMot,rh
15490,303,demo_parcel_303,2,SomMot,rh
15491,303,demo_parcel_303,2,SomMot,rh
15492,303,demo_parcel_303,2,SomMot,rh
15493,303,demo_parcel_303,2,SomMot,rh
15494,303,demo_parcel_303,2,SomMot,rh
15495,303,demo_parcel_303,2,SomMot,rh
15496,303,demo_parcel_303,2,SomMot,rh
15497,303,demo_parcel_303,2,SomMot,rh
15498,303,demo_parcel_303,2,SomMot,rh
15499,303,demo_parcel_303,2,SomMot,rh
15500,303,demo_parcel_303,2,SomMot,rh
15501,303,demo_parcel_303,2,SomMot,rh
15502,303,demo_parcel_303,2,SomMot,rh
15503,303,demo_parcel_303,2,SomMot,rh
15504,303,demo_parcel_303,2,SomMot,rh
15505,303,demo_parcel_303,2,SomMot,rh
15506,303,demo_parcel_303,2,SomMot,rh
15507,303,demo_parcel_303,2,SomMot,rh
15508,303,demo_parcel_303,2,SomMot,rh
15509,303,demo_parcel_303,2,SomMot,rh
15510,303,demo_parcel_303,2,SomMot,rh
15511,303,demo_parcel_303,2,SomMot,rh
15512,303,demo_parcel_303,2,SomMot,rh
15513,303,demo_parcel_303,2,SomMot,rh
15514,303,demo_parcel_303,2,SomMot,rh
15515,303,demo_parcel_303,2,SomMot,rh
15516,303,demo_parcel_303,2,SomMot,rh
15517,303,demo_parcel_303,2,SomMot,rh
15518,303,demo_parcel_303,2,SomMot,rh
15519,303,demo_parcel_303,2,SomMot,rh
15520,303,demo_parcel_303,2,SomMot,rh
15521,303,demo_parcel_303,2,SomMot,rh
15522,303,demo_parcel_303,2,SomMot,rh
15523,303,demo_parcel_303,2,SomMot,rh
15524,303,demo_parcel_303,2,SomMot,rh
15525,303,demo_parcel_303,2,SomMot,rh
15526,303,demo_parcel_303,2,SomMot,rh
15527,303,demo_parcel_303,2,SomMot,rh
15528,303,demo_parcel_303,2,SomMot,rh
15529,303,demo_parcel_303,2,SomMot,rh
15530,303,demo_parcel_303,2,SomMot,rh
15531,303,demo_parcel_303,2,SomMot,rh
15532,303,demo_parcel_303,2,SomMot,rh
15533,303,demo_parcel_303,2,SomMot,rh
15534,303,demo_parcel_303,2,SomMot,rh
15535,303,demo_parcel_303,2,SomMot,rh
15536,303,demo_parcel_303,2,SomMot,rh
15537,304,demo_parcel_304,3,DorsAttn,rh
15538,304,demo_parcel_304,3,DorsAttn,rh
15539,304,demo_parcel_304,3,DorsAttn,rh
15540,304,demo_parcel_304,3,DorsAttn,rh
15541,304,demo_parcel_304,3,DorsAttn,rh
15542,304,demo_parcel_304,3,DorsAttn,rh
15543,304,demo_parcel_304,3,DorsAttn,rh
15544,304,demo_parcel_304,3,DorsAttn,rh
15545,304,demo_parcel_304,3,DorsAttn,rh
15546,304,demo_parcel_304,3,DorsAttn,rh
15547,304,demo_parcel_304,3,DorsAttn,rh
15548,304,demo_parcel_304,3,DorsAttn,rh
15549,304,demo_parcel_304,3,DorsAttn,rh
15550,304,demo_parcel_304,3,DorsAttn,rh
15551,304,demo_parcel_304,3,DorsAttn,rh
15552,304,demo_parcel_304,3,DorsAttn,rh
15553,304,demo_parcel_304,3,DorsAttn,rh
15554,304,demo_parcel_304,3,DorsAttn,rh
15555,304,demo_parcel_304,3,DorsAttn,rh
15556,304,demo_parcel_304,3,DorsAttn,rh
15557,304,demo_parcel_304,3,DorsAttn,rh
15558,304,demo_parcel_304,3,DorsAttn,rh
15559,304,demo_parcel_304,3,DorsAttn,rh
15560,304,demo_parcel_304,3,DorsAttn,rh
15561,304,demo_parcel_304,3,DorsAttn,rh
15562,304,demo_parcel_304,3,DorsAttn,rh
15563,304,demo_parcel_304,3,DorsAttn,rh
15564,304,demo_parcel_304,3,DorsAttn,rh
15565,304,demo_parcel_304,3,DorsAttn,rh
15566,304,demo_parcel_304,3,DorsAttn,rh
15567,304,demo_parcel_304,3,DorsAttn,rh
15568,304,demo_parcel_304,3,DorsAttn,rh
15569,304,demo_parcel_304,3,DorsAttn,rh
15570,304,demo_parcel_304,3,DorsAttn,rh
15571,304,demo_parcel_304,3,DorsAttn,rh
15572,304,demo_parcel_304,3,DorsAttn,rh
15573,304,demo_parcel_304,3,DorsAttn,rh
15574,304,demo_parcel_304,3,DorsAttn,rh
15575,304,demo_parcel_304,3,DorsAttn,rh
15576,304,demo_parcel_304,3,DorsAttn,rh
15577,304,demo_parcel_304,3,DorsAttn,rh
15578,304,demo_parcel_304,3,DorsAttn,rh
15579,304,demo_parcel_304,3,DorsAttn,rh
15580,304,demo_parcel_304,3,DorsAttn,rh
15581,304,demo_parcel_304,3,DorsAttn,rh
15582,304,demo_parcel_304,3,DorsAttn,rh
15583,304,demo_parcel_304,3,DorsAttn,rh
15584,304,demo_parcel_304,3,DorsAttn,rh
15585,304,demo_parcel_304,3,DorsAttn,rh
15586,304,demo_parcel_304,3,DorsAttn,rh
15587,304,demo_parcel_304,3,DorsAttn,rh
15588,305,demo_parcel_305,4,SalVentAttn,rh
15589,305,demo_parcel_305,4,SalVentAttn,rh
15590,305,demo_parcel_305,4,SalVentAttn,rh
15591,305,demo_parcel_305,4,SalVentAttn,rh
15592,305,demo_parcel_305,4,SalVentAttn,rh
15593,305,demo_parcel_305,4,SalVentAttn,rh
15594,305,demo_parcel_305,4,SalVentAttn,rh
15595,305,demo_parcel_305,4,SalVentAttn,rh
15596,305,demo_parcel_305,4,SalVentAttn,rh
15597,305,demo_parcel_305,4,SalVentAttn,rh
15598,305,demo_parcel_305,4,SalVentAttn,rh
15599,305,demo_parcel_305,4,SalVentAttn,rh
15600,305,demo_parcel_305,4,SalVentAttn,rh
15601,305,demo_parcel_305,4,SalVentAttn,rh
15602,305,demo_parcel_305,4,SalVentAttn,rh
15603,305,demo_parcel_305,4,SalVentAttn,rh
15604,305,demo_parcel_305,4,SalVentAttn,rh
15605,305,demo_parcel_305,4,SalVentAttn,rh
15606,305,demo_parcel_305,4,SalVentAttn,rh
15607,305,demo_parcel_305,4,SalVentAttn,rh
15608,305,demo_parcel_305,4,SalVentAttn,rh
15609,305,demo_parcel_305,4,SalVentAttn,rh
15610,305,demo_parcel_305,4,SalVentAttn,rh
15611,305,demo_parcel_305,4,SalVentAttn,rh
15612,305,demo_parcel_305,4,SalVentAttn,rh
15613,305,demo_parcel_305,4,SalVentAttn,rh
15614,305,demo_parcel_305,4,SalVentAttn,rh
15615,305,demo_parcel_305,4,SalVentAttn,rh
15616,305,demo_parcel_305,4,SalVentAttn,rh
15617,305,demo_parcel_305,4,SalVentAttn,rh
15618,305,demo_parcel_305,4,SalVentAttn,rh
15619,305,demo_parcel_305,4,SalVentAttn,rh
15620,305,demo_parcel_305,4,SalVentAttn,rh
15621,305,demo_parcel_305,4,SalVentAttn,rh
15622,305,demo_parcel_305,4,SalVentAttn,rh
15623,305,demo_parcel_305,4,SalVentAttn,rh
15624,305,demo_parcel_305,4,SalVentAttn,rh
15625,305,demo_parcel_305,4,SalVentAttn,rh
15626,305,demo_parcel_305,4,SalVentAttn,rh
15627,305,demo_parcel_305,4,SalVentAttn,rh
15628,305,demo_parcel_305,4,SalVentAttn,rh
15629,305,demo_parcel_305,4,SalVentAttn,rh
15630,305,demo_parcel_305,4,SalVentAttn,rh
15631,305,demo_parcel_305,4,SalVentAttn,rh
15632,305,demo_parcel_305,4,SalVentAttn,rh
15633,305,demo_parcel_305,4,SalVentAttn,rh
15634,305,demo_parcel_305,4,SalVentAttn,rh
15635,305,demo_parcel_305,4,SalVentAttn,rh
15636,305,demo_parcel_305,4,SalVentAttn,rh
15637,305,demo_parcel_305,4,SalVentAttn,rh
15638,305,demo_parcel_305,4,SalVentAttn,rh
15639,306,demo_parcel_306,5,Limbic,rh
15640,306,demo_parcel_306,5,Limbic,rh
15641,306,demo_parcel_306,5,Limbic,rh
15642,306,demo_parcel_306,5,Limbic,rh
15643,306,demo_parcel_306,5,Limbic,rh
15644,306,demo_parcel_306,5,Limbic,rh
15645,306,demo_parcel_306,5,Limbic,rh
15646,306,demo_parcel_306,5,Limbic,rh
15647,306,demo_parcel_306,5,Limbic,rh
15648,306,demo_parcel_306,5,Limbic,rh
15649,306,demo_parcel_306,5,Limbic,rh
15650,306,demo_parcel_306,5,Limbic,rh
15651,306,demo_parcel_306,5,Limbic,rh
15652,306,demo_parcel_306,5,Limbic,rh
15653,306,demo_parcel_306,5,Limbic,rh
15654,306,demo_parcel_306,5,Limbic,rh
15655,306,demo_parcel_306,5,Limbic,rh
15656,306,demo_parcel_306,5,Limbic,rh
15657,306,demo_parcel_306,5,Limbic,rh
15658,306,demo_parcel_306,5,Limbic,rh
15659,306,demo_parcel_306,5,Limbic,rh
15660,306,demo_parcel_306,5,Limbic,rh
15661,306,demo_parcel_306,5,Limbic,rh
15662,306,demo_parcel_306,5,Limbic,rh
15663,306,demo_parcel_306,5,Limbic,rh
15664,306,demo_parcel_306,5,Limbic,rh
15665,306,demo_parcel_306,5,Limbic,rh
15666,306,demo_parcel_306,5,Limbic,rh
15667,306,demo_parcel_306,5,Limbic,rh
15668,306,demo_parcel_306,5,Limbic,rh
15669,306,demo_parcel_306,5,Limbic,rh
15670,306,demo_parcel_306,5,Limbic,rh
15671,306,demo_parcel_306,5,Limbic,rh
15672,306,demo_parcel_306,5,Limbic,rh
15673,306,demo_parcel_306,5,Limbic,rh
15674,306,demo_parcel_306,5,Limbic,rh
15675,306,demo_parcel_306,5,Limbic,rh
15676,306,demo_parcel_306,5,Limbic,rh
15677,306,demo_parcel_306,5,Limbic,rh
15678,306,demo_parcel_306,5,Limbic,rh
15679,306,demo_parcel_306,5,Limbic,rh
15680,306,demo_parcel_306,5,Limbic,rh
15681,306,demo_parcel_306,5,Limbic,rh
15682,306,demo_parcel_306,5,Limbic,rh
15683,306,demo_parcel_306,5,Limbic,rh
15684,306,demo_parcel_306,5,Limbic,rh
15685,306,demo_parcel_306,5,Limbic,rh
15686,306,demo_parcel_306,5,Limbic,rh
15687,306,demo_parcel_306,5,Limbic,rh
15688,306,demo_parcel_306,5,Limbic,rh
15689,306,demo_parcel_306,5,Limbic,rh
15690,307,demo_parcel_307,6,Cont,rh
15691,307,demo_parcel_307,6,Cont,rh
15692,307,demo_parcel_307,6,Cont,rh
15693,307,demo_parcel_307,6,Cont,rh
15694,307,demo_parcel_307,6,Cont,rh
15695,307,demo_parcel_307,6,Cont,rh
15696,307,demo_parcel_307,6,Cont,rh
15697,307,demo_parcel_307,6,Cont,rh
15698,307,demo_parcel_307,6,Cont,rh
15699,307,demo_parcel_307,6,Cont,rh
15700,307,demo_parcel_307,6,Cont,rh
15701,307,demo_parcel_307,6,Cont,rh
15702,307,demo_parcel_307,6,Cont,rh
15703,307,demo_parcel_307,6,Cont,rh
15704,307,demo_parcel_307,6,Cont,rh
15705,307,demo_parcel_307,6,Cont,rh
15706,307,demo_parcel_307,6,Cont,rh
15707,307,demo_parcel_307,6,Cont,rh
15708,307,demo_parcel_307,6,Cont,rh
15709,307,demo_parcel_307,6,Cont,rh
15710,307,demo_parcel_307,6,Cont,rh
15711,307,demo_parcel_307,6,Cont,rh
15712,307,demo_parcel_307,6,Cont,rh
15713,307,demo_parcel_307,6,Cont,rh
15714,307,demo_parcel_307,6,Cont,rh
15715,307,demo_parcel_307,6,Cont,rh
15716,307,demo_parcel_307,6,Cont,rh
15717,307,demo_parcel_307,6,Cont,rh
15718,307,demo_parcel_307,6,Cont,rh
15719,307,demo_parcel_307,6,Cont,rh
15720,307,demo_parcel_307,6,Cont,rh
15721,307,demo_parcel_307,6,Cont,rh
15722,307,demo_parcel_307,6,Cont,rh
15723,307,demo_parcel_307,6,Cont,rh
15724,307,demo_parcel_307,6,Cont,rh
15725,307,demo_parcel_307,6,Cont,rh
15726,307,demo_parcel_307,6,Cont,rh
15727,307,demo_parcel_307,6,Cont,rh
15728,307,demo_parcel_307,6,Cont,rh
15729,307,demo_parcel_307,6,Cont,rh
15730,307,demo_parcel_307,6,Cont,rh
15731,307,demo_parcel_307,6,Cont,rh
15732,307,demo_parcel_307,6,Cont,rh
15733,307,demo_parcel_307,6,Cont,rh
15734,307,demo_parcel_307,6,Cont,rh
15735,307,demo_parcel_307,6,Cont,rh
15736,307,demo_parcel_307,6,Cont,rh
15737,307,demo_parcel_307,6,Cont,rh
15738,307,demo_parcel_307,6,Cont,rh
15739,307,demo_parcel_307,6,Cont,rh
15740,307,demo_parcel_307,6,Cont,rh
15741,308,demo_parcel_308,7,Default,rh
15742,308,demo_parcel_308,7,Default,rh
15743,308,demo_parcel_308,7,Default,rh
15744,308,demo_parcel_308,7,Default,rh
15745,308,demo_parcel_308,7,Default,rh
15746,308,demo_parcel_308,7,Default,rh
15747,308,demo_parcel_308,7,Default,rh
15748,308,demo_parcel_308,7,Default,rh
15749,308,demo_parcel_308,7,Default,rh
15750,308,demo_parcel_308,7,Default,rh
15751,308,demo_parcel_308,7,Default,rh
15752,308,demo_parcel_308,7,Default,rh
15753,308,demo_parcel_308,7,Default,rh
15754,308,demo_parcel_308,7,Default,rh
15755,308,demo_parcel_308,7,Default,rh
15756,308,demo_parcel_308,7,Default,rh
15757,308,demo_parcel_308,7,Default,rh
15758,308,demo_parcel_308,7,Default,rh
15759,308,demo_parcel_308,7,Default,rh
15760,308,demo_parcel_308,7,Default,rh
15761,308,demo_parcel_308,7,Default,rh
15762,308,demo_parcel_308,7,Default,rh
15763,308,demo_parcel_308,7,Default,rh
15764,308,demo_parcel_308,7,Default,rh
15765,308,demo_parcel_308,7,Default,rh
15766,308,demo_parcel_308,7,Default,rh
15767,308,demo_parcel_308,7,Default,rh
15768,308,demo_parcel_308,7,Default,rh
15769,308,demo_parcel_308,7,Default,rh
15770,308,demo_parcel_308,7,Default,rh
15771,308,demo_parcel_308,7,Default,rh
15772,308,demo_parcel_308,7,Default,rh
15773,308,demo_parcel_308,7,Default,rh
15774,308,demo_parcel_308,7,Default,rh
15775,308,demo_parcel_308,7,Default,rh
15776,308,demo_parcel_308,7,Default,rh
15777,308,demo_parcel_308,7,Default,rh
15778,308,demo_parcel_308,7,Default,rh
15779,308,demo_parcel_308,7,Default,rh
15780,308,demo_parcel_308,7,Default,rh
15781,308,demo_parcel_308,7,Default,rh
15782,308,demo_parcel_308,7,Default,rh
15783,308,demo_parcel_308,7,Default,rh
15784,308,demo_parcel_308,7,Default,rh
15785,308,demo_parcel_308,7,Default,rh
15786,308,demo_parcel_308,7,Default,rh
15787,308,demo_parcel_308,7,Default,rh
15788,308,demo_parcel_308,7,Default,rh
15789,308,demo_parcel_308,7,Default,rh
15790,308,demo_parcel_308,7,Default,rh
15791,308,demo_parcel_308,7,Default,rh
15792,309,demo_parcel_309,1,Vis,rh
15793,309,demo_parcel_309,1,Vis,rh
15794,309,demo_parcel_309,1,Vis,rh
15795,309,demo_parcel_309,1,Vis,rh
15796,309,demo_parcel_309,1,Vis,rh
15797,309,demo_parcel_309,1,Vis,rh
15798,309,demo_parcel_309,1,Vis,rh
15799,309,demo_parcel_309,1,Vis,rh
15800,309,demo_parcel_309,1,Vis,rh
15801,309,demo_parcel_309,1,Vis,rh
15802,309,demo_parcel_309,1,Vis,rh
15803,309,demo_parcel_309,1,Vis,rh
15804,309,demo_parcel_309,1,Vis,rh
15805,309,demo_parcel_309,1,Vis,rh
15806,309,demo_parcel_309,1,Vis,rh
15807,309,demo_parcel_309,1,Vis,rh
15808,309,demo_parcel_309,1,Vis,rh
15809,309,demo_parcel_309,1,Vis,rh
15810,309,demo_parcel_309,1,Vis,rh
15811,309,demo_parcel_309,1,Vis,rh
15812,309,demo_parcel_309,1,Vis,rh
15813,309,demo_parcel_309,1,Vis,rh
15814,309,demo_parcel_309,1,Vis,rh
15815,309,demo_parcel_309,1,Vis,rh
15816,309,demo_parcel_309,1,Vis,rh
15817,309,demo_parcel_309,1,Vis,rh
15818,309,demo_parcel_309,1,Vis,rh
15819,309,demo_parcel_309,1,Vis,rh
15820,309,demo_parcel_309,1,Vis,rh
15821,309,demo_parcel_309,1,Vis,rh
15822,309,demo_parcel_309,1,Vis,rh
15823,309,demo_parcel_309,1,Vis,rh
15824,309,demo_parcel_309,1,Vis,rh
15825,309,demo_parcel_309,1,Vis,rh
15826,309,demo_parcel_309,1,Vis,rh
15827,309,demo_parcel_309,1,Vis,rh
15828,309,demo_parcel_309,1,Vis,rh
15829,309,demo_parcel_309,1,Vis,rh
15830,309,demo_parcel_309,1,Vis,rh
15831,309,demo_parcel_309,1,Vis,rh
15832,309,demo_parcel_309,1,Vis,rh
15833,309,demo_parcel_309,1,Vis,rh
15834,309,demo_parcel_309,1,Vis,rh
15835,309,demo_parcel_309,1,Vis,rh
15836,309,demo_parcel_309,1,Vis,rh
15837,309,demo_parcel_309,1,Vis,rh
15838,309,demo_parcel_309,1,Vis,rh
15839,309,demo_parcel_309,1,Vis,rh
15840,309,demo_parcel_309,1,Vis,rh
15841,309,demo_parcel_309,1,Vis,rh
15842,309,demo_parcel_309,1,Vis,rh
15843,310,demo_parcel_310,2,SomMot,rh
15844,310,demo_parcel_310,2,SomMot,rh
15845,310,demo_parcel_310,2,SomMot,rh
15846,310,demo_parcel_310,2,SomMot,rh
15847,310,demo_parcel_310,2,SomMot,rh
15848,310,demo_parcel_310,2,SomMot,rh
15849,310,demo_parcel_310,2,SomMot,rh
15850,310,demo_parcel_310,2,SomMot,rh
15851,310,demo_parcel_310,2,SomMot,rh
15852,310,demo_parcel_310,2,SomMot,rh
15853,310,demo_parcel_310,2,SomMot,rh
15854,310,demo_parcel_310,2,SomMot,rh
15855,310,demo_parcel_310,2,SomMot,rh
15856,310,demo_parcel_310,2,SomMot,rh
15857,310,demo_parcel_310,2,SomMot,rh
15858,310,demo_parcel_310,2,SomMot,rh
15859,310,demo_parcel_310,2,SomMot,rh
15860,310,demo_parcel_310,2,SomMot,rh
15861,310,demo_parcel_310,2,SomMot,rh
15862,310,demo_parcel_310,2,SomMot,rh
15863,310,demo_parcel_310,2,SomMot,rh
15864,310,demo_parcel_310,2,SomMot,rh
15865,310,demo_parcel_310,2,SomMot,rh
15866,310,demo_parcel_310,2,SomMot,rh
15867,310,demo_parcel_310,2,SomMot,rh
15868,310,demo_parcel_310,2,SomMot,rh
15869,310,demo_parcel_310,2,SomMot,rh
15870,310,demo_parcel_310,2,SomMot,rh
15871,310,demo_parcel_310,2,SomMot,rh
15872,310,demo_parcel_310,2,SomMot,rh
15873,310,demo_parcel_310,2,SomMot,rh
15874,310,demo_parcel_310,2,SomMot,rh
15875,310,demo_parcel_310,2,SomMot,rh
15876,310,demo_parcel_310,2,SomMot,rh
15877,310,demo_parcel_310,2,SomMot,rh
15878,310,demo_parcel_310,2,SomMot,rh
15879,310,demo_parcel_310,2,SomMot,rh
15880,310,demo_parcel_310,2,SomMot,rh
15881,310,demo_parcel_310,2,SomMot,rh
15882,310,demo_parcel_310,2,SomMot,rh
15883,310,demo_parcel_310,2,SomMot,rh
15884,310,demo_parcel_310,2,SomMot,rh
15885,310,demo_parcel_310,2,SomMot,rh
15886,310,demo_parcel_310,2,SomMot,rh
15887,310,demo_parcel_310,2,SomMot,rh
15888,310,demo_parcel_310,2,SomMot,rh
15889,310,demo_parcel_310,2,SomMot,rh
15890,310,demo_parcel_310,2,SomMot,rh
15891,310,demo_parcel_310,2,SomMot,rh
15892,310,demo_parcel_310,2,SomMot,rh
15893,310,demo_parcel_310,2,SomMot,rh
15894,311,demo_parcel_311,3,DorsAttn,rh
15895,311,demo_parcel_311,3,DorsAttn,rh
15896,311,demo_parcel_311,3,DorsAttn,rh
15897,311,demo_parcel_311,3,DorsAttn,rh
15898,311,demo_parcel_311,3,DorsAttn,rh
15899,311,demo_parcel_311,3,DorsAttn,rh
15900,311,demo_parcel_311,3,DorsAttn,rh
15901,311,demo_parcel_311,3,DorsAttn,rh
15902,311,demo_parcel_311,3,DorsAttn,rh
15903,311,demo_parcel_311,3,DorsAttn,rh
15904,311,demo_parcel_311,3,DorsAttn,rh
15905,311,demo_parcel_311,3,DorsAttn,rh
15906,311,demo_parcel_311,3,DorsAttn,rh
15907,311,demo_parcel_311,3,DorsAttn,rh
15908,311,demo_parcel_311,3,DorsAttn,rh
15909,311,demo_parcel_311,3,DorsAttn,rh
15910,311,demo_parcel_311,3,DorsAttn,rh
15911,311,demo_parcel_311,3,DorsAttn,rh
15912,311,demo_parcel_311,3,DorsAttn,rh
15913,311,demo_parcel_311,3,DorsAttn,rh
15914,311,demo_parcel_311,3,DorsAttn,rh
15915,311,demo_parcel_311,3,DorsAttn,rh
15916,311,demo_parcel_311,3,DorsAttn,rh
15917,311,demo_parcel_311,3,DorsAttn,rh
15918,311,demo_parcel_311,3,DorsAttn,rh
15919,311,demo_parcel_311,3,DorsAttn,rh
15920,311,demo_parcel_311,3,DorsAttn,rh
15921,311,demo_parcel_311,3,DorsAttn,rh
15922,311,demo_parcel_311,3,DorsAttn,rh
15923,311,demo_parcel_311,3,DorsAttn,rh
15924,311,demo_parcel_311,3,DorsAttn,rh
15925,311,demo_parcel_311,3,DorsAttn,rh
15926,311,demo_parcel_311,3,DorsAttn,rh
15927,311,demo_parcel_311,3,DorsAttn,rh
15928,311,demo_parcel_311,3,DorsAttn,rh
15929,311,demo_parcel_311,3,DorsAttn,rh
15930,311,demo_parcel_311,3,DorsAttn,rh
15931,311,demo_parcel_311,3,DorsAttn,rh
15932,311,demo_parcel_311,3,DorsAttn,rh
15933,311,demo_parcel_311,3,DorsAttn,rh
15934,311,demo_parcel_311,3,DorsAttn,rh
15935,311,demo_parcel_311,3,DorsAttn,rh
15936,311,demo_parcel_311,3,DorsAttn,rh
15937,311,demo_parcel_311,3,DorsAttn,rh
15938,311,demo_parcel_311,3,DorsAttn,rh
15939,311,demo_parcel_311,3,DorsAttn,rh
15940,311,demo_parcel_311,3,DorsAttn,rh
15941,311,demo_parcel_311,3,DorsAttn,rh
15942,311,demo_parcel_311,3,DorsAttn,rh
15943,311,demo_parcel_311,3,DorsAttn,rh
15944,311,demo_parcel_311,3,DorsAttn,rh
15945,312,demo_parcel_312,4,SalVentAttn,rh
15946,312,demo_parcel_312,4,SalVentAttn,rh
15947,312,demo_parcel_312,4,SalVentAttn,rh
15948,312,demo_parcel_312,4,SalVentAttn,rh
15949,312,demo_parcel_312,4,SalVentAttn,rh
15950,312,demo_parcel_312,4,SalVentAttn,rh
15951,312,demo_parcel_312,4,SalVentAttn,rh
15952,312,demo_parcel_312,4,SalVentAttn,rh
15953,312,demo_parcel_312,4,SalVentAttn,rh
15954,312,demo_parcel_312,4,SalVentAttn,rh
15955,312,demo_parcel_312,4,SalVentAttn,rh
15956,312,demo_parcel_312,4,SalVentAttn,rh
15957,312,demo_parcel_312,4,SalVentAttn,rh
15958,312,demo_parcel_312,4,SalVentAttn,rh
15959,312,demo_parcel_312,4,SalVentAttn,rh
15960,312,demo_parcel_312,4,SalVentAttn,rh
15961,312,demo_parcel_312,4,SalVentAttn,rh
15962,312,demo_parcel_312,4,SalVentAttn,rh
15963,312,demo_parcel_312,4,SalVentAttn,rh
15964,312,demo_parcel_312,4,SalVentAttn,rh
15965,312,demo_parcel_312,4,SalVentAttn,rh
15966,312,demo_parcel_312,4,SalVentAttn,rh
15967,312,demo_parcel_312,4,SalVentAttn,rh
15968,312,demo_parcel_312,4,SalVentAttn,rh
15969,312,demo_parcel_312,4,SalVentAttn,rh
15970,312,demo_parcel_312,4,SalVentAttn,rh
15971,312,demo_parcel_312,4,SalVentAttn,rh
15972,312,demo_parcel_312,4,SalVentAttn,rh
15973,312,demo_parcel_312,4,SalVentAttn,rh
15974,312,demo_parcel_312,4,SalVentAttn,rh
15975,312,demo_parcel_312,4,SalVentAttn,rh
15976,312,demo_parcel_312,4,SalVentAttn,rh
15977,312,demo_parcel_312,4,SalVentAttn,rh
15978,312,demo_parcel_312,4,SalVentAttn,rh
15979,312,demo_parcel_312,4,SalVentAttn,rh
15980,312,demo_parcel_312,4,SalVentAttn,rh
15981,312,demo_parcel_312,4,SalVentAttn,rh
15982,312,demo_parcel_312,4,SalVentAttn,rh
15983,312,demo_parcel_312,4,SalVentAttn,rh
15984,312,demo_parcel_312,4,SalVentAttn,rh
15985,312,demo_parcel_312,4,SalVentAttn,rh
15986,312,demo_parcel_312,4,SalVentAttn,rh
15987,312,demo_parcel_312,4,SalVentAttn,rh
15988,312,demo_parcel_312,4,SalVentAttn,rh
15989,312,demo_parcel_312,4,SalVentAttn,rh
15990,312,demo_parcel_312,4,SalVentAttn,rh
15991,312,demo_parcel_312,4,SalVentAttn,rh
15992,312,demo_parcel_312,4,SalVentAttn,rh
15993,312,demo_parcel_312,4,SalVentAttn,rh
15994,312,demo_parcel_312,4,SalVentAttn,rh
15995,312,demo_parcel_312,4,SalVentAttn,rh
15996,313,demo_parcel_313,5,Limbic,rh
15997,313,demo_parcel_313,5,Limbic,rh
15998,313,demo_parcel_313,5,Limbic,rh
15999,313,demo_parcel_313,5,Limbic,rh
16000,313,demo_parcel_313,5,Limbic,rh
16001,313,demo_parcel_313,5,Limbic,rh
16002,313,demo_parcel_313,5,Limbic,rh
16003,313,demo_parcel_313,5,Limbic,rh
16004,313,demo_parcel_313,5,Limbic,rh
16005,313,demo_parcel_313,5,Limbic,rh
16006,313,demo_parcel_313,5,Limbic,rh
16007,313,demo_parcel_313,5,Limbic,rh
16008,313,demo_parcel_313,5,Limbic,rh
16009,313,demo_parcel_313,5,Limbic,rh
16010,313,demo_parcel_313,5,Limbic,rh
16011,313,demo_parcel_313,5,Limbic,rh
16012,313,demo_parcel_313,5,Limbic,rh
16013,313,demo_parcel_313,5,Limbic,rh
16014,313,demo_parcel_313,5,Limbic,rh
16015,313,demo_parcel_313,5,Limbic,rh
16016,313,demo_parcel_313,5,Limbic,rh
16017,313,demo_parcel_313,5,Limbic,rh
16018,313,demo_parcel_313,5,Limbic,rh
16019,313,demo_parcel_313,5,Limbic,rh
16020,313,demo_parcel_313,5,Limbic,rh
16021,313,demo_parcel_313,5,Limbic,rh
16022,313,demo_parcel_313,5,Limbic,rh
16023,313,demo_parcel_313,5,Limbic,rh
16024,313,demo_parcel_313,5,Limbic,rh
16025,313,demo_parcel_313,5,Limbic,rh
16026,313,demo_parcel_313,5,Limbic,rh
16027,313,demo_parcel_313,5,Limbic,rh
16028,313,demo_parcel_313,5,Limbic,rh
16029,313,demo_parcel_313,5,Limbic,rh
16030,313,demo_parcel_313,5,Limbic,rh
16031,313,demo_parcel_313,5,Limbic,rh
16032,313,demo_parcel_313,5,Limbic,rh
16033,313,demo_parcel_313,5,Limbic,rh
16034,313,demo_parcel_313,5,Limbic,rh
16035,313,demo_parcel_313,5,Limbic,rh
16036,313,demo_parcel_313,5,Limbic,rh
16037,313,demo_parcel_313,5,Limbic,rh
16038,313,demo_parcel_313,5,Limbic,rh
16039,313,demo_parcel_313,5,Limbic,rh
16040,313,demo_parcel_313,5,Limbic,rh
16041,313,demo_parcel_313,5,Limbic,rh
16042,313,demo_parcel_313,5,Limbic,rh
16043,313,demo_parcel_313,5,Limbic,rh
16044,313,demo_parcel_313,5,Limbic,rh
16045,313,demo_parcel_313,5,Limbic,rh
16046,313,demo_parcel_313,5,Limbic,rh
16047,314,demo_parcel_314,6,Cont,rh
16048,314,demo_parcel_314,6,Cont,rh
16049,314,demo_parcel_314,6,Cont,rh
16050,314,demo_parcel_314,6,Cont,rh
16051,314,demo_parcel_314,6,Cont,rh
16052,314,demo_parcel_314,6,Cont,rh
16053,314,demo_parcel_314,6,Cont,rh
16054,314,demo_parcel_314,6,Cont,rh
16055,314,demo_parcel_314,6,Cont,rh
16056,314,demo_parcel_314,6,Cont,rh
16057,314,demo_parcel_314,6,Cont,rh
16058,314,demo_parcel_314,6,Cont,rh
16059,314,demo_parcel_314,6,Cont,rh
16060,314,demo_parcel_314,6,Cont,rh
16061,314,demo_parcel_314,6,Cont,rh
16062,314,demo_parcel_314,6,Cont,rh
16063,314,demo_parcel_314,6,Cont,rh
16064,314,demo_parcel_314,6,Cont,rh
16065,314,demo_parcel_314,6,Cont,rh
16066,314,demo_parcel_314,6,Cont,rh
16067,314,demo_parcel_314,6,Cont,rh
16068,314,demo_parcel_314,6,Cont,rh
16069,314,demo_parcel_314,6,Cont,rh
16070,314,demo_parcel_314,6,Cont,rh
16071,314,demo_parcel_314,6,Cont,rh
16072,314,demo_parcel_314,6,Cont,rh
16073,314,demo_parcel_314,6,Cont,rh
16074,314,demo_parcel_314,6,Cont,rh
16075,314,demo_parcel_314,6,Cont,rh
16076,314,demo_parcel_314,6,Cont,rh
16077,314,demo_parcel_314,6,Cont,rh
16078,314,demo_parcel_314,6,Cont,rh
16079,314,demo_parcel_314,6,Cont,rh
16080,314,demo_parcel_314,6,Cont,rh
16081,314,demo_parcel_314,6,Cont,rh
16082,314,demo_parcel_314,6,Cont,rh
16083,314,demo_parcel_314,6,Cont,rh
16084,314,demo_parcel_314,6,Cont,rh
16085,314,demo_parcel_314,6,Cont,rh
16086,314,demo_parcel_314,6,Cont,rh
16087,314,demo_parcel_314,6,Cont,rh
16088,314,demo_parcel_314,6,Cont,rh
16089,314,demo_parcel_314,6,Cont,rh
16090,314,demo_parcel_314,6,Cont,rh
16091,314,demo_parcel_314,6,Cont,rh
16092,314,demo_parcel_314,6,Cont,rh
16093,314,demo_parcel_314,6,Cont,rh
16094,314,demo_parcel_314,6,Cont,rh
16095,314,demo_parcel_314,6,Cont,rh
16096,314,demo_parcel_314,6,Cont,rh
16097,314,demo_parcel_314,6,Cont,rh
16098,315,demo_parcel_315,7,Default,rh
16099,315,demo_parcel_315,7,Default,rh
16100,315,demo_parcel_315,7,Default,rh
16101,315,demo_parcel_315,7,Default,rh
16102,315,demo_parcel_315,7,Default,rh
16103,315,demo_parcel_315,7,Default,rh
16104,315,demo_parcel_315,7,Default,rh
16105,315,demo_parcel_315,7,Default,rh
16106,315,demo_parcel_315,7,Default,rh
16107,315,demo_parcel_315,7,Default,rh
16108,315,demo_parcel_315,7,Default,rh
16109,315,demo_parcel_315,7,Default,rh
16110,315,demo_parcel_315,7,Default,rh
16111,315,demo_parcel_315,7,Default,rh
16112,315,demo_parcel_315,7,Default,rh
16113,315,demo_parcel_315,7,Default,rh
16114,315,demo_parcel_315,7,Default,rh
16115,315,demo_parcel_315,7,Default,rh
16116,315,demo_parcel_315,7,Default,rh
16117,315,demo_parcel_315,7,Default,rh
16118,315,demo_parcel_315,7,Default,rh
16119,315,demo_parcel_315,7,Default,rh
16120,315,demo_parcel_315,7,Default,rh
16121,315,demo_parcel_315,7,Default,rh
16122,315,demo_parcel_315,7,Default,rh
16123,315,demo_parcel_315,7,Default,rh
16124,315,demo_parcel_315,7,Default,rh
16125,315,demo_parcel_315,7,Default,rh
16126,315,demo_parcel_315,7,Default,rh
16127,315,demo_parcel_315,7,Default,rh
16128,315,demo_parcel_315,7,Default,rh
16129,315,demo_parcel_315,7,Default,rh
16130,315,demo_parcel_315,7,Default,rh
16131,315,demo_parcel_315,7,Default,rh
16132,315,demo_parcel_315,7,Default,rh
16133,315,demo_parcel_315,7,Default,rh
16134,315,demo_parcel_315,7,Default,rh
16135,315,demo_parcel_315,7,Default,rh
16136,315,demo_parcel_315,7,Default,rh
16137,315,demo_parcel_315,7,Default,rh
16138,315,demo_parcel_315,7,Default,rh
16139,315,demo_parcel_315,7,Default,rh
16140,315,demo_parcel_315,7,Default,rh
16141,315,demo_parcel_315,7,Default,rh
16142,315,demo_parcel_315,7,Default,rh
16143,315,demo_parcel_315,7,Default,rh
16144,315,demo_parcel_315,7,Default,rh
16145,315,demo_parcel_315,7,Default,rh
16146,315,demo_parcel_315,7,Default,rh
16147,315,demo_parcel_315,7,Default,rh
16148,315,demo_parcel_315,7,Default,rh
16149,316,demo_parcel_316,1,Vis,rh
16150,316,demo_parcel_316,1,Vis,rh
16151,316,demo_parcel_316,1,Vis,rh
16152,316,demo_parcel_316,1,Vis,rh
16153,316,demo_parcel_316,1,Vis,rh
16154,316,demo_parcel_316,1,Vis,rh
16155,316,demo_parcel_316,1,Vis,rh
16156,316,demo_parcel_316,1,Vis,rh
16157,316,demo_parcel_316,1,Vis,rh
16158,316,demo_parcel_316,1,Vis,rh
16159,316,demo_parcel_316,1,Vis,rh
16160,316,demo_parcel_316,1,Vis,rh
16161,316,demo_parcel_316,1,Vis,rh
16162,316,demo_parcel_316,1,Vis,rh
16163,316,demo_parcel_316,1,Vis,rh
16164,316,demo_parcel_316,1,Vis,rh
16165,316,demo_parcel_316,1,Vis,rh
16166,316,demo_parcel_316,1,Vis,rh
16167,316,demo_parcel_316,1,Vis,rh
16168,316,demo_parcel_316,1,Vis,rh
16169,316,demo_parcel_316,1,Vis,rh
16170,316,demo_parcel_316,1,Vis,rh
16171,316,demo_parcel_316,1,Vis,rh
16172,316,demo_parcel_316,1,Vis,rh
16173,316,demo_parcel_316,1,Vis,rh
16174,316,demo_parcel_316,1,Vis,rh
16175,316,demo_parcel_316,1,Vis,rh
16176,316,demo_parcel_316,1,Vis,rh
16177,316,demo_parcel_316,1,Vis,rh
16178,316,demo_parcel_316,1,Vis,rh
16179,316,demo_parcel_316,1,Vis,rh
16180,316,demo_parcel_316,1,Vis,rh
16181,316,demo_parcel_316,1,Vis,rh
16182,316,demo_parcel_316,1,Vis,rh
16183,316,demo_parcel_316,1,Vis,rh
16184,316,demo_parcel_316,1,Vis,rh
16185,316,demo_parcel_316,1,Vis,rh
16186,316,demo_parcel_316,1,Vis,rh
16187,316,demo_parcel_316,1,Vis,rh
16188,316,demo_parcel_316,1,Vis,rh
16189,316,demo_parcel_316,1,Vis,rh
16190,316,demo_parcel_316,1,Vis,rh
16191,316,demo_parcel_316,1,Vis,rh
16192,316,demo_parcel_316,1,Vis,rh
16193,316,demo_parcel_316,1,Vis,rh
16194,316,demo_parcel_316,1,Vis,rh
16195,316,demo_parcel_316,1,Vis,rh
16196,316,demo_parcel_316,1,Vis,rh
16197,316,demo_parcel_316,1,Vis,rh
16198,316,demo_parcel_316,1,Vis,rh
16199,316,demo_parcel_316,1,Vis,rh
16200,317,demo_parcel_317,2,SomMot,rh
16201,317,demo_parcel_317,2,SomMot,rh
16202,317,demo_parcel_317,2,SomMot,rh
16203,317,demo_parcel_317,2,SomMot,rh
16204,317,demo_parcel_317,2,SomMot,rh
16205,317,demo_parcel_317,2,SomMot,rh
16206,317,demo_parcel_317,2,SomMot,rh
16207,317,demo_parcel_317,2,SomMot,rh
16208,317,demo_parcel_317,2,SomMot,rh
16209,317,demo_parcel_317,2,SomMot,rh
16210,317,demo_parcel_317,2,SomMot,rh
16211,317,demo_parcel_317,2,SomMot,rh
16212,317,demo_parcel_317,2,SomMot,rh
16213,317,demo_parcel_317,2,SomMot,rh
16214,317,demo_parcel_317,2,SomMot,rh
16215,317,demo_parcel_317,2,SomMot,rh
16216,317,demo_parcel_317,2,SomMot,rh
16217,317,demo_parcel_317,2,SomMot,rh
16218,317,demo_parcel_317,2,SomMot,rh
16219,317,demo_parcel_317,2,SomMot,rh
16220,317,demo_parcel_317,2,SomMot,rh
16221,317,demo_parcel_317,2,SomMot,rh
16222,317,demo_parcel_317,2,SomMot,rh
16223,317,demo_parcel_317,2,SomMot,rh
16224,317,demo_parcel_317,2,SomMot,rh
16225,317,demo_parcel_317,2,SomMot,rh
16226,317,demo_parcel_317,2,SomMot,rh
16227,317,demo_parcel_317,2,SomMot,rh
16228,317,demo_parcel_317,2,SomMot,rh
16229,317,demo_parcel_317,2,SomMot,rh
16230,317,demo_parcel_317,2,SomMot,rh
16231,317,demo_parcel_317,2,SomMot,rh
16232,317,demo_parcel_317,2,SomMot,rh
16233,317,demo_parcel_317,2,SomMot,rh
16234,317,demo_parcel_317,2,SomMot,rh
16235,317,demo_parcel_317,2,SomMot,rh
16236,317,demo_parcel_317,2,SomMot,rh
16237,317,demo_parcel_317,2,SomMot,rh
16238,317,demo_parcel_317,2,SomMot,rh
16239,317,demo_parcel_317,2,SomMot,rh
16240,317,demo_parcel_317,2,SomMot,rh
16241,317,demo_parcel_317,2,SomMot,rh
16242,317,demo_parcel_317,2,SomMot,rh
16243,317,demo_parcel_317,2,SomMot,rh
16244,317,demo_parcel_317,2,SomMot,rh
16245,317,demo_parcel_317,2,SomMot,rh
16246,317,demo_parcel_317,2,SomMot,rh
16247,317,demo_parcel_317,2,SomMot,rh
16248,317,demo_parcel_317,2,SomMot,rh
16249,317,demo_parcel_317,2,SomMot,rh
16250,317,demo_parcel_317,2,SomMot,rh
16251,318,demo_parcel_318,3,DorsAttn,rh
16252,318,demo_parcel_318,3,DorsAttn,rh
16253,318,demo_parcel_318,3,DorsAttn,rh
16254,318,demo_parcel_318,3,DorsAttn,rh
16255,318,demo_parcel_318,3,DorsAttn,rh
16256,318,demo_parcel_318,3,DorsAttn,rh
16257,318,demo_parcel_318,3,DorsAttn,rh
16258,318,demo_parcel_318,3,DorsAttn,rh
16259,318,demo_parcel_318,3,DorsAttn,rh
16260,318,demo_parcel_318,3,DorsAttn,rh
16261,318,demo_parcel_318,3,DorsAttn,rh
16262,318,demo_parcel_318,3,DorsAttn,rh
16263,318,demo_parcel_318,3,DorsAttn,rh
16264,318,demo_parcel_318,3,DorsAttn,rh
16265,318,demo_parcel_318,3,DorsAttn,rh
16266,318,demo_parcel_318,3,DorsAttn,rh
16267,318,demo_parcel_318,3,DorsAttn,rh
16268,318,demo_parcel_318,3,DorsAttn,rh
16269,318,demo_parcel_318,3,DorsAttn,rh
16270,318,demo_parcel_318,3,DorsAttn,rh
16271,318,demo_parcel_318,3,DorsAttn,rh
16272,318,demo_parcel_318,3,DorsAttn,rh
16273,318,demo_parcel_318,3,DorsAttn,rh
16274,318,demo_parcel_318,3,DorsAttn,rh
16275,318,demo_parcel_318,3,DorsAttn,rh
16276,318,demo_parcel_318,3,DorsAttn,rh
16277,318,demo_parcel_318,3,DorsAttn,rh
16278,318,demo_parcel_318,3,DorsAttn,rh
16279,318,demo_parcel_318,3,DorsAttn,rh
16280,318,demo_parcel_318,3,DorsAttn,rh
16281,318,demo_parcel_318,3,DorsAttn,rh
16282,318,demo_parcel_318,3,DorsAttn,rh
16283,318,demo_parcel_318,3,DorsAttn,rh
16284,318,demo_parcel_318,3,DorsAttn,rh
16285,318,demo_parcel_318,3,DorsAttn,rh
16286,318,demo_parcel_318,3,DorsAttn,rh
16287,318,demo_parcel_318,3,DorsAttn,rh
16288,318,demo_parcel_318,3,DorsAttn,rh
16289,318,demo_parcel_318,3,DorsAttn,rh
16290,318,demo_parcel_318,3,DorsAttn,rh
16291,318,demo_parcel_318,3,DorsAttn,rh
16292,318,demo_parcel_318,3,DorsAttn,rh
16293,318,demo_parcel_318,3,DorsAttn,rh
16294,318,demo_parcel_318,3,DorsAttn,rh
16295,318,demo_parcel_318,3,DorsAttn,rh
16296,318,demo_parcel_318,3,DorsAttn,rh
16297,318,demo_parcel_318,3,DorsAttn,rh
16298,318,demo_parcel_318,3,DorsAttn,rh
16299,318,demo_parcel_318,3,DorsAttn,rh
16300,318,demo_parcel_318,3,DorsAttn,rh
16301,318,demo_parcel_318,3,DorsAttn,rh
16302,319,demo_parcel_319,4,SalVentAttn,rh
16303,319,demo_parcel_319,4,SalVentAttn,rh
16304,319,demo_parcel_319,4,SalVentAttn,rh
16305,319,demo_parcel_319,4,SalVentAttn,rh
16306,319,demo_parcel_319,4,SalVentAttn,rh
16307,319,demo_parcel_319,4,SalVentAttn,rh
16308,319,demo_parcel_319,4,SalVentAttn,rh
16309,319,demo_parcel_319,4,SalVentAttn,rh
16310,319,demo_parcel_319,4,SalVentAttn,rh
16311,319,demo_parcel_319,4,SalVentAttn,rh
16312,319,demo_parcel_319,4,SalVentAttn,rh
16313,319,demo_parcel_319,4,SalVentAttn,rh
16314,319,demo_parcel_319,4,SalVentAttn,rh
16315,319,demo_parcel_319,4,SalVentAttn,rh
16316,319,demo_parcel_319,4,SalVentAttn,rh
16317,319,demo_parcel_319,4,SalVentAttn,rh
16318,319,demo_parcel_319,4,SalVentAttn,rh
16319,319,demo_parcel_319,4,SalVentAttn,rh
16320,319,demo_parcel_319,4,SalVentAttn,rh
16321,319,demo_parcel_319,4,SalVentAttn,rh
16322,319,demo_parcel_319,4,SalVentAttn,rh
16323,319,demo_parcel_319,4,SalVentAttn,rh
16324,319,demo_parcel_319,4,SalVentAttn,rh
16325,319,demo_parcel_319,4,SalVentAttn,rh
16326,319,demo_parcel_319,4,SalVentAttn,rh
16327,319,demo_parcel_319,4,SalVentAttn,rh
16328,319,demo_parcel_319,4,SalVentAttn,rh
16329,319,demo_parcel_319,4,SalVentAttn,rh
16330,319,demo_parcel_319,4,SalVentAttn,rh
16331,319,demo_parcel_319,4,SalVentAttn,rh
16332,319,demo_parcel_319,4,SalVentAttn,rh
16333,319,demo_parcel_319,4,SalVentAttn,rh
16334,319,demo_parcel_319,4,SalVentAttn,rh
16335,319,demo_parcel_319,4,SalVentAttn,rh
16336,319,demo_parcel_319,4,SalVentAttn,rh
16337,319,demo_parcel_319,4,SalVentAttn,rh
16338,319,demo_parcel_319,4,SalVentAttn,rh
16339,319,demo_parcel_319,4,SalVentAttn,rh
16340,319,demo_parcel_319,4,SalVentAttn,rh
16341,319,demo_parcel_319,4,SalVentAttn,rh
16342,319,demo_parcel_319,4,SalVentAttn,rh
16343,319,demo_parcel_319,4,SalVentAttn,rh
16344,319,demo_parcel_319,4,SalVentAttn,rh
16345,319,demo_parcel_319,4,SalVentAttn,rh
16346,319,demo_parcel_319,4,SalVentAttn,rh
16347,319,demo_parcel_319,4,SalVentAttn,rh
16348,319,demo_parcel_319,4,SalVentAttn,rh
16349,319,demo_parcel_319,4,SalVentAttn,rh
16350,319,demo_parcel_319,4,SalVentAttn,rh
16351,319,demo_parcel_319,4,SalVentAttn,rh
16352,319,demo_parcel_319,4,SalVentAttn,rh
16353,320,demo_parcel_320,5,Limbic,rh
16354,320,demo_parcel_320,5,Limbic,rh
16355,320,demo_parcel_320,5,Limbic,rh
16356,320,demo_parcel_320,5,Limbic,rh
16357,320,demo_parcel_320,5,Limbic,rh
16358,320,demo_parcel_320,5,Limbic,rh
16359,320,demo_parcel_320,5,Limbic,rh
16360,320,demo_parcel_320,5,Limbic,rh
16361,320,demo_parcel_320,5,Limbic,rh
16362,320,demo_parcel_320,5,Limbic,rh
16363,320,demo_parcel_320,5,Limbic,rh
16364,320,demo_parcel_320,5,Limbic,rh
16365,320,demo_parcel_320,5,Limbic,rh
16366,320,demo_parcel_320,5,Limbic,rh
16367,320,demo_parcel_320,5,Limbic,rh
16368,320,demo_parcel_320,5,Limbic,rh
16369,320,demo_parcel_320,5,Limbic,rh
16370,320,demo_parcel_320,5,Limbic,rh
16371,320,demo_parcel_320,5,Limbic,rh
16372,320,demo_parcel_320,5,Limbic,rh
16373,320,demo_parcel_320,5,Limbic,rh
16374,320,demo_parcel_320,5,Limbic,rh
16375,320,demo_parcel_320,5,Limbic,rh
16376,320,demo_parcel_320,5,Limbic,rh
16377,320,demo_parcel_320,5,Limbic,rh
16378,320,demo_parcel_320,5,Limbic,rh
16379,320,demo_parcel_320,5,Limbic,rh
16380,320,demo_parcel_320,5,Limbic,rh
16381,320,demo_parcel_320,5,Limbic,rh
16382,320,demo_parcel_320,5,Limbic,rh
16383,320,demo_parcel_320,5,Limbic,rh
16384,320,demo_parcel_320,5,Limbic,rh
16385,320,demo_parcel_320,5,Limbic,rh
16386,320,demo_parcel_320,5,Limbic,rh
16387,320,demo_parcel_320,5,Limbic,rh
16388,320,demo_parcel_320,5,Limbic,rh
16389,320,demo_parcel_320,5,Limbic,rh
16390,320,demo_parcel_320,5,Limbic,rh
16391,320,demo_parcel_320,5,Limbic,rh
16392,320,demo_parcel_320,5,Limbic,rh
16393,320,demo_parcel_320,5,Limbic,rh
16394,320,demo_parcel_320,5,Limbic,rh
16395,320,demo_parcel_320,5,Limbic,rh
16396,320,demo_parcel_320,5,Limbic,rh
16397,320,demo_parcel_320,5,Limbic,rh
16398,320,demo_parcel_320,5,Limbic,rh
16399,320,demo_parcel_320,5,Limbic,rh
16400,320,demo_parcel_320,5,Limbic,rh
16401,320,demo_parcel_320,5,Limbic,rh
16402,320,demo_parcel_320,5,Limbic,rh
16403,320,demo_parcel_320,5,Limbic,rh
16404,321,demo_parcel_321,6,Cont,rh
16405,321,demo_parcel_321,6,Cont,rh
16406,321,demo_parcel_321,6,Cont,rh
16407,321,demo_parcel_321,6,Cont,rh
16408,321,demo_parcel_321,6,Cont,rh
16409,321,demo_parcel_321,6,Cont,rh
16410,321,demo_parcel_321,6,Cont,rh
16411,321,demo_parcel_321,6,Cont,rh
16412,321,demo_parcel_321,6,Cont,rh
16413,321,demo_parcel_321,6,Cont,rh
16414,321,demo_parcel_321,6,Cont,rh
16415,321,demo_parcel_321,6,Cont,rh
16416,321,demo_parcel_321,6,Cont,rh
16417,321,demo_parcel_321,6,Cont,rh
16418,321,demo_parcel_321,6,Cont,rh
16419,321,demo_parcel_321,6,Cont,rh
16420,321,demo_parcel_321,6,Cont,rh
16421,321,demo_parcel_321,6,Cont,rh
16422,321,demo_parcel_321,6,Cont,rh
16423,321,demo_parcel_321,6,Cont,rh
16424,321,demo_parcel_321,6,Cont,rh
16425,321,demo_parcel_321,6,Cont,rh
16426,321,demo_parcel_321,6,Cont,rh
16427,321,demo_parcel_321,6,Cont,rh
16428,321,demo_parcel_321,6,Cont,rh
16429,321,demo_parcel_321,6,Cont,rh
16430,321,demo_parcel_321,6,Cont,rh
16431,321,demo_parcel_321,6,Cont,rh
16432,321,demo_parcel_321,6,Cont,rh
16433,321,demo_parcel_321,6,Cont,rh
16434,321,demo_parcel_321,6,Cont,rh
16435,321,demo_parcel_321,6,Cont,rh
16436,321,demo_parcel_321,6,Cont,rh
16437,321,demo_parcel_321,6,Cont,rh
16438,321,demo_parcel_321,6,Cont,rh
16439,321,demo_parcel_321,6,Cont,rh
16440,321,demo_parcel_321,6,Cont,rh
16441,321,demo_parcel_321,6,Cont,rh
16442,321,demo_parcel_321,6,Cont,rh
16443,321,demo_parcel_321,6,Cont,rh
16444,321,demo_parcel_321,6,Cont,rh
16445,321,demo_parcel_321,6,Cont,rh
16446,321,demo_parcel_321,6,Cont,rh
16447,321,demo_parcel_321,6,Cont,rh
16448,321,demo_parcel_321,6,Cont,rh
16449,321,demo_parcel_321,6,Cont,rh
16450,321,demo_parcel_321,6,Cont,rh
16451,321,demo_parcel_321,6,Cont,rh
16452,321,demo_parcel_321,6,Cont,rh
16453,321,demo_parcel_321,6,Cont,rh
16454,321,demo_parcel_321,6,Cont,rh
16455,322,demo_parcel_322,7,Default,rh
16456,322,demo_parcel_322,7,Default,rh
16457,322,demo_parcel_322,7,Default,rh
16458,322,demo_parcel_322,7,Default,rh
16459,322,demo_parcel_322,7,Default,rh
16460,322,demo_parcel_322,7,Default,rh
16461,322,demo_parcel_322,7,Default,rh
16462,322,demo_parcel_322,7,Default,rh
16463,322,demo_parcel_322,7,Default,rh
16464,322,demo_parcel_322,7,Default,rh
16465,322,demo_parcel_322,7,Default,rh
16466,322,demo_parcel_322,7,Default,rh
16467,322,demo_parcel_322,7,Default,rh
16468,322,demo_parcel_322,7,Default,rh
16469,322,demo_parcel_322,7,Default,rh
16470,322,demo_parcel_322,7,Default,rh
16471,322,demo_parcel_322,7,Default,rh
16472,322,demo_parcel_322,7,Default,rh
16473,322,demo_parcel_322,7,Default,rh
16474,322,demo_parcel_322,7,Default,rh
16475,322,demo_parcel_322,7,Default,rh
16476,322,demo_parcel_322,7,Default,rh
16477,322,demo_parcel_322,7,Default,rh
16478,322,demo_parcel_322,7,Default,rh
16479,322,demo_parcel_322,7,Default,rh
16480,322,demo_parcel_322,7,Default,rh
16481,322,demo_parcel_322,7,Default,rh
16482,322,demo_parcel_322,7,Default,rh
16483,322,demo_parcel_322,7,Default,rh
16484,322,demo_parcel_322,7,Default,rh
16485,322,demo_parcel_322,7,Default,rh
16486,322,demo_parcel_322,7,Default,rh
16487,322,demo_parcel_322,7,Default,rh
16488,322,demo_parcel_322,7,Default,rh
16489,322,demo_parcel_322,7,Default,rh
16490,322,demo_parcel_322,7,Default,rh
16491,322,demo_parcel_322,7,Default,rh
16492,322,demo_parcel_322,7,Default,rh
16493,322,demo_parcel_322,7,Default,rh
16494,322,demo_parcel_322,7,Default,rh
16495,322,demo_parcel_322,7,Default,rh
16496,322,demo_parcel_322,7,Default,rh
16497,322,demo_parcel_322,7,Default,rh
16498,322,demo_parcel_322,7,Default,rh
16499,322,demo_parcel_322,7,Default,rh
16500,322,demo_parcel_322,7,Default,rh
16501,322,demo_parcel_322,7,Default,rh
16502,322,demo_parcel_322,7,Default,rh
16503,322,demo_parcel_322,7,Default,rh
16504,322,demo_parcel_322,7,Default,rh
16505,322,demo_parcel_322,7,Default,rh
16506,323,demo_parcel_323,1,Vis,rh
16507,323,demo_parcel_323,1,Vis,rh
16508,323,demo_parcel_323,1,Vis,rh
16509,323,demo_parcel_323,1,Vis,rh
16510,323,demo_parcel_323,1,Vis,rh
16511,323,demo_parcel_323,1,Vis,rh
16512,323,demo_parcel_323,1,Vis,rh
16513,323,demo_parcel_323,1,Vis,rh
16514,323,demo_parcel_323,1,Vis,rh
16515,323,demo_parcel_323,1,Vis,rh
16516,323,demo_parcel_323,1,Vis,rh
16517,323,demo_parcel_323,1,Vis,rh
16518,323,demo_parcel_323,1,Vis,rh
16519,323,demo_parcel_323,1,Vis,rh
16520,323,demo_parcel_323,1,Vis,rh
16521,323,demo_parcel_323,1,Vis,rh
16522,323,demo_parcel_323,1,Vis,rh
16523,323,demo_parcel_323,1,Vis,rh
16524,323,demo_parcel_323,1,Vis,rh
16525,323,demo_parcel_323,1,Vis,rh
16526,323,demo_parcel_323,1,Vis,rh
16527,323,demo_parcel_323,1,Vis,rh
16528,323,demo_parcel_323,1,Vis,rh
16529,323,demo_parcel_323,1,Vis,rh
16530,323,demo_parcel_323,1,Vis,rh
16531,323,demo_parcel_323,1,Vis,rh
16532,323,demo_parcel_323,1,Vis,rh
16533,323,demo_parcel_323,1,Vis,rh
16534,323,demo_parcel_323,1,Vis,rh
16535,323,demo_parcel_323,1,Vis,rh
16536,323,demo_parcel_323,1,Vis,rh
16537,323,demo_parcel_323,1,Vis,rh
16538,323,demo_parcel_323,1,Vis,rh
16539,323,demo_parcel_323,1,Vis,rh
16540,323,demo_parcel_323,1,Vis,rh
16541,323,demo_parcel_323,1,Vis,rh
16542,323,demo_parcel_323,1,Vis,rh
16543,323,demo_parcel_323,1,Vis,rh
16544,323,demo_parcel_323,1,Vis,rh
16545,323,demo_parcel_323,1,Vis,rh
16546,323,demo_parcel_323,1,Vis,rh
16547,323,demo_parcel_323,1,Vis,rh
16548,323,demo_parcel_323,1,Vis,rh
16549,323,demo_parcel_323,1,Vis,rh
16550,323,demo_parcel_323,1,Vis,rh
16551,323,demo_parcel_323,1,Vis,rh
16552,323,demo_parcel_323,1,Vis,rh
16553,323,demo_parcel_323,1,Vis,rh
16554,323,demo_parcel_323,1,Vis,rh
16555,323,demo_parcel_323,1,Vis,rh
16556,323,demo_parcel_323,1,Vis,rh
16557,324,demo_parcel_324,2,SomMot,rh
16558,324,demo_parcel_324,2,SomMot,rh
16559,324,demo_parcel_324,2,SomMot,rh
16560,324,demo_parcel_324,2,SomMot,rh
16561,324,demo_parcel_324,2,SomMot,rh
16562,324,demo_parcel_324,2,SomMot,rh
16563,324,demo_parcel_324,2,SomMot,rh
16564,324,demo_parcel_324,2,SomMot,rh
16565,324,demo_parcel_324,2,SomMot,rh
16566,324,demo_parcel_324,2,SomMot,rh
16567,324,demo_parcel_324,2,SomMot,rh
16568,324,demo_parcel_324,2,SomMot,rh
16569,324,demo_parcel_324,2,SomMot,rh
16570,324,demo_parcel_324,2,SomMot,rh
16571,324,demo_parcel_324,2,SomMot,rh
16572,324,demo_parcel_324,2,SomMot,rh
16573,324,demo_parcel_324,2,SomMot,rh
16574,324,demo_parcel_324,2,SomMot,rh
16575,324,demo_parcel_324,2,SomMot,rh
16576,324,demo_parcel_324,2,SomMot,rh
16577,324,demo_parcel_324,2,SomMot,rh
16578,324,demo_parcel_324,2,SomMot,rh
16579,324,demo_parcel_324,2,SomMot,rh
16580,324,demo_parcel_324,2,SomMot,rh
16581,324,demo_parcel_324,2,SomMot,rh
16582,324,demo_parcel_324,2,SomMot,rh
16583,324,demo_parcel_324,2,SomMot,rh
16584,324,demo_parcel_324,2,SomMot,rh
16585,324,demo_parcel_324,2,SomMot,rh
16586,324,demo_parcel_324,2,SomMot,rh
16587,324,demo_parcel_324,2,SomMot,rh
16588,324,demo_parcel_324,2,SomMot,rh
16589,324,demo_parcel_324,2,SomMot,rh
16590,324,demo_parcel_324,2,SomMot,rh
16591,324,demo_parcel_324,2,SomMot,rh
16592,324,demo_parcel_324,2,SomMot,rh
16593,324,demo_parcel_324,2,SomMot,rh
16594,324,demo_parcel_324,2,SomMot,rh
16595,324,demo_parcel_324,2,SomMot,rh
16596,324,demo_parcel_324,2,SomMot,rh
16597,324,demo_parcel_324,2,SomMot,rh
16598,324,demo_parcel_324,2,SomMot,rh
16599,324,demo_parcel_324,2,SomMot,rh
16600,324,demo_parcel_324,2,SomMot,rh
16601,324,demo_parcel_324,2,SomMot,rh
16602,324,demo_parcel_324,2,SomMot,rh
16603,324,demo_parcel_324,2,SomMot,rh
16604,324,demo_parcel_324,2,SomMot,rh
16605,324,demo_parcel_324,2,SomMot,rh
16606,324,demo_parcel_324,2,SomMot,rh
16607,324,demo_parcel_324,2,SomMot,rh
16608,325,demo_parcel_325,3,DorsAttn,rh
16609,325,demo_parcel_325,3,DorsAttn,rh
16610,325,demo_parcel_325,3,DorsAttn,rh
16611,325,demo_parcel_325,3,DorsAttn,rh
16612,325,demo_parcel_325,3,DorsAttn,rh
16613,325,demo_parcel_325,3,DorsAttn,rh
16614,325,demo_parcel_325,3,DorsAttn,rh
16615,325,demo_parcel_325,3,DorsAttn,rh
16616,325,demo_parcel_325,3,DorsAttn,rh
16617,325,demo_parcel_325,3,DorsAttn,rh
16618,325,demo_parcel_325,3,DorsAttn,rh
16619,325,demo_parcel_325,3,DorsAttn,rh
16620,325,demo_parcel_325,3,DorsAttn,rh
16621,325,demo_parcel_325,3,DorsAttn,rh
16622,325,demo_parcel_325,3,DorsAttn,rh
16623,325,demo_parcel_325,3,DorsAttn,rh
16624,325,demo_parcel_325,3,DorsAttn,rh
16625,325,demo_parcel_325,3,DorsAttn,rh
16626,325,demo_parcel_325,3,DorsAttn,rh
16627,325,demo_parcel_325,3,DorsAttn,rh
16628,325,demo_parcel_325,3,DorsAttn,rh
16629,325,demo_parcel_325,3,DorsAttn,rh
16630,325,demo_parcel_325,3,DorsAttn,rh
16631,325,demo_parcel_325,3,DorsAttn,rh
16632,325,demo_parcel_325,3,DorsAttn,rh
16633,325,demo_parcel_325,3,DorsAttn,rh
16634,325,demo_parcel_325,3,DorsAttn,rh
16635,325,demo_parcel_325,3,DorsAttn,rh
16636,325,demo_parcel_325,3,DorsAttn,rh
16637,325,demo_parcel_325,3,DorsAttn,rh
16638,325,demo_parcel_325,3,DorsAttn,rh
16639,325,demo_parcel_325,3,DorsAttn,rh
16640,325,demo_parcel_325,3,DorsAttn,rh
16641,325,demo_parcel_325,3,DorsAttn,rh
16642,325,demo_parcel_325,3,DorsAttn,rh
16643,325,demo_parcel_325,3,DorsAttn,rh
16644,325,demo_parcel_325,3,DorsAttn,rh
16645,325,demo_parcel_325,3,DorsAttn,rh
16646,325,demo_parcel_325,3,DorsAttn,rh
16647,325,demo_parcel_325,3,DorsAttn,rh
16648,325,demo_parcel_325,3,DorsAttn,rh
16649,325,demo_parcel_325,3,DorsAttn,rh
16650,325,demo_parcel_325,3,DorsAttn,rh
16651,325,demo_parcel_325,3,DorsAttn,rh
16652,325,demo_parcel_325,3,DorsAttn,rh
16653,325,demo_parcel_325,3,DorsAttn,rh
16654,325,demo_parcel_325,3,DorsAttn,rh
16655,325,demo_parcel_325,3,DorsAttn,rh
16656,325,demo_parcel_325,3,DorsAttn,rh
16657,325,demo_parcel_325,3,DorsAttn,rh
16658,325,demo_parcel_325,3,DorsAttn,rh
16659,326,demo_parcel_326,4,SalVentAttn,rh
16660,326,demo_parcel_326,4,SalVentAttn,rh
16661,326,demo_parcel_326,4,SalVentAttn,rh
16662,326,demo_parcel_326,4,SalVentAttn,rh
16663,326,demo_parcel_326,4,SalVentAttn,rh
16664,326,demo_parcel_326,4,SalVentAttn,rh
16665,326,demo_parcel_326,4,SalVentAttn,rh
16666,326,demo_parcel_326,4,SalVentAttn,rh
16667,326,demo_parcel_326,4,SalVentAttn,rh
16668,326,demo_parcel_326,4,SalVentAttn,rh
16669,326,demo_parcel_326,4,SalVentAttn,rh
16670,326,demo_parcel_326,4,SalVentAttn,rh
16671,326,demo_parcel_326,4,SalVentAttn,rh
16672,326,demo_parcel_326,4,SalVentAttn,rh
16673,326,demo_parcel_326,4,SalVentAttn,rh
16674,326,demo_parcel_326,4,SalVentAttn,rh
16675,326,demo_parcel_326,4,SalVentAttn,rh
16676,326,demo_parcel_326,4,SalVentAttn,rh
16677,326,demo_parcel_326,4,SalVentAttn,rh
16678,326,demo_parcel_326,4,SalVentAttn,rh
16679,326,demo_parcel_326,4,SalVentAttn,rh
16680,326,demo_parcel_326,4,SalVentAttn,rh
16681,326,demo_parcel_326,4,SalVentAttn,rh
16682,326,demo_parcel_326,4,SalVentAttn,rh
16683,326,demo_parcel_326,4,SalVentAttn,rh
16684,326,demo_parcel_326,4,SalVentAttn,rh
16685,326,demo_parcel_326,4,SalVentAttn,rh
16686,326,demo_parcel_326,4,SalVentAttn,rh
16687,326,demo_parcel_326,4,SalVentAttn,rh
16688,326,demo_parcel_326,4,SalVentAttn,rh
16689,326,demo_parcel_326,4,SalVentAttn,rh
16690,326,demo_parcel_326,4,SalVentAttn,rh
16691,326,demo_parcel_326,4,SalVentAttn,rh
16692,326,demo_parcel_326,4,SalVentAttn,rh
16693,326,demo_parcel_326,4,SalVentAttn,rh
16694,326,demo_parcel_326,4,SalVentAttn,rh
16695,326,demo_parcel_326,4,SalVentAttn,rh
16696,326,demo_parcel_326,4,SalVentAttn,rh
16697,326,demo_parcel_326,4,SalVentAttn,rh
16698,326,demo_parcel_326,4,SalVentAttn,rh
16699,326,demo_parcel_326,4,SalVentAttn,rh
16700,326,demo_parcel_326,4,SalVentAttn,rh
16701,326,demo_parcel_326,4,SalVentAttn,rh
16702,326,demo_parcel_326,4,SalVentAttn,rh
16703,326,demo_parcel_326,4,SalVentAttn,rh
16704,326,demo_parcel_326,4,SalVentAttn,rh
16705,326,demo_parcel_326,4,SalVentAttn,rh
16706,326,demo_parcel_326,4,SalVentAttn,rh
16707,326,demo_parcel_326,4,SalVentAttn,rh
16708,326,demo_parcel_326,4,SalVentAttn,rh
16709,326,demo_parcel_326,4,SalVentAttn,rh
16710,327,demo_parcel_327,5,Limbic,rh
16711,327,demo_parcel_327,5,Limbic,rh
16712,327,demo_parcel_327,5,Limbic,rh
16713,327,demo_parcel_327,5,Limbic,rh
16714,327,demo_parcel_327,5,Limbic,rh
16715,327,demo_parcel_327,5,Limbic,rh
16716,327,demo_parcel_327,5,Limbic,rh
16717,327,demo_parcel_327,5,Limbic,rh
16718,327,demo_parcel_327,5,Limbic,rh
16719,327,demo_parcel_327,5,Limbic,rh
16720,327,demo_parcel_327,5,Limbic,rh
16721,327,demo_parcel_327,5,Limbic,rh
16722,327,demo_parcel_327,5,Limbic,rh
16723,327,demo_parcel_327,5,Limbic,rh
16724,327,demo_parcel_327,5,Limbic,rh
16725,327,demo_parcel_327,5,Limbic,rh
16726,327,demo_parcel_327,5,Limbic,rh
16727,327,demo_parcel_327,5,Limbic,rh
16728,327,demo_parcel_327,5,Limbic,rh
16729,327,demo_parcel_327,5,Limbic,rh
16730,327,demo_parcel_327,5,Limbic,rh
16731,327,demo_parcel_327,5,Limbic,rh
16732,327,demo_parcel_327,5,Limbic,rh
16733,327,demo_parcel_327,5,Limbic,rh
16734,327,demo_parcel_327,5,Limbic,rh
16735,327,demo_parcel_327,5,Limbic,rh
16736,327,demo_parcel_327,5,Limbic,rh
16737,327,demo_parcel_327,5,Limbic,rh
16738,327,demo_parcel_327,5,Limbic,rh
16739,327,demo_parcel_327,5,Limbic,rh
16740,327,demo_parcel_327,5,Limbic,rh
16741,327,demo_parcel_327,5,Limbic,rh
16742,327,demo_parcel_327,5,Limbic,rh
16743,327,demo_parcel_327,5,Limbic,rh
16744,327,demo_parcel_327,5,Limbic,rh
16745,327,demo_parcel_327,5,Limbic,rh
16746,327,demo_parcel_327,5,Limbic,rh
16747,327,demo_parcel_327,5,Limbic,rh
16748,327,demo_parcel_327,5,Limbic,rh
16749,327,demo_parcel_327,5,Limbic,rh
16750,327,demo_parcel_327,5,Limbic,rh
16751,327,demo_parcel_327,5,Limbic,rh
16752,327,demo_parcel_327,5,Limbic,rh
16753,327,demo_parcel_327,5,Limbic,rh
16754,327,demo_parcel_327,5,Limbic,rh
16755,327,demo_parcel_327,5,Limbic,rh
16756,327,demo_parcel_327,5,Limbic,rh
16757,327,demo_parcel_327,5,Limbic,rh
16758,327,demo_parcel_327,5,Limbic,rh
16759,327,demo_parcel_327,5,Limbic,rh
16760,327,demo_parcel_327,5,Limbic,rh
16761,328,demo_parcel_328,6,Cont,rh
16762,328,demo_parcel_328,6,Cont,rh
16763,328,demo_parcel_328,6,Cont,rh
16764,328,demo_parcel_328,6,Cont,rh
16765,328,demo_parcel_328,6,Cont,rh
16766,328,demo_parcel_328,6,Cont,rh
16767,328,demo_parcel_328,6,Cont,rh
16768,328,demo_parcel_328,6,Cont,rh
16769,328,demo_parcel_328,6,Cont,rh
16770,328,demo_parcel_328,6,Cont,rh
16771,328,demo_parcel_328,6,Cont,rh
16772,328,demo_parcel_328,6,Cont,rh
16773,328,demo_parcel_328,6,Cont,rh
16774,328,demo_parcel_328,6,Cont,rh
16775,328,demo_parcel_328,6,Cont,rh
16776,328,demo_parcel_328,6,Cont,rh
16777,328,demo_parcel_328,6,Cont,rh
16778,328,demo_parcel_328,6,Cont,rh
16779,328,demo_parcel_328,6,Cont,rh
16780,328,demo_parcel_328,6,Cont,rh
16781,328,demo_parcel_328,6,Cont,rh
16782,328,demo_parcel_328,6,Cont,rh
16783,328,demo_parcel_328,6,Cont,rh
16784,328,demo_parcel_328,6,Cont,rh
16785,328,demo_parcel_328,6,Cont,rh
16786,328,demo_parcel_328,6,Cont,rh
16787,328,demo_parcel_328,6,Cont,rh
16788,328,demo_parcel_328,6,Cont,rh
16789,328,demo_parcel_328,6,Cont,rh
16790,328,demo_parcel_328,6,Cont,rh
16791,328,demo_parcel_328,6,Cont,rh
16792,328,demo_parcel_328,6,Cont,rh
16793,328,demo_parcel_328,6,Cont,rh
16794,328,demo_parcel_328,6,Cont,rh
16795,328,demo_parcel_328,6,Cont,rh
16796,328,demo_parcel_328,6,Cont,rh
16797,328,demo_parcel_328,6,Cont,rh
16798,328,demo_parcel_328,6,Cont,rh
16799,328,demo_parcel_328,6,Cont,rh
16800,328,demo_parcel_328,6,Cont,rh
16801,328,demo_parcel_328,6,Cont,rh
16802,328,demo_parcel_328,6,Cont,rh
16803,328,demo_parcel_328,6,Cont,rh
16804,328,demo_parcel_328,6,Cont,rh
16805,328,demo_parcel_328,6,Cont,rh
16806,328,demo_parcel_328,6,Cont,rh
16807,328,demo_parcel_328,6,Cont,rh
16808,328,demo_parcel_328,6,Cont,rh
16809,328,demo_parcel_328,6,Cont,rh
16810,328,demo_parcel_328,6,Cont,rh
16811,328,demo_parcel_328,6,Cont,rh
16812,329,demo_parcel_329,7,Default,rh
16813,329,demo_parcel_329,7,Default,rh
16814,329,demo_parcel_329,7,Default,rh
16815,329,demo_parcel_329,7,Default,rh
16816,329,demo_parcel_329,7,Default,rh
16817,329,demo_parcel_329,7,Default,rh
16818,329,demo_parcel_329,7,Default,rh
16819,329,demo_parcel_329,7,Default,rh
16820,329,demo_parcel_329,7,Default,rh
16821,329,demo_parcel_329,7,Default,rh
16822,329,demo_parcel_329,7,Default,rh
16823,329,demo_parcel_329,7,Default,rh
16824,329,demo_parcel_329,7,Default,rh
16825,329,demo_parcel_329,7,Default,rh
16826,329,demo_parcel_329,7,Default,rh
16827,329,demo_parcel_329,7,Default,rh
16828,329,demo_parcel_329,7,Default,rh
16829,329,demo_parcel_329,7,Default,rh
16830,329,demo_parcel_329,7,Default,rh
16831,329,demo_parcel_329,7,Default,rh
16832,329,demo_parcel_329,7,Default,rh
16833,329,demo_parcel_329,7,Default,rh
16834,329,demo_parcel_329,7,Default,rh
16835,329,demo_parcel_329,7,Default,rh
16836,329,demo_parcel_329,7,Default,rh
16837,329,demo_parcel_329,7,Default,rh
16838,329,demo_parcel_329,7,Default,rh
16839,329,demo_parcel_329,7,Default,rh
16840,329,demo_parcel_329,7,Default,rh
16841,329,demo_parcel_329,7,Default,rh
16842,329,demo_parcel_329,7,Default,rh
16843,329,demo_parcel_329,7,Default,rh
16844,329,demo_parcel_329,7,Default,rh
16845,329,demo_parcel_329,7,Default,rh
16846,329,demo_parcel_329,7,Default,rh
16847,329,demo_parcel_329,7,Default,rh
16848,329,demo_parcel_329,7,Default,rh
16849,329,demo_parcel_329,7,Default,rh
16850,329,demo_parcel_329,7,Default,rh
16851,329,demo_parcel_329,7,Default,rh
16852,329,demo_parcel_329,7,Default,rh
16853,329,demo_parcel_329,7,Default,rh
16854,329,demo_parcel_329,7,Default,rh
16855,329,demo_parcel_329,7,Default,rh
16856,329,demo_parcel_329,7,Default,rh
16857,329,demo_parcel_329,7,Default,rh
16858,329,demo_parcel_329,7,Default,rh
16859,329,demo_parcel_329,7,Default,rh
16860,329,demo_parcel_329,7,Default,rh
16861,329,demo_parcel_329,7,Default,rh
16862,329,demo_parcel_329,7,Default,rh
16863,330,demo_parcel_330,1,Vis,rh
16864,330,demo_parcel_330,1,Vis,rh
16865,330,demo_parcel_330,1,Vis,rh
16866,330,demo_parcel_330,1,Vis,rh
16867,330,demo_parcel_330,1,Vis,rh
16868,330,demo_parcel_330,1,Vis,rh
16869,330,demo_parcel_330,1,Vis,rh
16870,330,demo_parcel_330,1,Vis,rh
16871,330,demo_parcel_330,1,Vis,rh
16872,330,demo_parcel_330,1,Vis,rh
16873,330,demo_parcel_330,1,Vis,rh
16874,330,demo_parcel_330,1,Vis,rh
16875,330,demo_parcel_330,1,Vis,rh
16876,330,demo_parcel_330,1,Vis,rh
16877,330,demo_parcel_330,1,Vis,rh
16878,330,demo_parcel_330,1,Vis,rh
16879,330,demo_parcel_330,1,Vis,rh
16880,330,demo_parcel_330,1,Vis,rh
16881,330,demo_parcel_330,1,Vis,rh
16882,330,demo_parcel_330,1,Vis,rh
16883,330,demo_parcel_330,1,Vis,rh
16884,330,demo_parcel_330,1,Vis,rh
16885,330,demo_parcel_330,1,Vis,rh
16886,330,demo_parcel_330,1,Vis,rh
16887,330,demo_parcel_330,1,Vis,rh
16888,330,demo_parcel_330,1,Vis,rh
16889,330,demo_parcel_330,1,Vis,rh
16890,330,demo_parcel_330,1,Vis,rh
16891,330,demo_parcel_330,1,Vis,rh
16892,330,demo_parcel_330,1,Vis,rh
16893,330,demo_parcel_330,1,Vis,rh
16894,330,demo_parcel_330,1,Vis,rh
16895,330,demo_parcel_330,1,Vis,rh
16896,330,demo_parcel_330,1,Vis,rh
16897,330,demo_parcel_330,1,Vis,rh
16898,330,demo_parcel_330,1,Vis,rh
16899,330,demo_parcel_330,1,Vis,rh
16900,330,demo_parcel_330,1,Vis,rh
16901,330,demo_parcel_330,1,Vis,rh
16902,330,demo_parcel_330,1,Vis,rh
16903,330,demo_parcel_330,1,Vis,rh
16904,330,demo_parcel_330,1,Vis,rh
16905,330,demo_parcel_330,1,Vis,rh
16906,330,demo_parcel_330,1,Vis,rh
16907,330,demo_parcel_330,1,Vis,rh
16908,330,demo_parcel_330,1,Vis,rh
16909,330,demo_parcel_330,1,Vis,rh
16910,330,demo_parcel_330,1,Vis,rh
16911,330,demo_parcel_330,1,Vis,rh
16912,330,demo_parcel_330,1,Vis,rh
16913,330,demo_parcel_330,1,Vis,rh
16914,331,demo_parcel_331,2,SomMot,rh
16915,331,demo_parcel_331,2,SomMot,rh
16916,331,demo_parcel_331,2,SomMot,rh
16917,331,demo_parcel_331,2,SomMot,rh
16918,331,demo_parcel_331,2,SomMot,rh
16919,331,demo_parcel_331,2,SomMot,rh
16920,331,demo_parcel_331,2,SomMot,rh
16921,331,demo_parcel_331,2,SomMot,rh
16922,331,demo_parcel_331,2,SomMot,rh
16923,331,demo_parcel_331,2,SomMot,rh
16924,331,demo_parcel_331,2,SomMot,rh
16925,331,demo_parcel_331,2,SomMot,rh
16926,331,demo_parcel_331,2,SomMot,rh
16927,331,demo_parcel_331,2,SomMot,rh
16928,331,demo_parcel_331,2,SomMot,rh
16929,331,demo_parcel_331,2,SomMot,rh
16930,331,demo_parcel_331,2,SomMot,rh
16931,331,demo_parcel_331,2,SomMot,rh
16932,331,demo_parcel_331,2,SomMot,rh
16933,331,demo_parcel_331,2,SomMot,rh
16934,331,demo_parcel_331,2,SomMot,rh
16935,331,demo_parcel_331,2,SomMot,rh
16936,331,demo_parcel_331,2,SomMot,rh
16937,331,demo_parcel_331,2,SomMot,rh
16938,331,demo_parcel_331,2,SomMot,rh
16939,331,demo_parcel_331,2,SomMot,rh
16940,331,demo_parcel_331,2,SomMot,rh
16941,331,demo_parcel_331,2,SomMot,rh
16942,331,demo_parcel_331,2,SomMot,rh
16943,331,demo_parcel_331,2,SomMot,rh
16944,331,demo_parcel_331,2,SomMot,rh
16945,331,demo_parcel_331,2,SomMot,rh
16946,331,demo_parcel_331,2,SomMot,rh
16947,331,demo_parcel_331,2,SomMot,rh
16948,331,demo_parcel_331,2,SomMot,rh
16949,331,demo_parcel_331,2,SomMot,rh
16950,331,demo_parcel_331,2,SomMot,rh
16951,331,demo_parcel_331,2,SomMot,rh
16952,331,demo_parcel_331,2,SomMot,rh
16953,331,demo_parcel_331,2,SomMot,rh
16954,331,demo_parcel_331,2,SomMot,rh
16955,331,demo_parcel_331,2,SomMot,rh
16956,331,demo_parcel_331,2,SomMot,rh
16957,331,demo_parcel_331,2,SomMot,rh
16958,331,demo_parcel_331,2,SomMot,rh
16959,331,demo_parcel_331,2,SomMot,rh
16960,331,demo_parcel_331,2,SomMot,rh
16961,331,demo_parcel_331,2,SomMot,rh
16962,331,demo_parcel_331,2,SomMot,rh
16963,331,demo_parcel_331,2,SomMot,rh
16964,331,demo_parcel_331,2,SomMot,rh
16965,332,demo_parcel_332,3,DorsAttn,rh
16966,332,demo_parcel_332,3,DorsAttn,rh
16967,332,demo_parcel_332,3,DorsAttn,rh
16968,332,demo_parcel_332,3,DorsAttn,rh
16969,332,demo_parcel_332,3,DorsAttn,rh
16970,332,demo_parcel_332,3,DorsAttn,rh
16971,332,demo_parcel_332,3,DorsAttn,rh
16972,332,demo_parcel_332,3,DorsAttn,rh
16973,332,demo_parcel_332,3,DorsAttn,rh
16974,332,demo_parcel_332,3,DorsAttn,rh
16975,332,demo_parcel_332,3,DorsAttn,rh
16976,332,demo_parcel_332,3,DorsAttn,rh
16977,332,demo_parcel_332,3,DorsAttn,rh
16978,332,demo_parcel_332,3,DorsAttn,rh
16979,332,demo_parcel_332,3,DorsAttn,rh
16980,332,demo_parcel_332,3,DorsAttn,rh
16981,332,demo_parcel_332,3,DorsAttn,rh
16982,332,demo_parcel_332,3,DorsAttn,rh
16983,332,demo_parcel_332,3,DorsAttn,rh
16984,332,demo_parcel_332,3,DorsAttn,rh
16985,332,demo_parcel_332,3,DorsAttn,rh
16986,332,demo_parcel_332,3,DorsAttn,rh
16987,332,demo_parcel_332,3,DorsAttn,rh
16988,332,demo_parcel_332,3,DorsAttn,rh
16989,332,demo_parcel_332,3,DorsAttn,rh
16990,332,demo_parcel_332,3,DorsAttn,rh
16991,332,demo_parcel_332,3,DorsAttn,rh
16992,332,demo_parcel_332,3,DorsAttn,rh
16993,332,demo_parcel_332,3,DorsAttn,rh
16994,332,demo_parcel_332,3,DorsAttn,rh
16995,332,demo_parcel_332,3,DorsAttn,rh
16996,332,demo_parcel_332,3,DorsAttn,rh
16997,332,demo_parcel_332,3,DorsAttn,rh
16998,332,demo_parcel_332,3,DorsAttn,rh
16999,332,demo_parcel_332,3,DorsAttn,rh
17000,332,demo_parcel_332,3,DorsAttn,rh
17001,332,demo_parcel_332,3,DorsAttn,rh
17002,332,demo_parcel_332,3,DorsAttn,rh
17003,332,demo_parcel_332,3,DorsAttn,rh
17004,332,demo_parcel_332,3,DorsAttn,rh
17005,332,demo_parcel_332,3,DorsAttn,rh
17006,332,demo_parcel_332,3,DorsAttn,rh
17007,332,demo_parcel_332,3,DorsAttn,rh
17008,332,demo_parcel_332,3,DorsAttn,rh
17009,332,demo_parcel_332,3,DorsAttn,rh
17010,332,demo_parcel_332,3,DorsAttn,rh
17011,332,demo_parcel_332,3,DorsAttn,rh
17012,332,demo_parcel_332,3,DorsAttn,rh
17013,332,demo_parcel_332,3,DorsAttn,rh
17014,332,demo_parcel_332,3,DorsAttn,rh
17015,332,demo_parcel_332,3,DorsAttn,rh
17016,333,demo_parcel_333,4,SalVentAttn,rh
17017,333,demo_parcel_333,4,SalVentAttn,rh
17018,333,demo_parcel_333,4,SalVentAttn,rh
17019,333,demo_parcel_333,4,SalVentAttn,rh
17020,333,demo_parcel_333,4,SalVentAttn,rh
17021,333,demo_parcel_333,4,SalVentAttn,rh
17022,333,demo_parcel_333,4,SalVentAttn,rh
17023,333,demo_parcel_333,4,SalVentAttn,rh
17024,333,demo_parcel_333,4,SalVentAttn,rh
17025,333,demo_parcel_333,4,SalVentAttn,rh
17026,333,demo_parcel_333,4,SalVentAttn,rh
17027,333,demo_parcel_333,4,SalVentAttn,rh
17028,333,demo_parcel_333,4,SalVentAttn,rh
17029,333,demo_parcel_333,4,SalVentAttn,rh
17030,333,demo_parcel_333,4,SalVentAttn,rh
17031,333,demo_parcel_333,4,SalVentAttn,rh
17032,333,demo_parcel_333,4,SalVentAttn,rh
17033,333,demo_parcel_333,4,SalVentAttn,rh
17034,333,demo_parcel_333,4,SalVentAttn,rh
17035,333,demo_parcel_333,4,SalVentAttn,rh
17036,333,demo_parcel_333,4,SalVentAttn,rh
17037,333,demo_parcel_333,4,SalVentAttn,rh
17038,333,demo_parcel_333,4,SalVentAttn,rh
17039,333,demo_parcel_333,4,SalVentAttn,rh
17040,333,demo_parcel_333,4,SalVentAttn,rh
17041,333,demo_parcel_333,4,SalVentAttn,rh
17042,333,demo_parcel_333,4,SalVentAttn,rh
17043,333,demo_parcel_333,4,SalVentAttn,rh
17044,333,demo_parcel_333,4,SalVentAttn,rh
17045,333,demo_parcel_333,4,SalVentAttn,rh
17046,333,demo_parcel_333,4,SalVentAttn,rh
17047,333,demo_parcel_333,4,SalVentAttn,rh
17048,333,demo_parcel_333,4,SalVentAttn,rh
17049,333,demo_parcel_333,4,SalVentAttn,rh
17050,333,demo_parcel_333,4,SalVentAttn,rh
17051,333,demo_parcel_333,4,SalVentAttn,rh
17052,333,demo_parcel_333,4,SalVentAttn,rh
17053,333,demo_parcel_333,4,SalVentAttn,rh
17054,333,demo_parcel_333,4,SalVentAttn,rh
17055,333,demo_parcel_333,4,SalVentAttn,rh
17056,333,demo_parcel_333,4,SalVentAttn,rh
17057,333,demo_parcel_333,4,SalVentAttn,rh
17058,333,demo_parcel_333,4,SalVentAttn,rh
17059,333,demo_parcel_333,4,SalVentAttn,rh
17060,333,demo_parcel_333,4,SalVentAttn,rh
17061,333,demo_parcel_333,4,SalVentAttn,rh
17062,333,demo_parcel_333,4,SalVentAttn,rh
17063,333,demo_parcel_333,4,SalVentAttn,rh
17064,333,demo_parcel_333,4,SalVentAttn,rh
17065,333,demo_parcel_333,4,SalVentAttn,rh
17066,333,demo_parcel_333,4,SalVentAttn,rh
17067,334,demo_parcel_334,5,Limbic,rh
17068,334,demo_parcel_334,5,Limbic,rh
17069,334,demo_parcel_334,5,Limbic,rh
17070,334,demo_parcel_334,5,Limbic,rh
17071,334,demo_parcel_334,5,Limbic,rh
17072,334,demo_parcel_334,5,Limbic,rh
17073,334,demo_parcel_334,5,Limbic,rh
17074,334,demo_parcel_334,5,Limbic,rh
17075,334,demo_parcel_334,5,Limbic,rh
17076,334,demo_parcel_334,5,Limbic,rh
17077,334,demo_parcel_334,5,Limbic,rh
17078,334,demo_parcel_334,5,Limbic,rh
17079,334,demo_parcel_334,5,Limbic,rh
17080,334,demo_parcel_334,5,Limbic,rh
17081,334,demo_parcel_334,5,Limbic,rh
17082,334,demo_parcel_334,5,Limbic,rh
17083,334,demo_parcel_334,5,Limbic,rh
17084,334,demo_parcel_334,5,Limbic,rh
17085,334,demo_parcel_334,5,Limbic,rh
17086,334,demo_parcel_334,5,Limbic,rh
17087,334,demo_parcel_334,5,Limbic,rh
17088,334,demo_parcel_334,5,Limbic,rh
17089,334,demo_parcel_334,5,Limbic,rh
17090,334,demo_parcel_334,5,Limbic,rh
17091,334,demo_parcel_334,5,Limbic,rh
17092,334,demo_parcel_334,5,Limbic,rh
17093,334,demo_parcel_334,5,Limbic,rh
17094,334,demo_parcel_334,5,Limbic,rh
17095,334,demo_parcel_334,5,Limbic,rh
17096,334,demo_parcel_334,5,Limbic,rh
17097,334,demo_parcel_334,5,Limbic,rh
17098,334,demo_parcel_334,5,Limbic,rh
17099,334,demo_parcel_334,5,Limbic,rh
17100,334,demo_parcel_334,5,Limbic,rh
17101,334,demo_parcel_334,5,Limbic,rh
17102,334,demo_parcel_334,5,Limbic,rh
17103,334,demo_parcel_334,5,Limbic,rh
17104,334,demo_parcel_334,5,Limbic,rh
17105,334,demo_parcel_334,5,Limbic,rh
17106,334,demo_parcel_334,5,Limbic,rh
17107,334,demo_parcel_334,5,Limbic,rh
17108,334,demo_parcel_334,5,Limbic,rh
17109,334,demo_parcel_334,5,Limbic,rh
17110,334,demo_parcel_334,5,Limbic,rh
17111,334,demo_parcel_334,5,Limbic,rh
17112,334,demo_parcel_334,5,Limbic,rh
17113,334,demo_parcel_334,5,Limbic,rh
17114,334,demo_parcel_334,5,Limbic,rh
17115,334,demo_parcel_334,5,Limbic,rh
17116,334,demo_parcel_334,5,Limbic,rh
17117,334,demo_parcel_334,5,Limbic,rh
17118,335,demo_parcel_335,6,Cont,rh
17119,335,demo_parcel_335,6,Cont,rh
17120,335,demo_parcel_335,6,Cont,rh
17121,335,demo_parcel_335,6,Cont,rh
17122,335,demo_parcel_335,6,Cont,rh
17123,335,demo_parcel_335,6,Cont,rh
17124,335,demo_parcel_335,6,Cont,rh
17125,335,demo_parcel_335,6,Cont,rh
17126,335,demo_parcel_335,6,Cont,rh
17127,335,demo_parcel_335,6,Cont,rh
17128,335,demo_parcel_335,6,Cont,rh
17129,335,demo_parcel_335,6,Cont,rh
17130,335,demo_parcel_335,6,Cont,rh
17131,335,demo_parcel_335,6,Cont,rh
17132,335,demo_parcel_335,6,Cont,rh
17133,335,demo_parcel_335,6,Cont,rh
17134,335,demo_parcel_335,6,Cont,rh
17135,335,demo_parcel_335,6,Cont,rh
17136,335,demo_parcel_335,6,Cont,rh
17137,335,demo_parcel_335,6,Cont,rh
17138,335,demo_parcel_335,6,Cont,rh
17139,335,demo_parcel_335,6,Cont,rh
17140,335,demo_parcel_335,6,Cont,rh
17141,335,demo_parcel_335,6,Cont,rh
17142,335,demo_parcel_335,6,Cont,rh
17143,335,demo_parcel_335,6,Cont,rh
17144,335,demo_parcel_335,6,Cont,rh
17145,335,demo_parcel_335,6,Cont,rh
17146,335,demo_parcel_335,6,Cont,rh
17147,335,demo_parcel_335,6,Cont,rh
17148,335,demo_parcel_335,6,Cont,rh
17149,335,demo_parcel_335,6,Cont,rh
17150,335,demo_parcel_335,6,Cont,rh
17151,335,demo_parcel_335,6,Cont,rh
17152,335,demo_parcel_335,6,Cont,rh
17153,335,demo_parcel_335,6,Cont,rh
17154,335,demo_parcel_335,6,Cont,rh
17155,335,demo_parcel_335,6,Cont,rh
17156,335,demo_parcel_335,6,Cont,rh
17157,335,demo_parcel_335,6,Cont,rh
17158,335,demo_parcel_335,6,Cont,rh
17159,335,demo_parcel_335,6,Cont,rh
17160,335,demo_parcel_335,6,Cont,rh
17161,335,demo_parcel_335,6,Cont,rh
17162,335,demo_parcel_335,6,Cont,rh
17163,335,demo_parcel_335,6,Cont,rh
17164,335,demo_parcel_335,6,Cont,rh
17165,335,demo_parcel_335,6,Cont,rh
17166,335,demo_parcel_335,6,Cont,rh
17167,335,demo_parcel_335,6,Cont,rh
17168,335,demo_parcel_335,6,Cont,rh
17169,336,demo_parcel_336,7,Default,rh
17170,336,demo_parcel_336,7,Default,rh
17171,336,demo_parcel_336,7,Default,rh
17172,336,demo_parcel_336,7,Default,rh
17173,336,demo_parcel_336,7,Default,rh
17174,336,demo_parcel_336,7,Default,rh
17175,336,demo_parcel_336,7,Default,rh
17176,336,demo_parcel_336,7,Default,rh
17177,336,demo_parcel_336,7,Default,rh
17178,336,demo_parcel_336,7,Default,rh
17179,336,demo_parcel_336,7,Default,rh
17180,336,demo_parcel_336,7,Default,rh
17181,336,demo_parcel_336,7,Default,rh
17182,336,demo_parcel_336,7,Default,rh
17183,336,demo_parcel_336,7,Default,rh
17184,336,demo_parcel_336,7,Default,rh
17185,336,demo_parcel_336,7,Default,rh
17186,336,demo_parcel_336,7,Default,rh
17187,336,demo_parcel_336,7,Default,rh
17188,336,demo_parcel_336,7,Default,rh
17189,336,demo_parcel_336,7,Default,rh
17190,336,demo_parcel_336,7,Default,rh
17191,336,demo_parcel_336,7,Default,rh
17192,336,demo_parcel_336,7,Default,rh
17193,336,demo_parcel_336,7,Default,rh
17194,336,demo_parcel_336,7,Default,rh
17195,336,demo_parcel_336,7,Default,rh
17196,336,demo_parcel_336,7,Default,rh
17197,336,demo_parcel_336,7,Default,rh
17198,336,demo_parcel_336,7,Default,rh
17199,336,demo_parcel_336,7,Default,rh
17200,336,demo_parcel_336,7,Default,rh
17201,336,demo_parcel_336,7,Default,rh
17202,336,demo_parcel_336,7,Default,rh
17203,336,demo_parcel_336,7,Default,rh
17204,336,demo_parcel_336,7,Default,rh
17205,336,demo_parcel_336,7,Default,rh
17206,336,demo_parcel_336,7,Default,rh
17207,336,demo_parcel_336,7,Default,rh
17208,336,demo_parcel_336,7,Default,rh
17209,336,demo_parcel_336,7,Default,rh
17210,336,demo_parcel_336,7,Default,rh
17211,336,demo_parcel_336,7,Default,rh
17212,336,demo_parcel_336,7,Default,rh
17213,336,demo_parcel_336,7,Default,rh
17214,336,demo_parcel_336,7,Default,rh
17215,336,demo_parcel_336,7,Default,rh
17216,336,demo_parcel_336,7,Default,rh
17217,336,demo_parcel_336,7,Default,rh
17218,336,demo_parcel_336,7,Default,rh
17219,336,demo_parcel_336,7,Default,rh
17220,337,demo_parcel_337,1,Vis,rh
17221,337,demo_parcel_337,1,Vis,rh
17222,337,demo_parcel_337,1,Vis,rh
17223,337,demo_parcel_337,1,Vis,rh
17224,337,demo_parcel_337,1,Vis,rh
17225,337,demo_parcel_337,1,Vis,rh
17226,337,demo_parcel_337,1,Vis,rh
17227,337,demo_parcel_337,1,Vis,rh
17228,337,demo_parcel_337,1,Vis,rh
17229,337,demo_parcel_337,1,Vis,rh
17230,337,demo_parcel_337,1,Vis,rh
17231,337,demo_parcel_337,1,Vis,rh
17232,337,demo_parcel_337,1,Vis,rh
17233,337,demo_parcel_337,1,Vis,rh
17234,337,demo_parcel_337,1,Vis,rh
17235,337,demo_parcel_337,1,Vis,rh
17236,337,demo_parcel_337,1,Vis,rh
17237,337,demo_parcel_337,1,Vis,rh
17238,337,demo_parcel_337,1,Vis,rh
17239,337,demo_parcel_337,1,Vis,rh
17240,337,demo_parcel_337,1,Vis,rh
17241,337,demo_parcel_337,1,Vis,rh
17242,337,demo_parcel_337,1,Vis,rh
17243,337,demo_parcel_337,1,Vis,rh
17244,337,demo_parcel_337,1,Vis,rh
17245,337,demo_parcel_337,1,Vis,rh
17246,337,demo_parcel_337,1,Vis,rh
17247,337,demo_parcel_337,1,Vis,rh
17248,337,demo_parcel_337,1,Vis,rh
17249,337,demo_parcel_337,1,Vis,rh
17250,337,demo_parcel_337,1,Vis,rh
17251,337,demo_parcel_337,1,Vis,rh
17252,337,demo_parcel_337,1,Vis,rh
17253,337,demo_parcel_337,1,Vis,rh
17254,337,demo_parcel_337,1,Vis,rh
17255,337,demo_parcel_337,1,Vis,rh
17256,337,demo_parcel_337,1,Vis,rh
17257,337,demo_parcel_337,1,Vis,rh
17258,337,demo_parcel_337,1,Vis,rh
17259,337,demo_parcel_337,1,Vis,rh
17260,337,demo_parcel_337,1,Vis,rh
17261,337,demo_parcel_337,1,Vis,rh
17262,337,demo_parcel_337,1,Vis,rh
17263,337,demo_parcel_337,1,Vis,rh
17264,337,demo_parcel_337,1,Vis,rh
17265,337,demo_parcel_337,1,Vis,rh
17266,337,demo_parcel_337,1,Vis,rh
17267,337,demo_parcel_337,1,Vis,rh
17268,337,demo_parcel_337,1,Vis,rh
17269,337,demo_parcel_337,1,Vis,rh
17270,337,demo_parcel_337,1,Vis,rh
17271,338,demo_parcel_338,2,SomMot,rh
17272,338,demo_parcel_338,2,SomMot,rh
17273,338,demo_parcel_338,2,SomMot,rh
17274,338,demo_parcel_338,2,SomMot,rh
17275,338,demo_parcel_338,2,SomMot,rh
17276,338,demo_parcel_338,2,SomMot,rh
17277,338,demo_parcel_338,2,SomMot,rh
17278,338,demo_parcel_338,2,SomMot,rh
17279,338,demo_parcel_338,2,SomMot,rh
17280,338,demo_parcel_338,2,SomMot,rh
17281,338,demo_parcel_338,2,SomMot,rh
17282,338,demo_parcel_338,2,SomMot,rh
17283,338,demo_parcel_338,2,SomMot,rh
17284,338,demo_parcel_338,2,SomMot,rh
17285,338,demo_parcel_338,2,SomMot,rh
17286,338,demo_parcel_338,2,SomMot,rh
17287,338,demo_parcel_338,2,SomMot,rh
17288,338,demo_parcel_338,2,SomMot,rh
17289,338,demo_parcel_338,2,SomMot,rh
17290,338,demo_parcel_338,2,SomMot,rh
17291,338,demo_parcel_338,2,SomMot,rh
17292,338,demo_parcel_338,2,SomMot,rh
17293,338,demo_parcel_338,2,SomMot,rh
17294,338,demo_parcel_338,2,SomMot,rh
17295,338,demo_parcel_338,2,SomMot,rh
17296,338,demo_parcel_338,2,SomMot,rh
17297,338,demo_parcel_338,2,SomMot,rh
17298,338,demo_parcel_338,2,SomMot,rh
17299,338,demo_parcel_338,2,SomMot,rh
17300,338,demo_parcel_338,2,SomMot,rh
17301,338,demo_parcel_338,2,SomMot,rh
17302,338,demo_parcel_338,2,SomMot,rh
17303,338,demo_parcel_338,2,SomMot,rh
17304,338,demo_parcel_338,2,SomMot,rh
17305,338,demo_parcel_338,2,SomMot,rh
17306,338,demo_parcel_338,2,SomMot,rh
17307,338,demo_parcel_338,2,SomMot,rh
17308,338,demo_parcel_338,2,SomMot,rh
17309,338,demo_parcel_338,2,SomMot,rh
17310,338,demo_parcel_338,2,SomMot,rh
17311,338,demo_parcel_338,2,SomMot,rh
17312,338,demo_parcel_338,2,SomMot,rh
17313,338,demo_parcel_338,2,SomMot,rh
17314,338,demo_parcel_338,2,SomMot,rh
17315,338,demo_parcel_338,2,SomMot,rh
17316,338,demo_parcel_338,2,SomMot,rh
17317,338,demo_parcel_338,2,SomMot,rh
17318,338,demo_parcel_338,2,SomMot,rh
17319,338,demo_parcel_338,2,SomMot,rh
17320,338,demo_parcel_338,2,SomMot,rh
17321,338,demo_parcel_338,2,SomMot,rh
17322,339,demo_parcel_339,3,DorsAttn,rh
17323,339,demo_parcel_339,3,DorsAttn,rh
17324,339,demo_parcel_339,3,DorsAttn,rh
17325,339,demo_parcel_339,3,DorsAttn,rh
17326,339,demo_parcel_339,3,DorsAttn,rh
17327,339,demo_parcel_339,3,DorsAttn,rh
17328,339,demo_parcel_339,3,DorsAttn,rh
17329,339,demo_parcel_339,3,DorsAttn,rh
17330,339,demo_parcel_339,3,DorsAttn,rh
17331,339,demo_parcel_339,3,DorsAttn,rh
17332,339,demo_parcel_339,3,DorsAttn,rh
17333,339,demo_parcel_339,3,DorsAttn,rh
17334,339,demo_parcel_339,3,DorsAttn,rh
17335,339,demo_parcel_339,3,DorsAttn,rh
17336,339,demo_parcel_339,3,DorsAttn,rh
17337,339,demo_parcel_339,3,DorsAttn,rh
17338,339,demo_parcel_339,3,DorsAttn,rh
17339,339,demo_parcel_339,3,DorsAttn,rh
17340,339,demo_parcel_339,3,DorsAttn,rh
17341,339,demo_parcel_339,3,DorsAttn,rh
17342,339,demo_parcel_339,3,DorsAttn,rh
17343,339,demo_parcel_339,3,DorsAttn,rh
17344,339,demo_parcel_339,3,DorsAttn,rh
17345,339,demo_parcel_339,3,DorsAttn,rh
17346,339,demo_parcel_339,3,DorsAttn,rh
17347,339,demo_parcel_339,3,DorsAttn,rh
17348,339,demo_parcel_339,3,DorsAttn,rh
17349,339,demo_parcel_339,3,DorsAttn,rh
17350,339,demo_parcel_339,3,DorsAttn,rh
17351,339,demo_parcel_339,3,DorsAttn,rh
17352,339,demo_parcel_339,3,DorsAttn,rh
17353,339,demo_parcel_339,3,DorsAttn,rh
17354,339,demo_parcel_339,3,DorsAttn,rh
17355,339,demo_parcel_339,3,DorsAttn,rh
17356,339,demo_parcel_339,3,DorsAttn,rh
17357,339,demo_parcel_339,3,DorsAttn,rh
17358,339,demo_parcel_339,3,DorsAttn,rh
17359,339,demo_parcel_339,3,DorsAttn,rh
17360,339,demo_parcel_339,3,DorsAttn,rh
17361,339,demo_parcel_339,3,DorsAttn,rh
17362,339,demo_parcel_339,3,DorsAttn,rh
17363,339,demo_parcel_339,3,DorsAttn,rh
17364,339,demo_parcel_339,3,DorsAttn,rh
17365,339,demo_parcel_339,3,DorsAttn,rh
17366,339,demo_parcel_339,3,DorsAttn,rh
17367,339,demo_parcel_339,3,DorsAttn,rh
17368,339,demo_parcel_339,3,DorsAttn,rh
17369,339,demo_parcel_339,3,DorsAttn,rh
17370,339,demo_parcel_339,3,DorsAttn,rh
17371,339,demo_parcel_339,3,DorsAttn,rh
17372,339,demo_parcel_339,3,DorsAttn,rh
17373,340,demo_parcel_340,4,SalVentAttn,rh
17374,340,demo_parcel_340,4,SalVentAttn,rh
17375,340,demo_parcel_340,4,SalVentAttn,rh
17376,340,demo_parcel_340,4,SalVentAttn,rh
17377,340,demo_parcel_340,4,SalVentAttn,rh
17378,340,demo_parcel_340,4,SalVentAttn,rh
17379,340,demo_parcel_340,4,SalVentAttn,rh
17380,340,demo_parcel_340,4,SalVentAttn,rh
17381,340,demo_parcel_340,4,SalVentAttn,rh
17382,340,demo_parcel_340,4,SalVentAttn,rh
17383,340,demo_parcel_340,4,SalVentAttn,rh
17384,340,demo_parcel_340,4,SalVentAttn,rh
17385,340,demo_parcel_340,4,SalVentAttn,rh
17386,340,demo_parcel_340,4,SalVentAttn,rh
17387,340,demo_parcel_340,4,SalVentAttn,rh
17388,340,demo_parcel_340,4,SalVentAttn,rh
17389,340,demo_parcel_340,4,SalVentAttn,rh
17390,340,demo_parcel_340,4,SalVentAttn,rh
17391,340,demo_parcel_340,4,SalVentAttn,rh
17392,340,demo_parcel_340,4,SalVentAttn,rh
17393,340,demo_parcel_340,4,SalVentAttn,rh
17394,340,demo_parcel_340,4,SalVentAttn,rh
17395,340,demo_parcel_340,4,SalVentAttn,rh
17396,340,demo_parcel_340,4,SalVentAttn,rh
17397,340,demo_parcel_340,4,SalVentAttn,rh
17398,340,demo_parcel_340,4,SalVentAttn,rh
17399,340,demo_parcel_340,4,SalVentAttn,rh
17400,340,demo_parcel_340,4,SalVentAttn,rh
17401,340,demo_parcel_340,4,SalVentAttn,rh
17402,340,demo_parcel_340,4,SalVentAttn,rh
17403,340,demo_parcel_340,4,SalVentAttn,rh
17404,340,demo_parcel_340,4,SalVentAttn,rh
17405,340,demo_parcel_340,4,SalVentAttn,rh
17406,340,demo_parcel_340,4,SalVentAttn,rh
17407,340,demo_parcel_340,4,SalVentAttn,rh
17408,340,demo_parcel_340,4,SalVentAttn,rh
17409,340,demo_parcel_340,4,SalVentAttn,rh
17410,340,demo_parcel_340,4,SalVentAttn,rh
17411,340,demo_parcel_340,4,SalVentAttn,rh
17412,340,demo_parcel_340,4,SalVentAttn,rh
17413,340,demo_parcel_340,4,SalVentAttn,rh
17414,340,demo_parcel_340,4,SalVentAttn,rh
17415,340,demo_parcel_340,4,SalVentAttn,rh
17416,340,demo_parcel_340,4,SalVentAttn,rh
17417,340,demo_parcel_340,4,SalVentAttn,rh
17418,340,demo_parcel_340,4,SalVentAttn,rh
17419,340,demo_parcel_340,4,SalVentAttn,rh
17420,340,demo_parcel_340,4,SalVentAttn,rh
17421,340,demo_parcel_340,4,SalVentAttn,rh
17422,340,demo_parcel_340,4,SalVentAttn,rh
17423,340,demo_parcel_340,4,SalVentAttn,rh
17424,341,demo_parcel_341,5,Limbic,rh
17425,341,demo_parcel_341,5,Limbic,rh
17426,341,demo_parcel_341,5,Limbic,rh
17427,341,demo_parcel_341,5,Limbic,rh
17428,341,demo_parcel_341,5,Limbic,rh
17429,341,demo_parcel_341,5,Limbic,rh
17430,341,demo_parcel_341,5,Limbic,rh
17431,341,demo_parcel_341,5,Limbic,rh
17432,341,demo_parcel_341,5,Limbic,rh
17433,341,demo_parcel_341,5,Limbic,rh
17434,341,demo_parcel_341,5,Limbic,rh
17435,341,demo_parcel_341,5,Limbic,rh
17436,341,demo_parcel_341,5,Limbic,rh
17437,341,demo_parcel_341,5,Limbic,rh
17438,341,demo_parcel_341,5,Limbic,rh
17439,341,demo_parcel_341,5,Limbic,rh
17440,341,demo_parcel_341,5,Limbic,rh
17441,341,demo_parcel_341,5,Limbic,rh
17442,341,demo_parcel_341,5,Limbic,rh
17443,341,demo_parcel_341,5,Limbic,rh
17444,341,demo_parcel_341,5,Limbic,rh
17445,341,demo_parcel_341,5,Limbic,rh
17446,341,demo_parcel_341,5,Limbic,rh
17447,341,demo_parcel_341,5,Limbic,rh
17448,341,demo_parcel_341,5,Limbic,rh
17449,341,demo_parcel_341,5,Limbic,rh
17450,341,demo_parcel_341,5,Limbic,rh
17451,341,demo_parcel_341,5,Limbic,rh
17452,341,demo_parcel_341,5,Limbic,rh
17453,341,demo_parcel_341,5,Limbic,rh
17454,341,demo_parcel_341,5,Limbic,rh
17455,341,demo_parcel_341,5,Limbic,rh
17456,341,demo_parcel_341,5,Limbic,rh
17457,341,demo_parcel_341,5,Limbic,rh
17458,341,demo_parcel_341,5,Limbic,rh
17459,341,demo_parcel_341,5,Limbic,rh
17460,341,demo_parcel_341,5,Limbic,rh
17461,341,demo_parcel_341,5,Limbic,rh
17462,341,demo_parcel_341,5,Limbic,rh
17463,341,demo_parcel_341,5,Limbic,rh
17464,341,demo_parcel_341,5,Limbic,rh
17465,341,demo_parcel_341,5,Limbic,rh
17466,341,demo_parcel_341,5,Limbic,rh
17467,341,demo_parcel_341,5,Limbic,rh
17468,341,demo_parcel_341,5,Limbic,rh
17469,341,demo_parcel_341,5,Limbic,rh
17470,341,demo_parcel_341,5,Limbic,rh
17471,341,demo_parcel_341,5,Limbic,rh
17472,341,demo_parcel_341,5,Limbic,rh
17473,341,demo_parcel_341,5,Limbic,rh
17474,341,demo_parcel_341,5,Limbic,rh
17475,342,demo_parcel_342,6,Cont,rh
17476,342,demo_parcel_342,6,Cont,rh
17477,342,demo_parcel_342,6,Cont,rh
17478,342,demo_parcel_342,6,Cont,rh
17479,342,demo_parcel_342,6,Cont,rh
17480,342,demo_parcel_342,6,Cont,rh
17481,342,demo_parcel_342,6,Cont,rh
17482,342,demo_parcel_342,6,Cont,rh
17483,342,demo_parcel_342,6,Cont,rh
17484,342,demo_parcel_342,6,Cont,rh
17485,342,demo_parcel_342,6,Cont,rh
17486,342,demo_parcel_342,6,Cont,rh
17487,342,demo_parcel_342,6,Cont,rh
17488,342,demo_parcel_342,6,Cont,rh
17489,342,demo_parcel_342,6,Cont,rh
17490,342,demo_parcel_342,6,Cont,rh
17491,342,demo_parcel_342,6,Cont,rh
17492,342,demo_parcel_342,6,Cont,rh
17493,342,demo_parcel_342,6,Cont,rh
17494,342,demo_parcel_342,6,Cont,rh
17495,342,demo_parcel_342,6,Cont,rh
17496,342,demo_parcel_342,6,Cont,rh
17497,342,demo_parcel_342,6,Cont,rh
17498,342,demo_parcel_342,6,Cont,rh
17499,342,demo_parcel_342,6,Cont,rh
17500,342,demo_parcel_342,6,Cont,rh
17501,342,demo_parcel_342,6,Cont,rh
17502,342,demo_parcel_342,6,Cont,rh
17503,342,demo_parcel_342,6,Cont,rh
17504,342,demo_parcel_342,6,Cont,rh
17505,342,demo_parcel_342,6,Cont,rh
17506,342,demo_parcel_342,6,Cont,rh
17507,342,demo_parcel_342,6,Cont,rh
17508,342,demo_parcel_342,6,Cont,rh
17509,342,demo_parcel_342,6,Cont,rh
17510,342,demo_parcel_342,6,Cont,rh
17511,342,demo_parcel_342,6,Cont,rh
17512,342,demo_parcel_342,6,Cont,rh
17513,342,demo_parcel_342,6,Cont,rh
17514,342,demo_parcel_342,6,Cont,rh
17515,342,demo_parcel_342,6,Cont,rh
17516,342,demo_parcel_342,6,Cont,rh
17517,342,demo_parcel_342,6,Cont,rh
17518,342,demo_parcel_342,6,Cont,rh
17519,342,demo_parcel_342,6,Cont,rh
17520,342,demo_parcel_342,6,Cont,rh
17521,342,demo_parcel_342,6,Cont,rh
17522,342,demo_parcel_342,6,Cont,rh
17523,342,demo_parcel_342,6,Cont,rh
17524,342,demo_parcel_342,6,Cont,rh
17525,342,demo_parcel_342,6,Cont,rh
17526,343,demo_parcel_343,7,Default,rh
17527,343,demo_parcel_343,7,Default,rh
17528,343,demo_parcel_343,7,Default,rh
17529,343,demo_parcel_343,7,Default,rh
17530,343,demo_parcel_343,7,Default,rh
17531,343,demo_parcel_343,7,Default,rh
17532,343,demo_parcel_343,7,Default,rh
17533,343,demo_parcel_343,7,Default,rh
17534,343,demo_parcel_343,7,Default,rh
17535,343,demo_parcel_343,7,Default,rh
17536,343,demo_parcel_343,7,Default,rh
17537,343,demo_parcel_343,7,Default,rh
17538,343,demo_parcel_343,7,Default,rh
17539,343,demo_parcel_343,7,Default,rh
17540,343,demo_parcel_343,7,Default,rh
17541,343,demo_parcel_343,7,Default,rh
17542,343,demo_parcel_343,7,Default,rh
17543,343,demo_parcel_343,7,Default,rh
17544,343,demo_parcel_343,7,Default,rh
17545,343,demo_parcel_343,7,Default,rh
17546,343,demo_parcel_343,7,Default,rh
17547,343,demo_parcel_343,7,Default,rh
17548,343,demo_parcel_343,7,Default,rh
17549,343,demo_parcel_343,7,Default,rh
17550,343,demo_parcel_343,7,Default,rh
17551,343,demo_parcel_343,7,Default,rh
17552,343,demo_parcel_343,7,Default,rh
17553,343,demo_parcel_343,7,Default,rh
17554,343,demo_parcel_343,7,Default,rh
17555,343,demo_parcel_343,7,Default,rh
17556,343,demo_parcel_343,7,Default,rh
17557,343,demo_parcel_343,7,Default,rh
17558,343,demo_parcel_343,7,Default,rh
17559,343,demo_parcel_343,7,Default,rh
17560,343,demo_parcel_343,7,Default,rh
17561,343,demo_parcel_343,7,Default,rh
17562,343,demo_parcel_343,7,Default,rh
17563,343,demo_parcel_343,7,Default,rh
17564,343,demo_parcel_343,7,Default,rh
17565,343,demo_parcel_343,7,Default,rh
17566,343,demo_parcel_343,7,Default,rh
17567,343,demo_parcel_343,7,Default,rh
17568,343,demo_parcel_343,7,Default,rh
17569,343,demo_parcel_343,7,Default,rh
17570,343,demo_parcel_343,7,Default,rh
17571,343,demo_parcel_343,7,Default,rh
17572,343,demo_parcel_343,7,Default,rh
17573,343,demo_parcel_343,7,Default,rh
17574,343,demo_parcel_343,7,Default,rh
17575,343,demo_parcel_343,7,Default,rh
17576,343,demo_parcel_343,7,Default,rh
17577,344,demo_parcel_344,1,Vis,rh
17578,344,demo_parcel_344,1,Vis,rh
17579,344,demo_parcel_344,1,Vis,rh
17580,344,demo_parcel_344,1,Vis,rh
17581,344,demo_parcel_344,1,Vis,rh
17582,344,demo_parcel_344,1,Vis,rh
17583,344,demo_parcel_344,1,Vis,rh
17584,344,demo_parcel_344,1,Vis,rh
17585,344,demo_parcel_344,1,Vis,rh
17586,344,demo_parcel_344,1,Vis,rh
17587,344,demo_parcel_344,1,Vis,rh
17588,344,demo_parcel_344,1,Vis,rh
17589,344,demo_parcel_344,1,Vis,rh
17590,344,demo_parcel_344,1,Vis,rh
17591,344,demo_parcel_344,1,Vis,rh
17592,344,demo_parcel_344,1,Vis,rh
17593,344,demo_parcel_344,1,Vis,rh
17594,344,demo_parcel_344,1,Vis,rh
17595,344,demo_parcel_344,1,Vis,rh
17596,344,demo_parcel_344,1,Vis,rh
17597,344,demo_parcel_344,1,Vis,rh
17598,344,demo_parcel_344,1,Vis,rh
17599,344,demo_parcel_344,1,Vis,rh
17600,344,demo_parcel_344,1,Vis,rh
17601,344,demo_parcel_344,1,Vis,rh
17602,344,demo_parcel_344,1,Vis,rh
17603,344,demo_parcel_344,1,Vis,rh
17604,344,demo_parcel_344,1,Vis,rh
17605,344,demo_parcel_344,1,Vis,rh
17606,344,demo_parcel_344,1,Vis,rh
17607,344,demo_parcel_344,1,Vis,rh
17608,344,demo_parcel_344,1,Vis,rh
17609,344,demo_parcel_344,1,Vis,rh
17610,344,demo_parcel_344,1,Vis,rh
17611,344,demo_parcel_344,1,Vis,rh
17612,344,demo_parcel_344,1,Vis,rh
17613,344,demo_parcel_344,1,Vis,rh
17614,344,demo_parcel_344,1,Vis,rh
17615,344,demo_parcel_344,1,Vis,rh
17616,344,demo_parcel_344,1,Vis,rh
17617,344,demo_parcel_344,1,Vis,rh
17618,344,demo_parcel_344,1,Vis,rh
17619,344,demo_parcel_344,1,Vis,rh
17620,344,demo_parcel_344,1,Vis,rh
17621,344,demo_parcel_344,1,Vis,rh
17622,344,demo_parcel_344,1,Vis,rh
17623,344,demo_parcel_344,1,Vis,rh
17624,344,demo_parcel_344,1,Vis,rh
17625,344,demo_parcel_344,1,Vis,rh
17626,344,demo_parcel_344,1,Vis,rh
17627,344,demo_parcel_344,1,Vis,rh
17628,345,demo_parcel_345,2,SomMot,rh
17629,345,demo_parcel_345,2,SomMot,rh
17630,345,demo_parcel_345,2,SomMot,rh
17631,345,demo_parcel_345,2,SomMot,rh
17632,345,demo_parcel_345,2,SomMot,rh
17633,345,demo_parcel_345,2,SomMot,rh
17634,345,demo_parcel_345,2,SomMot,rh
17635,345,demo_parcel_345,2,SomMot,rh
17636,345,demo_parcel_345,2,SomMot,rh
17637,345,demo_parcel_345,2,SomMot,rh
17638,345,demo_parcel_345,2,SomMot,rh
17639,345,demo_parcel_345,2,SomMot,rh
17640,345,demo_parcel_345,2,SomMot,rh
17641,345,demo_parcel_345,2,SomMot,rh
17642,345,demo_parcel_345,2,SomMot,rh
17643,345,demo_parcel_345,2,SomMot,rh
17644,345,demo_parcel_345,2,SomMot,rh
17645,345,demo_parcel_345,2,SomMot,rh
17646,345,demo_parcel_345,2,SomMot,rh
17647,345,demo_parcel_345,2,SomMot,rh
17648,345,demo_parcel_345,2,SomMot,rh
17649,345,demo_parcel_345,2,SomMot,rh
17650,345,demo_parcel_345,2,SomMot,rh
17651,345,demo_parcel_345,2,SomMot,rh
17652,345,demo_parcel_345,2,SomMot,rh
17653,345,demo_parcel_345,2,SomMot,rh
17654,345,demo_parcel_345,2,SomMot,rh
17655,345,demo_parcel_345,2,SomMot,rh
17656,345,demo_parcel_345,2,SomMot,rh
17657,345,demo_parcel_345,2,SomMot,rh
17658,345,demo_parcel_345,2,SomMot,rh
17659,345,demo_parcel_345,2,SomMot,rh
17660,345,demo_parcel_345,2,SomMot,rh
17661,345,demo_parcel_345,2,SomMot,rh
17662,345,demo_parcel_345,2,SomMot,rh
17663,345,demo_parcel_345,2,SomMot,rh
17664,345,demo_parcel_345,2,SomMot,rh
17665,345,demo_parcel_345,2,SomMot,rh
17666,345,demo_parcel_345,2,SomMot,rh
17667,345,demo_parcel_345,2,SomMot,rh
17668,345,demo_parcel_345,2,SomMot,rh
17669,345,demo_parcel_345,2,SomMot,rh
17670,345,demo_parcel_345,2,SomMot,rh
17671,345,demo_parcel_345,2,SomMot,rh
17672,345,demo_parcel_345,2,SomMot,rh
17673,345,demo_parcel_345,2,SomMot,rh
17674,345,demo_parcel_345,2,SomMot,rh
17675,345,demo_parcel_345,2,SomMot,rh
17676,345,demo_parcel_345,2,SomMot,rh
17677,345,demo_parcel_345,2,SomMot,rh
17678,345,demo_parcel_345,2,SomMot,rh
17679,346,demo_parcel_346,3,DorsAttn,rh
17680,346,demo_parcel_346,3,DorsAttn,rh
17681,346,demo_parcel_346,3,DorsAttn,rh
17682,346,demo_parcel_346,3,DorsAttn,rh
17683,346,demo_parcel_346,3,DorsAttn,rh
17684,346,demo_parcel_346,3,DorsAttn,rh
17685,346,demo_parcel_346,3,DorsAttn,rh
17686,346,demo_parcel_346,3,DorsAttn,rh
17687,346,demo_parcel_346,3,DorsAttn,rh
17688,346,demo_parcel_346,3,DorsAttn,rh
17689,346,demo_parcel_346,3,DorsAttn,rh
17690,346,demo_parcel_346,3,DorsAttn,rh
17691,346,demo_parcel_346,3,DorsAttn,rh
17692,346,demo_parcel_346,3,DorsAttn,rh
17693,346,demo_parcel_346,3,DorsAttn,rh
17694,346,demo_parcel_346,3,DorsAttn,rh
17695,346,demo_parcel_346,3,DorsAttn,rh
17696,346,demo_parcel_346,3,DorsAttn,rh
17697,346,demo_parcel_346,3,DorsAttn,rh
17698,346,demo_parcel_346,3,DorsAttn,rh
17699,346,demo_parcel_346,3,DorsAttn,rh
17700,346,demo_parcel_346,3,DorsAttn,rh
17701,346,demo_parcel_346,3,DorsAttn,rh
17702,346,demo_parcel_346,3,DorsAttn,rh
17703,346,demo_parcel_346,3,DorsAttn,rh
17704,346,demo_parcel_346,3,DorsAttn,rh
17705,346,demo_parcel_346,3,DorsAttn,rh
17706,346,demo_parcel_346,3,DorsAttn,rh
17707,346,demo_parcel_346,3,DorsAttn,rh
17708,346,demo_parcel_346,3,DorsAttn,rh
17709,346,demo_parcel_346,3,DorsAttn,rh
17710,346,demo_parcel_346,3,DorsAttn,rh
17711,346,demo_parcel_346,3,DorsAttn,rh
17712,346,demo_parcel_346,3,DorsAttn,rh
17713,346,demo_parcel_346,3,DorsAttn,rh
17714,346,demo_parcel_346,3,DorsAttn,rh
17715,346,demo_parcel_346,3,DorsAttn,rh
17716,346,demo_parcel_346,3,DorsAttn,rh
17717,346,demo_parcel_346,3,DorsAttn,rh
17718,346,demo_parcel_346,3,DorsAttn,rh
17719,346,demo_parcel_346,3,DorsAttn,rh
17720,346,demo_parcel_346,3,DorsAttn,rh
17721,346,demo_parcel_346,3,DorsAttn,rh
17722,346,demo_parcel_346,3,DorsAttn,rh
17723,346,demo_parcel_346,3,DorsAttn,rh
17724,346,demo_parcel_346,3,DorsAttn,rh
17725,346,demo_parcel_346,3,DorsAttn,rh
17726,346,demo_parcel_346,3,DorsAttn,rh
17727,346,demo_parcel_346,3,DorsAttn,rh
17728,346,demo_parcel_346,3,DorsAttn,rh
17729,346,demo_parcel_346,3,DorsAttn,rh
17730,347,demo_parcel_347,4,SalVentAttn,rh
17731,347,demo_parcel_347,4,SalVentAttn,rh
17732,347,demo_parcel_347,4,SalVentAttn,rh
17733,347,demo_parcel_347,4,SalVentAttn,rh
17734,347,demo_parcel_347,4,SalVentAttn,rh
17735,347,demo_parcel_347,4,SalVentAttn,rh
17736,347,demo_parcel_347,4,SalVentAttn,rh
17737,347,demo_parcel_347,4,SalVentAttn,rh
17738,347,demo_parcel_347,4,SalVentAttn,rh
17739,347,demo_parcel_347,4,SalVentAttn,rh
17740,347,demo_parcel_347,4,SalVentAttn,rh
17741,347,demo_parcel_347,4,SalVentAttn,rh
17742,347,demo_parcel_347,4,SalVentAttn,rh
17743,347,demo_parcel_347,4,SalVentAttn,rh
17744,347,demo_parcel_347,4,SalVentAttn,rh
17745,347,demo_parcel_347,4,SalVentAttn,rh
17746,347,demo_parcel_347,4,SalVentAttn,rh
17747,347,demo_parcel_347,4,SalVentAttn,rh
17748,347,demo_parcel_347,4,SalVentAttn,rh
17749,347,demo_parcel_347,4,SalVentAttn,rh
17750,347,demo_parcel_347,4,SalVentAttn,rh
17751,347,demo_parcel_347,4,SalVentAttn,rh
17752,347,demo_parcel_347,4,SalVentAttn,rh
17753,347,demo_parcel_347,4,SalVentAttn,rh
17754,347,demo_parcel_347,4,SalVentAttn,rh
17755,347,demo_parcel_347,4,SalVentAttn,rh
17756,347,demo_parcel_347,4,SalVentAttn,rh
17757,347,demo_parcel_347,4,SalVentAttn,rh
17758,347,demo_parcel_347,4,SalVentAttn,rh
17759,347,demo_parcel_347,4,SalVentAttn,rh
17760,347,demo_parcel_347,4,SalVentAttn,rh
17761,347,demo_parcel_347,4,SalVentAttn,rh
17762,347,demo_parcel_347,4,SalVentAttn,rh
17763,347,demo_parcel_347,4,SalVentAttn,rh
17764,347,demo_parcel_347,4,SalVentAttn,rh
17765,347,demo_parcel_347,4,SalVentAttn,rh
17766,347,demo_parcel_347,4,SalVentAttn,rh
17767,347,demo_parcel_347,4,SalVentAttn,rh
17768,347,demo_parcel_347,4,SalVentAttn,rh
17769,347,demo_parcel_347,4,SalVentAttn,rh
17770,347,demo_parcel_347,4,SalVentAttn,rh
17771,347,demo_parcel_347,4,SalVentAttn,rh
17772,347,demo_parcel_347,4,SalVentAttn,rh
17773,347,demo_parcel_347,4,SalVentAttn,rh
17774,347,demo_parcel_347,4,SalVentAttn,rh
17775,347,demo_parcel_347,4,SalVentAttn,rh
17776,347,demo_parcel_347,4,SalVentAttn,rh
17777,347,demo_parcel_347,4,SalVentAttn,rh
17778,347,demo_parcel_347,4,SalVentAttn,rh
17779,347,demo_parcel_347,4,SalVentAttn,rh
17780,347,demo_parcel_347,4,SalVentAttn,rh
17781,348,demo_parcel_348,5,Limbic,rh
17782,348,demo_parcel_348,5,Limbic,rh
17783,348,demo_parcel_348,5,Limbic,rh
17784,348,demo_parcel_348,5,Limbic,rh
17785,348,demo_parcel_348,5,Limbic,rh
17786,348,demo_parcel_348,5,Limbic,rh
17787,348,demo_parcel_348,5,Limbic,rh
17788,348,demo_parcel_348,5,Limbic,rh
17789,348,demo_parcel_348,5,Limbic,rh
17790,348,demo_parcel_348,5,Limbic,rh
17791,348,demo_parcel_348,5,Limbic,rh
17792,348,demo_parcel_348,5,Limbic,rh
17793,348,demo_parcel_348,5,Limbic,rh
17794,348,demo_parcel_348,5,Limbic,rh
17795,348,demo_parcel_348,5,Limbic,rh
17796,348,demo_parcel_348,5,Limbic,rh
17797,348,demo_parcel_348,5,Limbic,rh
17798,348,demo_parcel_348,5,Limbic,rh
17799,348,demo_parcel_348,5,Limbic,rh
17800,348,demo_parcel_348,5,Limbic,rh
17801,348,demo_parcel_348,5,Limbic,rh
17802,348,demo_parcel_348,5,Limbic,rh
17803,348,demo_parcel_348,5,Limbic,rh
17804,348,demo_parcel_348,5,Limbic,rh
17805,348,demo_parcel_348,5,Limbic,rh
17806,348,demo_parcel_348,5,Limbic,rh
17807,348,demo_parcel_348,5,Limbic,rh
17808,348,demo_parcel_348,5,Limbic,rh
17809,348,demo_parcel_348,5,Limbic,rh
17810,348,demo_parcel_348,5,Limbic,rh
17811,348,demo_parcel_348,5,Limbic,rh
17812,348,demo_parcel_348,5,Limbic,rh
17813,348,demo_parcel_348,5,Limbic,rh
17814,348,demo_parcel_348,5,Limbic,rh
17815,348,demo_parcel_348,5,Limbic,rh
17816,348,demo_parcel_348,5,Limbic,rh
17817,348,demo_parcel_348,5,Limbic,rh
17818,348,demo_parcel_348,5,Limbic,rh
17819,348,demo_parcel_348,5,Limbic,rh
17820,348,demo_parcel_348,5,Limbic,rh
17821,348,demo_parcel_348,5,Limbic,rh
17822,348,demo_parcel_348,5,Limbic,rh
17823,348,demo_parcel_348,5,Limbic,rh
17824,348,demo_parcel_348,5,Limbic,rh
17825,348,demo_parcel_348,5,Limbic,rh
17826,348,demo_parcel_348,5,Limbic,rh
17827,348,demo_parcel_348,5,Limbic,rh
17828,348,demo_parcel_348,5,Limbic,rh
17829,348,demo_parcel_348,5,Limbic,rh
17830,348,demo_parcel_348,5,Limbic,rh
17831,348,demo_parcel_348,5,Limbic,rh
17832,349,demo_parcel_349,6,Cont,rh
17833,349,demo_parcel_349,6,Cont,rh
17834,349,demo_parcel_349,6,Cont,rh
17835,349,demo_parcel_349,6,Cont,rh
17836,349,demo_parcel_349,6,Cont,rh
17837,349,demo_parcel_349,6,Cont,rh
17838,349,demo_parcel_349,6,Cont,rh
17839,349,demo_parcel_349,6,Cont,rh
17840,349,demo_parcel_349,6,Cont,rh
17841,349,demo_parcel_349,6,Cont,rh
17842,349,demo_parcel_349,6,Cont,rh
17843,349,demo_parcel_349,6,Cont,rh
17844,349,demo_parcel_349,6,Cont,rh
17845,349,demo_parcel_349,6,Cont,rh
17846,349,demo_parcel_349,6,Cont,rh
17847,349,demo_parcel_349,6,Cont,rh
17848,349,demo_parcel_349,6,Cont,rh
17849,349,demo_parcel_349,6,Cont,rh
17850,349,demo_parcel_349,6,Cont,rh
17851,349,demo_parcel_349,6,Cont,rh
17852,349,demo_parcel_349,6,Cont,rh
17853,349,demo_parcel_349,6,Cont,rh
17854,349,demo_parcel_349,6,Cont,rh
17855,349,demo_parcel_349,6,Cont,rh
17856,349,demo_parcel_349,6,Cont,rh
17857,349,demo_parcel_349,6,Cont,rh
17858,349,demo_parcel_349,6,Cont,rh
17859,349,demo_parcel_349,6,Cont,rh
17860,349,demo_parcel_349,6,Cont,rh
17861,349,demo_parcel_349,6,Cont,rh
17862,349,demo_parcel_349,6,Cont,rh
17863,349,demo_parcel_349,6,Cont,rh
17864,349,demo_parcel_349,6,Cont,rh
17865,349,demo_parcel_349,6,Cont,rh
17866,349,demo_parcel_349,6,Cont,rh
17867,349,demo_parcel_349,6,Cont,rh
17868,349,demo_parcel_349,6,Cont,rh
17869,349,demo_parcel_349,6,Cont,rh
17870,349,demo_parcel_349,6,Cont,rh
17871,349,demo_parcel_349,6,Cont,rh
17872,349,demo_parcel_349,6,Cont,rh
17873,349,demo_parcel_349,6,Cont,rh
17874,349,demo_parcel_349,6,Cont,rh
17875,349,demo_parcel_349,6,Cont,rh
17876,349,demo_parcel_349,6,Cont,rh
17877,349,demo_parcel_349,6,Cont,rh
17878,349,demo_parcel_349,6,Cont,rh
17879,349,demo_parcel_349,6,Cont,rh
17880,349,demo_parcel_349,6,Cont,rh
17881,349,demo_parcel_349,6,Cont,rh
17882,349,demo_parcel_349,6,Cont,rh
17883,350,demo_parcel_350,7,Default,rh
17884,350,demo_parcel_350,7,Default,rh
17885,350,demo_parcel_350,7,Default,rh
17886,350,demo_parcel_350,7,Default,rh
17887,350,demo_parcel_350,7,Default,rh
17888,350,demo_parcel_350,7,Default,rh
17889,350,demo_parcel_350,7,Default,rh
17890,350,demo_parcel_350,7,Default,rh
17891,350,demo_parcel_350,7,Default,rh
17892,350,demo_parcel_350,7,Default,rh
17893,350,demo_parcel_350,7,Default,rh
17894,350,demo_parcel_350,7,Default,rh
17895,350,demo_parcel_350,7,Default,rh
17896,350,demo_parcel_350,7,Default,rh
17897,350,demo_parcel_350,7,Default,rh
17898,350,demo_parcel_350,7,Default,rh
17899,350,demo_parcel_350,7,Default,rh
17900,350,demo_parcel_350,7,Default,rh
17901,350,demo_parcel_350,7,Default,rh
17902,350,demo_parcel_350,7,Default,rh
17903,350,demo_parcel_350,7,Default,rh
17904,350,demo_parcel_350,7,Default,rh
17905,350,demo_parcel_350,7,Default,rh
17906,350,demo_parcel_350,7,Default,rh
17907,350,demo_parcel_350,7,Default,rh
17908,350,demo_parcel_350,7,Default,rh
17909,350,demo_parcel_350,7,Default,rh
17910,350,demo_parcel_350,7,Default,rh
17911,350,demo_parcel_350,7,Default,rh
17912,350,demo_parcel_350,7,Default,rh
17913,350,demo_parcel_350,7,Default,rh
17914,350,demo_parcel_350,7,Default,rh
17915,350,demo_parcel_350,7,Default,rh
17916,350,demo_parcel_350,7,Default,rh
17917,350,demo_parcel_350,7,Default,rh
17918,350,demo_parcel_350,7,Default,rh
17919,350,demo_parcel_350,7,Default,rh
17920,350,demo_parcel_350,7,Default,rh
17921,350,demo_parcel_350,7,Default,rh
17922,350,demo_parcel_350,7,Default,rh
17923,350,demo_parcel_350,7,Default,rh
17924,350,demo_parcel_350,7,Default,rh
17925,350,demo_parcel_350,7,Default,rh
17926,350,demo_parcel_350,7,Default,rh
17927,350,demo_parcel_350,7,Default,rh
17928,350,demo_parcel_350,7,Default,rh
17929,350,demo_parcel_350,7,Default,rh
17930,350,demo_parcel_350,7,Default,rh
17931,350,demo_parcel_350,7,Default,rh
17932,350,demo_parcel_350,7,Default,rh
17933,350,demo_parcel_350,7,Default,rh
17934,351,demo_parcel_351,1,Vis,rh
17935,351,demo_parcel_351,1,Vis,rh
17936,351,demo_parcel_351,1,Vis,rh
17937,351,demo_parcel_351,1,Vis,rh
17938,351,demo_parcel_351,1,Vis,rh
17939,351,demo_parcel_351,1,Vis,rh
17940,351,demo_parcel_351,1,Vis,rh
17941,351,demo_parcel_351,1,Vis,rh
17942,351,demo_parcel_351,1,Vis,rh
17943,351,demo_parcel_351,1,Vis,rh
17944,351,demo_parcel_351,1,Vis,rh
17945,351,demo_parcel_351,1,Vis,rh
17946,351,demo_parcel_351,1,Vis,rh
17947,351,demo_parcel_351,1,Vis,rh
17948,351,demo_parcel_351,1,Vis,rh
17949,351,demo_parcel_351,1,Vis,rh
17950,351,demo_parcel_351,1,Vis,rh
17951,351,demo_parcel_351,1,Vis,rh
17952,351,demo_parcel_351,1,Vis,rh
17953,351,demo_parcel_351,1,Vis,rh
17954,351,demo_parcel_351,1,Vis,rh
17955,351,demo_parcel_351,1,Vis,rh
17956,351,demo_parcel_351,1,Vis,rh
17957,351,demo_parcel_351,1,Vis,rh
17958,351,demo_parcel_351,1,Vis,rh
17959,351,demo_parcel_351,1,Vis,rh
17960,351,demo_parcel_351,1,Vis,rh
17961,351,demo_parcel_351,1,Vis,rh
17962,351,demo_parcel_351,1,Vis,rh
17963,351,demo_parcel_351,1,Vis,rh
17964,351,demo_parcel_351,1,Vis,rh
17965,351,demo_parcel_351,1,Vis,rh
17966,351,demo_parcel_351,1,Vis,rh
17967,351,demo_parcel_351,1,Vis,rh
17968,351,demo_parcel_351,1,Vis,rh
17969,351,demo_parcel_351,1,Vis,rh
17970,351,demo_parcel_351,1,Vis,rh
17971,351,demo_parcel_351,1,Vis,rh
17972,351,demo_parcel_351,1,Vis,rh
17973,351,demo_parcel_351,1,Vis,rh
17974,351,demo_parcel_351,1,Vis,rh
17975,351,demo_parcel_351,1,Vis,rh
17976,351,demo_parcel_351,1,Vis,rh
17977,351,demo_parcel_351,1,Vis,rh
17978,351,demo_parcel_351,1,Vis,rh
17979,351,demo_parcel_351,1,Vis,rh
17980,351,demo_parcel_351,1,Vis,rh
17981,351,demo_parcel_351,1,Vis,rh
17982,351,demo_parcel_351,1,Vis,rh
17983,351,demo_parcel_351,1,Vis,rh
17984,351,demo_parcel_351,1,Vis,rh
17985,352,demo_parcel_352,2,SomMot,rh
17986,352,demo_parcel_352,2,SomMot,rh
17987,352,demo_parcel_352,2,SomMot,rh
17988,352,demo_parcel_352,2,SomMot,rh
17989,352,demo_parcel_352,2,SomMot,rh
17990,352,demo_parcel_352,2,SomMot,rh
17991,352,demo_parcel_352,2,SomMot,rh
17992,352,demo_parcel_352,2,SomMot,rh
17993,352,demo_parcel_352,2,SomMot,rh
17994,352,demo_parcel_352,2,SomMot,rh
17995,352,demo_parcel_352,2,SomMot,rh
17996,352,demo_parcel_352,2,SomMot,rh
17997,352,demo_parcel_352,2,SomMot,rh
17998,352,demo_parcel_352,2,SomMot,rh
17999,352,demo_parcel_352,2,SomMot,rh
18000,352,demo_parcel_352,2,SomMot,rh
18001,352,demo_parcel_352,2,SomMot,rh
18002,352,demo_parcel_352,2,SomMot,rh
18003,352,demo_parcel_352,2,SomMot,rh
18004,352,demo_parcel_352,2,SomMot,rh
18005,352,demo_parcel_352,2,SomMot,rh
18006,352,demo_parcel_352,2,SomMot,rh
18007,352,demo_parcel_352,2,SomMot,rh
18008,352,demo_parcel_352,2,SomMot,rh
18009,352,demo_parcel_352,2,SomMot,rh
18010,352,demo_parcel_352,2,SomMot,rh
18011,352,demo_parcel_352,2,SomMot,rh
18012,352,demo_parcel_352,2,SomMot,rh
18013,352,demo_parcel_352,2,SomMot,rh
18014,352,demo_parcel_352,2,SomMot,rh
18015,352,demo_parcel_352,2,SomMot,rh
18016,352,demo_parcel_352,2,SomMot,rh
18017,352,demo_parcel_352,2,SomMot,rh
18018,352,demo_parcel_352,2,SomMot,rh
18019,352,demo_parcel_352,2,SomMot,rh
18020,352,demo_parcel_352,2,SomMot,rh
18021,352,demo_parcel_352,2,SomMot,rh
18022,352,demo_parcel_352,2,SomMot,rh
18023,352,demo_parcel_352,2,SomMot,rh
18024,352,demo_parcel_352,2,SomMot,rh
18025,352,demo_parcel_352,2,SomMot,rh
18026,352,demo_parcel_352,2,SomMot,rh
18027,352,demo_parcel_352,2,SomMot,rh
18028,352,demo_parcel_352,2,SomMot,rh
18029,352,demo_parcel_352,2,SomMot,rh
18030,352,demo_parcel_352,2,SomMot,rh
18031,352,demo_parcel_352,2,SomMot,rh
18032,352,demo_parcel_352,2,SomMot,rh
18033,352,demo_parcel_352,2,SomMot,rh
18034,352,demo_parcel_352,2,SomMot,rh
18035,352,demo_parcel_352,2,SomMot,rh
18036,353,demo_parcel_353,3,DorsAttn,rh
18037,353,demo_parcel_353,3,DorsAttn,rh
18038,353,demo_parcel_353,3,DorsAttn,rh
18039,353,demo_parcel_353,3,DorsAttn,rh
18040,353,demo_parcel_353,3,DorsAttn,rh
18041,353,demo_parcel_353,3,DorsAttn,rh
18042,353,demo_parcel_353,3,DorsAttn,rh
18043,353,demo_parcel_353,3,DorsAttn,rh
18044,353,demo_parcel_353,3,DorsAttn,rh
18045,353,demo_parcel_353,3,DorsAttn,rh
18046,353,demo_parcel_353,3,DorsAttn,rh
18047,353,demo_parcel_353,3,DorsAttn,rh
18048,353,demo_parcel_353,3,DorsAttn,rh
18049,353,demo_parcel_353,3,DorsAttn,rh
18050,353,demo_parcel_353,3,DorsAttn,rh
18051,353,demo_parcel_353,3,DorsAttn,rh
18052,353,demo_parcel_353,3,DorsAttn,rh
18053,353,demo_parcel_353,3,DorsAttn,rh
18054,353,demo_parcel_353,3,DorsAttn,rh
18055,353,demo_parcel_353,3,DorsAttn,rh
18056,353,demo_parcel_353,3,DorsAttn,rh
18057,353,demo_parcel_353,3,DorsAttn,rh
18058,353,demo_parcel_353,3,DorsAttn,rh
18059,353,demo_parcel_353,3,DorsAttn,rh
18060,353,demo_parcel_353,3,DorsAttn,rh
18061,353,demo_parcel_353,3,DorsAttn,rh
18062,353,demo_parcel_353,3,DorsAttn,rh
18063,353,demo_parcel_353,3,DorsAttn,rh
18064,353,demo_parcel_353,3,DorsAttn,rh
18065,353,demo_parcel_353,3,DorsAttn,rh
18066,353,demo_parcel_353,3,DorsAttn,rh
18067,353,demo_parcel_353,3,DorsAttn,rh
18068,353,demo_parcel_353,3,DorsAttn,rh
18069,353,demo_parcel_353,3,DorsAttn,rh
18070,353,demo_parcel_353,3,DorsAttn,rh
18071,353,demo_parcel_353,3,DorsAttn,rh
18072,353,demo_parcel_353,3,DorsAttn,rh
18073,353,demo_parcel_353,3,DorsAttn,rh
18074,353,demo_parcel_353,3,DorsAttn,rh
18075,353,demo_parcel_353,3,DorsAttn,rh
18076,353,demo_parcel_353,3,DorsAttn,rh
18077,353,demo_parcel_353,3,DorsAttn,rh
18078,353,demo_parcel_353,3,DorsAttn,rh
18079,353,demo_parcel_353,3,DorsAttn,rh
18080,353,demo_parcel_353,3,DorsAttn,rh
18081,353,demo_parcel_353,3,DorsAttn,rh
18082,353,demo_parcel_353,3,DorsAttn,rh
18083,353,demo_parcel_353,3,DorsAttn,rh
18084,353,demo_parcel_353,3,DorsAttn,rh
18085,353,demo_parcel_353,3,DorsAttn,rh
18086,353,demo_parcel_353,3,DorsAttn,rh
18087,354,demo_parcel_354,4,SalVentAttn,rh
18088,354,demo_parcel_354,4,SalVentAttn,rh
18089,354,demo_parcel_354,4,SalVentAttn,rh
18090,354,demo_parcel_354,4,SalVentAttn,rh
18091,354,demo_parcel_354,4,SalVentAttn,rh
18092,354,demo_parcel_354,4,SalVentAttn,rh
18093,354,demo_parcel_354,4,SalVentAttn,rh
18094,354,demo_parcel_354,4,SalVentAttn,rh
18095,354,demo_parcel_354,4,SalVentAttn,rh
18096,354,demo_parcel_354,4,SalVentAttn,rh
18097,354,demo_parcel_354,4,SalVentAttn,rh
18098,354,demo_parcel_354,4,SalVentAttn,rh
18099,354,demo_parcel_354,4,SalVentAttn,rh
18100,354,demo_parcel_354,4,SalVentAttn,rh
18101,354,demo_parcel_354,4,SalVentAttn,rh
18102,354,demo_parcel_354,4,SalVentAttn,rh
18103,354,demo_parcel_354,4,SalVentAttn,rh
18104,354,demo_parcel_354,4,SalVentAttn,rh
18105,354,demo_parcel_354,4,SalVentAttn,rh
18106,354,demo_parcel_354,4,SalVentAttn,rh
18107,354,demo_parcel_354,4,SalVentAttn,rh
18108,354,demo_parcel_354,4,SalVentAttn,rh
18109,354,demo_parcel_354,4,SalVentAttn,rh
18110,354,demo_parcel_354,4,SalVentAttn,rh
18111,354,demo_parcel_354,4,SalVentAttn,rh
18112,354,demo_parcel_354,4,SalVentAttn,rh
18113,354,demo_parcel_354,4,SalVentAttn,rh
18114,354,demo_parcel_354,4,SalVentAttn,rh
18115,354,demo_parcel_354,4,SalVentAttn,rh
18116,354,demo_parcel_354,4,SalVentAttn,rh
18117,354,demo_parcel_354,4,SalVentAttn,rh
18118,354,demo_parcel_354,4,SalVentAttn,rh
18119,354,demo_parcel_354,4,SalVentAttn,rh
18120,354,demo_parcel_354,4,SalVentAttn,rh
18121,354,demo_parcel_354,4,SalVentAttn,rh
18122,354,demo_parcel_354,4,SalVentAttn,rh
18123,354,demo_parcel_354,4,SalVentAttn,rh
18124,354,demo_parcel_354,4,SalVentAttn,rh
18125,354,demo_parcel_354,4,SalVentAttn,rh
18126,354,demo_parcel_354,4,SalVentAttn,rh
18127,354,demo_parcel_354,4,SalVentAttn,rh
18128,354,demo_parcel_354,4,SalVentAttn,rh
18129,354,demo_parcel_354,4,SalVentAttn,rh
18130,354,demo_parcel_354,4,SalVentAttn,rh
18131,354,demo_parcel_354,4,SalVentAttn,rh
18132,354,demo_parcel_354,4,SalVentAttn,rh
18133,354,demo_parcel_354,4,SalVentAttn,rh
18134,354,demo_parcel_354,4,SalVentAttn,rh
18135,354,demo_parcel_354,4,SalVentAttn,rh
18136,354,demo_parcel_354,4,SalVentAttn,rh
18137,354,demo_parcel_354,4,SalVentAttn,rh
18138,355,demo_parcel_355,5,Limbic,rh
18139,355,demo_parcel_355,5,Limbic,rh
18140,355,demo_parcel_355,5,Limbic,rh
18141,355,demo_parcel_355,5,Limbic,rh
18142,355,demo_parcel_355,5,Limbic,rh
18143,355,demo_parcel_355,5,Limbic,rh
18144,355,demo_parcel_355,5,Limbic,rh
18145,355,demo_parcel_355,5,Limbic,rh
18146,355,demo_parcel_355,5,Limbic,rh
18147,355,demo_parcel_355,5,Limbic,rh
18148,355,demo_parcel_355,5,Limbic,rh
18149,355,demo_parcel_355,5,Limbic,rh
18150,355,demo_parcel_355,5,Limbic,rh
18151,355,demo_parcel_355,5,Limbic,rh
18152,355,demo_parcel_355,5,Limbic,rh
18153,355,demo_parcel_355,5,Limbic,rh
18154,355,demo_parcel_355,5,Limbic,rh
18155,355,demo_parcel_355,5,Limbic,rh
18156,355,demo_parcel_355,5,Limbic,rh
18157,355,demo_parcel_355,5,Limbic,rh
18158,355,demo_parcel_355,5,Limbic,rh
18159,355,demo_parcel_355,5,Limbic,rh
18160,355,demo_parcel_355,5,Limbic,rh
18161,355,demo_parcel_355,5,Limbic,rh
18162,355,demo_parcel_355,5,Limbic,rh
18163,355,demo_parcel_355,5,Limbic,rh
18164,355,demo_parcel_355,5,Limbic,rh
18165,355,demo_parcel_355,5,Limbic,rh
18166,355,demo_parcel_355,5,Limbic,rh
18167,355,demo_parcel_355,5,Limbic,rh
18168,355,demo_parcel_355,5,Limbic,rh
18169,355,demo_parcel_355,5,Limbic,rh
18170,355,demo_parcel_355,5,Limbic,rh
18171,355,demo_parcel_355,5,Limbic,rh
18172,355,demo_parcel_355,5,Limbic,rh
18173,355,demo_parcel_355,5,Limbic,rh
18174,355,demo_parcel_355,5,Limbic,rh
18175,355,demo_parcel_355,5,Limbic,rh
18176,355,demo_parcel_355,5,Limbic,rh
18177,355,demo_parcel_355,5,Limbic,rh
18178,355,demo_parcel_355,5,Limbic,rh
18179,355,demo_parcel_355,5,Limbic,rh
18180,355,demo_parcel_355,5,Limbic,rh
18181,355,demo_parcel_355,5,Limbic,rh
18182,355,demo_parcel_355,5,Limbic,rh
18183,355,demo_parcel_355,5,Limbic,rh
18184,355,demo_parcel_355,5,Limbic,rh
18185,355,demo_parcel_355,5,Limbic,rh
18186,355,demo_parcel_355,5,Limbic,rh
18187,355,demo_parcel_355,5,Limbic,rh
18188,355,demo_parcel_355,5,Limbic,rh
18189,356,demo_parcel_356,6,Cont,rh
18190,356,demo_parcel_356,6,Cont,rh
18191,356,demo_parcel_356,6,Cont,rh
18192,356,demo_parcel_356,6,Cont,rh
18193,356,demo_parcel_356,6,Cont,rh
18194,356,demo_parcel_356,6,Cont,rh
18195,356,demo_parcel_356,6,Cont,rh
18196,356,demo_parcel_356,6,Cont,rh
18197,356,demo_parcel_356,6,Cont,rh
18198,356,demo_parcel_356,6,Cont,rh
18199,356,demo_parcel_356,6,Cont,rh
18200,356,demo_parcel_356,6,Cont,rh
18201,356,demo_parcel_356,6,Cont,rh
18202,356,demo_parcel_356,6,Cont,rh
18203,356,demo_parcel_356,6,Cont,rh
18204,356,demo_parcel_356,6,Cont,rh
18205,356,demo_parcel_356,6,Cont,rh
18206,356,demo_parcel_356,6,Cont,rh
18207,356,demo_parcel_356,6,Cont,rh
18208,356,demo_parcel_356,6,Cont,rh
18209,356,demo_parcel_356,6,Cont,rh
18210,356,demo_parcel_356,6,Cont,rh
18211,356,demo_parcel_356,6,Cont,rh
18212,356,demo_parcel_356,6,Cont,rh
18213,356,demo_parcel_356,6,Cont,rh
18214,356,demo_parcel_356,6,Cont,rh
18215,356,demo_parcel_356,6,Cont,rh
18216,356,demo_parcel_356,6,Cont,rh
18217,356,demo_parcel_356,6,Cont,rh
18218,356,demo_parcel_356,6,Cont,rh
18219,356,demo_parcel_356,6,Cont,rh
18220,356,demo_parcel_356,6,Cont,rh
18221,356,demo_parcel_356,6,Cont,rh
18222,356,demo_parcel_356,6,Cont,rh
18223,356,demo_parcel_356,6,Cont,rh
18224,356,demo_parcel_356,6,Cont,rh
18225,356,demo_parcel_356,6,Cont,rh
18226,356,demo_parcel_356,6,Cont,rh
18227,356,demo_parcel_356,6,Cont,rh
18228,356,demo_parcel_356,6,Cont,rh
18229,356,demo_parcel_356,6,Cont,rh
18230,356,demo_parcel_356,6,Cont,rh
18231,356,demo_parcel_356,6,Cont,rh
18232,356,demo_parcel_356,6,Cont,rh
18233,356,demo_parcel_356,6,Cont,rh
18234,356,demo_parcel_356,6,Cont,rh
18235,356,demo_parcel_356,6,Cont,rh
18236,356,demo_parcel_356,6,Cont,rh
18237,356,demo_parcel_356,6,Cont,rh
18238,356,demo_parcel_356,6,Cont,rh
18239,356,demo_parcel_356,6,Cont,rh
18240,357,demo_parcel_357,7,Default,rh
18241,357,demo_parcel_357,7,Default,rh
18242,357,demo_parcel_357,7,Default,rh
18243,357,demo_parcel_357,7,Default,rh
18244,357,demo_parcel_357,7,Default,rh
18245,357,demo_parcel_357,7,Default,rh
18246,357,demo_parcel_357,7,Default,rh
18247,357,demo_parcel_357,7,Default,rh
18248,357,demo_parcel_357,7,Default,rh
18249,357,demo_parcel_357,7,Default,rh
18250,357,demo_parcel_357,7,Default,rh
18251,357,demo_parcel_357,7,Default,rh
18252,357,demo_parcel_357,7,Default,rh
18253,357,demo_parcel_357,7,Default,rh
18254,357,demo_parcel_357,7,Default,rh
18255,357,demo_parcel_357,7,Default,rh
18256,357,demo_parcel_357,7,Default,rh
18257,357,demo_parcel_357,7,Default,rh
18258,357,demo_parcel_357,7,Default,rh
18259,357,demo_parcel_357,7,Default,rh
18260,357,demo_parcel_357,7,Default,rh
18261,357,demo_parcel_357,7,Default,rh
18262,357,demo_parcel_357,7,Default,rh
18263,357,demo_parcel_357,7,Default,rh
18264,357,demo_parcel_357,7,Default,rh
18265,357,demo_parcel_357,7,Default,rh
18266,357,demo_parcel_357,7,Default,rh
18267,357,demo_parcel_357,7,Default,rh
18268,357,demo_parcel_357,7,Default,rh
18269,357,demo_parcel_357,7,Default,rh
18270,357,demo_parcel_357,7,Default,rh
18271,357,demo_parcel_357,7,Default,rh
18272,357,demo_parcel_357,7,Default,rh
18273,357,demo_parcel_357,7,Default,rh
18274,357,demo_parcel_357,7,Default,rh
18275,357,demo_parcel_357,7,Default,rh
18276,357,demo_parcel_357,7,Default,rh
18277,357,demo_parcel_357,7,Default,rh
18278,357,demo_parcel_357,7,Default,rh
18279,357,demo_parcel_357,7,Default,rh
18280,357,demo_parcel_357,7,Default,rh
18281,357,demo_parcel_357,7,Default,rh
18282,357,demo_parcel_357,7,Default,rh
18283,357,demo_parcel_357,7,Default,rh
18284,357,demo_parcel_357,7,Default,rh
18285,357,demo_parcel_357,7,Default,rh
18286,357,demo_parcel_357,7,Default,rh
18287,357,demo_parcel_357,7,Default,rh
18288,357,demo_parcel_357,7,Default,rh
18289,357,demo_parcel_357,7,Default,rh
18290,357,demo_parcel_357,7,Default,rh
18291,358,demo_parcel_358,1,Vis,rh
18292,358,demo_parcel_358,1,Vis,rh
18293,358,demo_parcel_358,1,Vis,rh
18294,358,demo_parcel_358,1,Vis,rh
18295,358,demo_parcel_358,1,Vis,rh
18296,358,demo_parcel_358,1,Vis,rh
18297,358,demo_parcel_358,1,Vis,rh
18298,358,demo_parcel_358,1,Vis,rh
18299,358,demo_parcel_358,1,Vis,rh
18300,358,demo_parcel_358,1,Vis,rh
18301,358,demo_parcel_358,1,Vis,rh
18302,358,demo_parcel_358,1,Vis,rh
18303,358,demo_parcel_358,1,Vis,rh
18304,358,demo_parcel_358,1,Vis,rh
18305,358,demo_parcel_358,1,Vis,rh
18306,358,demo_parcel_358,1,Vis,rh
18307,358,demo_parcel_358,1,Vis,rh
18308,358,demo_parcel_358,1,Vis,rh
18309,358,demo_parcel_358,1,Vis,rh
18310,358,demo_parcel_358,1,Vis,rh
18311,358,demo_parcel_358,1,Vis,rh
18312,358,demo_parcel_358,1,Vis,rh
18313,358,demo_parcel_358,1,Vis,rh
18314,358,demo_parcel_358,1,Vis,rh
18315,358,demo_parcel_358,1,Vis,rh
18316,358,demo_parcel_358,1,Vis,rh
18317,358,demo_parcel_358,1,Vis,rh
18318,358,demo_parcel_358,1,Vis,rh
18319,358,demo_parcel_358,1,Vis,rh
18320,358,demo_parcel_358,1,Vis,rh
18321,358,demo_parcel_358,1,Vis,rh
18322,358,demo_parcel_358,1,Vis,rh
18323,358,demo_parcel_358,1,Vis,rh
18324,358,demo_parcel_358,1,Vis,rh
18325,358,demo_parcel_358,1,Vis,rh
18326,358,demo_parcel_358,1,Vis,rh
18327,358,demo_parcel_358,1,Vis,rh
18328,358,demo_parcel_358,1,Vis,rh
18329,358,demo_parcel_358,1,Vis,rh
18330,358,demo_parcel_358,1,Vis,rh
18331,358,demo_parcel_358,1,Vis,rh
18332,358,demo_parcel_358,1,Vis,rh
18333,358,demo_parcel_358,1,Vis,rh
18334,358,demo_parcel_358,1,Vis,rh
18335,358,demo_parcel_358,1,Vis,rh
18336,358,demo_parcel_358,1,Vis,rh
18337,358,demo_parcel_358,1,Vis,rh
18338,358,demo_parcel_358,1,Vis,rh
18339,358,demo_parcel_358,1,Vis,rh
18340,358,demo_parcel_358,1,Vis,rh
18341,358,demo_parcel_358,1,Vis,rh
18342,359,demo_parcel_359,2,SomMot,rh
18343,359,demo_parcel_359,2,SomMot,rh
18344,359,demo_parcel_359,2,SomMot,rh
18345,359,demo_parcel_359,2,SomMot,rh
18346,359,demo_parcel_359,2,SomMot,rh
18347,359,demo_parcel_359,2,SomMot,rh
18348,359,demo_parcel_359,2,SomMot,rh
18349,359,demo_parcel_359,2,SomMot,rh
18350,359,demo_parcel_359,2,SomMot,rh
18351,359,demo_parcel_359,2,SomMot,rh
18352,359,demo_parcel_359,2,SomMot,rh
18353,359,demo_parcel_359,2,SomMot,rh
18354,359,demo_parcel_359,2,SomMot,rh
18355,359,demo_parcel_359,2,SomMot,rh
18356,359,demo_parcel_359,2,SomMot,rh
18357,359,demo_parcel_359,2,SomMot,rh
18358,359,demo_parcel_359,2,SomMot,rh
18359,359,demo_parcel_359,2,SomMot,rh
18360,359,demo_parcel_359,2,SomMot,rh
18361,359,demo_parcel_359,2,SomMot,rh
18362,359,demo_parcel_359,2,SomMot,rh
18363,359,demo_parcel_359,2,SomMot,rh
18364,359,demo_parcel_359,2,SomMot,rh
18365,359,demo_parcel_359,2,SomMot,rh
18366,359,demo_parcel_359,2,SomMot,rh
18367,359,demo_parcel_359,2,SomMot,rh
18368,359,demo_parcel_359,2,SomMot,rh
18369,359,demo_parcel_359,2,SomMot,rh
18370,359,demo_parcel_359,2,SomMot,rh
18371,359,demo_parcel_359,2,SomMot,rh
18372,359,demo_parcel_359,2,SomMot,rh
18373,359,demo_parcel_359,2,SomMot,rh
18374,359,demo_parcel_359,2,SomMot,rh
18375,359,demo_parcel_359,2,SomMot,rh
18376,359,demo_parcel_359,2,SomMot,rh
18377,359,demo_parcel_359,2,SomMot,rh
18378,359,demo_parcel_359,2,SomMot,rh
18379,359,demo_parcel_359,2,SomMot,rh
18380,359,demo_parcel_359,2,SomMot,rh
18381,359,demo_parcel_359,2,SomMot,rh
18382,359,demo_parcel_359,2,SomMot,rh
18383,359,demo_parcel_359,2,SomMot,rh
18384,359,demo_parcel_359,2,SomMot,rh
18385,359,demo_parcel_359,2,SomMot,rh
18386,359,demo_parcel_359,2,SomMot,rh
18387,359,demo_parcel_359,2,SomMot,rh
18388,359,demo_parcel_359,2,SomMot,rh
18389,359,demo_parcel_359,2,SomMot,rh
18390,359,demo_parcel_359,2,SomMot,rh
18391,359,demo_parcel_359,2,SomMot,rh
18392,359,demo_parcel_359,2,SomMot,rh
18393,360,demo_parcel_360,3,DorsAttn,rh
18394,360,demo_parcel_360,3,DorsAttn,rh
18395,360,demo_parcel_360,3,DorsAttn,rh
18396,360,demo_parcel_360,3,DorsAttn,rh
18397,360,demo_parcel_360,3,DorsAttn,rh
18398,360,demo_parcel_360,3,DorsAttn,rh
18399,360,demo_parcel_360,3,DorsAttn,rh
18400,360,demo_parcel_360,3,DorsAttn,rh
18401,360,demo_parcel_360,3,DorsAttn,rh
18402,360,demo_parcel_360,3,DorsAttn,rh
18403,360,demo_parcel_360,3,DorsAttn,rh
18404,360,demo_parcel_360,3,DorsAttn,rh
18405,360,demo_parcel_360,3,DorsAttn,rh
18406,360,demo_parcel_360,3,DorsAttn,rh
18407,360,demo_parcel_360,3,DorsAttn,rh
18408,360,demo_parcel_360,3,DorsAttn,rh
18409,360,demo_parcel_360,3,DorsAttn,rh
18410,360,demo_parcel_360,3,DorsAttn,rh
18411,360,demo_parcel_360,3,DorsAttn,rh
18412,360,demo_parcel_360,3,DorsAttn,rh
18413,360,demo_parcel_360,3,DorsAttn,rh
18414,360,demo_parcel_360,3,DorsAttn,rh
18415,360,demo_parcel_360,3,DorsAttn,rh
18416,360,demo_parcel_360,3,DorsAttn,rh
18417,360,demo_parcel_360,3,DorsAttn,rh
18418,360,demo_parcel_360,3,DorsAttn,rh
18419,360,demo_parcel_360,3,DorsAttn,rh
18420,360,demo_parcel_360,3,DorsAttn,rh
18421,360,demo_parcel_360,3,DorsAttn,rh
18422,360,demo_parcel_360,3,DorsAttn,rh
18423,360,demo_parcel_360,3,DorsAttn,rh
18424,360,demo_parcel_360,3,DorsAttn,rh
18425,360,demo_parcel_360,3,DorsAttn,rh
18426,360,demo_parcel_360,3,DorsAttn,rh
18427,360,demo_parcel_360,3,DorsAttn,rh
18428,360,demo_parcel_360,3,DorsAttn,rh
18429,360,demo_parcel_360,3,DorsAttn,rh
18430,360,demo_parcel_360,3,DorsAttn,rh
18431,360,demo_parcel_360,3,DorsAttn,rh
18432,360,demo_parcel_360,3,DorsAttn,rh
18433,360,demo_parcel_360,3,DorsAttn,rh
18434,360,demo_parcel_360,3,DorsAttn,rh
18435,360,demo_parcel_360,3,DorsAttn,rh
18436,360,demo_parcel_360,3,DorsAttn,rh
18437,360,demo_parcel_360,3,DorsAttn,rh
18438,360,demo_parcel_360,3,DorsAttn,rh
18439,360,demo_parcel_360,3,DorsAttn,rh
18440,360,demo_parcel_360,3,DorsAttn,rh
18441,360,demo_parcel_360,3,DorsAttn,rh
18442,360,demo_parcel_360,3,DorsAttn,rh
18443,360,demo_parcel_360,3,DorsAttn,rh
18444,361,demo_parcel_361,4,SalVentAttn,rh
18445,361,demo_parcel_361,4,SalVentAttn,rh
18446,361,demo_parcel_361,4,SalVentAttn,rh
18447,361,demo_parcel_361,4,SalVentAttn,rh
18448,361,demo_parcel_361,4,SalVentAttn,rh
18449,361,demo_parcel_361,4,SalVentAttn,rh
18450,361,demo_parcel_361,4,SalVentAttn,rh
18451,361,demo_parcel_361,4,SalVentAttn,rh
18452,361,demo_parcel_361,4,SalVentAttn,rh
18453,361,demo_parcel_361,4,SalVentAttn,rh
18454,361,demo_parcel_361,4,SalVentAttn,rh
18455,361,demo_parcel_361,4,SalVentAttn,rh
18456,361,demo_parcel_361,4,SalVentAttn,rh
18457,361,demo_parcel_361,4,SalVentAttn,rh
18458,361,demo_parcel_361,4,SalVentAttn,rh
18459,361,demo_parcel_361,4,SalVentAttn,rh
18460,361,demo_parcel_361,4,SalVentAttn,rh
18461,361,demo_parcel_361,4,SalVentAttn,rh
18462,361,demo_parcel_361,4,SalVentAttn,rh
18463,361,demo_parcel_361,4,SalVentAttn,rh
18464,361,demo_parcel_361,4,SalVentAttn,rh
18465,361,demo_parcel_361,4,SalVentAttn,rh
18466,361,demo_parcel_361,4,SalVentAttn,rh
18467,361,demo_parcel_361,4,SalVentAttn,rh
18468,361,demo_parcel_361,4,SalVentAttn,rh
18469,361,demo_parcel_361,4,SalVentAttn,rh
18470,361,demo_parcel_361,4,SalVentAttn,rh
18471,361,demo_parcel_361,4,SalVentAttn,rh
18472,361,demo_parcel_361,4,SalVentAttn,rh
18473,361,demo_parcel_361,4,SalVentAttn,rh
18474,361,demo_parcel_361,4,SalVentAttn,rh
18475,361,demo_parcel_361,4,SalVentAttn,rh
18476,361,demo_parcel_361,4,SalVentAttn,rh
18477,361,demo_parcel_361,4,SalVentAttn,rh
18478,361,demo_parcel_361,4,SalVentAttn,rh
18479,361,demo_parcel_361,4,SalVentAttn,rh
18480,361,demo_parcel_361,4,SalVentAttn,rh
18481,361,demo_parcel_361,4,SalVentAttn,rh
18482,361,demo_parcel_361,4,SalVentAttn,rh
18483,361,demo_parcel_361,4,SalVentAttn,rh
18484,361,demo_parcel_361,4,SalVentAttn,rh
18485,361,demo_parcel_361,4,SalVentAttn,rh
18486,361,demo_parcel_361,4,SalVentAttn,rh
18487,361,demo_parcel_361,4,SalVentAttn,rh
18488,361,demo_parcel_361,4,SalVentAttn,rh
18489,361,demo_parcel_361,4,SalVentAttn,rh
18490,361,demo_parcel_361,4,SalVentAttn,rh
18491,361,demo_parcel_361,4,SalVentAttn,rh
18492,361,demo_parcel_361,4,SalVentAttn,rh
18493,361,demo_parcel_361,4,SalVentAttn,rh
18494,361,demo_parcel_361,4,SalVentAttn,rh
18495,362,demo_parcel_362,5,Limbic,rh
18496,362,demo_parcel_362,5,Limbic,rh
18497,362,demo_parcel_362,5,Limbic,rh
18498,362,demo_parcel_362,5,Limbic,rh
18499,362,demo_parcel_362,5,Limbic,rh
18500,362,demo_parcel_362,5,Limbic,rh
18501,362,demo_parcel_362,5,Limbic,rh
18502,362,demo_parcel_362,5,Limbic,rh
18503,362,demo_parcel_362,5,Limbic,rh
18504,362,demo_parcel_362,5,Limbic,rh
18505,362,demo_parcel_362,5,Limbic,rh
18506,362,demo_parcel_362,5,Limbic,rh
18507,362,demo_parcel_362,5,Limbic,rh
18508,362,demo_parcel_362,5,Limbic,rh
18509,362,demo_parcel_362,5,Limbic,rh
18510,362,demo_parcel_362,5,Limbic,rh
18511,362,demo_parcel_362,5,Limbic,rh
18512,362,demo_parcel_362,5,Limbic,rh
18513,362,demo_parcel_362,5,Limbic,rh
18514,362,demo_parcel_362,5,Limbic,rh
18515,362,demo_parcel_362,5,Limbic,rh
18516,362,demo_parcel_362,5,Limbic,rh
18517,362,demo_parcel_362,5,Limbic,rh
18518,362,demo_parcel_362,5,Limbic,rh
18519,362,demo_parcel_362,5,Limbic,rh
18520,362,demo_parcel_362,5,Limbic,rh
18521,362,demo_parcel_362,5,Limbic,rh
18522,362,demo_parcel_362,5,Limbic,rh
18523,362,demo_parcel_362,5,Limbic,rh
18524,362,demo_parcel_362,5,Limbic,rh
18525,362,demo_parcel_362,5,Limbic,rh
18526,362,demo_parcel_362,5,Limbic,rh
18527,362,demo_parcel_362,5,Limbic,rh
18528,362,demo_parcel_362,5,Limbic,rh
18529,362,demo_parcel_362,5,Limbic,rh
18530,362,demo_parcel_362,5,Limbic,rh
18531,362,demo_parcel_362,5,Limbic,rh
18532,362,demo_parcel_362,5,Limbic,rh
18533,362,demo_parcel_362,5,Limbic,rh
18534,362,demo_parcel_362,5,Limbic,rh
18535,362,demo_parcel_362,5,Limbic,rh
18536,362,demo_parcel_362,5,Limbic,rh
18537,362,demo_parcel_362,5,Limbic,rh
18538,362,demo_parcel_362,5,Limbic,rh
18539,362,demo_parcel_362,5,Limbic,rh
18540,362,demo_parcel_362,5,Limbic,rh
18541,362,demo_parcel_362,5,Limbic,rh
18542,362,demo_parcel_362,5,Limbic,rh
18543,362,demo_parcel_362,5,Limbic,rh
18544,362,demo_parcel_362,5,Limbic,rh
18545,362,demo_parcel_362,5,Limbic,rh
18546,363,demo_parcel_363,6,Cont,rh
18547,363,demo_parcel_363,6,Cont,rh
18548,363,demo_parcel_363,6,Cont,rh
18549,363,demo_parcel_363,6,Cont,rh
18550,363,demo_parcel_363,6,Cont,rh
18551,363,demo_parcel_363,6,Cont,rh
18552,363,demo_parcel_363,6,Cont,rh
18553,363,demo_parcel_363,6,Cont,rh
18554,363,demo_parcel_363,6,Cont,rh
18555,363,demo_parcel_363,6,Cont,rh
18556,363,demo_parcel_363,6,Cont,rh
18557,363,demo_parcel_363,6,Cont,rh
18558,363,demo_parcel_363,6,Cont,rh
18559,363,demo_parcel_363,6,Cont,rh
18560,363,demo_parcel_363,6,Cont,rh
18561,363,demo_parcel_363,6,Cont,rh
18562,363,demo_parcel_363,6,Cont,rh
18563,363,demo_parcel_363,6,Cont,rh
18564,363,demo_parcel_363,6,Cont,rh
18565,363,demo_parcel_363,6,Cont,rh
18566,363,demo_parcel_363,6,Cont,rh
18567,363,demo_parcel_363,6,Cont,rh
18568,363,demo_parcel_363,6,Cont,rh
18569,363,demo_parcel_363,6,Cont,rh
18570,363,demo_parcel_363,6,Cont,rh
18571,363,demo_parcel_363,6,Cont,rh
18572,363,demo_parcel_363,6,Cont,rh
18573,363,demo_parcel_363,6,Cont,rh
18574,363,demo_parcel_363,6,Cont,rh
18575,363,demo_parcel_363,6,Cont,rh
18576,363,demo_parcel_363,6,Cont,rh
18577,363,demo_parcel_363,6,Cont,rh
18578,363,demo_parcel_363,6,Cont,rh
18579,363,demo_parcel_363,6,Cont,rh
18580,363,demo_parcel_363,6,Cont,rh
18581,363,demo_parcel_363,6,Cont,rh
18582,363,demo_parcel_363,6,Cont,rh
18583,363,demo_parcel_363,6,Cont,rh
18584,363,demo_parcel_363,6,Cont,rh
18585,363,demo_parcel_363,6,Cont,rh
18586,363,demo_parcel_363,6,Cont,rh
18587,363,demo_parcel_363,6,Cont,rh
18588,363,demo_parcel_363,6,Cont,rh
18589,363,demo_parcel_363,6,Cont,rh
18590,363,demo_parcel_363,6,Cont,rh
18591,363,demo_parcel_363,6,Cont,rh
18592,363,demo_parcel_363,6,Cont,rh
18593,363,demo_parcel_363,6,Cont,rh
18594,363,demo_parcel_363,6,Cont,rh
18595,363,demo_parcel_363,6,Cont,rh
18596,363,demo_parcel_363,6,Cont,rh
18597,364,demo_parcel_364,7,Default,rh
18598,364,demo_parcel_364,7,Default,rh
18599,364,demo_parcel_364,7,Default,rh
18600,364,demo_parcel_364,7,Default,rh
18601,364,demo_parcel_364,7,Default,rh
18602,364,demo_parcel_364,7,Default,rh
18603,364,demo_parcel_364,7,Default,rh
18604,364,demo_parcel_364,7,Default,rh
18605,364,demo_parcel_364,7,Default,rh
18606,364,demo_parcel_364,7,Default,rh
18607,364,demo_parcel_364,7,Default,rh
18608,364,demo_parcel_364,7,Default,rh
18609,364,demo_parcel_364,7,Default,rh
18610,364,demo_parcel_364,7,Default,rh
18611,364,demo_parcel_364,7,Default,rh
18612,364,demo_parcel_364,7,Default,rh
18613,364,demo_parcel_364,7,Default,rh
18614,364,demo_parcel_364,7,Default,rh
18615,364,demo_parcel_364,7,Default,rh
18616,364,demo_parcel_364,7,Default,rh
18617,364,demo_parcel_364,7,Default,rh
18618,364,demo_parcel_364,7,Default,rh
18619,364,demo_parcel_364,7,Default,rh
18620,364,demo_parcel_364,7,Default,rh
18621,364,demo_parcel_364,7,Default,rh
18622,364,demo_parcel_364,7,Default,rh
18623,364,demo_parcel_364,7,Default,rh
18624,364,demo_parcel_364,7,Default,rh
18625,364,demo_parcel_364,7,Default,rh
18626,364,demo_parcel_364,7,Default,rh
18627,364,demo_parcel_364,7,Default,rh
18628,364,demo_parcel_364,7,Default,rh
18629,364,demo_parcel_364,7,Default,rh
18630,364,demo_parcel_364,7,Default,rh
18631,364,demo_parcel_364,7,Default,rh
18632,364,demo_parcel_364,7,Default,rh
18633,364,demo_parcel_364,7,Default,rh
18634,364,demo_parcel_364,7,Default,rh
18635,364,demo_parcel_364,7,Default,rh
18636,364,demo_parcel_364,7,Default,rh
18637,364,demo_parcel_364,7,Default,rh
18638,364,demo_parcel_364,7,Default,rh
18639,364,demo_parcel_364,7,Default,rh
18640,364,demo_parcel_364,7,Default,rh
18641,364,demo_parcel_364,7,Default,rh
18642,364,demo_parcel_364,7,Default,rh
18643,364,demo_parcel_364,7,Default,rh
18644,364,demo_parcel_364,7,Default,rh
18645,364,demo_parcel_364,7,Default,rh
18646,364,demo_parcel_364,7,Default,rh
18647,364,demo_parcel_364,7,Default,rh
18648,365,demo_parcel_365,1,Vis,rh
18649,365,demo_parcel_365,1,Vis,rh
18650,365,demo_parcel_365,1,Vis,rh
18651,365,demo_parcel_365,1,Vis,rh
18652,365,demo_parcel_365,1,Vis,rh
18653,365,demo_parcel_365,1,Vis,rh
18654,365,demo_parcel_365,1,Vis,rh
18655,365,demo_parcel_365,1,Vis,rh
18656,365,demo_parcel_365,1,Vis,rh
18657,365,demo_parcel_365,1,Vis,rh
18658,365,demo_parcel_365,1,Vis,rh
18659,365,demo_parcel_365,1,Vis,rh
18660,365,demo_parcel_365,1,Vis,rh
18661,365,demo_parcel_365,1,Vis,rh
18662,365,demo_parcel_365,1,Vis,rh
18663,365,demo_parcel_365,1,Vis,rh
18664,365,demo_parcel_365,1,Vis,rh
18665,365,demo_parcel_365,1,Vis,rh
18666,365,demo_parcel_365,1,Vis,rh
18667,365,demo_parcel_365,1,Vis,rh
18668,365,demo_parcel_365,1,Vis,rh
18669,365,demo_parcel_365,1,Vis,rh
18670,365,demo_parcel_365,1,Vis,rh
18671,365,demo_parcel_365,1,Vis,rh
18672,365,demo_parcel_365,1,Vis,rh
18673,365,demo_parcel_365,1,Vis,rh
18674,365,demo_parcel_365,1,Vis,rh
18675,365,demo_parcel_365,1,Vis,rh
18676,365,demo_parcel_365,1,Vis,rh
18677,365,demo_parcel_365,1,Vis,rh
18678,365,demo_parcel_365,1,Vis,rh
18679,365,demo_parcel_365,1,Vis,rh
18680,365,demo_parcel_365,1,Vis,rh
18681,365,demo_parcel_365,1,Vis,rh
18682,365,demo_parcel_365,1,Vis,rh
18683,365,demo_parcel_365,1,Vis,rh
18684,365,demo_parcel_365,1,Vis,rh
18685,365,demo_parcel_365,1,Vis,rh
18686,365,demo_parcel_365,1,Vis,rh
18687,365,demo_parcel_365,1,Vis,rh
18688,365,demo_parcel_365,1,Vis,rh
18689,365,demo_parcel_365,1,Vis,rh
18690,365,demo_parcel_365,1,Vis,rh
18691,365,demo_parcel_365,1,Vis,rh
18692,365,demo_parcel_365,1,Vis,rh
18693,365,demo_parcel_365,1,Vis,rh
18694,365,demo_parcel_365,1,Vis,rh
18695,365,demo_parcel_365,1,Vis,rh
18696,365,demo_parcel_365,1,Vis,rh
18697,365,demo_parcel_365,1,Vis,rh
18698,365,demo_parcel_365,1,Vis,rh
18699,366,demo_parcel_366,2,SomMot,rh
18700,366,demo_parcel_366,2,SomMot,rh
18701,366,demo_parcel_366,2,SomMot,rh
18702,366,demo_parcel_366,2,SomMot,rh
18703,366,demo_parcel_366,2,SomMot,rh
18704,366,demo_parcel_366,2,SomMot,rh
18705,366,demo_parcel_366,2,SomMot,rh
18706,366,demo_parcel_366,2,SomMot,rh
18707,366,demo_parcel_366,2,SomMot,rh
18708,366,demo_parcel_366,2,SomMot,rh
18709,366,demo_parcel_366,2,SomMot,rh
18710,366,demo_parcel_366,2,SomMot,rh
18711,366,demo_parcel_366,2,SomMot,rh
18712,366,demo_parcel_366,2,SomMot,rh
18713,366,demo_parcel_366,2,SomMot,rh
18714,366,demo_parcel_366,2,SomMot,rh
18715,366,demo_parcel_366,2,SomMot,rh
18716,366,demo_parcel_366,2,SomMot,rh
18717,366,demo_parcel_366,2,SomMot,rh
18718,366,demo_parcel_366,2,SomMot,rh
18719,366,demo_parcel_366,2,SomMot,rh
18720,366,demo_parcel_366,2,SomMot,rh
18721,366,demo_parcel_366,2,SomMot,rh
18722,366,demo_parcel_366,2,SomMot,rh
18723,366,demo_parcel_366,2,SomMot,rh
18724,366,demo_parcel_366,2,SomMot,rh
18725,366,demo_parcel_366,2,SomMot,rh
18726,366,demo_parcel_366,2,SomMot,rh
18727,366,demo_parcel_366,2,SomMot,rh
18728,366,demo_parcel_366,2,SomMot,rh
18729,366,demo_parcel_366,2,SomMot,rh
18730,366,demo_parcel_366,2,SomMot,rh
18731,366,demo_parcel_366,2,SomMot,rh
18732,366,demo_parcel_366,2,SomMot,rh
18733,366,demo_parcel_366,2,SomMot,rh
18734,366,demo_parcel_366,2,SomMot,rh
18735,366,demo_parcel_366,2,SomMot,rh
18736,366,demo_parcel_366,2,SomMot,rh
18737,366,demo_parcel_366,2,SomMot,rh
18738,366,demo_parcel_366,2,SomMot,rh
18739,366,demo_parcel_366,2,SomMot,rh
18740,366,demo_parcel_366,2,SomMot,rh
18741,366,demo_parcel_366,2,SomMot,rh
18742,366,demo_parcel_366,2,SomMot,rh
18743,366,demo_parcel_366,2,SomMot,rh
18744,366,demo_parcel_366,2,SomMot,rh
18745,366,demo_parcel_366,2,SomMot,rh
18746,366,demo_parcel_366,2,SomMot,rh
18747,366,demo_parcel_366,2,SomMot,rh
18748,366,demo_parcel_366,2,SomMot,rh
18749,366,demo_parcel_366,2,SomMot,rh
18750,367,demo_parcel_367,3,DorsAttn,rh
18751,367,demo_parcel_367,3,DorsAttn,rh
18752,367,demo_parcel_367,3,DorsAttn,rh
18753,367,demo_parcel_367,3,DorsAttn,rh
18754,367,demo_parcel_367,3,DorsAttn,rh
18755,367,demo_parcel_367,3,DorsAttn,rh
18756,367,demo_parcel_367,3,DorsAttn,rh
18757,367,demo_parcel_367,3,DorsAttn,rh
18758,367,demo_parcel_367,3,DorsAttn,rh
18759,367,demo_parcel_367,3,DorsAttn,rh
18760,367,demo_parcel_367,3,DorsAttn,rh
18761,367,demo_parcel_367,3,DorsAttn,rh
18762,367,demo_parcel_367,3,DorsAttn,rh
18763,367,demo_parcel_367,3,DorsAttn,rh
18764,367,demo_parcel_367,3,DorsAttn,rh
18765,367,demo_parcel_367,3,DorsAttn,rh
18766,367,demo_parcel_367,3,DorsAttn,rh
18767,367,demo_parcel_367,3,DorsAttn,rh
18768,367,demo_parcel_367,3,DorsAttn,rh
18769,367,demo_parcel_367,3,DorsAttn,rh
18770,367,demo_parcel_367,3,DorsAttn,rh
18771,367,demo_parcel_367,3,DorsAttn,rh
18772,367,demo_parcel_367,3,DorsAttn,rh
18773,367,demo_parcel_367,3,DorsAttn,rh
18774,367,demo_parcel_367,3,DorsAttn,rh
18775,367,demo_parcel_367,3,DorsAttn,rh
18776,367,demo_parcel_367,3,DorsAttn,rh
18777,367,demo_parcel_367,3,DorsAttn,rh
18778,367,demo_parcel_367,3,DorsAttn,rh
18779,367,demo_parcel_367,3,DorsAttn,rh
18780,367,demo_parcel_367,3,DorsAttn,rh
18781,367,demo_parcel_367,3,DorsAttn,rh
18782,367,demo_parcel_367,3,DorsAttn,rh
18783,367,demo_parcel_367,3,DorsAttn,rh
18784,367,demo_parcel_367,3,DorsAttn,rh
18785,367,demo_parcel_367,3,DorsAttn,rh
18786,367,demo_parcel_367,3,DorsAttn,rh
18787,367,demo_parcel_367,3,DorsAttn,rh
18788,367,demo_parcel_367,3,DorsAttn,rh
18789,367,demo_parcel_367,3,DorsAttn,rh
18790,367,demo_parcel_367,3,DorsAttn,rh
18791,367,demo_parcel_367,3,DorsAttn,rh
18792,367,demo_parcel_367,3,DorsAttn,rh
18793,367,demo_parcel_367,3,DorsAttn,rh
18794,367,demo_parcel_367,3,DorsAttn,rh
18795,367,demo_parcel_367,3,DorsAttn,rh
18796,367,demo_parcel_367,3,DorsAttn,rh
18797,367,demo_parcel_367,3,DorsAttn,rh
18798,367,demo_parcel_367,3,DorsAttn,rh
18799,367,demo_parcel_367,3,DorsAttn,rh
18800,367,demo_parcel_367,3,DorsAttn,rh
18801,368,demo_parcel_368,4,SalVentAttn,rh
18802,368,demo_parcel_368,4,SalVentAttn,rh
18803,368,demo_parcel_368,4,SalVentAttn,rh
18804,368,demo_parcel_368,4,SalVentAttn,rh
18805,368,demo_parcel_368,4,SalVentAttn,rh
18806,368,demo_parcel_368,4,SalVentAttn,rh
18807,368,demo_parcel_368,4,SalVentAttn,rh
18808,368,demo_parcel_368,4,SalVentAttn,rh
18809,368,demo_parcel_368,4,SalVentAttn,rh
18810,368,demo_parcel_368,4,SalVentAttn,rh
18811,368,demo_parcel_368,4,SalVentAttn,rh
18812,368,demo_parcel_368,4,SalVentAttn,rh
18813,368,demo_parcel_368,4,SalVentAttn,rh
18814,368,demo_parcel_368,4,SalVentAttn,rh
18815,368,demo_parcel_368,4,SalVentAttn,rh
18816,368,demo_parcel_368,4,SalVentAttn,rh
18817,368,demo_parcel_368,4,SalVentAttn,rh
18818,368,demo_parcel_368,4,SalVentAttn,rh
18819,368,demo_parcel_368,4,SalVentAttn,rh
18820,368,demo_parcel_368,4,SalVentAttn,rh
18821,368,demo_parcel_368,4,SalVentAttn,rh
18822,368,demo_parcel_368,4,SalVentAttn,rh
18823,368,demo_parcel_368,4,SalVentAttn,rh
18824,368,demo_parcel_368,4,SalVentAttn,rh
18825,368,demo_parcel_368,4,SalVentAttn,rh
18826,368,demo_parcel_368,4,SalVentAttn,rh
18827,368,demo_parcel_368,4,SalVentAttn,rh
18828,368,demo_parcel_368,4,SalVentAttn,rh
18829,368,demo_parcel_368,4,SalVentAttn,rh
18830,368,demo_parcel_368,4,SalVentAttn,rh
18831,368,demo_parcel_368,4,SalVentAttn,rh
18832,368,demo_parcel_368,4,SalVentAttn,rh
18833,368,demo_parcel_368,4,SalVentAttn,rh
18834,368,demo_parcel_368,4,SalVentAttn,rh
18835,368,demo_parcel_368,4,SalVentAttn,rh
18836,368,demo_parcel_368,4,SalVentAttn,rh
18837,368,demo_parcel_368,4,SalVentAttn,rh
18838,368,demo_parcel_368,4,SalVentAttn,rh
18839,368,demo_parcel_368,4,SalVentAttn,rh
18840,368,demo_parcel_368,4,SalVentAttn,rh
18841,368,demo_parcel_368,4,SalVentAttn,rh
18842,368,demo_parcel_368,4,SalVentAttn,rh
18843,368,demo_parcel_368,4,SalVentAttn,rh
18844,368,demo_parcel_368,4,SalVentAttn,rh
18845,368,demo_parcel_368,4,SalVentAttn,rh
18846,368,demo_parcel_368,4,SalVentAttn,rh
18847,368,demo_parcel_368,4,SalVentAttn,rh
18848,368,demo_parcel_368,4,SalVentAttn,rh
18849,368,demo_parcel_368,4,SalVentAttn,rh
18850,368,demo_parcel_368,4,SalVentAttn,rh
18851,368,demo_parcel_368,4,SalVentAttn,rh
18852,369,demo_parcel_369,5,Limbic,rh
18853,369,demo_parcel_369,5,Limbic,rh
18854,369,demo_parcel_369,5,Limbic,rh
18855,369,demo_parcel_369,5,Limbic,rh
18856,369,demo_parcel_369,5,Limbic,rh
18857,369,demo_parcel_369,5,Limbic,rh
18858,369,demo_parcel_369,5,Limbic,rh
18859,369,demo_parcel_369,5,Limbic,rh
18860,369,demo_parcel_369,5,Limbic,rh
18861,369,demo_parcel_369,5,Limbic,rh
18862,369,demo_parcel_369,5,Limbic,rh
18863,369,demo_parcel_369,5,Limbic,rh
18864,369,demo_parcel_369,5,Limbic,rh
18865,369,demo_parcel_369,5,Limbic,rh
18866,369,demo_parcel_369,5,Limbic,rh
18867,369,demo_parcel_369,5,Limbic,rh
18868,369,demo_parcel_369,5,Limbic,rh
18869,369,demo_parcel_369,5,Limbic,rh
18870,369,demo_parcel_369,5,Limbic,rh
18871,369,demo_parcel_369,5,Limbic,rh
18872,369,demo_parcel_369,5,Limbic,rh
18873,369,demo_parcel_369,5,Limbic,rh
18874,369,demo_parcel_369,5,Limbic,rh
18875,369,demo_parcel_369,5,Limbic,rh
18876,369,demo_parcel_369,5,Limbic,rh
18877,369,demo_parcel_369,5,Limbic,rh
18878,369,demo_parcel_369,5,Limbic,rh
18879,369,demo_parcel_369,5,Limbic,rh
18880,369,demo_parcel_369,5,Limbic,rh
18881,369,demo_parcel_369,5,Limbic,rh
18882,369,demo_parcel_369,5,Limbic,rh
18883,369,demo_parcel_369,5,Limbic,rh
18884,369,demo_parcel_369,5,Limbic,rh
18885,369,demo_parcel_369,5,Limbic,rh
18886,369,demo_parcel_369,5,Limbic,rh
18887,369,demo_parcel_369,5,Limbic,rh
18888,369,demo_parcel_369,5,Limbic,rh
18889,369,demo_parcel_369,5,Limbic,rh
18890,369,demo_parcel_369,5,Limbic,rh
18891,369,demo_parcel_369,5,Limbic,rh
18892,369,demo_parcel_369,5,Limbic,rh
18893,369,demo_parcel_369,5,Limbic,rh
18894,369,demo_parcel_369,5,Limbic,rh
18895,369,demo_parcel_369,5,Limbic,rh
18896,369,demo_parcel_369,5,Limbic,rh
18897,369,demo_parcel_369,5,Limbic,rh
18898,369,demo_parcel_369,5,Limbic,rh
18899,369,demo_parcel_369,5,Limbic,rh
18900,369,demo_parcel_369,5,Limbic,rh
18901,369,demo_parcel_369,5,Limbic,rh
18902,369,demo_parcel_369,5,Limbic,rh
18903,370,demo_parcel_370,6,Cont,rh
18904,370,demo_parcel_370,6,Cont,rh
18905,370,demo_parcel_370,6,Cont,rh
18906,370,demo_parcel_370,6,Cont,rh
18907,370,demo_parcel_370,6,Cont,rh
18908,370,demo_parcel_370,6,Cont,rh
18909,370,demo_parcel_370,6,Cont,rh
18910,370,demo_parcel_370,6,Cont,rh
18911,370,demo_parcel_370,6,Cont,rh
18912,370,demo_parcel_370,6,Cont,rh
18913,370,demo_parcel_370,6,Cont,rh
18914,370,demo_parcel_370,6,Cont,rh
18915,370,demo_parcel_370,6,Cont,rh
18916,370,demo_parcel_370,6,Cont,rh
18917,370,demo_parcel_370,6,Cont,rh
18918,370,demo_parcel_370,6,Cont,rh
18919,370,demo_parcel_370,6,Cont,rh
18920,370,demo_parcel_370,6,Cont,rh
18921,370,demo_parcel_370,6,Cont,rh
18922,370,demo_parcel_370,6,Cont,rh
18923,370,demo_parcel_370,6,Cont,rh
18924,370,demo_parcel_370,6,Cont,rh
18925,370,demo_parcel_370,6,Cont,rh
18926,370,demo_parcel_370,6,Cont,rh
18927,370,demo_parcel_370,6,Cont,rh
18928,370,demo_parcel_370,6,Cont,rh
18929,370,demo_parcel_370,6,Cont,rh
18930,370,demo_parcel_370,6,Cont,rh
18931,370,demo_parcel_370,6,Cont,rh
18932,370,demo_parcel_370,6,Cont,rh
18933,370,demo_parcel_370,6,Cont,rh
18934,370,demo_parcel_370,6,Cont,rh
18935,370,demo_parcel_370,6,Cont,rh
18936,370,demo_parcel_370,6,Cont,rh
18937,370,demo_parcel_370,6,Cont,rh
18938,370,demo_parcel_370,6,Cont,rh
18939,370,demo_parcel_370,6,Cont,rh
18940,370,demo_parcel_370,6,Cont,rh
18941,370,demo_parcel_370,6,Cont,rh
18942,370,demo_parcel_370,6,Cont,rh
18943,370,demo_parcel_370,6,Cont,rh
18944,370,demo_parcel_370,6,Cont,rh
18945,370,demo_parcel_370,6,Cont,rh
18946,370,demo_parcel_370,6,Cont,rh
18947,370,demo_parcel_370,6,Cont,rh
18948,370,demo_parcel_370,6,Cont,rh
18949,370,demo_parcel_370,6,Cont,rh
18950,370,demo_parcel_370,6,Cont,rh
18951,370,demo_parcel_370,6,Cont,rh
18952,370,demo_parcel_370,6,Cont,rh
18953,370,demo_parcel_370,6,Cont,rh
18954,371,demo_parcel_371,7,Default,rh
18955,371,demo_parcel_371,7,Default,rh
18956,371,demo_parcel_371,7,Default,rh
18957,371,demo_parcel_371,7,Default,rh
18958,371,demo_parcel_371,7,Default,rh
18959,371,demo_parcel_371,7,Default,rh
18960,371,demo_parcel_371,7,Default,rh
18961,371,demo_parcel_371,7,Default,rh
18962,371,demo_parcel_371,7,Default,rh
18963,371,demo_parcel_371,7,Default,rh
18964,371,demo_parcel_371,7,Default,rh
18965,371,demo_parcel_371,7,Default,rh
18966,371,demo_parcel_371,7,Default,rh
18967,371,demo_parcel_371,7,Default,rh
18968,371,demo_parcel_371,7,Default,rh
18969,371,demo_parcel_371,7,Default,rh
18970,371,demo_parcel_371,7,Default,rh
18971,371,demo_parcel_371,7,Default,rh
18972,371,demo_parcel_371,7,Default,rh
18973,371,demo_parcel_371,7,Default,rh
18974,371,demo_parcel_371,7,Default,rh
18975,371,demo_parcel_371,7,Default,rh
18976,371,demo_parcel_371,7,Default,rh
18977,371,demo_parcel_371,7,Default,rh
18978,371,demo_parcel_371,7,Default,rh
18979,371,demo_parcel_371,7,Default,rh
18980,371,demo_parcel_371,7,Default,rh
18981,371,demo_parcel_371,7,Default,rh
18982,371,demo_parcel_371,7,Default,rh
18983,371,demo_parcel_371,7,Default,rh
18984,371,demo_parcel_371,7,Default,rh
18985,371,demo_parcel_371,7,Default,rh
18986,371,demo_parcel_371,7,Default,rh
18987,371,demo_parcel_371,7,Default,rh
18988,371,demo_parcel_371,7,Default,rh
18989,371,demo_parcel_371,7,Default,rh
18990,371,demo_parcel_371,7,Default,rh
18991,371,demo_parcel_371,7,Default,rh
18992,371,demo_parcel_371,7,Default,rh
18993,371,demo_parcel_371,7,Default,rh
18994,371,demo_parcel_371,7,Default,rh
18995,371,demo_parcel_371,7,Default,rh
18996,371,demo_parcel_371,7,Default,rh
18997,371,demo_parcel_371,7,Default,rh
18998,371,demo_parcel_371,7,Default,rh
18999,371,demo_parcel_371,7,Default,rh
19000,371,demo_parcel_371,7,Default,rh
19001,371,demo_parcel_371,7,Default,rh
19002,371,demo_parcel_371,7,Default,rh
19003,371,demo_parcel_371,7,Default,rh
19004,371,demo_parcel_371,7,Default,rh
19005,372,demo_parcel_372,1,Vis,rh
19006,372,demo_parcel_372,1,Vis,rh
19007,372,demo_parcel_372,1,Vis,rh
19008,372,demo_parcel_372,1,Vis,rh
19009,372,demo_parcel_372,1,Vis,rh
19010,372,demo_parcel_372,1,Vis,rh
19011,372,demo_parcel_372,1,Vis,rh
19012,372,demo_parcel_372,1,Vis,rh
19013,372,demo_parcel_372,1,Vis,rh
19014,372,demo_parcel_372,1,Vis,rh
19015,372,demo_parcel_372,1,Vis,rh
19016,372,demo_parcel_372,1,Vis,rh
19017,372,demo_parcel_372,1,Vis,rh
19018,372,demo_parcel_372,1,Vis,rh
19019,372,demo_parcel_372,1,Vis,rh
19020,372,demo_parcel_372,1,Vis,rh
19021,372,demo_parcel_372,1,Vis,rh
19022,372,demo_parcel_372,1,Vis,rh
19023,372,demo_parcel_372,1,Vis,rh
19024,372,demo_parcel_372,1,Vis,rh
19025,372,demo_parcel_372,1,Vis,rh
19026,372,demo_parcel_372,1,Vis,rh
19027,372,demo_parcel_372,1,Vis,rh
19028,372,demo_parcel_372,1,Vis,rh
19029,372,demo_parcel_372,1,Vis,rh
19030,372,demo_parcel_372,1,Vis,rh
19031,372,demo_parcel_372,1,Vis,rh
19032,372,demo_parcel_372,1,Vis,rh
19033,372,demo_parcel_372,1,Vis,rh
19034,372,demo_parcel_372,1,Vis,rh
19035,372,demo_parcel_372,1,Vis,rh
19036,372,demo_parcel_372,1,Vis,rh
19037,372,demo_parcel_372,1,Vis,rh
19038,372,demo_parcel_372,1,Vis,rh
19039,372,demo_parcel_372,1,Vis,rh
19040,372,demo_parcel_372,1,Vis,rh
19041,372,demo_parcel_372,1,Vis,rh
19042,372,demo_parcel_372,1,Vis,rh
19043,372,demo_parcel_372,1,Vis,rh
19044,372,demo_parcel_372,1,Vis,rh
19045,372,demo_parcel_372,1,Vis,rh
19046,372,demo_parcel_372,1,Vis,rh
19047,372,demo_parcel_372,1,Vis,rh
19048,372,demo_parcel_372,1,Vis,rh
19049,372,demo_parcel_372,1,Vis,rh
19050,372,demo_parcel_372,1,Vis,rh
19051,372,demo_parcel_372,1,Vis,rh
19052,372,demo_parcel_372,1,Vis,rh
19053,372,demo_parcel_372,1,Vis,rh
19054,372,demo_parcel_372,1,Vis,rh
19055,372,demo_parcel_372,1,Vis,rh
19056,373,demo_parcel_373,2,SomMot,rh
19057,373,demo_parcel_373,2,SomMot,rh
19058,373,demo_parcel_373,2,SomMot,rh
19059,373,demo_parcel_373,2,SomMot,rh
19060,373,demo_parcel_373,2,SomMot,rh
19061,373,demo_parcel_373,2,SomMot,rh
19062,373,demo_parcel_373,2,SomMot,rh
19063,373,demo_parcel_373,2,SomMot,rh
19064,373,demo_parcel_373,2,SomMot,rh
19065,373,demo_parcel_373,2,SomMot,rh
19066,373,demo_parcel_373,2,SomMot,rh
19067,373,demo_parcel_373,2,SomMot,rh
19068,373,demo_parcel_373,2,SomMot,rh
19069,373,demo_parcel_373,2,SomMot,rh
19070,373,demo_parcel_373,2,SomMot,rh
19071,373,demo_parcel_373,2,SomMot,rh
19072,373,demo_parcel_373,2,SomMot,rh
19073,373,demo_parcel_373,2,SomMot,rh
19074,373,demo_parcel_373,2,SomMot,rh
19075,373,demo_parcel_373,2,SomMot,rh
19076,373,demo_parcel_373,2,SomMot,rh
19077,373,demo_parcel_373,2,SomMot,rh
19078,373,demo_parcel_373,2,SomMot,rh
19079,373,demo_parcel_373,2,SomMot,rh
19080,373,demo_parcel_373,2,SomMot,rh
19081,373,demo_parcel_373,2,SomMot,rh
19082,373,demo_parcel_373,2,SomMot,rh
19083,373,demo_parcel_373,2,SomMot,rh
19084,373,demo_parcel_373,2,SomMot,rh
19085,373,demo_parcel_373,2,SomMot,rh
19086,373,demo_parcel_373,2,SomMot,rh
19087,373,demo_parcel_373,2,SomMot,rh
19088,373,demo_parcel_373,2,SomMot,rh
19089,373,demo_parcel_373,2,SomMot,rh
19090,373,demo_parcel_373,2,SomMot,rh
19091,373,demo_parcel_373,2,SomMot,rh
19092,373,demo_parcel_373,2,SomMot,rh
19093,373,demo_parcel_373,2,SomMot,rh
19094,373,demo_parcel_373,2,SomMot,rh
19095,373,demo_parcel_373,2,SomMot,rh
19096,373,demo_parcel_373,2,SomMot,rh
19097,373,demo_parcel_373,2,SomMot,rh
19098,373,demo_parcel_373,2,SomMot,rh
19099,373,demo_parcel_373,2,SomMot,rh
19100,373,demo_parcel_373,2,SomMot,rh
19101,373,demo_parcel_373,2,SomMot,rh
19102,373,demo_parcel_373,2,SomMot,rh
19103,373,demo_parcel_373,2,SomMot,rh
19104,373,demo_parcel_373,2,SomMot,rh
19105,373,demo_parcel_373,2,SomMot,rh
19106,373,demo_parcel_373,2,SomMot,rh
19107,374,demo_parcel_374,3,DorsAttn,rh
19108,374,demo_parcel_374,3,DorsAttn,rh
19109,374,demo_parcel_374,3,DorsAttn,rh
19110,374,demo_parcel_374,3,DorsAttn,rh
19111,374,demo_parcel_374,3,DorsAttn,rh
19112,374,demo_parcel_374,3,DorsAttn,rh
19113,374,demo_parcel_374,3,DorsAttn,rh
19114,374,demo_parcel_374,3,DorsAttn,rh
19115,374,demo_parcel_374,3,DorsAttn,rh
19116,374,demo_parcel_374,3,DorsAttn,rh
19117,374,demo_parcel_374,3,DorsAttn,rh
19118,374,demo_parcel_374,3,DorsAttn,rh
19119,374,demo_parcel_374,3,DorsAttn,rh
19120,374,demo_parcel_374,3,DorsAttn,rh
19121,374,demo_parcel_374,3,DorsAttn,rh
19122,374,demo_parcel_374,3,DorsAttn,rh
19123,374,demo_parcel_374,3,DorsAttn,rh
19124,374,demo_parcel_374,3,DorsAttn,rh
19125,374,demo_parcel_374,3,DorsAttn,rh
19126,374,demo_parcel_374,3,DorsAttn,rh
19127,374,demo_parcel_374,3,DorsAttn,rh
19128,374,demo_parcel_374,3,DorsAttn,rh
19129,374,demo_parcel_374,3,DorsAttn,rh
19130,374,demo_parcel_374,3,DorsAttn,rh
19131,374,demo_parcel_374,3,DorsAttn,rh
19132,374,demo_parcel_374,3,DorsAttn,rh
19133,374,demo_parcel_374,3,DorsAttn,rh
19134,374,demo_parcel_374,3,DorsAttn,rh
19135,374,demo_parcel_374,3,DorsAttn,rh
19136,374,demo_parcel_374,3,DorsAttn,rh
19137,374,demo_parcel_374,3,DorsAttn,rh
19138,374,demo_parcel_374,3,DorsAttn,rh
19139,374,demo_parcel_374,3,DorsAttn,rh
19140,374,demo_parcel_374,3,DorsAttn,rh
19141,374,demo_parcel_374,3,DorsAttn,rh
19142,374,demo_parcel_374,3,DorsAttn,rh
19143,374,demo_parcel_374,3,DorsAttn,rh
19144,374,demo_parcel_374,3,DorsAttn,rh
19145,374,demo_parcel_374,3,DorsAttn,rh
19146,374,demo_parcel_374,3,DorsAttn,rh
19147,374,demo_parcel_374,3,DorsAttn,rh
19148,374,demo_parcel_374,3,DorsAttn,rh
19149,374,demo_parcel_374,3,DorsAttn,rh
19150,374,demo_parcel_374,3,DorsAttn,rh
19151,374,demo_parcel_374,3,DorsAttn,rh
19152,374,demo_parcel_374,3,DorsAttn,rh
19153,374,demo_parcel_374,3,DorsAttn,rh
19154,374,demo_parcel_374,3,DorsAttn,rh
19155,374,demo_parcel_374,3,DorsAttn,rh
19156,374,demo_parcel_374,3,DorsAttn,rh
19157,374,demo_parcel_374,3,DorsAttn,rh
19158,375,demo_parcel_375,4,SalVentAttn,rh
19159,375,demo_parcel_375,4,SalVentAttn,rh
19160,375,demo_parcel_375,4,SalVentAttn,rh
19161,375,demo_parcel_375,4,SalVentAttn,rh
19162,375,demo_parcel_375,4,SalVentAttn,rh
19163,375,demo_parcel_375,4,SalVentAttn,rh
19164,375,demo_parcel_375,4,SalVentAttn,rh
19165,375,demo_parcel_375,4,SalVentAttn,rh
19166,375,demo_parcel_375,4,SalVentAttn,rh
19167,375,demo_parcel_375,4,SalVentAttn,rh
19168,375,demo_parcel_375,4,SalVentAttn,rh
19169,375,demo_parcel_375,4,SalVentAttn,rh
19170,375,demo_parcel_375,4,SalVentAttn,rh
19171,375,demo_parcel_375,4,SalVentAttn,rh
19172,375,demo_parcel_375,4,SalVentAttn,rh
19173,375,demo_parcel_375,4,SalVentAttn,rh
19174,375,demo_parcel_375,4,SalVentAttn,rh
19175,375,demo_parcel_375,4,SalVentAttn,rh
19176,375,demo_parcel_375,4,SalVentAttn,rh
19177,375,demo_parcel_375,4,SalVentAttn,rh
19178,375,demo_parcel_375,4,SalVentAttn,rh
19179,375,demo_parcel_375,4,SalVentAttn,rh
19180,375,demo_parcel_375,4,SalVentAttn,rh
19181,375,demo_parcel_375,4,SalVentAttn,rh
19182,375,demo_parcel_375,4,SalVentAttn,rh
19183,375,demo_parcel_375,4,SalVentAttn,rh
19184,375,demo_parcel_375,4,SalVentAttn,rh
19185,375,demo_parcel_375,4,SalVentAttn,rh
19186,375,demo_parcel_375,4,SalVentAttn,rh
19187,375,demo_parcel_375,4,SalVentAttn,rh
19188,375,demo_parcel_375,4,SalVentAttn,rh
19189,375,demo_parcel_375,4,SalVentAttn,rh
19190,375,demo_parcel_375,4,SalVentAttn,rh
19191,375,demo_parcel_375,4,SalVentAttn,rh
19192,375,demo_parcel_375,4,SalVentAttn,rh
19193,375,demo_parcel_375,4,SalVentAttn,rh
19194,375,demo_parcel_375,4,SalVentAttn,rh
19195,375,demo_parcel_375,4,SalVentAttn,rh
19196,375,demo_parcel_375,4,SalVentAttn,rh
19197,375,demo_parcel_375,4,SalVentAttn,rh
19198,375,demo_parcel_375,4,SalVentAttn,rh
19199,375,demo_parcel_375,4,SalVentAttn,rh
19200,375,demo_parcel_375,4,SalVentAttn,rh
19201,375,demo_parcel_375,4,SalVentAttn,rh
19202,375,demo_parcel_375,4,SalVentAttn,rh
19203,375,demo_parcel_375,4,SalVentAttn,rh
19204,375,demo_parcel_375,4,SalVentAttn,rh
19205,375,demo_parcel_375,4,SalVentAttn,rh
19206,375,demo_parcel_375,4,SalVentAttn,rh
19207,375,demo_parcel_375,4,SalVentAttn,rh
19208,375,demo_parcel_375,4,SalVentAttn,rh
19209,376,demo_parcel_376,5,Limbic,rh
19210,376,demo_parcel_376,5,Limbic,rh
19211,376,demo_parcel_376,5,Limbic,rh
19212,376,demo_parcel_376,5,Limbic,rh
19213,376,demo_parcel_376,5,Limbic,rh
19214,376,demo_parcel_376,5,Limbic,rh
19215,376,demo_parcel_376,5,Limbic,rh
19216,376,demo_parcel_376,5,Limbic,rh
19217,376,demo_parcel_376,5,Limbic,rh
19218,376,demo_parcel_376,5,Limbic,rh
19219,376,demo_parcel_376,5,Limbic,rh
19220,376,demo_parcel_376,5,Limbic,rh
19221,376,demo_parcel_376,5,Limbic,rh
19222,376,demo_parcel_376,5,Limbic,rh
19223,376,demo_parcel_376,5,Limbic,rh
19224,376,demo_parcel_376,5,Limbic,rh
19225,376,demo_parcel_376,5,Limbic,rh
19226,376,demo_parcel_376,5,Limbic,rh
19227,376,demo_parcel_376,5,Limbic,rh
19228,376,demo_parcel_376,5,Limbic,rh
19229,376,demo_parcel_376,5,Limbic,rh
19230,376,demo_parcel_376,5,Limbic,rh
19231,376,demo_parcel_376,5,Limbic,rh
19232,376,demo_parcel_376,5,Limbic,rh
19233,376,demo_parcel_376,5,Limbic,rh
19234,376,demo_parcel_376,5,Limbic,rh
19235,376,demo_parcel_376,5,Limbic,rh
19236,376,demo_parcel_376,5,Limbic,rh
19237,376,demo_parcel_376,5,Limbic,rh
19238,376,demo_parcel_376,5,Limbic,rh
19239,376,demo_parcel_376,5,Limbic,rh
19240,376,demo_parcel_376,5,Limbic,rh
19241,376,demo_parcel_376,5,Limbic,rh
19242,376,demo_parcel_376,5,Limbic,rh
19243,376,demo_parcel_376,5,Limbic,rh
19244,376,demo_parcel_376,5,Limbic,rh
19245,376,demo_parcel_376,5,Limbic,rh
19246,376,demo_parcel_376,5,Limbic,rh
19247,376,demo_parcel_376,5,Limbic,rh
19248,376,demo_parcel_376,5,Limbic,rh
19249,376,demo_parcel_376,5,Limbic,rh
19250,376,demo_parcel_376,5,Limbic,rh
19251,376,demo_parcel_376,5,Limbic,rh
19252,376,demo_parcel_376,5,Limbic,rh
19253,376,demo_parcel_376,5,Limbic,rh
19254,376,demo_parcel_376,5,Limbic,rh
19255,376,demo_parcel_376,5,Limbic,rh
19256,376,demo_parcel_376,5,Limbic,rh
19257,376,demo_parcel_376,5,Limbic,rh
19258,376,demo_parcel_376,5,Limbic,rh
19259,376,demo_parcel_376,5,Limbic,rh
19260,377,demo_parcel_377,6,Cont,rh
19261,377,demo_parcel_377,6,Cont,rh
19262,377,demo_parcel_377,6,Cont,rh
19263,377,demo_parcel_377,6,Cont,rh
19264,377,demo_parcel_377,6,Cont,rh
19265,377,demo_parcel_377,6,Cont,rh
19266,377,demo_parcel_377,6,Cont,rh
19267,377,demo_parcel_377,6,Cont,rh
19268,377,demo_parcel_377,6,Cont,rh
19269,377,demo_parcel_377,6,Cont,rh
19270,377,demo_parcel_377,6,Cont,rh
19271,377,demo_parcel_377,6,Cont,rh
19272,377,demo_parcel_377,6,Cont,rh
19273,377,demo_parcel_377,6,Cont,rh
19274,377,demo_parcel_377,6,Cont,rh
19275,377,demo_parcel_377,6,Cont,rh
19276,377,demo_parcel_377,6,Cont,rh
19277,377,demo_parcel_377,6,Cont,rh
19278,377,demo_parcel_377,6,Cont,rh
19279,377,demo_parcel_377,6,Cont,rh
19280,377,demo_parcel_377,6,Cont,rh
19281,377,demo_parcel_377,6,Cont,rh
19282,377,demo_parcel_377,6,Cont,rh
19283,377,demo_parcel_377,6,Cont,rh
19284,377,demo_parcel_377,6,Cont,rh
19285,377,demo_parcel_377,6,Cont,rh
19286,377,demo_parcel_377,6,Cont,rh
19287,377,demo_parcel_377,6,Cont,rh
19288,377,demo_parcel_377,6,Cont,rh
19289,377,demo_parcel_377,6,Cont,rh
19290,377,demo_parcel_377,6,Cont,rh
19291,377,demo_parcel_377,6,Cont,rh
19292,377,demo_parcel_377,6,Cont,rh
19293,377,demo_parcel_377,6,Cont,rh
19294,377,demo_parcel_377,6,Cont,rh
19295,377,demo_parcel_377,6,Cont,rh
19296,377,demo_parcel_377,6,Cont,rh
19297,377,demo_parcel_377,6,Cont,rh
19298,377,demo_parcel_377,6,Cont,rh
19299,377,demo_parcel_377,6,Cont,rh
19300,377,demo_parcel_377,6,Cont,rh
19301,377,demo_parcel_377,6,Cont,rh
19302,377,demo_parcel_377,6,Cont,rh
19303,377,demo_parcel_377,6,Cont,rh
19304,377,demo_parcel_377,6,Cont,rh
19305,377,demo_parcel_377,6,Cont,rh
19306,377,demo_parcel_377,6,Cont,rh
19307,377,demo_parcel_377,6,Cont,rh
19308,377,demo_parcel_377,6,Cont,rh
19309,377,demo_parcel_377,6,Cont,rh
19310,377,demo_parcel_377,6,Cont,rh
19311,378,demo_parcel_378,7,Default,rh
19312,378,demo_parcel_378,7,Default,rh
19313,378,demo_parcel_378,7,Default,rh
19314,378,demo_parcel_378,7,Default,rh
19315,378,demo_parcel_378,7,Default,rh
19316,378,demo_parcel_378,7,Default,rh
19317,378,demo_parcel_378,7,Default,rh
19318,378,demo_parcel_378,7,Default,rh
19319,378,demo_parcel_378,7,Default,rh
19320,378,demo_parcel_378,7,Default,rh
19321,378,demo_parcel_378,7,Default,rh
19322,378,demo_parcel_378,7,Default,rh
19323,378,demo_parcel_378,7,Default,rh
19324,378,demo_parcel_378,7,Default,rh
19325,378,demo_parcel_378,7,Default,rh
19326,378,demo_parcel_378,7,Default,rh
19327,378,demo_parcel_378,7,Default,rh
19328,378,demo_parcel_378,7,Default,rh
19329,378,demo_parcel_378,7,Default,rh
19330,378,demo_parcel_378,7,Default,rh
19331,378,demo_parcel_378,7,Default,rh
19332,378,demo_parcel_378,7,Default,rh
19333,378,demo_parcel_378,7,Default,rh
19334,378,demo_parcel_378,7,Default,rh
19335,378,demo_parcel_378,7,Default,rh
19336,378,demo_parcel_378,7,Default,rh
19337,378,demo_parcel_378,7,Default,rh
19338,378,demo_parcel_378,7,Default,rh
19339,378,demo_parcel_378,7,Default,rh
19340,378,demo_parcel_378,7,Default,rh
19341,378,demo_parcel_378,7,Default,rh
19342,378,demo_parcel_378,7,Default,rh
19343,378,demo_parcel_378,7,Default,rh
19344,378,demo_parcel_378,7,Default,rh
19345,378,demo_parcel_378,7,Default,rh
19346,378,demo_parcel_378,7,Default,rh
19347,378,demo_parcel_378,7,Default,rh
19348,378,demo_parcel_378,7,Default,rh
19349,378,demo_parcel_378,7,Default,rh
19350,378,demo_parcel_378,7,Default,rh
19351,378,demo_parcel_378,7,Default,rh
19352,378,demo_parcel_378,7,Default,rh
19353,378,demo_parcel_378,7,Default,rh
19354,378,demo_parcel_378,7,Default,rh
19355,378,demo_parcel_378,7,Default,rh
19356,378,demo_parcel_378,7,Default,rh
19357,378,demo_parcel_378,7,Default,rh
19358,378,demo_parcel_378,7,Default,rh
19359,378,demo_parcel_378,7,Default,rh
19360,378,demo_parcel_378,7,Default,rh
19361,378,demo_parcel_378,7,Default,rh
19362,379,demo_parcel_379,1,Vis,rh
19363,379,demo_parcel_379,1,Vis,rh
19364,379,demo_parcel_379,1,Vis,rh
19365,379,demo_parcel_379,1,Vis,rh
19366,379,demo_parcel_379,1,Vis,rh
19367,379,demo_parcel_379,1,Vis,rh
19368,379,demo_parcel_379,1,Vis,rh
19369,379,demo_parcel_379,1,Vis,rh
19370,379,demo_parcel_379,1,Vis,rh
19371,379,demo_parcel_379,1,Vis,rh
19372,379,demo_parcel_379,1,Vis,rh
19373,379,demo_parcel_379,1,Vis,rh
19374,379,demo_parcel_379,1,Vis,rh
19375,379,demo_parcel_379,1,Vis,rh
19376,379,demo_parcel_379,1,Vis,rh
19377,379,demo_parcel_379,1,Vis,rh
19378,379,demo_parcel_379,1,Vis,rh
19379,379,demo_parcel_379,1,Vis,rh
19380,379,demo_parcel_379,1,Vis,rh
19381,379,demo_parcel_379,1,Vis,rh
19382,379,demo_parcel_379,1,Vis,rh
19383,379,demo_parcel_379,1,Vis,rh
19384,379,demo_parcel_379,1,Vis,rh
19385,379,demo_parcel_379,1,Vis,rh
19386,379,demo_parcel_379,1,Vis,rh
19387,379,demo_parcel_379,1,Vis,rh
19388,379,demo_parcel_379,1,Vis,rh
19389,379,demo_parcel_379,1,Vis,rh
19390,379,demo_parcel_379,1,Vis,rh
19391,379,demo_parcel_379,1,Vis,rh
19392,379,demo_parcel_379,1,Vis,rh
19393,379,demo_parcel_379,1,Vis,rh
19394,379,demo_parcel_379,1,Vis,rh
19395,379,demo_parcel_379,1,Vis,rh
19396,379,demo_parcel_379,1,Vis,rh
19397,379,demo_parcel_379,1,Vis,rh
19398,379,demo_parcel_379,1,Vis,rh
19399,379,demo_parcel_379,1,Vis,rh
19400,379,demo_parcel_379,1,Vis,rh
19401,379,demo_parcel_379,1,Vis,rh
19402,379,demo_parcel_379,1,Vis,rh
19403,379,demo_parcel_379,1,Vis,rh
19404,379,demo_parcel_379,1,Vis,rh
19405,379,demo_parcel_379,1,Vis,rh
19406,379,demo_parcel_379,1,Vis,rh
19407,379,demo_parcel_379,1,Vis,rh
19408,379,demo_parcel_379,1,Vis,rh
19409,379,demo_parcel_379,1,Vis,rh
19410,379,demo_parcel_379,1,Vis,rh
19411,379,demo_parcel_379,1,Vis,rh
19412,379,demo_parcel_379,1,Vis,rh
19413,380,demo_parcel_380,2,SomMot,rh
19414,380,demo_parcel_380,2,SomMot,rh
19415,380,demo_parcel_380,2,SomMot,rh
19416,380,demo_parcel_380,2,SomMot,rh
19417,380,demo_parcel_380,2,SomMot,rh
19418,380,demo_parcel_380,2,SomMot,rh
19419,380,demo_parcel_380,2,SomMot,rh
19420,380,demo_parcel_380,2,SomMot,rh
19421,380,demo_parcel_380,2,SomMot,rh
19422,380,demo_parcel_380,2,SomMot,rh
19423,380,demo_parcel_380,2,SomMot,rh
19424,380,demo_parcel_380,2,SomMot,rh
19425,380,demo_parcel_380,2,SomMot,rh
19426,380,demo_parcel_380,2,SomMot,rh
19427,380,demo_parcel_380,2,SomMot,rh
19428,380,demo_parcel_380,2,SomMot,rh
19429,380,demo_parcel_380,2,SomMot,rh
19430,380,demo_parcel_380,2,SomMot,rh
19431,380,demo_parcel_380,2,SomMot,rh
19432,380,demo_parcel_380,2,SomMot,rh
19433,380,demo_parcel_380,2,SomMot,rh
19434,380,demo_parcel_380,2,SomMot,rh
19435,380,demo_parcel_380,2,SomMot,rh
19436,380,demo_parcel_380,2,SomMot,rh
19437,380,demo_parcel_380,2,SomMot,rh
19438,380,demo_parcel_380,2,SomMot,rh
19439,380,demo_parcel_380,2,SomMot,rh
19440,380,demo_parcel_380,2,SomMot,rh
19441,380,demo_parcel_380,2,SomMot,rh
19442,380,demo_parcel_380,2,SomMot,rh
19443,380,demo_parcel_380,2,SomMot,rh
19444,380,demo_parcel_380,2,SomMot,rh
19445,380,demo_parcel_380,2,SomMot,rh
19446,380,demo_parcel_380,2,SomMot,rh
19447,380,demo_parcel_380,2,SomMot,rh
19448,380,demo_parcel_380,2,SomMot,rh
19449,380,demo_parcel_380,2,SomMot,rh
19450,380,demo_parcel_380,2,SomMot,rh
19451,380,demo_parcel_380,2,SomMot,rh
19452,380,demo_parcel_380,2,SomMot,rh
19453,380,demo_parcel_380,2,SomMot,rh
19454,380,demo_parcel_380,2,SomMot,rh
19455,380,demo_parcel_380,2,SomMot,rh
19456,380,demo_parcel_380,2,SomMot,rh
19457,380,demo_parcel_380,2,SomMot,rh
19458,380,demo_parcel_380,2,SomMot,rh
19459,380,demo_parcel_380,2,SomMot,rh
19460,380,demo_parcel_380,2,SomMot,rh
19461,380,demo_parcel_380,2,SomMot,rh
19462,380,demo_parcel_380,2,SomMot,rh
19463,380,demo_parcel_380,2,SomMot,rh
19464,381,demo_parcel_381,3,DorsAttn,rh
19465,381,demo_parcel_381,3,DorsAttn,rh
19466,381,demo_parcel_381,3,DorsAttn,rh
19467,381,demo_parcel_381,3,DorsAttn,rh
19468,381,demo_parcel_381,3,DorsAttn,rh
19469,381,demo_parcel_381,3,DorsAttn,rh
19470,381,demo_parcel_381,3,DorsAttn,rh
19471,381,demo_parcel_381,3,DorsAttn,rh
19472,381,demo_parcel_381,3,DorsAttn,rh
19473,381,demo_parcel_381,3,DorsAttn,rh
19474,381,demo_parcel_381,3,DorsAttn,rh
19475,381,demo_parcel_381,3,DorsAttn,rh
19476,381,demo_parcel_381,3,DorsAttn,rh
19477,381,demo_parcel_381,3,DorsAttn,rh
19478,381,demo_parcel_381,3,DorsAttn,rh
19479,381,demo_parcel_381,3,DorsAttn,rh
19480,381,demo_parcel_381,3,DorsAttn,rh
19481,381,demo_parcel_381,3,DorsAttn,rh
19482,381,demo_parcel_381,3,DorsAttn,rh
19483,381,demo_parcel_381,3,DorsAttn,rh
19484,381,demo_parcel_381,3,DorsAttn,rh
19485,381,demo_parcel_381,3,DorsAttn,rh
19486,381,demo_parcel_381,3,DorsAttn,rh
19487,381,demo_parcel_381,3,DorsAttn,rh
19488,381,demo_parcel_381,3,DorsAttn,rh
19489,381,demo_parcel_381,3,DorsAttn,rh
19490,381,demo_parcel_381,3,DorsAttn,rh
19491,381,demo_parcel_381,3,DorsAttn,rh
19492,381,demo_parcel_381,3,DorsAttn,rh
19493,381,demo_parcel_381,3,DorsAttn,rh
19494,381,demo_parcel_381,3,DorsAttn,rh
19495,381,demo_parcel_381,3,DorsAttn,rh
19496,381,demo_parcel_381,3,DorsAttn,rh
19497,381,demo_parcel_381,3,DorsAttn,rh
19498,381,demo_parcel_381,3,DorsAttn,rh
19499,381,demo_parcel_381,3,DorsAttn,rh
19500,381,demo_parcel_381,3,DorsAttn,rh
19501,381,demo_parcel_381,3,DorsAttn,rh
19502,381,demo_parcel_381,3,DorsAttn,rh
19503,381,demo_parcel_381,3,DorsAttn,rh
19504,381,demo_parcel_381,3,DorsAttn,rh
19505,381,demo_parcel_381,3,DorsAttn,rh
19506,381,demo_parcel_381,3,DorsAttn,rh
19507,381,demo_parcel_381,3,DorsAttn,rh
19508,381,demo_parcel_381,3,DorsAttn,rh
19509,381,demo_parcel_381,3,DorsAttn,rh
19510,381,demo_parcel_381,3,DorsAttn,rh
19511,381,demo_parcel_381,3,DorsAttn,rh
19512,381,demo_parcel_381,3,DorsAttn,rh
19513,381,demo_parcel_381,3,DorsAttn,rh
19514,381,demo_parcel_381,3,DorsAttn,rh
19515,382,demo_parcel_382,4,SalVentAttn,rh
19516,382,demo_parcel_382,4,SalVentAttn,rh
19517,382,demo_parcel_382,4,SalVentAttn,rh
19518,382,demo_parcel_382,4,SalVentAttn,rh
19519,382,demo_parcel_382,4,SalVentAttn,rh
19520,382,demo_parcel_382,4,SalVentAttn,rh
19521,382,demo_parcel_382,4,SalVentAttn,rh
19522,382,demo_parcel_382,4,SalVentAttn,rh
19523,382,demo_parcel_382,4,SalVentAttn,rh
19524,382,demo_parcel_382,4,SalVentAttn,rh
19525,382,demo_parcel_382,4,SalVentAttn,rh
19526,382,demo_parcel_382,4,SalVentAttn,rh
19527,382,demo_parcel_382,4,SalVentAttn,rh
19528,382,demo_parcel_382,4,SalVentAttn,rh
19529,382,demo_parcel_382,4,SalVentAttn,rh
19530,382,demo_parcel_382,4,SalVentAttn,rh
19531,382,demo_parcel_382,4,SalVentAttn,rh
19532,382,demo_parcel_382,4,SalVentAttn,rh
19533,382,demo_parcel_382,4,SalVentAttn,rh
19534,382,demo_parcel_382,4,SalVentAttn,rh
19535,382,demo_parcel_382,4,SalVentAttn,rh
19536,382,demo_parcel_382,4,SalVentAttn,rh
19537,382,demo_parcel_382,4,SalVentAttn,rh
19538,382,demo_parcel_382,4,SalVentAttn,rh
19539,382,demo_parcel_382,4,SalVentAttn,rh
19540,382,demo_parcel_382,4,SalVentAttn,rh
19541,382,demo_parcel_382,4,SalVentAttn,rh
19542,382,demo_parcel_382,4,SalVentAttn,rh
19543,382,demo_parcel_382,4,SalVentAttn,rh
19544,382,demo_parcel_382,4,SalVentAttn,rh
19545,382,demo_parcel_382,4,SalVentAttn,rh
19546,382,demo_parcel_382,4,SalVentAttn,rh
19547,382,demo_parcel_382,4,SalVentAttn,rh
19548,382,demo_parcel_382,4,SalVentAttn,rh
19549,382,demo_parcel_382,4,SalVentAttn,rh
19550,382,demo_parcel_382,4,SalVentAttn,rh
19551,382,demo_parcel_382,4,SalVentAttn,rh
19552,382,demo_parcel_382,4,SalVentAttn,rh
19553,382,demo_parcel_382,4,SalVentAttn,rh
19554,382,demo_parcel_382,4,SalVentAttn,rh
19555,382,demo_parcel_382,4,SalVentAttn,rh
19556,382,demo_parcel_382,4,SalVentAttn,rh
19557,382,demo_parcel_382,4,SalVentAttn,rh
19558,382,demo_parcel_382,4,SalVentAttn,rh
19559,382,demo_parcel_382,4,SalVentAttn,rh
19560,382,demo_parcel_382,4,SalVentAttn,rh
19561,382,demo_parcel_382,4,SalVentAttn,rh
19562,382,demo_parcel_382,4,SalVentAttn,rh
19563,382,demo_parcel_382,4,SalVentAttn,rh
19564,382,demo_parcel_382,4,SalVentAttn,rh
19565,382,demo_parcel_382,4,SalVentAttn,rh
19566,383,demo_parcel_383,5,Limbic,rh
19567,383,demo_parcel_383,5,Limbic,rh
19568,383,demo_parcel_383,5,Limbic,rh
19569,383,demo_parcel_383,5,Limbic,rh
19570,383,demo_parcel_383,5,Limbic,rh
19571,383,demo_parcel_383,5,Limbic,rh
19572,383,demo_parcel_383,5,Limbic,rh
19573,383,demo_parcel_383,5,Limbic,rh
19574,383,demo_parcel_383,5,Limbic,rh
19575,383,demo_parcel_383,5,Limbic,rh
19576,383,demo_parcel_383,5,Limbic,rh
19577,383,demo_parcel_383,5,Limbic,rh
19578,383,demo_parcel_383,5,Limbic,rh
19579,383,demo_parcel_383,5,Limbic,rh
19580,383,demo_parcel_383,5,Limbic,rh
19581,383,demo_parcel_383,5,Limbic,rh
19582,383,demo_parcel_383,5,Limbic,rh
19583,383,demo_parcel_383,5,Limbic,rh
19584,383,demo_parcel_383,5,Limbic,rh
19585,383,demo_parcel_383,5,Limbic,rh
19586,383,demo_parcel_383,5,Limbic,rh
19587,383,demo_parcel_383,5,Limbic,rh
19588,383,demo_parcel_383,5,Limbic,rh
19589,383,demo_parcel_383,5,Limbic,rh
19590,383,demo_parcel_383,5,Limbic,rh
19591,383,demo_parcel_383,5,Limbic,rh
19592,383,demo_parcel_383,5,Limbic,rh
19593,383,demo_parcel_383,5,Limbic,rh
19594,383,demo_parcel_383,5,Limbic,rh
19595,383,demo_parcel_383,5,Limbic,rh
19596,383,demo_parcel_383,5,Limbic,rh
19597,383,demo_parcel_383,5,Limbic,rh
19598,383,demo_parcel_383,5,Limbic,rh
19599,383,demo_parcel_383,5,Limbic,rh
19600,383,demo_parcel_383,5,Limbic,rh
19601,383,demo_parcel_383,5,Limbic,rh
19602,383,demo_parcel_383,5,Limbic,rh
19603,383,demo_parcel_383,5,Limbic,rh
19604,383,demo_parcel_383,5,Limbic,rh
19605,383,demo_parcel_383,5,Limbic,rh
19606,383,demo_parcel_383,5,Limbic,rh
19607,383,demo_parcel_383,5,Limbic,rh
19608,383,demo_parcel_383,5,Limbic,rh
19609,383,demo_parcel_383,5,Limbic,rh
19610,383,demo_parcel_383,5,Limbic,rh
19611,383,demo_parcel_383,5,Limbic,rh
19612,383,demo_parcel_383,5,Limbic,rh
19613,383,demo_parcel_383,5,Limbic,rh
19614,383,demo_parcel_383,5,Limbic,rh
19615,383,demo_parcel_383,5,Limbic,rh
19616,383,demo_parcel_383,5,Limbic,rh
19617,384,demo_parcel_384,6,Cont,rh
19618,384,demo_parcel_384,6,Cont,rh
19619,384,demo_parcel_384,6,Cont,rh
19620,384,demo_parcel_384,6,Cont,rh
19621,384,demo_parcel_384,6,Cont,rh
19622,384,demo_parcel_384,6,Cont,rh
19623,384,demo_parcel_384,6,Cont,rh
19624,384,demo_parcel_384,6,Cont,rh
19625,384,demo_parcel_384,6,Cont,rh
19626,384,demo_parcel_384,6,Cont,rh
19627,384,demo_parcel_384,6,Cont,rh
19628,384,demo_parcel_384,6,Cont,rh
19629,384,demo_parcel_384,6,Cont,rh
19630,384,demo_parcel_384,6,Cont,rh
19631,384,demo_parcel_384,6,Cont,rh
19632,384,demo_parcel_384,6,Cont,rh
19633,384,demo_parcel_384,6,Cont,rh
19634,384,demo_parcel_384,6,Cont,rh
19635,384,demo_parcel_384,6,Cont,rh
19636,384,demo_parcel_384,6,Cont,rh
19637,384,demo_parcel_384,6,Cont,rh
19638,384,demo_parcel_384,6,Cont,rh
19639,384,demo_parcel_384,6,Cont,rh
19640,384,demo_parcel_384,6,Cont,rh
19641,384,demo_parcel_384,6,Cont,rh
19642,384,demo_parcel_384,6,Cont,rh
19643,384,demo_parcel_384,6,Cont,rh
19644,384,demo_parcel_384,6,Cont,rh
19645,384,demo_parcel_384,6,Cont,rh
19646,384,demo_parcel_384,6,Cont,rh
19647,384,demo_parcel_384,6,Cont,rh
19648,384,demo_parcel_384,6,Cont,rh
19649,384,demo_parcel_384,6,Cont,rh
19650,384,demo_parcel_384,6,Cont,rh
19651,384,demo_parcel_384,6,Cont,rh
19652,384,demo_parcel_384,6,Cont,rh
19653,384,demo_parcel_384,6,Cont,rh
19654,384,demo_parcel_384,6,Cont,rh
19655,384,demo_parcel_384,6,Cont,rh
19656,384,demo_parcel_384,6,Cont,rh
19657,384,demo_parcel_384,6,Cont,rh
19658,384,demo_parcel_384,6,Cont,rh
19659,384,demo_parcel_384,6,Cont,rh
19660,384,demo_parcel_384,6,Cont,rh
19661,384,demo_parcel_384,6,Cont,rh
19662,384,demo_parcel_384,6,Cont,rh
19663,384,demo_parcel_384,6,Cont,rh
19664,384,demo_parcel_384,6,Cont,rh
19665,384,demo_parcel_384,6,Cont,rh
19666,384,demo_parcel_384,6,Cont,rh
19667,384,demo_parcel_384,6,Cont,rh
19668,385,demo_parcel_385,7,Default,rh
19669,385,demo_parcel_385,7,Default,rh
19670,385,demo_parcel_385,7,Default,rh
19671,385,demo_parcel_385,7,Default,rh
19672,385,demo_parcel_385,7,Default,rh
19673,385,demo_parcel_385,7,Default,rh
19674,385,demo_parcel_385,7,Default,rh
19675,385,demo_parcel_385,7,Default,rh
19676,385,demo_parcel_385,7,Default,rh
19677,385,demo_parcel_385,7,Default,rh
19678,385,demo_parcel_385,7,Default,rh
19679,385,demo_parcel_385,7,Default,rh
19680,385,demo_parcel_385,7,Default,rh
19681,385,demo_parcel_385,7,Default,rh
19682,385,demo_parcel_385,7,Default,rh
19683,385,demo_parcel_385,7,Default,rh
19684,385,demo_parcel_385,7,Default,rh
19685,385,demo_parcel_385,7,Default,rh
19686,385,demo_parcel_385,7,Default,rh
19687,385,demo_parcel_385,7,Default,rh
19688,385,demo_parcel_385,7,Default,rh
19689,385,demo_parcel_385,7,Default,rh
19690,385,demo_parcel_385,7,Default,rh
19691,385,demo_parcel_385,7,Default,rh
19692,385,demo_parcel_385,7,Default,rh
19693,385,demo_parcel_385,7,Default,rh
19694,385,demo_parcel_385,7,Default,rh
19695,385,demo_parcel_385,7,Default,rh
19696,385,demo_parcel_385,7,Default,rh
19697,385,demo_parcel_385,7,Default,rh
19698,385,demo_parcel_385,7,Default,rh
19699,385,demo_parcel_385,7,Default,rh
19700,385,demo_parcel_385,7,Default,rh
19701,385,demo_parcel_385,7,Default,rh
19702,385,demo_parcel_385,7,Default,rh
19703,385,demo_parcel_385,7,Default,rh
19704,385,demo_parcel_385,7,Default,rh
19705,385,demo_parcel_385,7,Default,rh
19706,385,demo_parcel_385,7,Default,rh
19707,385,demo_parcel_385,7,Default,rh
19708,385,demo_parcel_385,7,Default,rh
19709,385,demo_parcel_385,7,Default,rh
19710,385,demo_parcel_385,7,Default,rh
19711,385,demo_parcel_385,7,Default,rh
19712,385,demo_parcel_385,7,Default,rh
19713,385,demo_parcel_385,7,Default,rh
19714,385,demo_parcel_385,7,Default,rh
19715,385,demo_parcel_385,7,Default,rh
19716,385,demo_parcel_385,7,Default,rh
19717,385,demo_parcel_385,7,Default,rh
19718,385,demo_parcel_385,7,Default,rh
19719,386,demo_parcel_386,1,Vis,rh
19720,386,demo_parcel_386,1,Vis,rh
19721,386,demo_parcel_386,1,Vis,rh
19722,386,demo_parcel_386,1,Vis,rh
19723,386,demo_parcel_386,1,Vis,rh
19724,386,demo_parcel_386,1,Vis,rh
19725,386,demo_parcel_386,1,Vis,rh
19726,386,demo_parcel_386,1,Vis,rh
19727,386,demo_parcel_386,1,Vis,rh
19728,386,demo_parcel_386,1,Vis,rh
19729,386,demo_parcel_386,1,Vis,rh
19730,386,demo_parcel_386,1,Vis,rh
19731,386,demo_parcel_386,1,Vis,rh
19732,386,demo_parcel_386,1,Vis,rh
19733,386,demo_parcel_386,1,Vis,rh
19734,386,demo_parcel_386,1,Vis,rh
19735,386,demo_parcel_386,1,Vis,rh
19736,386,demo_parcel_386,1,Vis,rh
19737,386,demo_parcel_386,1,Vis,rh
19738,386,demo_parcel_386,1,Vis,rh
19739,386,demo_parcel_386,1,Vis,rh
19740,386,demo_parcel_386,1,Vis,rh
19741,386,demo_parcel_386,1,Vis,rh
19742,386,demo_parcel_386,1,Vis,rh
19743,386,demo_parcel_386,1,Vis,rh
19744,386,demo_parcel_386,1,Vis,rh
19745,386,demo_parcel_386,1,Vis,rh
19746,386,demo_parcel_386,1,Vis,rh
19747,386,demo_parcel_386,1,Vis,rh
19748,386,demo_parcel_386,1,Vis,rh
19749,386,demo_parcel_386,1,Vis,rh
19750,386,demo_parcel_386,1,Vis,rh
19751,386,demo_parcel_386,1,Vis,rh
19752,386,demo_parcel_386,1,Vis,rh
19753,386,demo_parcel_386,1,Vis,rh
19754,386,demo_parcel_386,1,Vis,rh
19755,386,demo_parcel_386,1,Vis,rh
19756,386,demo_parcel_386,1,Vis,rh
19757,386,demo_parcel_386,1,Vis,rh
19758,386,demo_parcel_386,1,Vis,rh
19759,386,demo_parcel_386,1,Vis,rh
19760,386,demo_parcel_386,1,Vis,rh
19761,386,demo_parcel_386,1,Vis,rh
19762,386,demo_parcel_386,1,Vis,rh
19763,386,demo_parcel_386,1,Vis,rh
19764,386,demo_parcel_386,1,Vis,rh
19765,386,demo_parcel_386,1,Vis,rh
19766,386,demo_parcel_386,1,Vis,rh
19767,386,demo_parcel_386,1,Vis,rh
19768,386,demo_parcel_386,1,Vis,rh
19769,386,demo_parcel_386,1,Vis,rh
19770,387,demo_parcel_387,2,SomMot,rh
19771,387,demo_parcel_387,2,SomMot,rh
19772,387,demo_parcel_387,2,SomMot,rh
19773,387,demo_parcel_387,2,SomMot,rh
19774,387,demo_parcel_387,2,SomMot,rh
19775,387,demo_parcel_387,2,SomMot,rh
19776,387,demo_parcel_387,2,SomMot,rh
19777,387,demo_parcel_387,2,SomMot,rh
19778,387,demo_parcel_387,2,SomMot,rh
19779,387,demo_parcel_387,2,SomMot,rh
19780,387,demo_parcel_387,2,SomMot,rh
19781,387,demo_parcel_387,2,SomMot,rh
19782,387,demo_parcel_387,2,SomMot,rh
19783,387,demo_parcel_387,2,SomMot,rh
19784,387,demo_parcel_387,2,SomMot,rh
19785,387,demo_parcel_387,2,SomMot,rh
19786,387,demo_parcel_387,2,SomMot,rh
19787,387,demo_parcel_387,2,SomMot,rh
19788,387,demo_parcel_387,2,SomMot,rh
19789,387,demo_parcel_387,2,SomMot,rh
19790,387,demo_parcel_387,2,SomMot,rh
19791,387,demo_parcel_387,2,SomMot,rh
19792,387,demo_parcel_387,2,SomMot,rh
19793,387,demo_parcel_387,2,SomMot,rh
19794,387,demo_parcel_387,2,SomMot,rh
19795,387,demo_parcel_387,2,SomMot,rh
19796,387,demo_parcel_387,2,SomMot,rh
19797,387,demo_parcel_387,2,SomMot,rh
19798,387,demo_parcel_387,2,SomMot,rh
19799,387,demo_parcel_387,2,SomMot,rh
19800,387,demo_parcel_387,2,SomMot,rh
19801,387,demo_parcel_387,2,SomMot,rh
19802,387,demo_parcel_387,2,SomMot,rh
19803,387,demo_parcel_387,2,SomMot,rh
19804,387,demo_parcel_387,2,SomMot,rh
19805,387,demo_parcel_387,2,SomMot,rh
19806,387,demo_parcel_387,2,SomMot,rh
19807,387,demo_parcel_387,2,SomMot,rh
19808,387,demo_parcel_387,2,SomMot,rh
19809,387,demo_parcel_387,2,SomMot,rh
19810,387,demo_parcel_387,2,SomMot,rh
19811,387,demo_parcel_387,2,SomMot,rh
19812,387,demo_parcel_387,2,SomMot,rh
19813,387,demo_parcel_387,2,SomMot,rh
19814,387,demo_parcel_387,2,SomMot,rh
19815,387,demo_parcel_387,2,SomMot,rh
19816,387,demo_parcel_387,2,SomMot,rh
19817,387,demo_parcel_387,2,SomMot,rh
19818,387,demo_parcel_387,2,SomMot,rh
19819,387,demo_parcel_387,2,SomMot,rh
19820,387,demo_parcel_387,2,SomMot,rh
19821,388,demo_parcel_388,3,DorsAttn,rh
19822,388,demo_parcel_388,3,DorsAttn,rh
19823,388,demo_parcel_388,3,DorsAttn,rh
19824,388,demo_parcel_388,3,DorsAttn,rh
19825,388,demo_parcel_388,3,DorsAttn,rh
19826,388,demo_parcel_388,3,DorsAttn,rh
19827,388,demo_parcel_388,3,DorsAttn,rh
19828,388,demo_parcel_388,3,DorsAttn,rh
19829,388,demo_parcel_388,3,DorsAttn,rh
19830,388,demo_parcel_388,3,DorsAttn,rh
19831,388,demo_parcel_388,3,DorsAttn,rh
19832,388,demo_parcel_388,3,DorsAttn,rh
19833,388,demo_parcel_388,3,DorsAttn,rh
19834,388,demo_parcel_388,3,DorsAttn,rh
19835,388,demo_parcel_388,3,DorsAttn,rh
19836,388,demo_parcel_388,3,DorsAttn,rh
19837,388,demo_parcel_388,3,DorsAttn,rh
19838,388,demo_parcel_388,3,DorsAttn,rh
19839,388,demo_parcel_388,3,DorsAttn,rh
19840,388,demo_parcel_388,3,DorsAttn,rh
19841,388,demo_parcel_388,3,DorsAttn,rh
19842,388,demo_parcel_388,3,DorsAttn,rh
19843,388,demo_parcel_388,3,DorsAttn,rh
19844,388,demo_parcel_388,3,DorsAttn,rh
19845,388,demo_parcel_388,3,DorsAttn,rh
19846,388,demo_parcel_388,3,DorsAttn,rh
19847,388,demo_parcel_388,3,DorsAttn,rh
19848,388,demo_parcel_388,3,DorsAttn,rh
19849,388,demo_parcel_388,3,DorsAttn,rh
19850,388,demo_parcel_388,3,DorsAttn,rh
19851,388,demo_parcel_388,3,DorsAttn,rh
19852,388,demo_parcel_388,3,DorsAttn,rh
19853,388,demo_parcel_388,3,DorsAttn,rh
19854,388,demo_parcel_388,3,DorsAttn,rh
19855,388,demo_parcel_388,3,DorsAttn,rh
19856,388,demo_parcel_388,3,DorsAttn,rh
19857,388,demo_parcel_388,3,DorsAttn,rh
19858,388,demo_parcel_388,3,DorsAttn,rh
19859,388,demo_parcel_388,3,DorsAttn,rh
19860,388,demo_parcel_388,3,DorsAttn,rh
19861,388,demo_parcel_388,3,DorsAttn,rh
19862,388,demo_parcel_388,3,DorsAttn,rh
19863,388,demo_parcel_388,3,DorsAttn,rh
19864,388,demo_parcel_388,3,DorsAttn,rh
19865,388,demo_parcel_388,3,DorsAttn,rh
19866,388,demo_parcel_388,3,DorsAttn,rh
19867,388,demo_parcel_388,3,DorsAttn,rh
19868,388,demo_parcel_388,3,DorsAttn,rh
19869,388,demo_parcel_388,3,DorsAttn,rh
19870,388,demo_parcel_388,3,DorsAttn,rh
19871,388,demo_parcel_388,3,DorsAttn,rh
19872,389,demo_parcel_389,4,SalVentAttn,rh
19873,389,demo_parcel_389,4,SalVentAttn,rh
19874,389,demo_parcel_389,4,SalVentAttn,rh
19875,389,demo_parcel_389,4,SalVentAttn,rh
19876,389,demo_parcel_389,4,SalVentAttn,rh
19877,389,demo_parcel_389,4,SalVentAttn,rh
19878,389,demo_parcel_389,4,SalVentAttn,rh
19879,389,demo_parcel_389,4,SalVentAttn,rh
19880,389,demo_parcel_389,4,SalVentAttn,rh
19881,389,demo_parcel_389,4,SalVentAttn,rh
19882,389,demo_parcel_389,4,SalVentAttn,rh
19883,389,demo_parcel_389,4,SalVentAttn,rh
19884,389,demo_parcel_389,4,SalVentAttn,rh
19885,389,demo_parcel_389,4,SalVentAttn,rh
19886,389,demo_parcel_389,4,SalVentAttn,rh
19887,389,demo_parcel_389,4,SalVentAttn,rh
19888,389,demo_parcel_389,4,SalVentAttn,rh
19889,389,demo_parcel_389,4,SalVentAttn,rh
19890,389,demo_parcel_389,4,SalVentAttn,rh
19891,389,demo_parcel_389,4,SalVentAttn,rh
19892,389,demo_parcel_389,4,SalVentAttn,rh
19893,389,demo_parcel_389,4,SalVentAttn,rh
19894,389,demo_parcel_389,4,SalVentAttn,rh
19895,389,demo_parcel_389,4,SalVentAttn,rh
19896,389,demo_parcel_389,4,SalVentAttn,rh
19897,389,demo_parcel_389,4,SalVentAttn,rh
19898,389,demo_parcel_389,4,SalVentAttn,rh
19899,389,demo_parcel_389,4,SalVentAttn,rh
19900,389,demo_parcel_389,4,SalVentAttn,rh
19901,389,demo_parcel_389,4,SalVentAttn,rh
19902,389,demo_parcel_389,4,SalVentAttn,rh
19903,389,demo_parcel_389,4,SalVentAttn,rh
19904,389,demo_parcel_389,4,SalVentAttn,rh
19905,389,demo_parcel_389,4,SalVentAttn,rh
19906,389,demo_parcel_389,4,SalVentAttn,rh
19907,389,demo_parcel_389,4,SalVentAttn,rh
19908,389,demo_parcel_389,4,SalVentAttn,rh
19909,389,demo_parcel_389,4,SalVentAttn,rh
19910,389,demo_parcel_389,4,SalVentAttn,rh
19911,389,demo_parcel_389,4,SalVentAttn,rh
19912,389,demo_parcel_389,4,SalVentAttn,rh
19913,389,demo_parcel_389,4,SalVentAttn,rh
19914,389,demo_parcel_389,4,SalVentAttn,rh
19915,389,demo_parcel_389,4,SalVentAttn,rh
19916,389,demo_parcel_389,4,SalVentAttn,rh
19917,389,demo_parcel_389,4,SalVentAttn,rh
19918,389,demo_parcel_389,4,SalVentAttn,rh
19919,389,demo_parcel_389,4,SalVentAttn,rh
19920,389,demo_parcel_389,4,SalVentAttn,rh
19921,389,demo_parcel_389,4,SalVentAttn,rh
19922,389,demo_parcel_389,4,SalVentAttn,rh
19923,390,demo_parcel_390,5,Limbic,rh
19924,390,demo_parcel_390,5,Limbic,rh
19925,390,demo_parcel_390,5,Limbic,rh
19926,390,demo_parcel_390,5,Limbic,rh
19927,390,demo_parcel_390,5,Limbic,rh
19928,390,demo_parcel_390,5,Limbic,rh
19929,390,demo_parcel_390,5,Limbic,rh
19930,390,demo_parcel_390,5,Limbic,rh
19931,390,demo_parcel_390,5,Limbic,rh
19932,390,demo_parcel_390,5,Limbic,rh
19933,390,demo_parcel_390,5,Limbic,rh
19934,390,demo_parcel_390,5,Limbic,rh
19935,390,demo_parcel_390,5,Limbic,rh
19936,390,demo_parcel_390,5,Limbic,rh
19937,390,demo_parcel_390,5,Limbic,rh
19938,390,demo_parcel_390,5,Limbic,rh
19939,390,demo_parcel_390,5,Limbic,rh
19940,390,demo_parcel_390,5,Limbic,rh
19941,390,demo_parcel_390,5,Limbic,rh
19942,390,demo_parcel_390,5,Limbic,rh
19943,390,demo_parcel_390,5,Limbic,rh
19944,390,demo_parcel_390,5,Limbic,rh
19945,390,demo_parcel_390,5,Limbic,rh
19946,390,demo_parcel_390,5,Limbic,rh
19947,390,demo_parcel_390,5,Limbic,rh
19948,390,demo_parcel_390,5,Limbic,rh
19949,390,demo_parcel_390,5,Limbic,rh
19950,390,demo_parcel_390,5,Limbic,rh
19951,390,demo_parcel_390,5,Limbic,rh
19952,390,demo_parcel_390,5,Limbic,rh
19953,390,demo_parcel_390,5,Limbic,rh
19954,390,demo_parcel_390,5,Limbic,rh
19955,390,demo_parcel_390,5,Limbic,rh
19956,390,demo_parcel_390,5,Limbic,rh
19957,390,demo_parcel_390,5,Limbic,rh
19958,390,demo_parcel_390,5,Limbic,rh
19959,390,demo_parcel_390,5,Limbic,rh
19960,390,demo_parcel_390,5,Limbic,rh
19961,390,demo_parcel_390,5,Limbic,rh
19962,390,demo_parcel_390,5,Limbic,rh
19963,390,demo_parcel_390,5,Limbic,rh
19964,390,demo_parcel_390,5,Limbic,rh
19965,390,demo_parcel_390,5,Limbic,rh
19966,390,demo_parcel_390,5,Limbic,rh
19967,390,demo_parcel_390,5,Limbic,rh
19968,390,demo_parcel_390,5,Limbic,rh
19969,390,demo_parcel_390,5,Limbic,rh
19970,390,demo_parcel_390,5,Limbic,rh
19971,390,demo_parcel_390,5,Limbic,rh
19972,390,demo_parcel_390,5,Limbic,rh
19973,390,demo_parcel_390,5,Limbic,rh
19974,391,demo_parcel_391,6,Cont,rh
19975,391,demo_parcel_391,6,Cont,rh
19976,391,demo_parcel_391,6,Cont,rh
19977,391,demo_parcel_391,6,Cont,rh
19978,391,demo_parcel_391,6,Cont,rh
19979,391,demo_parcel_391,6,Cont,rh
19980,391,demo_parcel_391,6,Cont,rh
19981,391,demo_parcel_391,6,Cont,rh
19982,391,demo_parcel_391,6,Cont,rh
19983,391,demo_parcel_391,6,Cont,rh
19984,391,demo_parcel_391,6,Cont,rh
19985,391,demo_parcel_391,6,Cont,rh
19986,391,demo_parcel_391,6,Cont,rh
19987,391,demo_parcel_391,6,Cont,rh
19988,391,demo_parcel_391,6,Cont,rh
19989,391,demo_parcel_391,6,Cont,rh
19990,391,demo_parcel_391,6,Cont,rh
19991,391,demo_parcel_391,6,Cont,rh
19992,391,demo_parcel_391,6,Cont,rh
19993,391,demo_parcel_391,6,Cont,rh
19994,391,demo_parcel_391,6,Cont,rh
19995,391,demo_parcel_391,6,Cont,rh
19996,391,demo_parcel_391,6,Cont,rh
19997,391,demo_parcel_391,6,Cont,rh
19998,391,demo_parcel_391,6,Cont,rh
19999,391,demo_parcel_391,6,Cont,rh
20000,391,demo_parcel_391,6,Cont,rh
20001,391,demo_parcel_391,6,Cont,rh
20002,391,demo_parcel_391,6,Cont,rh
20003,391,demo_parcel_391,6,Cont,rh
20004,391,demo_parcel_391,6,Cont,rh
20005,391,demo_parcel_391,6,Cont,rh
20006,391,demo_parcel_391,6,Cont,rh
20007,391,demo_parcel_391,6,Cont,rh
20008,391,demo_parcel_391,6,Cont,rh
20009,391,demo_parcel_391,6,Cont,rh
20010,391,demo_parcel_391,6,Cont,rh
20011,391,demo_parcel_391,6,Cont,rh
20012,391,demo_parcel_391,6,Cont,rh
20013,391,demo_parcel_391,6,Cont,rh
20014,391,demo_parcel_391,6,Cont,rh
20015,391,demo_parcel_391,6,Cont,rh
20016,391,demo_parcel_391,6,Cont,rh
20017,391,demo_parcel_391,6,Cont,rh
20018,391,demo_parcel_391,6,Cont,rh
20019,391,demo_parcel_391,6,Cont,rh
20020,391,demo_parcel_391,6,Cont,rh
20021,391,demo_parcel_391,6,Cont,rh
20022,391,demo_parcel_391,6,Cont,rh
20023,391,demo_parcel_391,6,Cont,rh
20024,391,demo_parcel_391,6,Cont,rh
20025,392,demo_parcel_392,7,Default,rh
20026,392,demo_parcel_392,7,Default,rh
20027,392,demo_parcel_392,7,Default,rh
20028,392,demo_parcel_392,7,Default,rh
20029,392,demo_parcel_392,7,Default,rh
20030,392,demo_parcel_392,7,Default,rh
20031,392,demo_parcel_392,7,Default,rh
20032,392,demo_parcel_392,7,Default,rh
20033,392,demo_parcel_392,7,Default,rh
20034,392,demo_parcel_392,7,Default,rh
20035,392,demo_parcel_392,7,Default,rh
20036,392,demo_parcel_392,7,Default,rh
20037,392,demo_parcel_392,7,Default,rh
20038,392,demo_parcel_392,7,Default,rh
20039,392,demo_parcel_392,7,Default,rh
20040,392,demo_parcel_392,7,Default,rh
20041,392,demo_parcel_392,7,Default,rh
20042,392,demo_parcel_392,7,Default,rh
20043,392,demo_parcel_392,7,Default,rh
20044,392,demo_parcel_392,7,Default,rh
20045,392,demo_parcel_392,7,Default,rh
20046,392,demo_parcel_392,7,Default,rh
20047,392,demo_parcel_392,7,Default,rh
20048,392,demo_parcel_392,7,Default,rh
20049,392,demo_parcel_392,7,Default,rh
20050,392,demo_parcel_392,7,Default,rh
20051,392,demo_parcel_392,7,Default,rh
20052,392,demo_parcel_392,7,Default,rh
20053,392,demo_parcel_392,7,Default,rh
20054,392,demo_parcel_392,7,Default,rh
20055,392,demo_parcel_392,7,Default,rh
20056,392,demo_parcel_392,7,Default,rh
20057,392,demo_parcel_392,7,Default,rh
20058,392,demo_parcel_392,7,Default,rh
20059,392,demo_parcel_392,7,Default,rh
20060,392,demo_parcel_392,7,Default,rh
20061,392,demo_parcel_392,7,Default,rh
20062,392,demo_parcel_392,7,Default,rh
20063,392,demo_parcel_392,7,Default,rh
20064,392,demo_parcel_392,7,Default,rh
20065,392,demo_parcel_392,7,Default,rh
20066,392,demo_parcel_392,7,Default,rh
20067,392,demo_parcel_392,7,Default,rh
20068,392,demo_parcel_392,7,Default,rh
20069,392,demo_parcel_392,7,Default,rh
20070,392,demo_parcel_392,7,Default,rh
20071,392,demo_parcel_392,7,Default,rh
20072,392,demo_parcel_392,7,Default,rh
20073,392,demo_parcel_392,7,Default,rh
20074,392,demo_parcel_392,7,Default,rh
20075,392,demo_parcel_392,7,Default,rh
20076,393,demo_parcel_393,1,Vis,rh
20077,393,demo_parcel_393,1,Vis,rh
20078,393,demo_parcel_393,1,Vis,rh
20079,393,demo_parcel_393,1,Vis,rh
20080,393,demo_parcel_393,1,Vis,rh
20081,393,demo_parcel_393,1,Vis,rh
20082,393,demo_parcel_393,1,Vis,rh
20083,393,demo_parcel_393,1,Vis,rh
20084,393,demo_parcel_393,1,Vis,rh
20085,393,demo_parcel_393,1,Vis,rh
20086,393,demo_parcel_393,1,Vis,rh
20087,393,demo_parcel_393,1,Vis,rh
20088,393,demo_parcel_393,1,Vis,rh
20089,393,demo_parcel_393,1,Vis,rh
20090,393,demo_parcel_393,1,Vis,rh
20091,393,demo_parcel_393,1,Vis,rh
20092,393,demo_parcel_393,1,Vis,rh
20093,393,demo_parcel_393,1,Vis,rh
20094,393,demo_parcel_393,1,Vis,rh
20095,393,demo_parcel_393,1,Vis,rh
20096,393,demo_parcel_393,1,Vis,rh
20097,393,demo_parcel_393,1,Vis,rh
20098,393,demo_parcel_393,1,Vis,rh
20099,393,demo_parcel_393,1,Vis,rh
20100,393,demo_parcel_393,1,Vis,rh
20101,393,demo_parcel_393,1,Vis,rh
20102,393,demo_parcel_393,1,Vis,rh
20103,393,demo_parcel_393,1,Vis,rh
20104,393,demo_parcel_393,1,Vis,rh
20105,393,demo_parcel_393,1,Vis,rh
20106,393,demo_parcel_393,1,Vis,rh
20107,393,demo_parcel_393,1,Vis,rh
20108,393,demo_parcel_393,1,Vis,rh
20109,393,demo_parcel_393,1,Vis,rh
20110,393,demo_parcel_393,1,Vis,rh
20111,393,demo_parcel_393,1,Vis,rh
20112,393,demo_parcel_393,1,Vis,rh
20113,393,demo_parcel_393,1,Vis,rh
20114,393,demo_parcel_393,1,Vis,rh
20115,393,demo_parcel_393,1,Vis,rh
20116,393,demo_parcel_393,1,Vis,rh
20117,393,demo_parcel_393,1,Vis,rh
20118,393,demo_parcel_393,1,Vis,rh
20119,393,demo_parcel_393,1,Vis,rh
20120,393,demo_parcel_393,1,Vis,rh
20121,393,demo_parcel_393,1,Vis,rh
20122,393,demo_parcel_393,1,Vis,rh
20123,393,demo_parcel_393,1,Vis,rh
20124,393,demo_parcel_393,1,Vis,rh
20125,393,demo_parcel_393,1,Vis,rh
20126,393,demo_parcel_393,1,Vis,rh
20127,394,demo_parcel_394,2,SomMot,rh
20128,394,demo_parcel_394,2,SomMot,rh
20129,394,demo_parcel_394,2,SomMot,rh
20130,394,demo_parcel_394,2,SomMot,rh
20131,394,demo_parcel_394,2,SomMot,rh
20132,394,demo_parcel_394,2,SomMot,rh
20133,394,demo_parcel_394,2,SomMot,rh
20134,394,demo_parcel_394,2,SomMot,rh
20135,394,demo_parcel_394,2,SomMot,rh
20136,394,demo_parcel_394,2,SomMot,rh
20137,394,demo_parcel_394,2,SomMot,rh
20138,394,demo_parcel_394,2,SomMot,rh
20139,394,demo_parcel_394,2,SomMot,rh
20140,394,demo_parcel_394,2,SomMot,rh
20141,394,demo_parcel_394,2,SomMot,rh
20142,394,demo_parcel_394,2,SomMot,rh
20143,394,demo_parcel_394,2,SomMot,rh
20144,394,demo_parcel_394,2,SomMot,rh
20145,394,demo_parcel_394,2,SomMot,rh
20146,394,demo_parcel_394,2,SomMot,rh
20147,394,demo_parcel_394,2,SomMot,rh
20148,394,demo_parcel_394,2,SomMot,rh
20149,394,demo_parcel_394,2,SomMot,rh
20150,394,demo_parcel_394,2,SomMot,rh
20151,394,demo_parcel_394,2,SomMot,rh
20152,394,demo_parcel_394,2,SomMot,rh
20153,394,demo_parcel_394,2,SomMot,rh
20154,394,demo_parcel_394,2,SomMot,rh
20155,394,demo_parcel_394,2,SomMot,rh
20156,394,demo_parcel_394,2,SomMot,rh
20157,394,demo_parcel_394,2,SomMot,rh
20158,394,demo_parcel_394,2,SomMot,rh
20159,394,demo_parcel_394,2,SomMot,rh
20160,394,demo_parcel_394,2,SomMot,rh
20161,394,demo_parcel_394,2,SomMot,rh
20162,394,demo_parcel_394,2,SomMot,rh
20163,394,demo_parcel_394,2,SomMot,rh
20164,394,demo_parcel_394,2,SomMot,rh
20165,394,demo_parcel_394,2,SomMot,rh
20166,394,demo_parcel_394,2,SomMot,rh
20167,394,demo_parcel_394,2,SomMot,rh
20168,394,demo_parcel_394,2,SomMot,rh
20169,394,demo_parcel_394,2,SomMot,rh
20170,394,demo_parcel_394,2,SomMot,rh
20171,394,demo_parcel_394,2,SomMot,rh
20172,394,demo_parcel_394,2,SomMot,rh
20173,394,demo_parcel_394,2,SomMot,rh
20174,394,demo_parcel_394,2,SomMot,rh
20175,394,demo_parcel_394,2,SomMot,rh
20176,394,demo_parcel_394,2,SomMot,rh
20177,394,demo_parcel_394,2,SomMot,rh
20178,395,demo_parcel_395,3,DorsAttn,rh
20179,395,demo_parcel_395,3,DorsAttn,rh
20180,395,demo_parcel_395,3,DorsAttn,rh
20181,395,demo_parcel_395,3,DorsAttn,rh
20182,395,demo_parcel_395,3,DorsAttn,rh
20183,395,demo_parcel_395,3,DorsAttn,rh
20184,395,demo_parcel_395,3,DorsAttn,rh
20185,395,demo_parcel_395,3,DorsAttn,rh
20186,395,demo_parcel_395,3,DorsAttn,rh
20187,395,demo_parcel_395,3,DorsAttn,rh
20188,395,demo_parcel_395,3,DorsAttn,rh
20189,395,demo_parcel_395,3,DorsAttn,rh
20190,395,demo_parcel_395,3,DorsAttn,rh
20191,395,demo_parcel_395,3,DorsAttn,rh
20192,395,demo_parcel_395,3,DorsAttn,rh
20193,395,demo_parcel_395,3,DorsAttn,rh
20194,395,demo_parcel_395,3,DorsAttn,rh
20195,395,demo_parcel_395,3,DorsAttn,rh
20196,395,demo_parcel_395,3,DorsAttn,rh
20197,395,demo_parcel_395,3,DorsAttn,rh
20198,395,demo_parcel_395,3,DorsAttn,rh
20199,395,demo_parcel_395,3,DorsAttn,rh
20200,395,demo_parcel_395,3,DorsAttn,rh
20201,395,demo_parcel_395,3,DorsAttn,rh
20202,395,demo_parcel_395,3,DorsAttn,rh
20203,395,demo_parcel_395,3,DorsAttn,rh
20204,395,demo_parcel_395,3,DorsAttn,rh
20205,395,demo_parcel_395,3,DorsAttn,rh
20206,395,demo_parcel_395,3,DorsAttn,rh
20207,395,demo_parcel_395,3,DorsAttn,rh
20208,395,demo_parcel_395,3,DorsAttn,rh
20209,395,demo_parcel_395,3,DorsAttn,rh
20210,395,demo_parcel_395,3,DorsAttn,rh
20211,395,demo_parcel_395,3,DorsAttn,rh
20212,395,demo_parcel_395,3,DorsAttn,rh
20213,395,demo_parcel_395,3,DorsAttn,rh
20214,395,demo_parcel_395,3,DorsAttn,rh
20215,395,demo_parcel_395,3,DorsAttn,rh
20216,395,demo_parcel_395,3,DorsAttn,rh
20217,395,demo_parcel_395,3,DorsAttn,rh
20218,395,demo_parcel_395,3,DorsAttn,rh
20219,395,demo_parcel_395,3,DorsAttn,rh
20220,395,demo_parcel_395,3,DorsAttn,rh
20221,395,demo_parcel_395,3,DorsAttn,rh
20222,395,demo_parcel_395,3,DorsAttn,rh
20223,395,demo_parcel_395,3,DorsAttn,rh
20224,395,demo_parcel_395,3,DorsAttn,rh
20225,395,demo_parcel_395,3,DorsAttn,rh
20226,395,demo_parcel_395,3,DorsAttn,rh
20227,395,demo_parcel_395,3,DorsAttn,rh
20228,395,demo_parcel_395,3,DorsAttn,rh
20229,396,demo_parcel_396,4,SalVentAttn,rh
20230,396,demo_parcel_396,4,SalVentAttn,rh
20231,396,demo_parcel_396,4,SalVentAttn,rh
20232,396,demo_parcel_396,4,SalVentAttn,rh
20233,396,demo_parcel_396,4,SalVentAttn,rh
20234,396,demo_parcel_396,4,SalVentAttn,rh
20235,396,demo_parcel_396,4,SalVentAttn,rh
20236,396,demo_parcel_396,4,SalVentAttn,rh
20237,396,demo_parcel_396,4,SalVentAttn,rh
20238,396,demo_parcel_396,4,SalVentAttn,rh
20239,396,demo_parcel_396,4,SalVentAttn,rh
20240,396,demo_parcel_396,4,SalVentAttn,rh
20241,396,demo_parcel_396,4,SalVentAttn,rh
20242,396,demo_parcel_396,4,SalVentAttn,rh
20243,396,demo_parcel_396,4,SalVentAttn,rh
20244,396,demo_parcel_396,4,SalVentAttn,rh
20245,396,demo_parcel_396,4,SalVentAttn,rh
20246,396,demo_parcel_396,4,SalVentAttn,rh
20247,396,demo_parcel_396,4,SalVentAttn,rh
20248,396,demo_parcel_396,4,SalVentAttn,rh
20249,396,demo_parcel_396,4,SalVentAttn,rh
20250,396,demo_parcel_396,4,SalVentAttn,rh
20251,396,demo_parcel_396,4,SalVentAttn,rh
20252,396,demo_parcel_396,4,SalVentAttn,rh
20253,396,demo_parcel_396,4,SalVentAttn,rh
20254,396,demo_parcel_396,4,SalVentAttn,rh
20255,396,demo_parcel_396,4,SalVentAttn,rh
20256,396,demo_parcel_396,4,SalVentAttn,rh
20257,396,demo_parcel_396,4,SalVentAttn,rh
20258,396,demo_parcel_396,4,SalVentAttn,rh
20259,396,demo_parcel_396,4,SalVentAttn,rh
20260,396,demo_parcel_396,4,SalVentAttn,rh
20261,396,demo_parcel_396,4,SalVentAttn,rh
20262,396,demo_parcel_396,4,SalVentAttn,rh
20263,396,demo_parcel_396,4,SalVentAttn,rh
20264,396,demo_parcel_396,4,SalVentAttn,rh
20265,396,demo_parcel_396,4,SalVentAttn,rh
20266,396,demo_parcel_396,4,SalVentAttn,rh
20267,396,demo_parcel_396,4,SalVentAttn,rh
20268,396,demo_parcel_396,4,SalVentAttn,rh
20269,396,demo_parcel_396,4,SalVentAttn,rh
20270,396,demo_parcel_396,4,SalVentAttn,rh
20271,396,demo_parcel_396,4,SalVentAttn,rh
20272,396,demo_parcel_396,4,SalVentAttn,rh
20273,396,demo_parcel_396,4,SalVentAttn,rh
20274,396,demo_parcel_396,4,SalVentAttn,rh
20275,396,demo_parcel_396,4,SalVentAttn,rh
20276,396,demo_parcel_396,4,SalVentAttn,rh
20277,396,demo_parcel_396,4,SalVentAttn,rh
20278,396,demo_parcel_396,4,SalVentAttn,rh
20279,396,demo_parcel_396,4,SalVentAttn,rh
20280,397,demo_parcel_397,5,Limbic,rh
20281,397,demo_parcel_397,5,Limbic,rh
20282,397,demo_parcel_397,5,Limbic,rh
20283,397,demo_parcel_397,5,Limbic,rh
20284,397,demo_parcel_397,5,Limbic,rh
20285,397,demo_parcel_397,5,Limbic,rh
20286,397,demo_parcel_397,5,Limbic,rh
20287,397,demo_parcel_397,5,Limbic,rh
20288,397,demo_parcel_397,5,Limbic,rh
20289,397,demo_parcel_397,5,Limbic,rh
20290,397,demo_parcel_397,5,Limbic,rh
20291,397,demo_parcel_397,5,Limbic,rh
20292,397,demo_parcel_397,5,Limbic,rh
20293,397,demo_parcel_397,5,Limbic,rh
20294,397,demo_parcel_397,5,Limbic,rh
20295,397,demo_parcel_397,5,Limbic,rh
20296,397,demo_parcel_397,5,Limbic,rh
20297,397,demo_parcel_397,5,Limbic,rh
20298,397,demo_parcel_397,5,Limbic,rh
20299,397,demo_parcel_397,5,Limbic,rh
20300,397,demo_parcel_397,5,Limbic,rh
20301,397,demo_parcel_397,5,Limbic,rh
20302,397,demo_parcel_397,5,Limbic,rh
20303,397,demo_parcel_397,5,Limbic,rh
20304,397,demo_parcel_397,5,Limbic,rh
20305,397,demo_parcel_397,5,Limbic,rh
20306,397,demo_parcel_397,5,Limbic,rh
20307,397,demo_parcel_397,5,Limbic,rh
20308,397,demo_parcel_397,5,Limbic,rh
20309,397,demo_parcel_397,5,Limbic,rh
20310,397,demo_parcel_397,5,Limbic,rh
20311,397,demo_parcel_397,5,Limbic,rh
20312,397,demo_parcel_397,5,Limbic,rh
20313,397,demo_parcel_397,5,Limbic,rh
20314,397,demo_parcel_397,5,Limbic,rh
20315,397,demo_parcel_397,5,Limbic,rh
20316,397,demo_parcel_397,5,Limbic,rh
20317,397,demo_parcel_397,5,Limbic,rh
20318,397,demo_parcel_397,5,Limbic,rh
20319,397,demo_parcel_397,5,Limbic,rh
20320,397,demo_parcel_397,5,Limbic,rh
20321,397,demo_parcel_397,5,Limbic,rh
20322,397,demo_parcel_397,5,Limbic,rh
20323,397,demo_parcel_397,5,Limbic,rh
20324,397,demo_parcel_397,5,Limbic,rh
20325,397,demo_parcel_397,5,Limbic,rh
20326,397,demo_parcel_397,5,Limbic,rh
20327,397,demo_parcel_397,5,Limbic,rh
20328,397,demo_parcel_397,5,Limbic,rh
20329,397,demo_parcel_397,5,Limbic,rh
20330,397,demo_parcel_397,5,Limbic,rh
20331,398,demo_parcel_398,6,Cont,rh
20332,398,demo_parcel_398,6,Cont,rh
20333,398,demo_parcel_398,6,Cont,rh
20334,398,demo_parcel_398,6,Cont,rh
20335,398,demo_parcel_398,6,Cont,rh
20336,398,demo_parcel_398,6,Cont,rh
20337,398,demo_parcel_398,6,Cont,rh
20338,398,demo_parcel_398,6,Cont,rh
20339,398,demo_parcel_398,6,Cont,rh
20340,398,demo_parcel_398,6,Cont,rh
20341,398,demo_parcel_398,6,Cont,rh
20342,398,demo_parcel_398,6,Cont,rh
20343,398,demo_parcel_398,6,Cont,rh
20344,398,demo_parcel_398,6,Cont,rh
20345,398,demo_parcel_398,6,Cont,rh
20346,398,demo_parcel_398,6,Cont,rh
20347,398,demo_parcel_398,6,Cont,rh
20348,398,demo_parcel_398,6,Cont,rh
20349,398,demo_parcel_398,6,Cont,rh
20350,398,demo_parcel_398,6,Cont,rh
20351,398,demo_parcel_398,6,Cont,rh
20352,398,demo_parcel_398,6,Cont,rh
20353,398,demo_parcel_398,6,Cont,rh
20354,398,demo_parcel_398,6,Cont,rh
20355,398,demo_parcel_398,6,Cont,rh
20356,398,demo_parcel_398,6,Cont,rh
20357,398,demo_parcel_398,6,Cont,rh
20358,398,demo_parcel_398,6,Cont,rh
20359,398,demo_parcel_398,6,Cont,rh
20360,398,demo_parcel_398,6,Cont,rh
20361,398,demo_parcel_398,6,Cont,rh
20362,398,demo_parcel_398,6,Cont,rh
20363,398,demo_parcel_398,6,Cont,rh
20364,398,demo_parcel_398,6,Cont,rh
20365,398,demo_parcel_398,6,Cont,rh
20366,398,demo_parcel_398,6,Cont,rh
20367,398,demo_parcel_398,6,Cont,rh
20368,398,demo_parcel_398,6,Cont,rh
20369,398,demo_parcel_398,6,Cont,rh
20370,398,demo_parcel_398,6,Cont,rh
20371,398,demo_parcel_398,6,Cont,rh
20372,398,demo_parcel_398,6,Cont,rh
20373,398,demo_parcel_398,6,Cont,rh
20374,398,demo_parcel_398,6,Cont,rh
20375,398,demo_parcel_398,6,Cont,rh
20376,398,demo_parcel_398,6,Cont,rh
20377,398,demo_parcel_398,6,Cont,rh
20378,398,demo_parcel_398,6,Cont,rh
20379,398,demo_parcel_398,6,Cont,rh
20380,398,demo_parcel_398,6,Cont,rh
20381,398,demo_parcel_398,6,Cont,rh
20382,399,demo_parcel_399,7,Default,rh
20383,399,demo_parcel_399,7,Default,rh
20384,399,demo_parcel_399,7,Default,rh
20385,399,demo_parcel_399,7,Default,rh
20386,399,demo_parcel_399,7,Default,rh
20387,399,demo_parcel_399,7,Default,rh
20388,399,demo_parcel_399,7,Default,rh
20389,399,demo_parcel_399,7,Default,rh
20390,399,demo_parcel_399,7,Default,rh
20391,399,demo_parcel_399,7,Default,rh
20392,399,demo_parcel_399,7,Default,rh
20393,399,demo_parcel_399,7,Default,rh
20394,399,demo_parcel_399,7,Default,rh
20395,399,demo_parcel_399,7,Default,rh
20396,399,demo_parcel_399,7,Default,rh
20397,399,demo_parcel_399,7,Default,rh
20398,399,demo_parcel_399,7,Default,rh
20399,399,demo_parcel_399,7,Default,rh
20400,399,demo_parcel_399,7,Default,rh
20401,399,demo_parcel_399,7,Default,rh
20402,399,demo_parcel_399,7,Default,rh
20403,399,demo_parcel_399,7,Default,rh
20404,399,demo_parcel_399,7,Default,rh
20405,399,demo_parcel_399,7,Default,rh
20406,399,demo_parcel_399,7,Default,rh
20407,399,demo_parcel_399,7,Default,rh
20408,399,demo_parcel_399,7,Default,rh
20409,399,demo_parcel_399,7,Default,rh
20410,399,demo_parcel_399,7,Default,rh
20411,399,demo_parcel_399,7,Default,rh
20412,399,demo_parcel_399,7,Default,rh
20413,399,demo_parcel_399,7,Default,rh
20414,399,demo_parcel_399,7,Default,rh
20415,399,demo_parcel_399,7,Default,rh
20416,399,demo_parcel_399,7,Default,rh
20417,399,demo_parcel_399,7,Default,rh
20418,399,demo_parcel_399,7,Default,rh
20419,399,demo_parcel_399,7,Default,rh
20420,399,demo_parcel_399,7,Default,rh
20421,399,demo_parcel_399,7,Default,rh
20422,399,demo_parcel_399,7,Default,rh
20423,399,demo_parcel_399,7,Default,rh
20424,399,demo_parcel_399,7,Default,rh
20425,399,demo_parcel_399,7,Default,rh
20426,399,demo_parcel_399,7,Default,rh
20427,399,demo_parcel_399,7,Default,rh
20428,399,demo_parcel_399,7,Default,rh
20429,399,demo_parcel_399,7,Default,rh
20430,399,demo_parcel_399,7,Default,rh
20431,399,demo_parcel_399,7,Default,rh
20432,399,demo_parcel_399,7,Default,rh
20433,400,demo_parcel_400,1,Vis,rh
20434,400,demo_parcel_400,1,Vis,rh
20435,400,demo_parcel_400,1,Vis,rh
20436,400,demo_parcel_400,1,Vis,rh
20437,400,demo_parcel_400,1,Vis,rh
20438,400,demo_parcel_400,1,Vis,rh
20439,400,demo_parcel_400,1,Vis,rh
20440,400,demo_parcel_400,1,Vis,rh
20441,400,demo_parcel_400,1,Vis,rh
20442,400,demo_parcel_400,1,Vis,rh
20443,400,demo_parcel_400,1,Vis,rh
20444,400,demo_parcel_400,1,Vis,rh
20445,400,demo_parcel_400,1,Vis,rh
20446,400,demo_parcel_400,1,Vis,rh
20447,400,demo_parcel_400,1,Vis,rh
20448,400,demo_parcel_400,1,Vis,rh
20449,400,demo_parcel_400,1,Vis,rh
20450,400,demo_parcel_400,1,Vis,rh
20451,400,demo_parcel_400,1,Vis,rh
20452,400,demo_parcel_400,1,Vis,rh
20453,400,demo_parcel_400,1,Vis,rh
20454,400,demo_parcel_400,1,Vis,rh
20455,400,demo_parcel_400,1,Vis,rh
20456,400,demo_parcel_400,1,Vis,rh
20457,400,demo_parcel_400,1,Vis,rh
20458,400,demo_parcel_400,1,Vis,rh
20459,400,demo_parcel_400,1,Vis,rh
20460,400,demo_parcel_400,1,Vis,rh
20461,400,demo_parcel_400,1,Vis,rh
20462,400,demo_parcel_400,1,Vis,rh
20463,400,demo_parcel_400,1,Vis,rh
20464,400,demo_parcel_400,1,Vis,rh
20465,400,demo_parcel_400,1,Vis,rh
20466,400,demo_parcel_400,1,Vis,rh
20467,400,demo_parcel_400,1,Vis,rh
20468,400,demo_parcel_400,1,Vis,rh
20469,400,demo_parcel_400,1,Vis,rh
20470,400,demo_parcel_400,1,Vis,rh
20471,400,demo_parcel_400,1,Vis,rh
20472,400,demo_parcel_400,1,Vis,rh
20473,400,demo_parcel_400,1,Vis,rh
20474,400,demo_parcel_400,1,Vis,rh
20475,400,demo_parcel_400,1,Vis,rh
20476,400,demo_parcel_400,1,Vis,rh
20477,400,demo_parcel_400,1,Vis,rh
20478,400,demo_parcel_400,1,Vis,rh
20479,400,demo_parcel_400,1,Vis,rh
20480,400,demo_parcel_400,1,Vis,rh
20481,400,demo_parcel_400,1,Vis,rh
20482,400,demo_parcel_400,1,Vis,rh
20483,400,demo_parcel_400,1,Vis,rh
